probeset	x	y	probe
YAL001C.S1_st	86	128	TTCAGACGACAGTTTCAAGGTGACC
YAL001C.S1_st	129	120	ACAATAGTTAGTTCTCGGCAGGCTA
YAL002W.S1_st	219	136	CCTTTTACATGTCGCGGTGGTTCTA
YAL002W.S1_st	293	121	ATGTGTGGCTGCTGACGCTTTAGAC
YAL003W.S1_st	31	248	TTTGCGAAGAAACCGACTGTTCAGT
YAL003W.S1_st	197	256	CCAACGATTGCAGTTCCGGTAGCTT
YAL005C.S1_st	206	136	ACCTTGTTCGACTGTTCCTGTGGCA
YAL005C.S1_st	316	282	AGGTCTCCGACTTCCAGGTTGGCAA
YAL007C.S1_st	90	7	CGCAACCAGTTAAGTCACCGACGTA
YAL007C.S1_st	222	243	TAATAACGGTTATTGCGGCACCTCC
YAL008W.S1_st	47	2	ACACCCGTTGTCATGCCGTTAATGG
YAL008W.S1_st	60	130	CTTAGCGGTCGGAAGATTCAACTAT
YAL009W.S1_st	276	121	AAGTCTAATACAGTTCCCGGAGGTA
YAL009W.S1_st	316	254	ACACTTTAATCAGGAGTTGGGGTCT
YAL010C.S1_st	236	314	CCGTTATATGGTCAAAAGGGCCGTT
YAL010C.S1_st	252	127	CGACCATAAGTGATCTCCGAAAGTT
YAL011W.S1_st	144	122	TATGCAAGTTCCACGCCTCTAGTAG
YAL011W.S1_st	236	253	CTTTATCGCAAAGAGGTTACCTTCT
YAL012W.S1_st	174	118	CTTAGAGATAACCTTCACGGGCGAC
YAL012W.S1_st	243	255	ACTGGGTGCCACCATAGGGTTTCCT
YAL013W.S1_st	125	129	GCGTCTGGACCATGCTATAGTTGTT
YAL013W.S1_st	284	128	CTTCTAACGGCGCTAGGCACTGATG
YAL014C.S1_st	47	7	CGTTAGCGTCAATGTCAGTGTCAGT
YAL014C.S1_st	292	136	ATCTCGTTCTAAGGGTGAACCCGCG
YAL015C.S1_st	210	122	CCTACTAGGGTCTTCGAGGAATCTA
YAL015C.S1_st	222	123	TAATTACTCGATAACCCGGACGGGC
YAL016C-B.S1_st	148	253	CTTTTGATGGTTGAGTAATGACTTC
YAL016C-B.S1_st	269	137	ATTCTTCTTGCTGTATGGTTCGTAA
YAL016W.S1_st	149	129	CTCATGTATGGATAGAACCGTCTTG
YAL016W.S1_st	214	126	TTACACCGGTTTAGGATGCGACACT
YAL017W.S1_st	1	129	ATACTCCCGGTTGGTGTCCTATAAA
YAL017W.S1_st	275	248	CTTATTTTGTAGATGTGCTGGTCCC
YAL018C.S1_st	284	253	CTTTTATAAATAGAGGTGCGACCGG
YAL018C.S1_st	285	135	ACTAACTCAGGCACGGGTAAAATCG
YAL019W.S1_st	258	129	CTAATCTACCAAGGTGCGTTCACTT
YAL019W.S1_st	273	241	TTTCAAAATTGGGTGTACTACTGTC
YAL020C.S1_st	2	214	GGCATCTGATGCACCGGTACCCGTT
YAL020C.S1_st	212	134	CCTTACGCGCGGAGTTATGCCATCT
YAL021C.S1_st	108	4	CTAGTAGACCTTTGCGACGATTTCC
YAL021C.S1_st	312	255	CCAAAAGATGTGTACGAGATTCCCA
YAL022C.S1_st	256	122	AGTAGATGAGTAACAACGCCCACCG
YAL022C.S1_st	310	248	CTTCGCCGGCCACCTAAGTGATTAT
YAL023C.S1_st	140	123	TATTGCGAAACCACGGTCTAGGTCT
YAL023C.S1_st	201	135	ACCAGGTCTAGATTCACGCCGGCAT
YAL024C.S1_st	124	248	TTCTTCTAAGGGAGCGATCTGTCCT
YAL024C.S1_st	261	118	ACCGCAGACTAACTTGGTCCGCTGA
YAL025C.S1_st	58	110	CTGAGACTGTCTCTTCGAAGGTCGC
YAL025C.S1_st	268	131	CTCTGTGATGCAACCACATCGTGGT
YAL026C.S1_st	89	315	CCAATTTGTGTGCATACCTAGGCCA
YAL026C.S1_st	315	255	TAATGTTCTACGAAGCCGCTTGGGG
YAL027W.S1_st	106	256	CTAACAAATGCTTGATCGCAGGGGC
YAL027W.S1_st	192	134	ACTACGGGACCTATGTGGCCACCTT
YAL028W.S1_st	140	257	ATTTATGGCGTTGCTCCGGGAACTA
YAL028W.S1_st	163	131	AAGAACGTTTCTGTCCAACCGGAGA
YAL029C.S1_st	143	251	CTGTGGGACTTCATAGACTTGCATT
YAL029C.S1_st	187	253	CTTTTAGACAGAAACGGTCCCTTCT
YAL030W.S1_st	118	250	CTTCTTGCTGGGGTCTTACATGTCA
YAL030W.S1_st	141	254	ATCCCAGTCTTTTCGGTACACCATG
YAL031C.S1_st	171	135	CAGCTGGCCCGTATCTTATCGAAGA
YAL031C.S1_st	240	134	TTACCGCTTAGACCGAGGCTTTGAT
YAL032C.S1_st	119	126	TTAAGACCCGCGTCGTTTCGCAAGT
YAL032C.S1_st	218	131	CTACCCAAATACTTCGAGAGGCTTC
YAL033W.S1_st	18	127	TTAGACCCGCTGATACCCAGACGTT
YAL033W.S1_st	69	122	ATGAGGTTCTCTATGCTGCGAGCGA
YAL034C.S1_st	77	2	CCGACCGATGTCCTAAGCTTAAAAT
YAL034C.S1_st	101	1	CGAAAGCTCTTCCAACCGACCGATG
YAL034W-A.S1_st	41	251	GGGACTTCTCATAAACCTGCGGTTA
YAL034W-A.S1_st	141	249	CTTTCATGGTCAAGTTGTCTCCTCC
YAL035W.S1_st	19	256	CCTTGAGGATAAACGCGACACTTTT
YAL035W.S1_st	209	311	CCATGAGATGCACACCCTTGAGGAT
YAL036C.S1_st	45	116	TTCTAGTCTGGCAACGTCACAGTTC
YAL036C.S1_st	178	126	TGGCTGGGACACCACGATTCTAGTC
YAL037C-A.S1_st	191	124	TGGAGTAGCAATACTGCTGTTAACC
YAL037C-A.S1_st	245	187	AGCAATACTGCTGTTAACCTCTGTT
YAL037W.S1_st	41	249	GTCACCACTCGGGAACCATGTCATG
YAL037W.S1_st	174	245	TTGTCTTACGAATACCCATGGTGTT
YAL038W.S1_st	8	313	CAAAGGTAGGTTCCAAAGTTCCGGC
YAL038W.S1_st	20	122	CCGACTTTGGCGACAGTAACGACTT
YAL039C.S1_st	285	132	AGAACCTAAAGATGCCTCCCGGGCT
YAL039C.S1_st	295	117	CTACTTTCGGTGCACGTCGGATTCA
YAL040C.S1_st	179	136	AGTTCAAGTTACTGCTGGGGTCTGA
YAL040C.S1_st	204	126	GTTTCTCGCGATGCCAAAGTAGACG
YAL041W.S1_st	57	70	GTCGGCGGTCTGTGTGCTATCATAC
YAL041W.S1_st	315	256	AAAGCCTACAGGACGGATTTGCCTC
YAL042W.S1_st	206	255	CTGGAGAACGGCCACCTTCCCTGTT
YAL042W.S1_st	213	135	CTAACAGGGGTGGTCTATACTCATG
YAL043C.S1_st	63	313	TTGACAAACTTAATAGGCCAGCGGT
YAL043C.S1_st	83	121	CTAAAGCTCGTTGCACAGTCAGACT
YAL044C.S1_st	158	132	CCTGCGATGGATACAACTCAACGGT
YAL044C.S1_st	279	311	TTTTATGCGGTGACTAAGGAATCCC
YAL044W-A.S1_st	114	5	CTCGTTACTCGTGTCTACCAGGGCA
YAL044W-A.S1_st	122	5	CTAAGAGTGTTCGTATTCCCGGTAC
YAL046C.S1_st	162	122	AGACACTTCGTACAGGCCACCGGTT
YAL046C.S1_st	240	313	TTTCACGTTCTGCAAAGGCCACCGA
YAL047C.S1_st	83	130	CTAAAGGTACCTTTGGGGTCTCGTC
YAL047C.S1_st	191	246	CCCGTTACTTAATTGCCGTTGAGGT
YAL048C.S1_st	52	243	TCTGCTCGATAAACACTTGGTGGGT
YAL048C.S1_st	250	118	CTTCGACGAGAACTAGGACCGTTTT
YAL049C.S1_st	160	130	CTTCTCCTAGTGTAGAAAGGCCGTT
YAL049C.S1_st	194	111	GTTAACTAGCACTACGGACCAAAGT
YAL051W.S1_st	34	131	CTCGTTTGCGGTTATCGGCCCTACT
YAL051W.S1_st	115	126	TCTTTTTGATAGTAGCCGGCGACGT
YAL053W.S1_st	19	4	AGTACCCATGCCCACCGTCGAAGAA
YAL053W.S1_st	116	129	CTGGCACACAGTAAGTAAGGATTCT
YAL054C.S1_st	5	312	TTTGTTTAGATCAACCAGGTGGCGT
YAL054C.S1_st	286	119	CCAGGTGGCGTTGTCTACTACTTAA
YAL055W.S1_st	71	5	CGCTACGTCGTCAGCAAGGACTTCT
YAL055W.S1_st	309	120	CATGGATGCTCGGTGTGACTACCTA
YAL056W.S1_st	27	123	ACTACTCGGAGGAGCTTTTGCGTTC
YAL056W.S1_st	126	121	ATGAGACAGGTTCTTCCGTCGGCTA
YAL058W.S1_st	193	107	TGAACCGACTACTCTCTGGCGCGCA
YAL058W.S1_st	267	132	ACTTTAAACACGAATGACGCCGGCA
YAL059W.S1_st	237	116	CTGTTAGCCTACGAGAACTTGGTCT
YAL059W.S1_st	290	245	TTTATCTAAGCCACAGGACGGTCTG
YAL060W.S1_st	91	115	GTTGCCTCTGTAGCGGTACCTTCTA
YAL060W.S1_st	266	128	CTTCTTCAACAAGCACGGTAGGTGT
YAL061W.S1_st	69	244	TGTGTAAACTAACGAGGCCCAACCT
YAL061W.S1_st	145	128	GTGTGTGGTGCTAAAACTCCGTCAT
YAL062W.S1_st	156	5	GTACCACCGACTGCGTTACGAACTG
YAL062W.S1_st	158	157	ACAAAAGCTTTGTCGCGCATCGTGA
YAL063C-A.S1_st	158	200	TTGAAAGTCTAATCTAAGGCCGGTA
YAL063C-A.S1_st	202	110	CCGCTTACGAAACTATTGACGACTA
YAL063C.S1_s_st	156	121	TTTAAAGTTGCATACGACCGTCACG
YAL063C.S1_s_st	188	117	CTGCCGGTGCCGATGACACTTACTA
YAL064C-A.S1_st	111	117	ACTGCTACTGGATTGTCGGGTTAAC
YAL064C-A.S1_st	167	123	AATCGCTACTAAAACGTCCCGTGCA
YAL064W-B.S1_st	260	135	CCTTGTGTGTGGTCTAAGCGTCCTT
YAL064W-B.S1_st	263	135	CATATGAGACAACACCGTGGCGATT
YAL064W.S1_st	23	315	CAGTTTCTGTCTAAGGCCAAGGGGT
YAL064W.S1_st	122	4	CGACGAGAAGTTTAGTGCCTGCGTT
YAL065C.S1_st	55	3	GTATTATCCTAGATCATGACGGAGA
YAL065C.S1_st	138	1	GAAATCTTTAGAGTTGGATGCAACC
YAL067C.S1_st	104	257	ATTTAATGTGAGAGCAACCAAACGC
YAL067C.S1_st	116	244	AACCATTGAGGTATAATCGGCGAAC
YAL067W-A.S1_st	172	1	ACGAAATTTGCCGAAGGCGCCTCCT
YAL067W-A.S1_st	198	135	ACCTGGGAGCATGTCTTCGAATAAC
YAL068C.S1_x_st	73	7	GTCTAATTTCGGTCGGTAGAGGTCA
YAL068C.S1_x_st	130	312	TTGGATGGGTCAGCTTCAACGACTT
YAR002C-A.S1_st	92	3	AGGAACGCAGACTAAGCCCACTTGT
YAR002C-A.S1_st	145	1	ATTGCAGGATTTGAGGTTCTAGCCG
YAR002W.S1_st	183	129	CAAGGGCACCACAGATTCGTCGATC
YAR002W.S1_st	233	248	TTACAGCAGCATCGACTTTGGAGTG
YAR003W.S1_st	86	3	CTTGATATGTAGACCCTTTGCTGAT
YAR003W.S1_st	103	128	TTATCGATAGCTAGAAGCCTGCTCT
YAR007C.S1_st	158	95	ACTTCGGCTGATAGAACGGCTACTC
YAR007C.S1_st	213	122	ATACCCACCAGTTAGCCGACGATCG
YAR008W.S1_st	8	109	CTCACTAAGTCTGTCGAATAGGGCG
YAR008W.S1_st	38	316	CTAGTTCCCATGCAAAACAGGGGTC
YAR009C.S1_s_st	83	297	ATTAGATTCAATGGACTATGTTCTT
YAR009C.S1_s_st	227	314	TTAGATTCAATGGACTATGTTCTTG
YAR010C.S1_s_st	81	312	AAGCTTTAGCTTTTGTCGGTCCCGA
YAR010C.S1_s_st	275	136	CCGTTTGCTGTAACACTGGGACCGT
YAR014C.S1_st	164	110	TTCCCGCCATAGTAGTCGTTCGTAT
YAR014C.S1_st	196	123	ATAAACTTCGCGGAGCATACGGTAA
YAR015W.S1_st	6	129	TTAACAGTCTCCGATGTAGTGGCCT
YAR015W.S1_st	19	126	ATGTAGTGGCCTAGACGAACCTTTC
YAR018C.S1_st	67	255	CCTTTACACTGTGGCAGGGACTCAT
YAR018C.S1_st	209	251	CTTCCTTGTTAAATGGGTCCGTCAC
YAR019C.S1_st	250	122	ATATACTGATGTGTCCTGTCGGCCT
YAR019C.S1_st	304	111	CAGTCGATACACTCCTATAGGCAAG
YAR020C.S1_x_st	208	211	ATCCACAAATACAAAGGCTATAGTC
YAR020C.S1_x_st	226	90	CGTCGTTGGTGATGTAATAGAGTTA
YAR023C.S1_st	70	128	GTCGGCAAGTAGTCACAAGGTCTTT
YAR023C.S1_st	304	117	CTATGTCGCTTATGTGTCGGCAAGT
YAR027W.S1_st	42	314	CTTTAGCGAGCAACATTTGGCGATT
YAR027W.S1_st	142	117	CTTACGTGTAAACTCAAGTGGTTGC
YAR028W.S1_st	121	121	CCTAAGGAGTAGCTTATCACGGCTC
YAR028W.S1_st	220	111	ACCAACGTCGTAAGTGTAAGCCCTT
YAR029W.S1_st	135	248	CTTAGAAAGTGTAATTTAGGGCCTC
YAR029W.S1_st	249	121	ATAACGCTTCTTCTAACGGTGGCAG
YAR031W.S1_st	54	127	CTTCAATGAGCAGTATTTCGCCGTC
YAR031W.S1_st	148	121	CTAGTACCCGATACCCTATGAGGGA
YAR033W.S1_s_st	159	64	AGTGGCGATTCGGACTTCTACGGTA
YAR033W.S1_s_st	161	311	TTTAATGACCGCTTCCGCCGTAGGG
YAR033W.S1_st	55	2	CGTTATAAACGAAAATGAAGAGAAC
YAR033W.S1_st	103	2	ATAAACGAAAATGAAGAGAACATCC
YAR035C-A.S1_st	5	123	ACGATAATATCATCGGTCGCCGCCG
YAR035C-A.S1_st	9	241	ATAATATCATCGGTCGCCGCCGCGG
YAR035W.S1_st	158	35	AGCCGTAGCCGATGTAGTAGTCTCT
YAR035W.S1_st	301	132	CCGCGTGAGCGTTTAGTGTTCCCTT
YAR042W.S1_st	98	5	ACGACGTAATGTTTCGGGTACCGAC
YAR042W.S1_st	190	123	TCGACGGCGCCTTTTCGTAGCACAA
YAR050W.S1_st	25	122	ACGACTCTGCTAATGGTTATGACCT
YAR050W.S1_st	141	120	ACTCTGCTAATGGTTATGACCTCGA
YAR064W.S1_s_st	57	255	ATTGAGAGAGCTCCCATCGGCGTTT
YAR064W.S1_s_st	79	255	CATCAATATATCGTCCCTGGGTGCC
YAR066W.S1_s_st	21	313	TTCATTAACGTTGGCTCCGGCACCT
YAR066W.S1_s_st	78	6	CAGAGCAGTCGATCACGTTCACGGT
YAR068W.S1_st	69	131	CTTTTGCCTACGGTACAAGGTCGTG
YAR068W.S1_st	255	138	ACAAGTCTTTGTTGGCTGCGATCGC
YAR071W.S1_s_st	84	247	CTTTTCAAGGTCACAAGGTTACTGT
YAR071W.S1_s_st	203	129	CCCTGGTCCGATACTGCAGCAGTCT
YAR073W.S1_s_st	127	120	AAGATAACCCTGATACCTGCGACTA
YAR073W.S1_s_st	167	110	ACGAAGATAACCCTGATACCTGCGA
YAR075W.S1_s_st	267	128	CTTAGTCTGTCACAAAACCAGCGTG
YAR075W.S1_s_st	293	248	GTCACAAAACCAGCGTGTTCCACAG
YAR075W.S1_st	162	256	AGGCATGAACATGTTACCTAATGTT
YAR075W.S1_st	167	139	GGCATGAACATGTTACCTAATGTTG
YBL001C.S1_st	184	255	CTTGTTGTTAACTTCCCGGAACCCT
YBL001C.S1_st	284	131	ACATACCAGGGATAACCGTGGCTGA
YBL002W.S1_st	138	245	GCAGAGGCTTCCATGATCCCGACAA
YBL002W.S1_st	194	135	TTAACCGATTTGTACGGCAGAGGCT
YBL003C.S1_s_st	25	315	CGGGTTCCACCACAAAACGGTTTGT
YBL003C.S1_s_st	123	254	ACGATTCTTCTCCATTGATGCGGGT
YBL003C.S1_st	254	118	CTGACGGTTTCGAAGAGTTCTTGAC
YBL003C.S1_st	312	127	GTTCTGACGGTTTCGAAGAGTTCTT
YBL004W.S1_st	73	127	TTGCGTGCGGCAAGTATTACCTACA
YBL004W.S1_st	112	311	TTTCCCGTTAAGACCGACAATTGCG
YBL005W-A.S1_s_st	157	127	GGCCGGGACTATTGCTAGAGTATTC
YBL005W-A.S1_s_st	234	255	CCATTTACTGTAATGCTGGGATCGT
YBL005W.S1_st	48	5	CGCCGTAGTTCTAGCTAGCAATGTT
YBL005W.S1_st	202	123	AGTCGTCGTTTGAGTGGCAACTTCA
YBL006C.S1_st	144	257	ATATCCAAGGGTATCCGCCAGAGTT
YBL006C.S1_st	163	124	GTAGGGTCCATCACAAGTCACGCTG
YBL007C.S1_st	95	244	TCGAGTTTTGTGACCGCCCAAGGCC
YBL007C.S1_st	263	117	CTCGTTACTACGGAGTTTGCAGGAA
YBL008W-A.S1_st	208	130	TTAACGGTCATTGGTTTCCAGAGAC
YBL008W-A.S1_st	219	255	GCTTCAATGACCAAATCCACCGTCT
YBL008W.S1_st	71	251	CTTGCCAGTCGGTTAAGTACCTTTG
YBL008W.S1_st	158	149	CTTGGTAGCTCTGGAAATAAGGTCT
YBL009W.S1_st	35	246	TCCCTTGAGGAGATAGTTCCACGAG
YBL009W.S1_st	162	136	TCAGTCGCCGCGAAACTTGGCCCTT
YBL010C.S1_st	21	43	CTCGTTCTCGTCGTATATGGCGTTA
YBL010C.S1_st	280	135	CCTGTATGGGTTTCTGATGTCGCTC
YBL011W.S1_st	213	133	CTATCACGGCGGGATGCACTTCTTA
YBL011W.S1_st	250	110	AGGCTACCGCAGAGTAACCAGTTAT
YBL013W.S1_st	77	254	CTAAAATTAAGACTCCCGGACGGAG
YBL013W.S1_st	210	131	TACGCCGCGGGACTCACTTTTCAAT
YBL014C.S1_st	29	316	AAAATGTACTTCTGCAAGGCCCGAA
YBL014C.S1_st	97	2	ACCCAAAACCATAGGGGCGTTCGCC
YBL015W.S1_st	72	122	CTAGGCATCTAACCCACAGTAGCGG
YBL015W.S1_st	150	245	TCTTCAACTGTAAATGCGCGTGCGG
YBL016W.S1_st	54	4	CGTACTGGCTCATACACCGGTGTGC
YBL016W.S1_st	291	133	CACATATCTCAGTGGGTCCCGATCT
YBL017C.S1_st	141	255	TTCATGAGTCATTCACGGCCAGGGA
YBL017C.S1_st	158	77	TCTACTGGACGAACGACCGGTGCTA
YBL018C.S1_st	87	131	CTCCAATGACTGCTACTGGCGGATA
YBL018C.S1_st	181	132	CTGCTACTGGCGGATACCGACTTTT
YBL019W.S1_st	238	314	CTTTTGAAGCCGGTTAGGTCCATCT
YBL019W.S1_st	304	249	GAAGGCCTATATAACCCGAGACTGG
YBL020W.S1_st	32	116	TACTAGTAACATAAACCCGGACGGT
YBL020W.S1_st	126	122	CGAAAAAAGGTCTCACATCGGTGAC
YBL021C.S1_st	185	117	CTTGTACAATCGTGTTCGGGTCTCC
YBL021C.S1_st	301	236	AAGAAAACACTGATCGCTCCGGTCG
YBL022C.S1_st	63	256	CCACGATGGGGATTTCTACCAGGTA
YBL022C.S1_st	284	126	GTTCCGAACGAATAAGTAAGCGGTT
YBL023C.S1_st	83	128	TTCTCTAGAGCGGATAAGGTGTCCT
YBL023C.S1_st	228	290	TTTTTCAGTCACAAGCGGCGGTTGA
YBL024W.S1_st	146	253	CTTTTGAATAAGAACGGACACACCT
YBL024W.S1_st	159	19	ATAACTACGCTTACGGTTCCGATGA
YBL025W.S1_st	159	81	CTTTACATATACTTCGGACGTCGTT
YBL025W.S1_st	280	100	CCTTGTGTACATCACTCGCGGCTAC
YBL026W.S1_st	246	255	AGGTGTGAACCCAAGGCATTCCTTA
YBL026W.S1_st	287	135	ACGATGTTCTGCGATGGTCTTCCCT
YBL027W.S1_st	26	254	ACCAATCTGGGTTTGCTTTGAAGAC
YBL027W.S1_st	179	123	ATTGCGGAAGTTCGTGTTCTCTCGA
YBL028C.S1_st	34	123	CCGGTTTAGTAATGCACGATCGTCA
YBL028C.S1_st	96	246	TTTTTAGTCGTGGAGACCAACCTCT
YBL029C-A.S1_st	25	254	ATCACAGCCGGGGTATTTTTCTTTC
YBL029C-A.S1_st	193	133	CAGTGTTAATATCACAGCCGGGGTA
YBL029W.S1_st	29	313	CTAATAGGCGGCTTCCAAATCGGTT
YBL029W.S1_st	158	151	TCAGTTGCCAGAGAAGGTCGTCCTT
YBL030C.S1_st	208	103	ATTGAACCGTAGACCACCACGACGA
YBL030C.S1_st	266	313	TTTCCCACCACGAGCAGTTAAGTTG
YBL031W.S1_st	285	254	AATTCGTTTCATGACGGTGGCCGTG
YBL031W.S1_st	315	162	CTTGTTGAATAGCAGTCCTTGGAGA
YBL032W.S1_st	57	305	AATAGCTCTAGGTCCCAAAGGGTCC
YBL032W.S1_st	204	133	GGAGTAGACTTTTTCAGGAGGCCAC
YBL033C.S1_st	159	99	CAACAGTAGTTGTAGCTGCGACCGT
YBL033C.S1_st	216	128	ACTTGCTCACGGATACCATGGGTAT
YBL034C.S1_st	263	120	ACTTTAAGTCGGACTGTGGCGACCA
YBL034C.S1_st	267	239	TCGAGCAACAAACTCTCAGGAGGTT
YBL035C.S1_st	117	124	AGGTTACGGGACTAGAACTTCTGCC
YBL035C.S1_st	160	120	CTCGTATAAAATGTTGTCGCGTCCA
YBL036C.S1_st	1	246	CTCCCGATTTAAAGTTGGTCTAACG
YBL036C.S1_st	38	250	CTGTAAAAACCACGATCTGGAGGTT
YBL037W.S1_st	134	124	GTCGGCAACCTTCTGAAACTCGCTA
YBL037W.S1_st	199	254	CTGCCTGAAGATGATAACTGCGTTT
YBL038W.S1_st	152	257	TTTCAGCGTGCCCTTCGGAAGTCTT
YBL038W.S1_st	290	116	TCCTATAGGCGCGTTGTCGACTTCC
YBL039C.S1_st	58	256	TCATGCTAGAACTCCGGCCGCTTTT
YBL039C.S1_st	65	255	CCACTGCAGAGGCTTCAGGTACTTT
YBL039W-A.S1_st	188	128	CTTTTGGGTCATGGTAACGCTACAC
YBL039W-A.S1_st	261	257	CTTATTGCTCTTTTGGGTCATGGTA
YBL040C.S1_st	80	251	CCTGTTCTAACGGAAGAAGCGCCCT
YBL040C.S1_st	222	311	AAGCGCCCTGAAAACGTTTGAGACA
YBL041W.S1_st	72	243	CTGGGTCAACCGAGGATGCTTTCTC
YBL041W.S1_st	300	103	GTATGCTAGTAACGCCCAGAACTGC
YBL042C.S1_st	66	127	TCAAATGATGCCGTGATCGCCGTAT
YBL042C.S1_st	315	134	ATTCCCATAAGGTCCGCTACGGTTC
YBL043W.S1_st	40	129	CTACTTGAACGGCTTAGTTGCGGCG
YBL043W.S1_st	254	116	TCCTGTGACTTTGCGAGCTACGACA
YBL044W.S1_st	153	1	TCTCCGTAAAGCGTGCAAAATGGCC
YBL044W.S1_st	158	182	ATAGGATAACCTAGTGCCCGCTGCC
YBL045C.S1_st	92	129	CTTAGACCATTAGGGCAGTTACTGC
YBL045C.S1_st	175	120	CTATAACGATAACGACCATGTCCGG
YBL046W.S1_st	78	313	TTTATATTTGTATGGCGTTGCCCGT
YBL046W.S1_st	159	28	ACTACTAGTGTACCCGTCGTGTCTA
YBL047C.S1_st	170	135	CACGTTGACCCTAGATCTTCGGCGG
YBL047C.S1_st	207	132	CTACGATCGAACAGTTTTCCAGGTT
YBL049W.S1_st	20	316	CCTGGCCTTGACGAATAAATTACTT
YBL049W.S1_st	234	120	CCAACCTTTATGAACGTCTCGTCGT
YBL050W.S1_st	32	119	CGAGCGACCACTCACCATACGGGTT
YBL050W.S1_st	158	24	ATCGCTCGTCGATTCGCTTGTGACA
YBL051C.S1_st	43	114	AGTGCTACTCAGGTACAACAGGCGT
YBL051C.S1_st	129	1	CGTCAACATGTTGGAATTGCCGGGT
YBL052C.S1_st	86	4	AGTACGTCGATCCTCTTTGCTATGA
YBL052C.S1_st	260	120	CCTTTCGTAGGTACTAGCGTTTCCC
YBL054W.S1_st	159	234	AATCGGGCATATACAGTGGGTCTTC
YBL054W.S1_st	259	118	CCTCCTACTGTAACTGGGTGACGTG
YBL055C.S1_st	57	1	GTAGCAGCAGATCGCCCAAAATGTT
YBL055C.S1_st	133	249	CTTGAAATGTACCAGTTCCCGGCAT
YBL056W.S1_st	52	122	ATGGCTTAACCTGTCGTCACGATGA
YBL056W.S1_st	192	122	ACAAGTGGGTGTTGACTTCCGAGTC
YBL057C.S1_st	167	253	ATGGTCAACCCATGCAGCTTGCGTA
YBL057C.S1_st	278	228	ATCTGTATAACGATGTTTGGGGCGC
YBL058W.S1_st	198	117	CTTCCTGCGACTAGACGACTTGAGG
YBL058W.S1_st	259	134	CCTTGTTGGGTACGGCCTGTTACTC
YBL059C-A.S1_st	215	119	ATAGAATCTATCTGTCATGCGGTTC
YBL059C-A.S1_st	245	136	ACCGCTCCTGCGATATAATTTCTGA
YBL059W.S1_st	47	309	AAAAGTTCGTTTGATGCGGTCGGCC
YBL059W.S1_st	234	132	ACGTCCAAGAGAAAATCGCCGTTGC
YBL060W.S1_st	158	236	TGAAGACCCGTCCATCCTAAAGAGG
YBL060W.S1_st	255	116	ATACCTGACATAGTTGAAGACCCGT
YBL061C.S1_st	3	256	ATTTTGCCCAAGACTATGTTCGTAG
YBL061C.S1_st	78	314	CTTTTCAAGAAGGAGTCGTTTCCCT
YBL063W.S1_st	95	238	TTTTTGGGGTCACGGTCACGGACTA
YBL063W.S1_st	214	254	CTCTTCTAAATGGTGGCTCGGTTAT
YBL064C.S1_st	51	123	TTAGCTGCGGAACGTTAACTGACTG
YBL064C.S1_st	91	309	AAAAATGCTGATGAACCCGCTGAGA
YBL066C.S1_st	42	238	ATACTGTCAACCTAAGGCGCAGGCT
YBL066C.S1_st	286	128	TTAGTTAAGTCGTTGCGGTTGCGCT
YBL067C.S1_st	98	4	AGTGTCCACTTAGAGGTTTATACCG
YBL067C.S1_st	123	239	AAGTATACCCGCCACCCGGTGTTGT
YBL068W.S1_st	293	131	CTATAATCAGGGTGCAAGCGACTTC
YBL068W.S1_st	300	313	ACAAACGTGTTTATGGCAAGGCCAT
YBL069W.S1_st	105	255	ACATTGCAGACGTTTACCCGGGGTT
YBL069W.S1_st	245	133	CTAGGCTTACGTTTCTGCCGAAGGC
YBL071C-B.S1_st	68	254	ACCATGAGTGTTCTTCTGCAATATT
YBL071C-B.S1_st	172	243	CGGTAAACGAAAAACCATGAGTGTT
YBL071W-A.S1_st	246	133	CATGATGCTTCTCCGTCCGTAGGTG
YBL071W-A.S1_st	276	129	CTTCTATACTGCAAACTCGGACTTT
YBL072C.S1_s_st	48	118	CTTAGAGTTAAGTCGCGGCCATCTA
YBL072C.S1_s_st	211	134	TACCAAGCTTCGAGTGATGCCAGTT
YBL072C.S1_st	63	131	ATGGCCACGGTTCGCACGAGTTAAG
YBL072C.S1_st	71	248	TTTCTAGGCGATGGCCACGGTTCGC
YBL074C.S1_st	159	238	ATACAAGTTCGCGATGCCACGGATT
YBL074C.S1_st	183	124	GATGCCCAGCTCAAACGTTACCGTA
YBL075C.S1_st	57	313	TTTAAAATGCCACGACCACGGCCGC
YBL075C.S1_st	167	129	CTTTGTCGCAGAGTCCTTTGGTAAC
YBL076C.S1_st	159	120	CTACAACAATAGTGGAGGCTACTCC
YBL076C.S1_st	172	312	CTTTGGTCTTGGCTGGTTCTGCACA
YBL078C.S1_st	87	123	AGCCTCTCCTAACGACTGTCCAAGT
YBL078C.S1_st	309	104	AAACGGTGGATGACGCCGCAACTAC
YBL079W.S1_st	16	315	ATTGTCGCCCACAAAGAAAGTTGTT
YBL079W.S1_st	100	127	GTTCTATCGTCTAAAATCCCTGGTA
YBL080C.S1_st	36	3	GTTCGAACGACCACTTGCATCATTG
YBL080C.S1_st	96	107	CGCTAATTAGTCCAGCTGGGAGTTC
YBL081W.S1_st	178	314	ATTAGTTACTAAATGGGCACCCGGG
YBL081W.S1_st	306	253	CTCCTAAAAAGCTGCCGTGGTCACT
YBL082C.S1_st	18	98	ATAACCGGAACTGCGTCGATAGACC
YBL082C.S1_st	115	122	CGGATATGACTAGAAAACCAGCCCT
YBL084C.S1_st	6	5	TTTCCGCGATCGAACACTAGGAGTC
YBL084C.S1_st	258	123	ACTTTGAGCAAGGACTACTACGGTG
YBL085W.S1_st	63	2	CCCGATTGGAAATGTCTTGGAGCGC
YBL085W.S1_st	225	121	CTATAACTATGTTCGCAGGGACAGT
YBL086C.S1_st	113	257	TTTAATGGCACCCTAGGAGCTGGTC
YBL086C.S1_st	222	129	CTGCCGATGTCGTGTTACCCGTTTT
YBL087C.S1_st	204	256	ATACCAATACCGGTGGCAATTCTTC
YBL087C.S1_st	299	127	CTTAGAGTAATCCAGATGGTCAGCC
YBL088C.S1_st	159	18	AACTAAGTCGTTCGGTGCCTAGGTA
YBL088C.S1_st	294	116	GTTTTCCACAGCGTCGATCGAGATA
YBL089W.S1_st	11	245	TAACCGAGTCTTAAATGCCCGTGCT
YBL089W.S1_st	289	127	CGTTATCAACCACGGTGCCCTAGAT
YBL090W.S1_st	19	257	TCCCTCGAAGATAGGCTCCGCCTTT
YBL090W.S1_st	36	253	CTAGCACCGGTTTGGAGATTTTCGT
YBL091C-A.S1_st	104	253	AACCTAATGGGTTCAGTTGGCGACT
YBL091C-A.S1_st	293	314	TTTTCGACCACAAGTTCCGAGGGGA
YBL091C.S1_st	223	129	CTATGGATCTGTCTGAACCGGTTCT
YBL091C.S1_st	255	314	ATTTCCTGCGATGAATGTGCCCATA
YBL092W.S1_st	172	314	ATAGTTCCAGTGGTTGGGTTTCCCA
YBL092W.S1_st	207	129	GACTGGCAATGGTGTCTCAACGACT
YBL093C.S1_st	93	106	ACTACTATGTTGGTGGAGTCGTCCC
YBL093C.S1_st	232	127	TTCCAGTATAGGTTCGCTCAAGCGT
YBL095W.S1_st	6	2	CTGCCATTGCAGGTATTCCCGAACA
YBL095W.S1_st	308	126	TCCACATTGACGTTCCGACAGCGAT
YBL097W.S1_st	95	249	TTCTAGTATTCAAGGGGTAAGCTCT
YBL097W.S1_st	118	116	TCGAGATTACTGTCACTTTGGGTGT
YBL098W.S1_st	53	255	ACATGGTCCGCCTTTCCGGTAGGAT
YBL098W.S1_st	102	254	CCAAGGTAAAATGCCGGTTCCATAC
YBL099W.S1_st	301	136	CTTCGTTCAGCGACCAAGGAACTTT
YBL099W.S1_st	310	255	CCAAGGCGACGAGTTCAATTCCGAA
YBL101C.S1_st	27	111	ATGTCGCTACTACGGCCACACGGTT
YBL101C.S1_st	74	239	AATCACCCGGTAGGCCTATGTCGCT
YBL101W-A.S1_s_st	87	2	ATTATGAATTTCCAGATAGGCCACT
YBL101W-A.S1_s_st	100	6	AGTTACAATCGCTGTCTAACCGGAC
YBL101W-B.S1_s_st	41	3	GGATGAGTTGCCTTTTCACTAACCT
YBL101W-B.S1_s_st	298	256	AGGATGAGTTGCCTTTTCACTAACC
YBL101W-C.S1_st	44	131	CTTGGGAACCTTCTCAGTCTAGTCT
YBL101W-C.S1_st	111	1	ATATCCGCCCTTTCACCTCTTGGGA
YBL102W.S1_st	84	256	CCCGCCTAAGAGAGTTATGGTCCCG
YBL102W.S1_st	159	118	CTGTAACAAGAGTTCGACCCGCCTA
YBL103C.S1_st	27	129	CCAGCCATTGGTGTTAGTACGACCG
YBL103C.S1_st	92	6	AGTACGACCGTGATACCTCTCAGTA
YBL104C.S1_st	25	311	AATTGACGTCTGTATTTCGGGGCCG
YBL104C.S1_st	203	119	CCTTAATAAGAGGTACGCTCGGTCC
YBL105C.S1_st	164	315	CTATAGAATTTGGAAGCGCACTTTG
YBL105C.S1_st	270	130	CTCCTAAAAGGAAATACGGTCTACT
YBL106C.S1_st	46	248	TTACGTCGGTCTTTCAATGGAGGGC
YBL106C.S1_st	116	128	GTTGAACTACTCGATGACCCGCCAT
YBL107C.S1_st	248	118	CTTAACTAGGAATGCGACGTTCTCT
YBL107C.S1_st	312	116	TTCTTGCTCTGGCTAGTCGTCACGC
YBL108C-A.S1_x_st	119	4	AATTTCGGTCGGTAGAGGTCACGAG
YBL108C-A.S1_x_st	145	7	TCTAATTTCGGTCGGTAGAGGTCAC
YBL111C.S1_s_st	6	127	TTCGTTAGAAAAACTCGCCGTGTCG
YBL111C.S1_s_st	203	128	GTTTGCCAGCCTTCTAGAGTCGTCT
YBL112C.S1_s_st	86	6	ACGACACCGAGGTCCTGTCTGGACA
YBL112C.S1_s_st	261	111	CTACGACACCGAGGTCCTGTCTGGA
YBL113C.S1_s_st	50	122	ACGTCCCAGGCGTCATGCAGTTCGA
YBL113C.S1_s_st	196	105	CAAATCGTCCGTAGTAGCTGTCAAC
YBR001C.S1_st	43	115	AGCCGCCTGATCAACGTACGTGTCT
YBR001C.S1_st	60	257	TAATAGGAAAACCAACCCGCGGCGT
YBR002C.S1_st	53	237	AAGTTGTATTCTTCCCGCGGCGATA
YBR002C.S1_st	155	113	TAGTGACTACTGAAATCGCGCGCTT
YBR003W.S1_st	154	7	CTGGATAGACTTCTGACGACGAAAC
YBR003W.S1_st	178	253	AAATCCCTTCGGTAGGCCGCGCCTA
YBR004C.S1_st	108	119	CTTCCGAGAGCATACCTAGTGGTCT
YBR004C.S1_st	158	92	GTCTCGTGACCAGCAGTATCATACG
YBR005W.S1_st	149	248	CTCAAAGTGGGGTTGCTATTCCGAC
YBR005W.S1_st	297	311	AAATCTTTCTGGAGGGCGACGACAT
YBR006W.S1_st	97	315	CATTAACCGGTACCAAACCTGGGTT
YBR006W.S1_st	120	243	GTTCCTCCTCTGAAAACCAGGTAAT
YBR007C.S1_st	33	117	CTTTTCCCTAGAGCGGTCTCGACGA
YBR007C.S1_st	279	122	ACAATATACCTGATCGGGACGCTGT
YBR008C.S1_st	170	124	ATAAACCAACCTGACGAGCTCACGT
YBR008C.S1_st	196	128	CATACCCGGTAGTAATGCATGTTCT
YBR009C.S1_s_st	133	228	TTTCCACCACGGTTCGCAGTGTCTT
YBR009C.S1_s_st	302	117	ACGGTTCGCAGTGTCTTTCTAAGAT
YBR010W.S1_st	252	257	ATTCCGGGGTTCTTTCGTTAATCGA
YBR010W.S1_st	288	129	CGTTTGTCGTTCTTTCAGGTGACCA
YBR011C.S1_st	146	254	CTTTATGAAGGGTCCAGACAACTCC
YBR011C.S1_st	159	97	TCCGTCTACGAGGTTAACTGTTCAG
YBR013C.S1_st	265	117	TGTCCTTCGAAATAGTGTCTCACCC
YBR013C.S1_st	293	113	TTTAGACGCGGTAAAACACTCAGTC
YBR014C.S1_st	158	96	CCTGCGACTTAAACTACGGCGACGT
YBR014C.S1_st	169	138	CTTGTCAGGGTTTGCAATAGTAGCC
YBR015C.S1_st	126	242	TTCCTTTGAAAGTAACGGCGACGTT
YBR015C.S1_st	290	103	AGATGAGTACTATTCCGCTAACGGC
YBR016W.S1_st	156	3	GTCGTCCCGATGTTAGTCGTCCCTA
YBR016W.S1_st	219	254	CAGACGATTGCTAATGATGCCGCCT
YBR017C.S1_st	217	131	CTCTTGAACAGACACTGGTAGCCTT
YBR017C.S1_st	235	241	TCATCGCGCATGTACCCAAAGGACT
YBR018C.S1_st	34	308	CCTGGAGCGGAGCTAAAATTTCGTT
YBR018C.S1_st	104	312	TTTCCATGTCGGTACCCAACAAGGT
YBR019C.S1_st	49	234	ATGCCCAGGTTCTAACAGATGTCTA
YBR019C.S1_st	61	246	GTCATATGACACTTGCAACGGGTTT
YBR020W.S1_st	156	183	AAACCACGGAACTACTTGCTCAGAG
YBR020W.S1_st	197	137	ATGTCGCTCGAAATGACGGCTGCTT
YBR021W.S1_st	150	118	CATAACGGCCACAACAGACGAGTCT
YBR021W.S1_st	242	105	GTAATAAAACACGTCGGTACCGCGA
YBR022W.S1_st	67	313	GTTAGCCACTGATAAATTTGCCGGT
YBR022W.S1_st	159	72	AGAACGTTGACGTTACCGAGCACCC
YBR023C.S1_st	276	256	TTCAGAATGAAAGGGTCGCAGCTTC
YBR023C.S1_st	287	123	CGACGAACATTTTGATAACGGGGAC
YBR024W.S1_st	46	250	CTCATGAATTCGCTAAAAGTGGGTC
YBR024W.S1_st	214	296	ATGCCAAGTCATCGTGAACCGCCAG
YBR025C.S1_st	66	248	TTCCGGCGACCATTCAACTACGTTT
YBR025C.S1_st	260	137	ATTCCTGCTAAGACGGTAGTTCCGG
YBR026C.S1_st	67	243	GTAATTCACAATATGCACTGGCACT
YBR026C.S1_st	250	256	TTTCCGAACTGTAGGTTTCCCATGA
YBR028C.S1_st	158	243	TATAGTTAAGCCACTCGTTCAGGGG
YBR028C.S1_st	200	247	TTTAAGGTAAAATAGACTCGCTCCC
YBR029C.S1_st	129	119	ACTGCACGGGACAACTTCTAGAGGT
YBR029C.S1_st	131	254	CTCCGAAAAAGCGTAGACCAGATTT
YBR030W.S1_st	56	4	GTATCTGAGTTCACCGCTCGGAAGT
YBR030W.S1_st	258	121	CCATACGAGTTTACGCGGTTCTTCT
YBR031W.S1_s_st	103	250	CTTCGACGAAAGTGGTTCAACCTGG
YBR031W.S1_s_st	222	131	CAATAGACCTGGCTTCGACGAAAGT
YBR033W.S1_st	156	128	GCTTGCGGATAAAACGAGTCCTGTC
YBR033W.S1_st	294	128	CTGCAACAGTTGACGCGACTTGCTT
YBR034C.S1_st	55	242	AACCGGCCAAACCTTCTGAGAGTCA
YBR034C.S1_st	248	314	CCATCTTCCGCCAGACTAGAAAGGG
YBR035C.S1_st	52	253	CTTTCAGCAATCTGATCGGGGTACT
YBR035C.S1_st	280	313	TTCGTTAATGAAAAAGTAGGCGCCT
YBR036C.S1_st	66	249	TTCCGGGGACGACTCATAAACTGCT
YBR036C.S1_st	79	240	AATCTCAACTTAGCGTTCCGGGGAC
YBR037C.S1_st	180	130	CTCTGAGGGGACGACATAACTTTCT
YBR037C.S1_st	291	122	AACACTAGGTCGTTCTCTGAGGGGA
YBR038W.S1_st	72	248	TTCCAAGGTGTGTCCTCAGGTTCGT
YBR038W.S1_st	158	248	TTCCGGTAACAGCAAGTTCCAGGTC
YBR039W.S1_st	16	226	ATTGCGAAGGTTCTTACGGCCACTA
YBR039W.S1_st	311	133	CCAATACGACGACTTTAAAGGCGGT
YBR040W.S1_st	51	256	AATTCGAGCCAAGGGAATATGTCTC
YBR040W.S1_st	303	123	CGAGGTTTTGGGTTAGTTCGCAACA
YBR041W.S1_st	229	119	CTGGCGACGACTAACCCTTCGGTAG
YBR041W.S1_st	261	129	CTTCTAGTCAACTGCCGGTCATTGT
YBR042C.S1_st	9	316	AGCCGATGAGGCCACATTTTGTCCT
YBR042C.S1_st	246	121	TACTATAATGCTAGCCGATGAGGCC
YBR043C.S1_st	107	128	TTCCGTTTAGAACCGACGTTGGCGT
YBR043C.S1_st	170	120	CCTTGTCGGGAGAAACCTATACGTC
YBR044C.S1_st	84	126	TATTGCAGGATACAGTACCCGACCG
YBR044C.S1_st	224	312	TTCCAAAGTAGGGTCCAATGCCGTA
YBR045C.S1_st	158	75	TAAGTGTCGTACTACTCCTCAGAGT
YBR045C.S1_st	222	126	TCTCTGGTGTAAGCTCGGTCAACTT
YBR046C.S1_st	158	195	ATACATAATGAAAAACGGCGTCGCC
YBR046C.S1_st	243	136	TATGCCGCGGCTTATGAACTAGTTG
YBR047W.S1_st	65	118	GTGACGACGATTTACCTCCTGTGAG
YBR047W.S1_st	153	3	CGCTGCTCATTAACAACGTGGACGT
YBR048W.S1_s_st	156	257	CTTACGGCCAAACCCTAAGTTCTGG
YBR048W.S1_s_st	159	12	ACGTGGCATGGTAACAGTAGTCTTC
YBR048W.S1_st	61	250	GCCATTCCGGTTGTTCGTTAAACGA
YBR048W.S1_st	302	123	CGGCCATTCCGGTTGTTCGTTAAAC
YBR049C.S1_st	139	3	CTAACCCTACTTGAACGTCGAAACT
YBR049C.S1_st	221	113	CGACGAAGAAGTAGGGACCCTCTGT
YBR050C.S1_st	139	126	TGATCTAGGGACATAACCGTTGCGT
YBR050C.S1_st	250	111	ACCTCTGATAGTCGCACCCGTGCTA
YBR052C.S1_st	73	251	CGTTTCCCAAGAGAGGTACCGTTTT
YBR052C.S1_st	282	123	TCTAAAAGGTTCACGGTCTGCAGTC
YBR053C.S1_st	35	249	TTCCTCAAGTAAAACGGCCTCGTCT
YBR053C.S1_st	88	123	CGGCCTCGTCTGTGGTTCTCAAAGT
YBR054W.S1_st	55	125	TCCTACATCGGTGGCTGAGACTCAT
YBR054W.S1_st	134	130	CTTGGGCGACTTGTACAACCAGGTC
YBR055C.S1_st	178	115	CAATGAGCAGTGTGTCCGTAACGTT
YBR055C.S1_st	291	313	TTACACTCGGATGAATGCCTGGGCT
YBR056W-A.S1_st	186	78	ACTAGATACAACATCGACGCGACCG
YBR056W-A.S1_st	306	123	CGGCGGCGGTGGTTCTTTACTAACA
YBR056W.S1_st	69	257	CCCTAGTTCCGATGGTTGCACCCAA
YBR056W.S1_st	272	312	AATGGTTTTGCAGGAGTGCCACTAC
YBR057C.S1_st	278	121	TCATATAATTGACGTGACCGCGATT
YBR057C.S1_st	312	137	CCGCGATTTAGGTTGTTTAAGTCAC
YBR058C-A.S1_st	6	245	TTTCGAGCTACCACATGTATGGGTG
YBR058C-A.S1_st	15	250	CATGTATGGGTGGTGATTCCTTCGA
YBR058C.S1_st	61	126	ATGAGTTTTACGATCGCACGCGCGG
YBR058C.S1_st	313	120	ACTCTTTGATCAACGACGGCTGTCG
YBR059C.S1_st	164	133	CAGTTGGGCCAGTTTACCGTTCGTA
YBR059C.S1_st	236	255	ACTCTTTTAGGAAGCGATCCCGGGC
YBR060C.S1_st	15	4	CTTAAAACTTGGCAGCTGTCAGCTC
YBR060C.S1_st	21	2	GTCCAGGATTCGCACCATGAGTTTC
YBR061C.S1_st	125	256	AATCTAGGACAAGTTTCGGGCTGCT
YBR061C.S1_st	159	208	CAATGACCCAATGTGCTAGAACTGC
YBR062C.S1_st	110	118	CAGACCGATAGAGCTTCATGTTGTA
YBR062C.S1_st	298	253	CTACTCATGGGGAATCATCAACTTA
YBR063C.S1_st	155	128	AATTGCGCTAGTGGACCGAGCTTAG
YBR063C.S1_st	259	254	CTCTGTATTATCAAGCCAAGGGTGT
YBR065C.S1_st	103	3	ACCGAAAAGTCGACGCAGTAAGCCT
YBR065C.S1_st	106	251	CTTTAGCTTTGGAGCGCGATTGTTC
YBR066C.S1_st	136	115	GTTATGTCGTCCTGTCTCCTGAGCA
YBR066C.S1_st	158	45	TTAGTATAGACAGGCGTACTCCCGA
YBR067C.S1_st	104	116	CGCGGCGGCTTTGACGACTTAACGT
YBR067C.S1_st	146	251	CTTTGACGAAGGTTACGGCCAGTTT
YBR068C.S1_st	44	122	TCCCGTCCGGGAACTCTCGAGAATA
YBR068C.S1_st	158	40	ACCAATCGTCGATAGCGTCCGAACT
YBR069C.S1_st	46	116	GGTACCGTTTCGTTCCAGCAAGCTA
YBR069C.S1_st	139	251	CAGCCTTTTAGGTTTGTCGAGCGCA
YBR070C.S1_st	244	118	CTTACCCGGACCTTGTACGACATAT
YBR070C.S1_st	312	253	CTAATTATGAGGATCAGACTGGCCT
YBR071W.S1_st	294	137	AATTTCTGATGGTGAGCCGGTACTC
YBR071W.S1_st	307	119	CCTGTCGCAGATAGCTTTGTAACGT
YBR072C-A.S1_st	27	126	ATCTCTATGGAGGTTGTCGCGCAAC
YBR072C-A.S1_st	74	244	CTAGCTCATTTTTACGGAAAGGGTC
YBR072W.S1_st	131	315	CTTTCAGCACCAAGGACCACAGTTT
YBR072W.S1_st	193	1	AAAGCCAAAGGGATCTTCACAGCGT
YBR073W.S1_st	204	127	TTTCGGGCCGCTCTATACAGAGTCT
YBR073W.S1_st	301	85	TTACTTCGTCGGTGGTTGCTACTAC
YBR074W.S1_st	118	251	CTTTGAATGGTATAGCCTCAGGTCA
YBR074W.S1_st	126	130	CTCTCTAGAGGAATGCTTGGTTATC
YBR076W.S1_st	130	248	TTTGTAAATAAGAAACGCGTGCCGT
YBR076W.S1_st	189	257	AACCGGATGATGTGAGTTTGCAACT
YBR077C.S1_st	19	131	CTTCTAAATGTATGGACACAGCGTG
YBR077C.S1_st	31	131	CCCATATGACAGGATACGCTGCAGT
YBR078W.S1_st	159	32	ATCACCACTACGGAGGTTACGAGTT
YBR078W.S1_st	281	129	CTTCAGATTCCCACGACGAGGTCTT
YBR079C.S1_st	94	126	CGGTAGCTTGTCTCTGATCGGCCAT
YBR079C.S1_st	316	134	AGTTCCTCGTACAAAGCCCGTGATT
YBR080C.S1_st	89	5	GGGTTGCTCAACAGTCCGTACAGTC
YBR080C.S1_st	91	256	ACGTCCCAGGCCATTTTGTCGAAAT
YBR081C.S1_st	170	129	CGTTCGCGCAAATATGAAGGTCTTC
YBR081C.S1_st	222	314	TTTTCTTTGGCTAGCGTTCGCGCAA
YBR082C.S1_st	129	5	TAGTGACCGTTCGTAGGTAGTACCC
YBR082C.S1_st	168	97	CTTTAGCGAGTATAGATGTTCTGAC
YBR083W.S1_st	156	130	CCTTCCGGGTACATAGGTTCTGGAC
YBR083W.S1_st	208	256	TTCACGCAAGGCAGTTTCTCCGGAG
YBR084C-A.S1_st	183	1	ATTCCCATTGCGAAAGTTTGTGTTC
YBR084C-A.S1_st	288	123	GCGAAAGTTTGTGTTCTCTCGGAAC
YBR084W.S1_st	225	312	ATCTCCAAAATGCAAGGGGTAGTCC
YBR084W.S1_st	235	118	CATGCTGCAGTTATCGAGGTAGCTC
YBR085C-A.S1_st	125	127	ACTGCTGTCAGTCACCCATGGTCCT
YBR085C-A.S1_st	184	313	CTAATAGAAAACCTAAACCGGCCGG
YBR085W.S1_st	210	132	CCGCGAGCGGTTAAGTTACCCAACT
YBR085W.S1_st	265	137	ATCCCAGTAACAAGTTTCCGACGCC
YBR086C.S1_st	309	129	CTGCGGCAACTACGTGATTCATCTT
YBR086C.S1_st	315	126	TTCGAAAACGGTCTACCACTGCGGC
YBR087W.S1_st	259	253	CTTACCTTTGAACGCTCAGAGGGAT
YBR087W.S1_st	315	122	AACAGGACGTGGTTCGCTATCGCTT
YBR088C.S1_st	78	256	AACCTGTAGTAATTCCCGAGGAGGG
YBR088C.S1_st	234	119	CTCAACCATAGTCCGAGAGGTCGCT
YBR089C-A.S1_s_st	16	254	CTCTGTAACAGGCAAGGCTCTTAGG
YBR089C-A.S1_s_st	176	314	CTCTTTCTTCCTAGGATTGCGGGGA
YBR089C-A.S1_st	24	130	TCTTAGGACTGCATTGAAAACCGGT
YBR089C-A.S1_st	129	312	TTAGGACTGCATTGAAAACCGGTTC
YBR090C.S1_st	21	256	ATCCACCGCGCCGTTGATATTTCAT
YBR090C.S1_st	81	221	ATTTTGATCGCGATACCGGCGTTGA
YBR091C.S1_st	129	315	GTTTGTGCTCCAAAGCCCGGTCTCT
YBR091C.S1_st	294	127	CGAAACCACTCGGACTAGATTGCTT
YBR092C.S1_st	43	257	AGCAAAATGGTCCTACCTGGTCCAA
YBR092C.S1_st	61	316	CCATGCAATGAGTATGCCGGTCCTG
YBR093C.S1_st	196	126	AATGGTACTCCCAGGTCCAATGCTG
YBR093C.S1_st	260	136	CCTTGTGATGAGTAATGTTGCGGTC
YBR094W.S1_st	12	240	ACTACTTTGTCTGGGCTTGAAGCAT
YBR094W.S1_st	33	235	ATCTCTAGTTGCGAAAGGGTCTGAA
YBR095C.S1_st	194	102	ATTACGCGACAATAGCAACGACGGT
YBR095C.S1_st	313	119	CCTTTAACTCAGACGGGCTGTCGAC
YBR096W.S1_st	15	315	ATTGGCTCGCAACACCAAAGGTGCT
YBR096W.S1_st	297	256	CCAAAGGTGCTCTGTCATGGTAACC
YBR097W.S1_st	54	315	CCTTAGTCCAGAAATTTGCGTGATT
YBR097W.S1_st	204	137	CCAACGAACACTATTGAGTCCCGAA
YBR098W.S1_st	10	3	AGGCGAGTCCTATCATGTCTTTGCG
YBR098W.S1_st	130	250	TTATTACAGCACTCGGATATGGGGT
YBR101C.S1_st	113	118	ACTGTTCTGTTTCGGTGAGCTGCAC
YBR101C.S1_st	282	110	TTTACCCGAGCTGACGTATCGTGGA
YBR102C.S1_st	15	254	CTACTTTACAATAGGGGTCCCAGGT
YBR102C.S1_st	164	136	GGTCCCAGGTAATTCAGTAGGTCTT
YBR103W.S1_st	148	126	TCTTAACGAAGATGCCTGTGAGTGT
YBR103W.S1_st	216	119	CTAGACAGTACCTTGACACGCCCTT
YBR104W.S1_st	20	4	AGAACAGATGCTTCGTAACCAACGG
YBR104W.S1_st	274	255	CGAATAAACCACGTAAAAGGCCCTG
YBR105C.S1_st	82	126	GTAACAGGTACTAGTTCAATGGCCC
YBR105C.S1_st	253	104	CGCGTCTGCGACCATTGTATAGTTC
YBR106W.S1_st	154	240	TTGGACCATTACGATACAGGCCGCT
YBR106W.S1_st	224	129	CTTCGACGTTCAATGATGGCAGTCT
YBR107C.S1_st	60	127	TGAAGGCAGTATAACCGTCCCGTGT
YBR107C.S1_st	241	137	ACCATGGCGGCGACTGCTCATATAG
YBR108W.S1_st	26	131	TGTCAGATGCTTCTTCCGCGGAGGA
YBR108W.S1_st	301	130	CACTACTTATGTTGGGGTTCTCACT
YBR109C.S1_st	12	131	CTTTGTGCACGATTGTAGGTAACCA
YBR109C.S1_st	198	254	CCCAGAAAGCGGGTCACTTCGTCTT
YBR110W.S1_st	59	254	CCAACAGTCGTCTCCTAATGGGTTT
YBR110W.S1_st	286	131	ATACGCTAATGCCTCAAAGGGACGT
YBR111C.S1_st	155	4	CGTAACTCTACGGTCGGCCAAACTA
YBR111C.S1_st	155	114	CGATGTTCAACCTACGTGCACAAGT
YBR111W-A.S1_st	16	248	AGGTGGCATCTTGGGTTTCGTAATC
YBR111W-A.S1_st	113	256	AAATAGGTGGCATCTTGGGTTTCGT
YBR112C.S1_st	63	127	TTATGGAAGTCATTAACCGCGTGTC
YBR112C.S1_st	290	132	CTACTTTGGCGACGATGTTGCTATT
YBR114W.S1_st	55	315	AAATCTGGGTACCACCTTGGGATCA
YBR114W.S1_st	136	243	GTCCCATCATACAGTGGCTGCGTTT
YBR115C.S1_st	49	257	CTTTCATGGTTTCGAGGCCTTGATC
YBR115C.S1_st	75	254	CAACGAGTTCATTGCCCAGTGGGTT
YBR117C.S1_st	103	246	TTAACAAGCTAAAGTGTCGCCTGCC
YBR117C.S1_st	242	117	CTCCCGATAAGGTTTGTACGTACAT
YBR118W.S1_s_st	190	126	TTCCGACGAGTTTTCCGACGATTCT
YBR118W.S1_s_st	292	253	CTTTGGCCACAGTAGTTCGGTCCAT
YBR119W.S1_st	115	2	CGCCGTGATGGCTCGTTAATAACAG
YBR119W.S1_st	229	313	CGTCTTTGGAGAATTCGCCCGATTT
YBR120C.S1_st	107	250	GTCCAGCAGTCCCTAAGACGGTTTT
YBR120C.S1_st	255	134	CTATTCGAGATATTTGGACGTCCTT
YBR121C.S1_st	36	316	TTAATCCATGAGGTAAGCCACAGTG
YBR121C.S1_st	184	118	CTTTTACAGTAGTTCCGATAGGCGC
YBR122C.S1_st	131	127	TTCGCTAAACGAAGGTGTCCCAGTA
YBR122C.S1_st	282	311	TTCACATCAATAGGCCTCTAGGGTT
YBR123C.S1_st	156	1	CGATTTGATCTAGGATTTTGGCGCC
YBR123C.S1_st	295	131	CCATCAGTTTACAGGAGTTTACGGT
YBR125C.S1_st	118	249	CTTCGTGTTCAATGGCAACTTGGTC
YBR125C.S1_st	315	136	ATCGTTATGACCACAGCCGAAACTG
YBR126C.S1_st	78	115	CGGAGTCTTCAACGTGCGGTACCTT
YBR126C.S1_st	233	119	CTCACTCAAGTGTCCACGGCGTGTT
YBR127C.S1_st	93	256	CGCGGATGCTCCTGTCTTGGCAAAA
YBR127C.S1_st	201	254	ATCTCCCAGCATTGCCCAGGTAGTG
YBR128C.S1_st	111	128	CTACTTCACATCCAGGCAGAGCGAT
YBR128C.S1_st	255	126	GTCCTGGAGTACTGGCTACCATGCA
YBR129C.S1_st	217	226	CTTTTTAAGGAGAGATCAGGATCAC
YBR129C.S1_st	291	309	TTTTCCGCCCAGGAAGATCGTCGTT
YBR130C.S1_st	3	246	CGGACCACAATTTTCTTGACGGAGT
YBR130C.S1_st	238	298	ATAAGGTTTTAGACGTAGGGGCCAA
YBR131W.S1_st	79	249	TTATTGCCGTGCAGTTTCCGACGTT
YBR131W.S1_st	197	130	CTCTCTGGGTCTAATAAAAGTCCTC
YBR132C.S1_st	152	256	CCGATGCGCGGTTTTTAGAAGTGAT
YBR132C.S1_st	236	312	AAAGTCTTCCCGAATGGTGCAGGTT
YBR133C.S1_st	58	127	ATGTGAAGCCGCCATTGACGACGTT
YBR133C.S1_st	134	3	TTAACGGTTCCGTGCTTCTGGAGCT
YBR135W.S1_st	158	158	GCGGAAGGTTCCGTCTTTCGAATGA
YBR135W.S1_st	204	115	AATACTTACGGTACGCGGTCTTGGT
YBR136W.S1_st	151	254	CCTGGTGAGTTAAGTTTTTCGCGAT
YBR136W.S1_st	202	111	CGGTCCTTATGCATACGGTCTAGAA
YBR137W.S1_st	81	247	CCTCTCTTCACTGATGGGGATACGG
YBR137W.S1_st	135	2	GTCACTGGATGCCACCGTCACGTAA
YBR138C.S1_st	56	111	TGACGCTCAAGCTTAGTAGATACCT
YBR138C.S1_st	189	136	CACAGTAGACGCTTTTCCGGGATAT
YBR139W.S1_st	140	126	TATGCTACGGCCAGTATACCACGGG
YBR139W.S1_st	282	121	ATACCACGGGATACTAGTTGGCCTC
YBR140C.S1_st	188	113	ACTAACCCTACGAACAATGTGTGTC
YBR140C.S1_st	199	1	TGACCGTTCTTACAGCACGAGGATT
YBR141C.S1_st	199	121	CCAAGTAACTCGAGGCCTTTAGCGT
YBR141C.S1_st	233	254	CCAGTTTAAAGAGTTCGGCGTTCCG
YBR142W.S1_st	9	97	CGGTACTCTCGATGCAACTTGCTTA
YBR142W.S1_st	298	68	CTTCCACAGAGACGGTACTATACGA
YBR143C.S1_st	220	126	CGATAACTGTTTCGATGGCCGGTTC
YBR143C.S1_st	316	257	AACTGCTTTAAAGGGTCCTGTGACC
YBR145W.S1_st	59	232	ATGACAGCAGGACCAACCATACGGT
YBR145W.S1_st	109	4	TCGTCGATAGCTCCGAAGATGCTCC
YBR146W.S1_st	133	124	CGTGCGGTAACGCTTTCGAAACCAA
YBR146W.S1_st	279	244	TGTTCTCTAATGTCCGTGCAGCTTT
YBR147W.S1_st	96	127	CGCTATGACATGAACCCGAGATCCT
YBR147W.S1_st	181	130	CTTATACTCGGTGAAAACGGTTCCT
YBR148W.S1_st	164	127	CGGAGTCGCTCCAAAACGTTAAGGT
YBR148W.S1_st	242	137	ACTTTGGACGACATCACGCGATTTG
YBR149W.S1_st	52	3	AGTAGCACACTCTCGGTAACCACAG
YBR149W.S1_st	194	107	TGTTACATACGACGGCTGCCACTGA
YBR150C.S1_st	113	244	TATTTTGAGAACTCGGTCCGCTCCT
YBR150C.S1_st	158	109	ATTGCTCTGATGACCGCGACTACTA
YBR151W.S1_st	5	2	CAAGGACTTCTTGGTTGCAACGGCA
YBR151W.S1_st	267	314	TTGCTACGCCCTAATGCCGTGGGAT
YBR152W.S1_st	39	119	CTTACGGGTTCTACTGCGTGCTCAA
YBR152W.S1_st	288	131	CTATCTAGTTGGGACCTTACGGGTT
YBR153W.S1_st	221	315	AATTTGCTGTCCCATTCGGCGGTTA
YBR153W.S1_st	303	119	AGACCCATCGAGTCCGTGGCTTCAA
YBR154C.S1_st	158	256	CTCGGAAGGCAACCACATTTCTGTT
YBR154C.S1_st	277	120	CATAACACTGAGGTACCCGTCTGGT
YBR155W.S1_st	105	129	CGTAATTAATACATGGGGTGCGTTC
YBR155W.S1_st	302	310	CTGGATCAAAACCTTCCCGGCGTTC
YBR156C.S1_st	187	127	TTACACTGGGGTTTCTATCGGAGAC
YBR156C.S1_st	224	117	CAGAGTTGTCCTTGTAGTAGCCGCA
YBR157C.S1_st	116	254	ACTTCTGGATGAGAAAGGGACCTCT
YBR157C.S1_st	196	131	CTCTTTAAGGAGGTATACAGGTTCT
YBR158W.S1_st	170	113	CCAGCGCGATCCGTTTATGTGTGTC
YBR158W.S1_st	170	125	CTGTCGAACCCAATTACGTCTGCTG
YBR159W.S1_st	140	115	TCTGCGACGCCGAGAGTTCTTTCTA
YBR159W.S1_st	284	247	GAAAACCGATGTATGTCACCAAGCT
YBR160W.S1_st	112	121	ATGTCCACAGCTATGTACCAGGTAG
YBR160W.S1_st	271	254	CCATGGTTCAGATCTAGGTGCGCCA
YBR161W.S1_st	78	315	ATTTCCAAGGAGGACCGTATGCCCA
YBR161W.S1_st	83	123	ATACTGTTAGTACCCGAGATGCCCG
YBR162C.S1_st	160	123	AAGATACGGTTCACTGTGGTCGCCA
YBR162C.S1_st	220	119	CTTCCGTAAGGACGAATAGTACCCA
YBR162W-A.S1_st	68	246	CGTTTTGACTCTTTTGGCGTGGACA
YBR162W-A.S1_st	186	132	GAGCATCCACCACCACAAAACGTTG
YBR163W.S1_st	64	301	AAAGCTATTGCTGCGGTTTCCGAGA
YBR163W.S1_st	103	121	AAACGCCGTTCCAATAGTGTCTAGA
YBR164C.S1_st	131	244	CTGGTTGGCCCACGTAATTCACGGT
YBR164C.S1_st	224	137	ATTCACGGTCACTTCAGAGGTTTCT
YBR165W.S1_st	53	315	CTTGCCAAAGCTACTGTGTGAATTT
YBR165W.S1_st	130	117	ATTAGCGCCATCACTCGTAATGTGT
YBR166C.S1_st	172	110	CTAGTATACTAAACAAGCTGCGGTA
YBR166C.S1_st	213	305	GATCACTGGCAAGCCGGCGACTTTT
YBR167C.S1_st	149	5	CGCAAGTATTCGTTCCTAGTAGGAT
YBR167C.S1_st	159	55	ACTTCCGGTTCGACTATAGCTGTAC
YBR168W.S1_st	46	313	CTTTGCTGCGGAGAAGGTAAACATT
YBR168W.S1_st	98	314	AATTGGTACTCCTCAACAAACGGGG
YBR169C.S1_st	83	247	CTACGGCTCGGGGTCAAATTTCTTC
YBR169C.S1_st	150	248	CTCGGTCACGGAAATGGCCTTCTGC
YBR170C.S1_st	170	216	ATGATTTTGAACAGAGTAGCCGACC
YBR170C.S1_st	177	128	CTTCGGACGTAAAGGCCATCTGATA
YBR171W.S1_st	28	130	GACTTTCTAACGTTGGCCCGACCCA
YBR171W.S1_st	239	278	ATACAGAAATAAGACCACCACAGGG
YBR172C.S1_st	160	68	CTTCGCGATCGAGATAGTCCGTTAC
YBR172C.S1_st	248	133	ACTACTGCTGCCGACCCTTAAGGTT
YBR173C.S1_st	168	126	TTTCACAAGAAAGTAGACGTCACGG
YBR173C.S1_st	186	1	CTAACCCTCCTGCAGATGGGACCAT
YBR175W.S1_st	22	127	TATAGAGGACCACTTTAGCGACCTG
YBR175W.S1_st	57	128	TTTTCCCGCATGACGTAGTAAGGAC
YBR176W.S1_st	83	311	AAATAACTTCTTGACACGAGGGCCC
YBR176W.S1_st	213	119	CCTCGACATACTTTGGCGGTACGTT
YBR177C.S1_st	109	120	CCTACTAGGACAACAGCCGGGTCTA
YBR177C.S1_st	114	315	CGTTTCTCGAAATTTAGCTGGGCCC
YBR179C.S1_st	63	246	GATTGCTCCCAGTCTAACCGGATTA
YBR179C.S1_st	182	110	TAATAGCAGCACCTCGAGTGAGTTC
YBR180W.S1_st	29	129	CTCAATAAGGGGTTTTCTCGACGAC
YBR180W.S1_st	202	253	CAAAGAAAGCTTTACACCCGCGACG
YBR181C.S1_s_st	167	118	ACTTCCAGTCTTTGCGAGTTCGAGT
YBR181C.S1_s_st	187	133	CTCTTTCAGGCAGTCTCCACGGTAA
YBR182C-A.S1_st	1	251	CAGTTTCTTTTGATCACCGTGAGTG
YBR182C-A.S1_st	295	133	CTTAAAAATAAGACGTCAAGGCTTC
YBR182C.S1_st	219	118	CTCCAGCGGTCGTTACATAAGTCCT
YBR182C.S1_st	293	133	ACATAAGTCCTTGGCGTAGTGGCTT
YBR183W.S1_st	159	121	ACATGACGAACTTGGTGTGCCTACC
YBR183W.S1_st	218	113	TTAGAGTTCCGAAGTTACCGCGAGC
YBR184W.S1_st	75	2	TGTCCTGATAAGAATGGCCGAATAC
YBR184W.S1_st	302	120	AAAACTTCAGGCTTCGTCGTGTCAA
YBR185C.S1_st	11	124	ATCCAGGGCAGTTGAAGGTCCATTA
YBR185C.S1_st	239	127	ACCCAAGTCCTTCGAGAGCTCCGAT
YBR186W.S1_st	44	7	ACCGTAATCGATACAGTCGCGCCTT
YBR186W.S1_st	101	183	AAAAGTGCGTTCTAGTTGACCTCAG
YBR187W.S1_st	118	239	ATCCGCTCGATCCACTGGCAAGTGT
YBR187W.S1_st	213	112	ATAACGGTACCGATGACTGTCGCTG
YBR188C.S1_st	60	131	CTTGGGCTGGCACTGTTACTACTAT
YBR188C.S1_st	158	140	ATGCACGGGCATAGTTGGTCGACCC
YBR189W.S1_st	75	239	AAGGCCACTTCGACGACTTCTTCGG
YBR189W.S1_st	93	244	GTTCAGATGTTCAACCCAAACCGGT
YBR191W.S1_s_st	18	112	CCGGTTACGACGATTCGCACGACTT
YBR191W.S1_s_st	176	310	CCAAGATAGGTTTTCCCATACGGTG
YBR191W.S1_st	158	227	ATTCCGAGTTCCACAACGACAAGTT
YBR191W.S1_st	205	126	CGATTCCGAGTTCCACAACGACAAG
YBR192W.S1_st	101	6	CGATCATATCGTTGTATAGGCGTGC
YBR192W.S1_st	155	255	CCCAACTGGGGCGTAAACTACTCTT
YBR193C.S1_st	144	313	TTAACCCGCGCGTGATGCAAATCTT
YBR193C.S1_st	159	176	AAAGTTACCACATGGACCGGTCCGA
YBR194W.S1_st	219	130	CTTGACTTCAAGTTCGGTCTGACCC
YBR194W.S1_st	284	112	CTGACCTTAGGTTCTCCGTGACGTG
YBR195C.S1_st	116	121	GCTATGACATAACCGTTGCCGACCG
YBR195C.S1_st	147	121	ATCAGTTCGATACCCTATGGAGGAC
YBR196C-A.S1_st	124	312	CTTTACTCGCAAAAAACAATGATGT
YBR196C-A.S1_st	247	255	GATGTTAACCAAAATGTCTGCCTTA
YBR196C-B.S1_st	159	177	ATAATGACTTCTTCCGTATGATGCG
YBR196C-B.S1_st	315	129	CTTCCGTATGATGCGGTTCTGATAA
YBR196C.S1_st	104	249	TTCAGAACCGATTTCAGTAGCCGTT
YBR196C.S1_st	292	248	CCACGAAACTAACGGATGATGCTTG
YBR197C.S1_st	76	315	CTGCCCAAGGGTGCTCTAAAACTCT
YBR197C.S1_st	186	127	TTCATACGGTTCGACTCCTCGGGAG
YBR198C.S1_st	45	123	ACGTCCTCCACGAAAGTCCGGTATT
YBR198C.S1_st	121	253	CAATAAAGAACCTGTATGACGCGGG
YBR199W.S1_st	2	247	CCCACTACGGGGACATTCTTCAAAC
YBR199W.S1_st	8	253	CTATCAGGCGTTTGGTAGCTTTGCG
YBR200W-A.S1_st	20	128	GTAACACCGCGACAAGAACAACCTT
YBR200W-A.S1_st	124	254	CCTTGTGACTCGAATGCATTGGCGT
YBR200W.S1_st	201	255	CTAAATAGAAATAGCCCGAGGTTCG
YBR200W.S1_st	232	253	CTGTTGTGAAATTGACCGCTTCTGA
YBR201W.S1_st	35	2	CTGACCAAGGCGTTGTGACTTTGTG
YBR201W.S1_st	102	2	GCTATAAGCTAATGCCGCGTAAATT
YBR202W.S1_st	109	251	CTTCGGAACTCCAACCAGGCTCAGA
YBR202W.S1_st	138	248	TTTGCTGGCGAAGGCGATTACACTC
YBR203W.S1_st	12	316	CTGTGAATAAGTCAAAGGCCCTGAG
YBR203W.S1_st	160	111	CCGGCCTAGACTCCGACTACGATGA
YBR204C.S1_st	220	125	TCCAGATGTTTCAAGGCCGTAGTTC
YBR204C.S1_st	295	137	TATTAAATACGAAGCTGGCAGGTCT
YBR205W.S1_st	221	311	AAGACCTGGTTGAAGCTTTAGCCGA
YBR205W.S1_st	290	253	CTTGGATCGTTCCTGCAGTGGACCT
YBR207W.S1_st	45	130	ATTCTATACGGAACATCAGCGGTGG
YBR207W.S1_st	316	173	TTATCACGATGGCAGCCGAGACATT
YBR208C.S1_st	184	117	TTTCTAAGGTAGTGTCGTAAGGTCC
YBR208C.S1_st	217	133	ACTACTTGGGTAAACTGGTTCAGCT
YBR210W.S1_st	159	256	CCTGCGGTGCCTATAAAAGTCTTTT
YBR210W.S1_st	201	123	ATGTCTTACCAGTGTCGCAATGAAC
YBR211C.S1_st	126	123	CTAAACTAAGGCGTTCGAAACTTCC
YBR211C.S1_st	266	116	TTACTCGAGACGATGGTTGACTTCG
YBR212W.S1_st	146	235	TGGAGTTAAACCCTTGCGCTACAGT
YBR212W.S1_st	265	123	ATCGCTGGAGCAATTAGACGTCTCT
YBR213W.S1_st	140	249	TTAAATGCTCATGTAGGCGTCACTG
YBR213W.S1_st	269	131	CAGTTCATGGCGTACCTAACCCGGT
YBR214W.S1_st	103	130	CTTCACCTAGGCGTTAGGCGTTCTT
YBR214W.S1_st	162	128	TTAGCAGACGATTACCACGCTGAGG
YBR215W.S1_st	8	1	CACGACGGTGGTTCCTGCCAAAAAA
YBR215W.S1_st	177	130	CTTCTTCAGCGTAGGATACTTTCCA
YBR216C.S1_st	141	4	CATAAGTCCAGTTAGTCGTCAATTC
YBR216C.S1_st	316	119	AGGTAACCGATTCTGCAGGCATAAT
YBR217W.S1_st	84	5	CGCGGTTCAGGCGTCGTTTTATAAC
YBR217W.S1_st	227	254	TTTATTAAGCAAACGCGGTTCAGGC
YBR218C.S1_st	238	118	CTTTACCAACAGAGAAGTGGTCGTC
YBR218C.S1_st	245	129	GGTTTAGCCACGTGGTTACCGACCA
YBR219C.S1_s_st	71	257	ATTTATGGGAGTCGTTGAAGCCACC
YBR219C.S1_s_st	192	132	CATATGCATTGAGTGCCGCCGTCGT
YBR219C.S1_st	7	245	TGTTAAAACCGTCAATGCAGAGCTC
YBR219C.S1_st	234	126	TATTCTCAGTCTTAACCGCGTCCCT
YBR220C.S1_st	111	251	CTACGGCCGCAAAATTGTGGTACCA
YBR220C.S1_st	293	129	CTTATAGCCGGAAGGTATGTTCTCA
YBR221C.S1_st	154	250	CTTCTTCGAAATAGGGGACTCAAGT
YBR221C.S1_st	158	214	ATTTCCGGCGGTAGTCTCTAGGTTT
YBR221W-A.S1_st	17	248	CGGCGCTGCTTTTTCTTAGTCGAAT
YBR221W-A.S1_st	123	251	AGCTTCAGAGCCTTTTGTCTGGGGC
YBR222C.S1_st	60	313	CTTGATAAAGTCTTGGCCACTGGTT
YBR222C.S1_st	187	110	CCGGTTCATCAAGTTCGGCGGTAAC
YBR223C.S1_st	39	309	ATGGTCCTTCCAGTGCACGGCATGA
YBR223C.S1_st	75	4	CTCACGAAATGGTATCAGCGTCCAA
YBR225W.S1_st	74	2	TATGGACGACATTATACGGGCACCC
YBR225W.S1_st	133	245	AGTTATTAAGGACCGCCCATGCGCG
YBR227C.S1_st	30	316	GCAATTAATACTAACGGGCCCAAGA
YBR227C.S1_st	271	241	CGGGCCCAAGATTGTATCGTATGCA
YBR228W.S1_st	177	137	TATACAAAACGCTGACCTGCTGGGA
YBR228W.S1_st	312	134	TATGGAGCTCCACCCTTTACAGGCT
YBR229C.S1_st	86	255	AATATCGGGGACTATGGCTCCCTGC
YBR229C.S1_st	163	111	CTTCCGCCAGTGTAATAGTGATACT
YBR230C.S1_st	151	6	TTATCACGTAGTCGTCAGCGAACGC
YBR230C.S1_st	258	110	CCTTACGCGATAGCTTATAGACTTC
YBR230W-A.S1_st	221	127	CAGTTCTTTCTCATACGGCGGTTAA
YBR230W-A.S1_st	243	113	AGCCGGTACACACTCATGCACGCGT
YBR231C.S1_st	159	188	ATTGCTGCTTAACCACGACGTGTTG
YBR231C.S1_st	229	255	TGTTCCTACCCAAGAACCGGGCCGT
YBR233W-A.S1_st	92	5	ATAAGCGTTGTGTCCGTTGTCGTAA
YBR233W-A.S1_st	156	104	CGTTCTTTGACATAGCGGTCTACTC
YBR233W.S1_st	93	315	TTCTCCATGCAAGTACCGCAGGGTT
YBR233W.S1_st	275	122	AACTCATACCGGTGTGGCGTCATAT
YBR234C.S1_st	117	127	GTTAGACAGTTACGAGGCCTTCCAA
YBR234C.S1_st	313	244	CTAAGGTTCCTTAGGCAGCGGCCTA
YBR235W.S1_st	85	2	CTTGGACTGGAAAGCTTACCCTTGC
YBR235W.S1_st	316	226	GCTCATTATGAAACGGCTCCTGCTC
YBR236C.S1_st	174	137	ACCTTGATCATAGCGTTTACGGAAA
YBR236C.S1_st	219	132	CTCTCGAAATGACTTACAGCGGTTT
YBR237W.S1_st	159	114	TTAGTCGTTAGGTGCGCTTCCCGTA
YBR237W.S1_st	214	106	TGCGCTTCCCGTACTGTCACACAGA
YBR238C.S1_st	215	136	CCGCCGGAATTCTCTACGATGACAT
YBR238C.S1_st	269	119	CACTAAGGTCTGTTGATCGGTCTAA
YBR239C.S1_st	37	257	CCATGGGGCTGTACATAAACCGCTT
YBR239C.S1_st	254	254	AAATAACGTGTTTAGCCATGGGGCT
YBR240C.S1_st	8	128	CAATGTACAGAACCAGTGCCTCGCG
YBR240C.S1_st	57	250	CTAAATCTGCAGGACATGGTAACAT
YBR241C.S1_st	204	1	ATAACGAACGGAGCTGATGCCACTA
YBR241C.S1_st	225	133	ACGGCGATGTCGAGTTTCAAAACCA
YBR242W.S1_st	292	313	CTTCTTGGCCAATAGAACTGGAGCC
YBR242W.S1_st	311	256	CCCAATTGGCGCTATTTACACAGGC
YBR243C.S1_st	78	257	TTCTCTGAGGGTATCCAAAAGGCGA
YBR243C.S1_st	159	142	AAACCGGTGCTGTTGGATACCTGTC
YBR244W.S1_st	3	257	CCTTGGCCCGAGACTACTTGTTTAA
YBR244W.S1_st	232	128	TTACAACGGAGGTTCACGCCGAAGT
YBR245C.S1_st	96	106	CTTAAACGTCTAGTCTGGCGATTAC
YBR245C.S1_st	206	137	AAATGAAGTCTTCGTCCTGTGGACA
YBR246W.S1_st	188	132	CCTGACGCCTTAAACCTAGAGATGT
YBR246W.S1_st	268	309	AAACTTTGGGGTACTTGAGCTCACA
YBR247C.S1_st	135	130	CAAAGGCACTGTTATAGCTCTGGTC
YBR247C.S1_st	306	116	CTCATGAGGGTCACTATACCGTGTT
YBR248C.S1_st	159	50	TTTCTGGGCGCGTCTACGAACGAAC
YBR248C.S1_st	295	122	TAACGTAGGTCACCGCGGCCACATG
YBR249C.S1_st	53	253	CTTTTGCGGTAATGGCCACAGTACT
YBR249C.S1_st	294	134	AGGAAGCCACGGTAACCACGGTCTT
YBR250W.S1_st	103	243	CATCATAGCCAGTAACCTTTGAGGT
YBR250W.S1_st	254	123	TCCTTCGAAGAAACCGTCAACGTGT
YBR251W.S1_st	91	315	TTCCATGGTAGCTCCGAAAGTGCTT
YBR251W.S1_st	207	137	ACGTCCCGATGTGTTCGTTTGGCCA
YBR252W.S1_st	187	185	ATGCCAGCATAACGCGGTTCCAGTC
YBR252W.S1_st	191	123	TGACGGCGCCCTATGCTGTAAATAC
YBR253W.S1_st	143	254	ATTGACATATCTTTGCAAGCACCGC
YBR253W.S1_st	276	117	CTTTTAAGACTCGAGCGACACCGGT
YBR254C.S1_st	289	311	AATGTCTGGGATAATCCTCGGGCCG
YBR254C.S1_st	290	137	ACCCTTGAGTCGGTTGTCATCGCAT
YBR255C-A.S1_st	159	52	TACATATCCTCGACGGGTTCCACGA
YBR255C-A.S1_st	236	315	CTCTCAAACTTGAGAAGGGCCAGTT
YBR255W.S1_st	97	109	CGCAGGACTCTTCGTAAGCCAAGTG
YBR255W.S1_st	268	122	CAATACTCTCGGGTTTTCTACTGGT
YBR256C.S1_st	175	125	GTGGCTAACAGTGCAACCTCTAAGT
YBR256C.S1_st	235	243	CCTAAGTTCCGTGGGTCCAGTTGAA
YBR257W.S1_st	138	115	GTTCCGTAACACTAGACCCTGAGAG
YBR257W.S1_st	243	114	ATGTCTTCACACCTAGCACGTCCGT
YBR258C.S1_st	33	2	CGCGAAGCCTTTTCTCAACGGTCAT
YBR258C.S1_st	249	305	GTTCCTGTTGATGGATTTCGACCCA
YBR259W.S1_st	87	248	CTTGGGAGAAACCATGTACGCTATT
YBR259W.S1_st	296	132	CAAAGGTTGTACACATGATGCTCGT
YBR260C.S1_st	86	126	TTTCCGGGATAGTAGCCTCTAGTTC
YBR260C.S1_st	210	112	TTCTGTACCAGGGACGCTATCACGC
YBR261C.S1_st	122	3	ACGTGCAACTTAACCGACTCGACTT
YBR261C.S1_st	148	257	CTTTGCCTAAGAAGCCAGTGTTCCA
YBR262C.S1_st	44	255	CCTCTGGTCCTTGGCGTTCGATCAA
YBR262C.S1_st	170	110	TTACCGATGAAGATGCTAGTGCTAC
YBR263W.S1_st	171	130	CTAAGACGGCAATTCGAGCGACTTT
YBR263W.S1_st	281	138	ACGATTGTTCTTGTGGTAGGGTCCA
YBR264C.S1_st	148	250	GTCCCAGACGGCATACACCGGCATT
YBR264C.S1_st	193	118	CCGCAAGTAGTGGTTCTGTTAGCTC
YBR265W.S1_st	65	242	TGTTTCAACTAGCTTCCGGGGAGTC
YBR265W.S1_st	153	312	CTTTTCGGCGAAACAAGGCAACGTT
YBR267W.S1_st	123	314	TTTCGGGCTCCACTATGACTGGCTT
YBR267W.S1_st	202	108	ATATCTCGACGTAGATGGCTGTCCG
YBR268W.S1_st	259	305	AATTCAGTCACCACAGCAGCACAGG
YBR268W.S1_st	299	110	CTAGTGCAACAGCTTGTACGCCGAC
YBR269C.S1_st	60	110	CTGAAGTCTCCTAACGGTGTAGCGT
YBR269C.S1_st	153	6	CTAGTCATATTACGCGTCCGGTGGC
YBR270C.S1_st	41	312	CTTGGAAGTTCCATGCGTGGCAGTT
YBR270C.S1_st	220	315	ATTGCGTGAGTTCCAAAAACCGGCT
YBR271W.S1_st	158	143	AAAAACCGCCGTAGTCCCTGGACAG
YBR271W.S1_st	177	120	CTATATAAGCGGAGTCGTAGGCCTT
YBR272C.S1_st	142	123	ATGTCAATAAGCGTCTCCACAGTGC
YBR272C.S1_st	226	112	CGGTTTCCACTACCCGTCGAACTAT
YBR273C.S1_st	35	250	TTCCCTAAGAGATGCACCACCGTGT
YBR273C.S1_st	166	118	CTGTCTACCTCTGACGGGCATGAGT
YBR274W.S1_st	58	126	TTAACCGACTCGAACTTGTGCTGAG
YBR274W.S1_st	242	122	CTCCGATTCACCTGCGTTAAGTATT
YBR275C.S1_st	197	1	CGATGTAGATCCCTTCGGTGTGGAA
YBR275C.S1_st	223	133	GCCCGCTGAACTTGCCTTATAGACA
YBR276C.S1_st	159	98	CTCTATAGAGGTCACACTGGACCGT
YBR276C.S1_st	310	118	CCTCAGAGGTCTAGACGTTGTCAAA
YBR278W.S1_st	60	312	CTTGATTTGTACGTTGGCCCAGCCT
YBR278W.S1_st	196	117	CTTAGCGACCAGAATCGTGTTGACT
YBR279W.S1_st	183	117	CTATGCGGGCTTTGAAGTCTACGAC
YBR279W.S1_st	286	135	ACTTTTGGCACGTCGACTATGCGGG
YBR280C.S1_st	114	129	CTTTTACAATAGAGGCAACGTTCAC
YBR280C.S1_st	271	116	GTCACATTGACGACCACCGACCGTT
YBR281C.S1_st	65	257	CCTGCTTTAATGATGACGTACCCTG
YBR281C.S1_st	102	127	TTTCTTATAAGCTGCGCGGTCGACA
YBR282W.S1_st	144	249	TTCTCACGGCAACTGGTGCTTCGTT
YBR282W.S1_st	248	309	AAATTTCCTAAATCGCCGCCGGGTA
YBR283C.S1_st	70	120	TCACCGTCCGATAAAGTCCAAGGAG
YBR283C.S1_st	301	115	GAGACGAGCACTACATCGGAACCTT
YBR284W.S1_st	33	315	TTCTTGTTTACCGAGCCGCAAAGGA
YBR284W.S1_st	251	86	TTATAGCGTCATCGTGAGAGCGTCC
YBR285W.S1_st	181	126	TTTCGGGGTGACTGCTATCGTACCT
YBR285W.S1_st	299	126	GTATAAGTGGTCTCCTAAGGCACCT
YBR286W.S1_st	36	245	TGTTCCAGGCAAAACGTACCACCCG
YBR286W.S1_st	72	256	GTTGCCTTAAGGTCGGCCACCATAA
YBR287W.S1_st	53	129	CTGCCAAGTGGTATCGTTCAATAAC
YBR287W.S1_st	159	244	TTGTGTAAACGGCTCCGACAATGCG
YBR288C.S1_st	225	308	TTGACGGTGACCTTGCCATGGACAT
YBR288C.S1_st	284	256	ATATTGCAAATATGGTGGTCTACCC
YBR289W.S1_st	25	123	ACGAAGGCTCAGGTCTTAGCGACTT
YBR289W.S1_st	117	308	TCCGGGAAGACACCTTAGCATGCTT
YBR290W.S1_st	122	118	CTTAGTGTAAACTTAGTGCCAGACC
YBR290W.S1_st	208	97	CTGCTTCGACGACGACTATACCGGG
YBR291C.S1_st	43	244	TGGTACGGGGAACTATGACACTTTT
YBR291C.S1_st	70	129	CGGCGTCACTGAGGAAAACTTCGTT
YBR293W.S1_st	26	120	CCACAACGTTAAAGTCGACCGCAGT
YBR293W.S1_st	111	5	CTCACTGGTTCGATGACGCTGTAGT
YBR294W.S1_st	49	251	CGACGTTGACCCTGTTTAAATGGCA
YBR294W.S1_st	159	101	ACTTCTGTCGGCATATTCGTGTAGA
YBR295W.S1_st	19	242	ATACCGTCGGGCAGAACCTTAACTT
YBR295W.S1_st	158	71	ACTCCAACGGTTCGATCGACGACTA
YBR296C-A.S1_st	134	246	TCGACATGTGCCTTTGTTAGTGCCG
YBR296C-A.S1_st	289	253	CTTCAAGAGTTTTCGACATGTGCCT
YBR296C.S1_st	60	129	CTTACGAGGAGCGAAACCACACCTT
YBR296C.S1_st	83	316	CCGTTTCAGGCTTCAAGGGCACACC
YBR297W.S1_st	149	127	GCTGTAACCTAATCCCGCGACCGAA
YBR297W.S1_st	190	132	AACTACGAAACCGATGCCTCAGATG
YBR298C-A.S1_st	42	121	ACGGGTCTCGCGGAGTTCTTTTACT
YBR298C-A.S1_st	123	279	CCTTGAAAAATATGGAACGGGTCTC
YBR298C.S1_st	158	112	CCTACAAGTCTGTGAGTACCGCGAT
YBR298C.S1_st	246	138	TTGGCGACCGTCCTGAAAATAACTC
YBR299W.S1_s_st	108	121	CTACTATGACTGCAAAGGAGGTCTC
YBR299W.S1_s_st	226	136	AAGTCGGAGGGTTCTCTTCCACGAA
YBR301W.S1_x_st	51	248	TTCAGCGAGTAGGTTGACTTTGGAT
YBR301W.S1_x_st	257	236	AAAGGTTCAGCGAGTAGGTTGACTT
YBR302C.S1_s_st	272	117	GTTAATAGGGCGTCACTCCACGAGA
YBR302C.S1_s_st	273	117	CGTTAATAGGGCGTCACTCCACGAG
YCL001W-A.S1_st	156	246	TTGACGATGCCACCAAGACGTTCTT
YCL001W-A.S1_st	306	314	TTGAGTCTTTGACGATGCCACCAAG
YCL001W-B.S1_st	8	131	CTTCTTTGGCTCTCTCGACGTTTTA
YCL001W-B.S1_st	159	197	ATTGTTTCGTACCATACCGCGCCTT
YCL001W.S1_st	153	2	TCGTAATCTCGGTGACAGTAAAGGG
YCL001W.S1_st	292	133	ACCTATTTCAGTGAGGAGTGCGATT
YCL002C.S1_st	8	243	GGCAACTTACTACGGGCATCATATG
YCL002C.S1_st	303	254	CCATTATGGCTGGTTACGTAACAAA
YCL004W.S1_st	81	309	AAAATGGTTAGTTTCCCGCAGAGTA
YCL004W.S1_st	93	246	TTCGTTTTGACGACCGTTGCGGCCA
YCL005W-A.S1_st	143	118	CGGTACAGGCACGACAAGACCTATT
YCL005W-A.S1_st	246	135	CCGAGGTGCGGCAAGTCTAAACTCT
YCL005W.S1_st	25	124	ATAACGCGGTTATGGGTACGGATTC
YCL005W.S1_st	153	313	CCTTTGCCACCAAACGAGGCTATGC
YCL008C.S1_st	126	124	ATTGCGTGAGCTGGAATACCTGTAC
YCL008C.S1_st	220	130	CTTGGTAAATGCTCGGCAACTCGTC
YCL009C.S1_st	62	1	CTGTTTAGCTTCTGAACCAGGGGCA
YCL009C.S1_st	80	255	CCTCAACAGACGTTTTGGGTGTGCA
YCL010C.S1_st	7	247	TTTCTTGATGACAACTAGGGCGGTC
YCL010C.S1_st	200	127	GTCTCCAACGGATATTCGGGTCTTC
YCL011C.S1_st	108	6	CTACGGCGACAGGTGTAACTACTTT
YCL011C.S1_st	176	111	TTACACCAGTACAGAACGCACGGCT
YCL012C.S1_st	13	2	CGGAAGAATACCGTGTGGCCTTTTG
YCL012C.S1_st	292	311	CTTTTGCCAGAGGTAAGGTCCTTAA
YCL014W.S1_st	147	127	TCTTGACGCGACAACCACCGGGTCT
YCL014W.S1_st	310	256	ACCCAAAGGGGATCGTTTTAACTGA
YCL016C.S1_st	97	5	ACATGATGACTACTCGCGTTACCGT
YCL016C.S1_st	289	120	CAAAGTAGTACTTCATACGGGCGGC
YCL017C.S1_st	122	236	GAAATGATAGGCCACCACCGGTTCT
YCL017C.S1_st	202	254	CTAACTCTAGACCATGAAACCGGGG
YCL018W.S1_st	25	1	CAAGGTTGTCATGGTGGCTTCAGCC
YCL018W.S1_st	44	257	CCAAACATGCTTGGTACGGTGCCAA
YCL021W-A.S1_st	29	124	CTTGACGCGTCAGGCCAATATTGCA
YCL021W-A.S1_st	213	308	ATTTCTCATAGACCCGGCCGAACGG
YCL024W.S1_st	40	254	CCTAGATGATTTTGCGACTGGTTCG
YCL024W.S1_st	175	243	AATGTTCATTATTGTCGTCGCAGCC
YCL025C.S1_st	1	5	CAGCCGATGTTCCAGACCGTGTTCC
YCL025C.S1_st	29	247	TTCCAAAAGAGGATGTAGCTGTCTC
YCL026C-A.S1_st	118	248	TTCTCTAAAAGGTCGGAACCGTCGG
YCL026C-A.S1_st	159	5	AACGCTCGCGTTACGGTTGACGACT
YCL026C-B.S1_st	54	220	ACGGCGAGTTTAGTTGAGCACCCAA
YCL026C-B.S1_st	231	311	TTTAGGGACTCAGAACCTGGCATGT
YCL027W.S1_st	97	131	CCTAATGCTCGGATCTAACTGTCTG
YCL027W.S1_st	243	117	GCCGTTCTGGGGTAAGTCACTATAT
YCL028W.S1_st	119	1	CCGTTCAAGGATGGACCCGTTATTG
YCL028W.S1_st	137	257	ATGCCGCCTTTGGTCTTGAGGTTAC
YCL029C.S1_st	125	225	AGTTGGGTGACCACGGTTGCTTCTA
YCL029C.S1_st	248	127	TTGTCAACCTTGTCCGAGTTCGTGT
YCL030C.S1_st	122	117	CGATAGCGTTCGACTTGTGCCATAA
YCL030C.S1_st	316	163	ACACTGCCAATGCTTCTTCGGGAAC
YCL031C.S1_st	107	6	CTTGTCGCACTTCGAGTTCGTGTTC
YCL031C.S1_st	234	117	ACAGGAGGTGACTGCAGTTGCTCTT
YCL032W.S1_st	84	251	CCCGGTAGTGGATTGCTCCGCAATT
YCL032W.S1_st	316	127	CTTCTGAGGACGCTTGCCTAGAACT
YCL033C.S1_st	10	131	CTGTTAAGAAATTACGGACGCTCCC
YCL033C.S1_st	299	134	CCTACCGGGCGTAAGATGCTTCTCC
YCL034W.S1_st	125	5	TCAAGTAGGTCCGTTCCCGCTAGTC
YCL034W.S1_st	199	128	TTCCCGTTCAAGAGGTGTCTGCTAC
YCL035C.S1_st	82	240	TTTGATAGTTCGTGCAGTTCCTGGA
YCL035C.S1_st	289	115	CTTCCTTCCGCGTCTGTAAGTCCGA
YCL036W.S1_st	210	126	TTTCACCACGGGTACAGCATACGGT
YCL036W.S1_st	264	253	CTTTGAGGGCCACTAGATCTGCACA
YCL037C.S1_st	105	254	CTTTAACAGCGATTGCTTCGGCGAT
YCL037C.S1_st	174	124	TTCGGCGATGGCAGTTACAACGTCT
YCL038C.S1_st	4	292	ATGTCGCCAAAACAAGAGGTTCCGT
YCL038C.S1_st	240	129	CCTAATAGTGATCCACCGGACAGGC
YCL039W.S1_st	22	250	GGGTGGTCCCGCAATATCTACAGAT
YCL039W.S1_st	309	255	ACCCAAGGGGAGGTTTCTCCTCGAT
YCL040W.S1_st	87	316	GTCTTTGACAGTTGCTTGGGCCCTA
YCL040W.S1_st	159	7	TCTAGATACGACTCTGTGCGGAATC
YCL042W.S1_st	76	1	TAATATTCACCACACGGCTGCCTGC
YCL042W.S1_st	98	127	GATAGAACCCGCACCACAGTGTGGT
YCL043C.S1_st	74	245	CAGTGACATTCTCTAACCGGGGTTG
YCL043C.S1_st	183	315	CTTTTGCCAGTGAAGCTGCAGCTGC
YCL044C.S1_st	86	131	CTCCAGTTTGTTTCGCAGCGAGAGC
YCL044C.S1_st	205	127	CTTTCCGGGCGTTCTATAACTAGAG
YCL045C.S1_st	170	133	TCCTAGTGTGGAAGCCCGGTTAAAC
YCL045C.S1_st	266	131	CTCGCAAACAGATTGAGTTCGCTGT
YCL047C.S1_st	23	126	TATGCGGTCACTGTAGGAACTCCCT
YCL047C.S1_st	158	33	TCCGCTAACGGTAGAGTCACGACTT
YCL048W.S1_st	244	114	AGTTCCACCGAACTACTAGCGGCTA
YCL048W.S1_st	286	130	CTAGCGGCTATTGCTTAGGGAGCTC
YCL049C.S1_st	46	129	AGTTACATCGCGAACCAGGTCCATG
YCL049C.S1_st	234	253	CTCTTTGCGTTGATGGGATCTCGGA
YCL050C.S1_st	41	123	ATTCAACGACACACGGAACCTGTTA
YCL050C.S1_st	53	117	CTTACCTAGACACAGCAAGGTGCGA
YCL051W.S1_st	40	123	AGTTTAGGACATGCGGACTACCGTT
YCL051W.S1_st	259	123	ACTTTTGCAAGGTACGCTCGTTGTC
YCL052C.S1_st	209	122	ATTACGTGGACGTTAACGGCAATCT
YCL052C.S1_st	258	119	CTTCAATATAATCGGACGCTGTGTC
YCL054W.S1_st	67	248	TTCTCGGGATTCTGCATAGCGTTTC
YCL054W.S1_st	283	109	CGTGTAGTCAATCGTAACCCAGTCT
YCL055W.S1_st	234	312	TCTTTTGAAGAGATGGCGCTGATCT
YCL055W.S1_st	291	256	CTGACCAATGCTCTGTGGGCAGTTT
YCL056C.S1_st	124	314	CTTTTGGATCCGCACCAGTTGCTAT
YCL056C.S1_st	278	312	TTACCAAAATTAGATAGGTCCCTGC
YCL057C-A.S1_st	72	129	CTCCCGCTGCGGTAGAAATCTAGGT
YCL057C-A.S1_st	115	128	TTCTTACCGTCGAGGCACAGGTGCT
YCL057W.S1_st	50	234	GACAGTTAAACGCTATGGACCTTGG
YCL057W.S1_st	85	314	CTTAGCTCCAAATTACCGGGGCCTA
YCL058C.S1_st	50	124	TCGTCGCAGCCATAGTAACAAAGTG
YCL058C.S1_st	125	1	CTTAAACGAGAGCATGGAACCTCAG
YCL059C.S1_st	165	136	AAGTTCCCGAACTTCCTCCAGGCAG
YCL059C.S1_st	169	129	CGTTTTCTAAAGTATCGAGGCCTTC
YCL061C.S1_st	38	6	CGATAGTTCCTATGTTGTACCGTTA
YCL061C.S1_st	158	198	ACTGAATCTTTTCGCGGGTCTCCTA
YCL063W.S1_st	2	5	AAGTCCGGTAGATTAGGCTGCAAAC
YCL063W.S1_st	72	257	ATTCATGGGGAGGTGTACAACCACA
YCL064C.S1_st	35	113	TCTAGGATCTTTTACGTGACCCGAG
YCL064C.S1_st	304	136	TAACGATGAAGAGATCCTTGCCGGC
YCL066W.S1_s_st	15	127	TTATACCCTGATGAAGCGCGTTGTC
YCL066W.S1_s_st	281	112	AAGAGACGAGCGACTTCTTACCGTG
YCL068C.S1_s_st	106	7	CGAGCCGCGACTACGTTTGTACCTA
YCL068C.S1_s_st	228	116	GTCACTGACCATATCCGAGCCGCGA
YCL069W.S1_s_st	109	117	CTCGTCCCGAATACTGTGAATACTG
YCL069W.S1_s_st	184	121	TGGTTTCTAGCAGGTCTTCGACGAT
YCL073C.S1_s_st	159	45	TCACTAGCAGTATGACGTTCGGTAC
YCL073C.S1_s_st	217	113	GTTTCGATCCGCGACGATAGCCACG
YCR002C.S1_st	40	5	CTTTCCTCAACTCGGCGGAACTGCA
YCR002C.S1_st	132	313	GGCGGAACTGCAACTTCGGAACTTT
YCR003W.S1_st	90	255	CAACCATGGCGATCCTTTAGGAAGT
YCR003W.S1_st	170	256	CTATTGATAAACCTTGCAGCGCAAG
YCR004C.S1_st	45	118	CTTCTATAAGGACAACGGTGACTCT
YCR004C.S1_st	168	133	CTACTTGCGAGGAGTCTTTGGACTT
YCR005C.S1_st	51	117	CTAGGAGCAATATACCGAGTCGCAT
YCR005C.S1_st	271	118	AGTCGCATTCAAACGGTACCTGGTA
YCR007C.S1_st	116	33	GATGAACGACATGCTCTACCGAGTA
YCR007C.S1_st	140	5	CTACGTGGTCGTTTACTCCGAAGTT
YCR008W.S1_st	56	251	CTCAAACTAGGTTCTGGGCATCTAT
YCR008W.S1_st	126	255	CAATCTAGGGCAAGGCATGTCTTCT
YCR009C.S1_st	89	250	TGACAATTCGTTAATCTGCCCGGGA
YCR009C.S1_st	198	114	CGGATCTATAAACACGCGAGCCCTA
YCR010C.S1_st	49	119	CTTAAGTATACATGACCGAGCAGGT
YCR010C.S1_st	297	80	ACACGACAGGTACAAGTTACGCTCT
YCR011C.S1_st	137	4	TTCAAGGTCCGCGATGATAGAACTC
YCR011C.S1_st	144	314	CTTCACCAGGGCGATGCACAACATG
YCR012W.S1_st	50	244	TTCCCACAGCTTCAGCAGAACGGTC
YCR012W.S1_st	238	104	AGTTCTCGAGACGACGACCATTGTG
YCR014C.S1_st	229	136	ATAACCGTCGCGTTTTTCCGAAGTT
YCR014C.S1_st	301	255	CCGAAGTTCGAATGTGTTGTGCCAA
YCR015C.S1_st	275	253	CCACGGATGGAACACTTTAGGACCC
YCR015C.S1_st	289	255	CCACATGACGATTATTTGGGCGTTC
YCR016W.S1_st	10	249	TTCAGACTCTCGTTCAAAGGGTGGC
YCR016W.S1_st	158	9	CTACTGAGCCTCGTCTATCTTGAAT
YCR017C.S1_st	90	122	CCGATTCGAGTACCCGTTATGCTGA
YCR017C.S1_st	258	117	TTACGTGCTGTAACTAGGAAGACTG
YCR018C.S1_st	77	130	CTCTGCATGCTGATCGGTTCTTCGT
YCR018C.S1_st	252	118	CTTCCGATGGTATCAACACGTGTTC
YCR019W.S1_st	67	285	ATTTCATGATCTAGGATGACCGCCC
YCR019W.S1_st	187	256	CCACGGGAGCCTTCGTATAGCCATT
YCR020C-A.S1_st	66	117	CTTCGAACCAACGACATCTACGGGT
YCR020C-A.S1_st	253	128	GTACAACTCCTTGCATACCCGAGGT
YCR020C.S1_st	244	119	CTCTACCCGAGCACTATGAGGATCT
YCR020C.S1_st	299	313	AAAACTGTTATTTCGCTAGGGGCCG
YCR020W-B.S1_st	84	6	CAGTGTCTTGTTGTGTTAGTCGAGT
YCR020W-B.S1_st	301	126	GTTACTTAGGACTTTCTCGAATGTT
YCR021C.S1_st	101	119	CTTCGACAAGGTCTCTCGGGTTCTC
YCR021C.S1_st	202	129	CTTACTGCTGTAAAGGCGGAACCTA
YCR023C.S1_st	158	22	CATCTAGTCAGTAGTTACCGCGGTG
YCR023C.S1_st	244	131	CTAAGGATCGACCATATGACAGCAG
YCR024C-A.S1_st	143	5	CGAACATAACGGTAATAACGATGGT
YCR024C-A.S1_st	286	123	CCGAACATAACGGTAATAACGATGG
YCR024C-B.S1_st	106	249	CTGTCTAGGGCATTTTAGGTTTAAC
YCR024C-B.S1_st	300	314	CAAAGCATAAATCTGTCTAGGGCAT
YCR024C.S1_st	29	126	TTCCTTCACGTGGTGTGCCTCCGAA
YCR024C.S1_st	69	1	GTGTGCCTCCGAAACCAGATCCCAA
YCR026C.S1_st	205	134	CTACGAATACTTGGTTGAGGCGCTT
YCR026C.S1_st	259	127	TTGACTCTGAGATGACCCGCTTTGT
YCR027C.S1_st	40	124	GGTAAGAGACCCTGTTCGACCATCT
YCR027C.S1_st	179	134	CCTTTAAGATCTATGACGTCCGGTT
YCR028C-A.S1_st	110	7	CGGCGTAACCGAGACTTAAGTGACT
YCR028C-A.S1_st	300	116	CGACTCCCGGTTCTTTTACGACGAA
YCR028C.S1_st	151	4	CGTGTCATAGAACCTCCGCATCGTA
YCR028C.S1_st	262	105	ATCTACGATTACTGTACGGGCCTCT
YCR030C.S1_st	265	133	CTAAATAATGTCTGCCGGACCGTGT
YCR030C.S1_st	298	121	CCGGACCGTGTACTTAGGCGATTTC
YCR031C.S1_st	183	123	AGGTCCAGGTCCACCAGTTCGACGA
YCR031C.S1_st	288	308	ATCTTGGTTCTGAGGTCCAGGTCCA
YCR032W.S1_st	24	118	CGATGACTTCGTCGAGACATGGCTT
YCR032W.S1_st	124	121	TACAAACCCGTGGATACGCTCGATT
YCR033W.S1_st	106	254	CTGTCTAAACGCATTGTCCGGGAAT
YCR033W.S1_st	143	117	CTTACTAGGCAACCGTCGAAACCGA
YCR034W.S1_st	170	126	CTGACACACCCAAGTTGTTGACGGT
YCR034W.S1_st	247	136	CCGCGATGACGGAATAATACAATGT
YCR035C.S1_st	85	121	CATCAGAACTCAGCGTGACCAGGTC
YCR035C.S1_st	183	133	CTACTCGCACGCAGGCTAAATTCTT
YCR036W.S1_st	27	255	CAAGCGTGCTTTCGGGACTTCATGT
YCR036W.S1_st	181	137	ACGCTTGTCCGGCTTAAAAGTCTAG
YCR037C.S1_st	161	132	CATCCGCGAAAATAGAGGTCTCCAC
YCR037C.S1_st	223	257	TTCACGAAAACCTAGCAGGCCACTT
YCR038C.S1_st	140	254	AAAGTCGCGGATTTTCAGCAGCATG
YCR038C.S1_st	206	123	AATTTAGTCTGGTGGAAAAAGTCGC
YCR042C.S1_st	59	2	CGTACCCGTCAAATGGAAATGCCAA
YCR042C.S1_st	170	243	ATTGGAGATGACACCTCCGTGGGTT
YCR043C.S1_st	178	119	CTCTCTTGTACGTAAGGTTCCTTGA
YCR043C.S1_st	212	255	CAAATTTAACCACAGGGTCGTCGTT
YCR044C.S1_st	261	128	CTGAGATACAACTGACCAGCATGTG
YCR044C.S1_st	295	123	TTATACCGGGAGCACCCATAACATG
YCR045C.S1_st	76	2	CGTCGCTAGGATGAGAGCTTCCCTT
YCR045C.S1_st	277	136	ACACATTTGTAGAAACGGGGTCCGC
YCR046C.S1_st	131	247	TTTGTTGACCACGTTCTGCGGAGCA
YCR046C.S1_st	234	257	ATGTTCCAACCTACAGCCGCTGGAG
YCR047C.S1_st	82	316	CGCTTCCTGAGGTTCAAGTGGCCCT
YCR047C.S1_st	185	1	AACACCACCTGCTGGGTCTCAGATT
YCR048W.S1_st	76	256	AATCGTCTTAGACCTTGCAGGGGCA
YCR048W.S1_st	305	106	AGTACTACCAGTGCCGTGTCAAGAA
YCR051W.S1_st	18	246	GCCGGTGGACCTAAACGACTTCTTT
YCR051W.S1_st	165	253	CTATGTGGAACCTTTTACTGGGACT
YCR052W.S1_st	66	256	CCATAACCTATGTTTGCGGCGCGTG
YCR052W.S1_st	85	126	TTTGCTCGAACACGACGTCCCGCTG
YCR053W.S1_st	158	100	CTGTTTAGGTAGTAACTTCCGCGTA
YCR053W.S1_st	290	127	CTGATGATACCATGGATCGAGCACT
YCR054C.S1_st	79	7	CACATACGTGTAGGACTTTAGGTTC
YCR054C.S1_st	159	250	CTTCTGGGACCCTTGCTCTTAAGAC
YCR057C.S1_st	78	111	GCGCCGACTACTACTGCTCCAAGAT
YCR057C.S1_st	128	241	ATAGACGCTCGCCACCAATGTATTT
YCR059C.S1_st	204	129	CTTCTGGCTGAGGTTCTACGCATTC
YCR059C.S1_st	212	120	ACGTCGTGTACAATGGAGGCTCCTT
YCR060W.S1_st	94	7	CGTTATAGCAGATCTCGACCGTGTC
YCR060W.S1_st	100	5	CCAGCCCATGTCGTTGTTTCGGTAC
YCR061W.S1_st	46	253	CCTTGGCCTAACACACCCGATGAGT
YCR061W.S1_st	238	116	TGTCTGGCTACATCAACGACGGTGT
YCR063W.S1_st	181	103	ACTTTTTGACACGACAGACGCGACG
YCR063W.S1_st	237	118	CCTGTTCAGCAGATTCGAGCGTCGT
YCR065W.S1_st	241	119	ATAAGACAAACCTTCGCGCGTTGAC
YCR065W.S1_st	310	119	CTACAGGAGTGTTCGCGTTGCTTAA
YCR066W.S1_st	81	315	ACTTATATCATTTCTGGGTGGGCCA
YCR066W.S1_st	141	3	GTCCAAGTAGCCTGTCAAGTCCAAG
YCR067C.S1_st	68	123	ATGCGACCGGAAGTACTGCTTAACA
YCR067C.S1_st	193	111	CATCGAGTCGGCTACGGTCCACATT
YCR068W.S1_st	138	211	TCCCATAGACCGTGAAGCCAGTGTT
YCR068W.S1_st	205	116	CTCTGACCCTTAGGAGTAGCTCCGA
YCR069W.S1_st	121	127	TTTACCGCTACACAGACAACCGAGG
YCR069W.S1_st	291	117	CTGTCCGGACTTTCTGAGCGTTACC
YCR071C.S1_st	235	255	CCATTTACGGAAGGTCCCGGACGGT
YCR071C.S1_st	254	119	ACTCCGCGGTTATAAAGGTTTCGAC
YCR072C.S1_st	38	123	ATCAGTTAGTACACCGCAAGTCGGG
YCR072C.S1_st	296	117	CCGTACATCGGTCGCATATGGTCCA
YCR073C.S1_st	158	83	CTGTGGCTACATATACCGAGGTCTC
YCR073C.S1_st	190	122	ACTGACGTCGCCCTTCTCGGAAGAA
YCR073W-A.S1_st	149	130	CAACTGCTGCTACGAGAATGCCTGC
YCR073W-A.S1_st	234	314	CTTTTCCACGATTAGGCGCCCAAAC
YCR075C.S1_st	17	121	CTACTCAGACTGAACCCGTCCGGGT
YCR075C.S1_st	30	249	TTCCTAAAATGAGCGTAGTGACCGG
YCR075W-A.S1_st	7	122	AATAGCTTTCAATGCGACCTACGTC
YCR075W-A.S1_st	168	132	CTCTAAGCGATGAGCATGTGGACAT
YCR076C.S1_st	67	3	CTACGGACCTAGGTTCATGCTGCTT
YCR076C.S1_st	161	254	CTAGGTTTATCTTCTGGACGGGGTT
YCR077C.S1_st	70	249	CTTTAGAAACGGTGATAATTGCTCC
YCR077C.S1_st	182	115	CTTCGTATGTAAACCGTCAAGGATC
YCR079W.S1_st	209	111	CTACTTACGAAGGACCGCGAACAGT
YCR079W.S1_st	275	137	CCTTTATGGAACGTAAACGGCGCTA
YCR081W.S1_st	29	123	CGTAAGGTGTGTTCGCCATTCCAGC
YCR081W.S1_st	281	314	TTGCTAAGGACACATTTGGACTCAG
YCR082W.S1_st	50	249	CTAGTGGGGTTTCCCTTGCGTGCTA
YCR082W.S1_st	50	251	CTATCTGACCCTGTTCAAACGGGAT
YCR083W.S1_st	104	120	CTCACACTTCACTGCCGATACGGGT
YCR083W.S1_st	246	123	CACCGGGGACATTCTACTACGTTGG
YCR084C.S1_st	46	130	CTGTTTCGCAACATAGGCCGAGTAA
YCR084C.S1_st	101	315	TTCTGAAACATAACAGGCACCGGTG
YCR086W.S1_st	100	4	CGGTCCGGGTTCAGTGTCTTCAGTA
YCR086W.S1_st	262	185	GCAAGAATTTGTCGCTAGGTGGCTC
YCR087C-A.S1_st	158	78	CTTAGTGTGCAGAACGTAGTCGCTC
YCR087C-A.S1_st	315	241	TTGCCATAGCTCGAAGTGTTCCCGT
YCR088W.S1_st	74	126	TAATGGGCCATACGTGTAACTTCGC
YCR088W.S1_st	119	245	TCCTTTTAGGAACCCGGTGTCGTCT
YCR089W.S1_st	106	309	TTGCTGAAAGGAGGTCACCCTAACG
YCR089W.S1_st	282	115	CTACGGTTCGAAGGCGATGTTCACT
YCR090C.S1_st	141	126	TAGTCTCACTGCTGTTTACCCGGTT
YCR090C.S1_st	159	152	ATTGGACACGCGAAAACTCCTACTT
YCR091W.S1_st	144	5	CGAACCAAGGTTTAGTCCTCGACGT
YCR091W.S1_st	153	5	CGACGTCTGTATTTCTCTGTAGGGA
YCR092C.S1_st	26	4	TCTCCATGACCGTGCGTGCTACCAT
YCR092C.S1_st	141	246	TTTGCATGAGTGAGCTTAGCCACGC
YCR093W.S1_st	42	6	TGTACACCCGTAACTTCGACCTTAT
YCR093W.S1_st	125	255	AATCTGGACGGGAAACATGTTTCAC
YCR094W.S1_st	67	119	ATTACGATCGCTATAACAAGGTGGC
YCR094W.S1_st	286	115	ACATGGAGTAGCAACGTCCCGAAAC
YCR095C.S1_st	45	6	CTTCTACTGGAAACGTCTCTCGGTC
YCR095C.S1_st	116	250	CTTTTGCAAGGCCTTCTCGTAGTGA
YCR096C.S1_s_st	158	150	TTAATCGCCTGGAGAACTCGCCACT
YCR096C.S1_s_st	261	269	ATGATTTGGAATGTCTCCTGTGGCC
YCR097W.S1_st	10	257	CCGCCTTTTGTATTTGTCTTGAGAC
YCR097W.S1_st	76	4	CGTGCCCGTAAAAATCTTGTCCAAA
YCR098C.S1_st	66	118	ATTAGTAACCTACACGCATGCTGGT
YCR098C.S1_st	235	226	ATGGTTAACCACGAATAGACAGGCT
YCR099C.S1_st	142	2	TTAGGACTCCCTCTCGAGCTTACCA
YCR099C.S1_st	274	111	CGCTTTGACATAGTAATCTCGGTAA
YCR100C.S1_st	150	125	GCCTGTAGAGTAATGATGCCGATCA
YCR100C.S1_st	251	115	CTGTCCAAGACAACCGCTACTGTTA
YCR101C.S1_st	61	303	TTTAAGATGTAATGGCTGCTGGCAC
YCR101C.S1_st	247	254	CTGCGTCTGCAAAATATACTGGGTT
YCR102C.S1_st	202	117	CTGACATAAGTTATCCGCCGGTACT
YCR102C.S1_st	298	129	CTACAAGGAGCATAGGACCTTCTGT
YCR104W.S1_s_st	270	118	CATAAGGTCGACTTGTTCAGTGGTC
YCR104W.S1_s_st	306	132	ACCATAAGGTCGACTTGTTCAGTGG
YCR105W.S1_st	180	129	CCGCAGTCGGTACGGAAATGTTCCT
YCR105W.S1_st	258	115	GTTCGTCACGATAGCCTAGATCCTT
YCR106W.S1_st	48	116	GTCGGTCTCAAACGTCTCAAAGTTA
YCR106W.S1_st	219	126	CGATACAGGGTTTTGTGCCGACTTC
YCR107W.S1_s_st	180	121	ATTCCGAGAGTCATAGCTAGATTGC
YCR107W.S1_s_st	268	115	GTAATTCCGAGAGTCATAGCTAGAT
YCR107W.S1_st	30	243	TTGCACAACTTGTCTCTAAAACTCG
YCR107W.S1_st	158	144	ATAAGACCAGGTCGTCCCGTTCCAG
YCR107W.S1_x_st	129	3	CGAGAGTCATAGCTAGATTGCGGTC
YCR107W.S1_x_st	158	144	ATAAGACCAGGTCGTCCCGTTCCAG
YCR108C.S1_st	2	126	TTTAGTCATGGTTTACGTGGGTGTA
YCR108C.S1_st	156	120	TGAGTGGAAGTGAATATAACTACCC
YDL001W.S1_st	125	130	ATCTTGGGTATATGGTTCGTTGTTC
YDL001W.S1_st	159	94	TGTCGACCCGGTAAGAGTACTTCTT
YDL002C.S1_st	109	119	CTTACCGAGAGACCTGCACTGTTCT
YDL002C.S1_st	191	130	CTCTAGGCTTATACGGGTTCTCCGG
YDL003W.S1_st	73	256	CTTGGACTCAATTTGCACAGCGAAT
YDL003W.S1_st	106	312	TGAGGGCCACTCCACCGAAGATTTC
YDL004W.S1_st	223	136	ATCACCGAGGCTTCAATGAGTTCAC
YDL004W.S1_st	260	122	AGTTCACTTGGACGGACGATTCAGT
YDL005C.S1_st	35	124	TTACCGCTTAATCTGGAGTCGCCGA
YDL005C.S1_st	227	126	TGTCGGAAGTTACGGTGCCACCTGC
YDL006W.S1_st	159	24	ATACGACCGTCACTGCTCTAGCAAT
YDL006W.S1_st	287	132	CTATCAAATCATCACCCGTCGGGTA
YDL007W.S1_st	65	251	GTCCGGACCCTCTTAACTAGCATTT
YDL007W.S1_st	225	113	AGTCCGCGGCTATAGGTCCGTTACA
YDL008W.S1_st	175	130	CTGACACAGGCTACACATCCGTTTG
YDL008W.S1_st	241	127	ATGGTAGGACCTGCTTCTGAAAAAC
YDL010W.S1_st	57	257	CCACTGGCCATCTCCTTGACAAGGT
YDL010W.S1_st	150	251	CTTTGACGTGTGAGTTCCCTTTGAA
YDL012C.S1_st	257	133	ATCTCCAATGCGAGGTAGCGTTTCG
YDL012C.S1_st	261	254	ATACAGGTTGTTGTTGGCCGGTCAA
YDL013W.S1_st	278	256	GTTGATTTCCCAAGCCGAGTAGGCC
YDL013W.S1_st	315	309	ATGGGCTTCCAATATCGCGCAGTAA
YDL014W.S1_st	159	180	CAGGTCTTCCACAACAGATGCGGCA
YDL014W.S1_st	306	126	TCTTAAAAGAGTGTCTGGTCCGTCT
YDL015C.S1_st	3	255	AGGTAATGACCCAAGATTCGCCAGA
YDL015C.S1_st	316	285	GTAAGCCAATGAAACCGATGCCGAA
YDL017W.S1_st	43	108	CTACTGCAACAGTCGAGTTCGCTCC
YDL017W.S1_st	227	130	CTAAACGAGCTATTCCTACAAGAGG
YDL018C.S1_st	25	96	ATTAGTAGCCTTACTCGACGCGAGT
YDL018C.S1_st	139	253	CTCTCTGAGATTTTGGCTAGGGAAC
YDL019C.S1_st	69	130	CTTTAGTGTCCGCTTCAGATGTTGT
YDL019C.S1_st	272	115	GTGTCTATGTGCAAACTCTGGTCTA
YDL020C.S1_st	87	128	CTTCTAACAGAAGGCAACGAGCCTC
YDL020C.S1_st	128	1	CCACGGGTTAAAAGTTCCAGGATAC
YDL021W.S1_st	227	307	TTGCAGTAATGCCAAGGACCGTCCC
YDL021W.S1_st	287	312	CTTCCCGAGAAGATGACCCATGCTT
YDL022W.S1_st	139	115	CTTTGTACACCGAGACAGCTTCTGA
YDL022W.S1_st	264	136	CGATGAAGACCATTCCTGCGGACCC
YDL024C.S1_st	120	121	ACTAGTAAGGATGGTGTCCAGCACC
YDL024C.S1_st	232	131	CTGACTAAACTGCTCGAAGATGGTT
YDL025C.S1_st	156	248	GTGTACCTTAGCACCCAAGACTGGG
YDL025C.S1_st	180	113	ATTCGTAGTGAACCAGTGACTCCTC
YDL027C.S1_st	198	129	CTTTCACTTTGGAGATTGTCGTCGT
YDL027C.S1_st	265	136	GATGAAAAATCCTCTGTCGCAGCTC
YDL028C.S1_st	120	5	ATATACCGTGGTCTTCGTGATCAAC
YDL028C.S1_st	144	127	TTTCGTACAGACATGTCCTTGGGTC
YDL029W.S1_st	78	240	CAAGTTCATACATGGGTCCCGACGG
YDL029W.S1_st	192	128	GGTCCCGACGGAAGCTCTAATCTCT
YDL030W.S1_st	109	312	TTACCCGCTGCGTGAAAACTTTCTG
YDL030W.S1_st	156	6	GTACCCGAACTGTCTCTCATAGCGA
YDL031W.S1_st	140	308	ATATTATTGCGAGGCCCAGACGCTT
YDL031W.S1_st	247	132	CAGACGCTTCGCTTAACTTCAGGTG
YDL033C.S1_st	189	313	TTTTGTTGCACGGTATTGAGGACCC
YDL033C.S1_st	293	120	ATTAGGCCGCGATATGTCACTGTGA
YDL035C.S1_st	43	254	CAGTTCGGGTGTTATGGTCCATGCT
YDL035C.S1_st	155	130	CCATGCTGAGGACTAGGTTATTAAC
YDL036C.S1_st	94	218	AGATTTTGACTAGCTCGGTTCCGAA
YDL036C.S1_st	144	254	ACATTTCACGTTTGGCGAATGGCCC
YDL037C.S1_st	141	5	CTACAGTGGTGTAATCGTCGAAGTT
YDL037C.S1_st	290	254	CCTAAAATAACCTGGATGGTCACGT
YDL038C.S1_st	78	241	TCATATAGGTTGTCGAAGCTGGCCT
YDL038C.S1_st	145	248	CTAAGCCGAAGGAGCTCATCCAGTT
YDL039C.S1_st	80	243	TCCTTTTAACCACACCGAGCGACGG
YDL039C.S1_st	240	101	ACTCCTGTTATAAAGACGTCGACGG
YDL040C.S1_st	46	255	CTCTAAACCGTGGTGCTCGCCAAAT
YDL040C.S1_st	72	250	GGTTACCTCCTGAAGCGATGGCTTA
YDL042C.S1_st	46	127	ACGGTAACCTTGGATGGGCCACTCT
YDL042C.S1_st	49	253	CCAAGTTACAGCCTTTCCGGAGGTA
YDL043C.S1_st	3	247	GCACCAGGTCGCAACTTTCCGTAAA
YDL043C.S1_st	140	108	ATGTTACGTGTACAGCACCAGGTCG
YDL044C.S1_st	97	127	AGCGATGAACTCTGCACACCAATGG
YDL044C.S1_st	197	305	ATCCACTGAAACTAAAGGGCCGTCT
YDL045C.S1_st	201	131	CATAATCTGTGTGTCTGGGTAAACC
YDL045C.S1_st	278	253	CATTTCCAAAGTGTAGTTAGCCGCC
YDL045W-A.S1_st	8	2	ACGGGAGCCGTTTTCTTTGTTGCAA
YDL045W-A.S1_st	279	248	TTATAATTGATAGTGCGGCGATCCG
YDL046W.S1_st	11	242	TCAACTCTAGGGTCCGCTCCAAGGT
YDL046W.S1_st	282	120	CTAGACTAGTGAACGAATTGGCCTC
YDL047W.S1_st	56	253	CCAGGCGCGGTTTAATGACAATATC
YDL047W.S1_st	150	243	TTACCTGACTTGGAATAACGGGCCC
YDL048C.S1_st	118	124	TATTCACGGGATAGACAGTTGCGCC
YDL048C.S1_st	123	225	AGTTGCGCCGAAACGGTCCTTGTTA
YDL049C.S1_st	186	126	ATATTAGGTGCGTTCTCTGAGAGAG
YDL049C.S1_st	285	137	ACTATCATTGATACGATGCGGCCGG
YDL051W.S1_st	159	23	AGACGGTAACGGCTACTGCTACTCC
YDL051W.S1_st	191	255	CTCTCTCCGGAGCTTCAGGTTTTTG
YDL052C.S1_st	135	253	CTTCCCACGAAAGGTAAACCGTGTT
YDL052C.S1_st	137	6	CATACGGCGAGAAGTTGTACTGTTC
YDL053C.S1_st	28	228	ATGGCGCGGCGGACGATTATATTTC
YDL053C.S1_st	74	250	ATTTCCCATCAAGGTGGCGGTTACC
YDL054C.S1_st	40	119	CTCTAGACGCTTTAGGCAGGACATA
YDL054C.S1_st	100	125	CGGGGAGCTCTACAAATAACGGTTA
YDL055C.S1_st	27	256	AACTAGCTGGGTTGGCGATTCTAAA
YDL055C.S1_st	72	255	TCCGACCTTGAGATGGCAACCAGTT
YDL056W.S1_st	18	130	CTTCTACTTTGAGTCCGATGGTGGT
YDL056W.S1_st	159	89	ATTCCCGCGTCTTGTCTAGTAGTGT
YDL057W.S1_st	257	119	CTCCTGAATAACTTGCGACGTGTGC
YDL057W.S1_st	314	161	TTCCGAAAAGCTCCCGTCTGTAAGT
YDL058W.S1_st	129	128	CTGAACTACGAGAACCAATGACTGG
YDL058W.S1_st	179	135	CCTTAATCTATCGTGGGTTGTCTTC
YDL059C.S1_st	66	244	TACAATATCTACAACTCCGGGCCCT
YDL059C.S1_st	95	6	TCCTACCGTGGTTGTGTGTCACACC
YDL060W.S1_st	6	247	TTTCTCTCGGTAAAACTGGCCAGTA
YDL060W.S1_st	249	130	CATGTTTGCATACACCGGGTACGGA
YDL061C.S1_st	68	4	AGGAGGGTGTGACCAAACCAGTCTT
YDL061C.S1_st	131	313	GGAGGGTGTGACCAAACCAGTCTTT
YDL061C.S1_x_st	220	257	GTGACCAAACCAGTCTTTCATGCTG
YDL061C.S1_x_st	307	255	AAACCAAGAGGGTGGGTTCTTCTAA
YDL063C.S1_st	65	128	CAATACAATGTGTCAACCTGTCGGT
YDL063C.S1_st	279	132	CTCTAACCCGTCAAGAAGTATGTTT
YDL064W.S1_st	185	124	ATAGTAGGTTTGCACATAGGTTCAC
YDL064W.S1_st	243	120	CTAGTTCTAACCTCTGGGCGGTAGT
YDL065C.S1_st	91	248	TTCAACTATGTAGGGATCGGCTTCT
YDL065C.S1_st	249	127	ATCGGGATAATCTTCACGCTTGTCG
YDL066W.S1_st	161	119	CTTCGACGAGTACCATGGCACTGTT
YDL066W.S1_st	199	112	CTGTAGCAGCGAGTTCCTAAACCGA
YDL067C.S1_st	159	49	CTTCAAGATGCGTCTCGATCGACTC
YDL067C.S1_st	265	118	CTCTCTTCAAGATGCGTCTCGATCG
YDL069C.S1_st	52	316	CCTTTCCTTGCGTATGGCTGATTTC
YDL069C.S1_st	204	111	CTTGTACCTGAGCTATTCGACCGAA
YDL070W.S1_st	158	208	TTTGATTCACCGTTGATGAGCTGAC
YDL070W.S1_st	313	128	TGAGCTGACGCGGTTGATTGTTCTT
YDL072C.S1_st	94	246	TTCTTGCTGAGACAATGACGGCTTC
YDL072C.S1_st	172	124	GACGTCAATTCATCGCGGAGAGTTT
YDL073W.S1_st	77	126	TTAGGTGCCTCCGTCATTCATGTAC
YDL073W.S1_st	99	119	CTTATATAACTATCCAGGTGGTCTC
YDL074C.S1_st	80	7	CTTCCGTAGAGTAGATCTTAGGTTC
YDL074C.S1_st	186	114	TATTCCCGAGCTCGCTACTTCGTGA
YDL075W.S1_st	94	312	AAGACGGTTCCCAGATGTTTGACAA
YDL075W.S1_st	270	137	ATTCTTCAAGCGGTTCAATGTGTAC
YDL076C.S1_st	78	248	CCTTCGGTGGCAATATGTGCTACCT
YDL076C.S1_st	147	130	CTTCCGTGTGGAAAACTAGATCTCC
YDL077C.S1_st	58	206	AGGTCCAACTCGAACACCGGTGGTG
YDL077C.S1_st	259	299	ATCTTTTCCGTGAGGAGGTCCAACT
YDL078C.S1_st	83	315	CAGTTTCGATTTGTCCCGCGGCCAA
YDL078C.S1_st	261	253	ACACTGCTTGGAACTGGACCATGCA
YDL079C.S1_st	170	244	GGCTTGAGTACAAACCACGGTGATT
YDL079C.S1_st	316	160	CAAGTTCCATGATATCCCGAGGGCT
YDL080C.S1_st	9	127	TGTCCAAAAACGTAGTGTCCAGTCT
YDL080C.S1_st	305	131	CTAATACGATGGTGGTTCCCTACAA
YDL081C.S1_st	7	2	CTGCCGGTTTTGAACTTCCTGAATA
YDL081C.S1_st	161	126	ATAACCAGTTGAAGTCGCGACCACG
YDL082W.S1_st	38	244	GAACTCTGGACAACAATCTCGGGGT
YDL082W.S1_st	316	245	TTTCACGTGAAGCTGGTTCGACCAT
YDL083C.S1_st	38	257	CGAATGGTGGTTTTCATGCAACTGC
YDL083C.S1_st	136	251	CAGCGAATGGTGGTTTTCATGCAAC
YDL084W.S1_st	92	249	CTTCGATTCGATTGGAACGTGCCCA
YDL084W.S1_st	256	129	CTAGGTTCTCGCAAAGCTACAGTTT
YDL085C-A.S1_st	92	126	TAGAACTCTGTTTTCGTCCGGCGGC
YDL085C-A.S1_st	215	134	CAGTCTGCGGCTTTAGAACTCTGTT
YDL085W.S1_st	23	316	TTATGCCCTACGACCAAACCCGGTG
YDL085W.S1_st	282	134	CCCGCTGAGTAGTATGGTCAACTTT
YDL086W.S1_st	175	297	ATGCAAGAACCTTTAGGACCGACGG
YDL086W.S1_st	295	313	CTTGGAATCCAGAACCGGTCTTGCT
YDL087C.S1_st	111	313	TTCTGTCGATGATGTGATGGGCCTT
YDL087C.S1_st	164	131	ACAGAACCTGCACGCCTATCCGGAT
YDL088C.S1_st	147	6	TATTGACTACCGTGAGAAGACTCCC
YDL088C.S1_st	291	112	ACGGCCAGTACGACCATTAGGTTGT
YDL089W.S1_st	146	250	CTTTCACACGGTCCTAGGGCACTTT
YDL089W.S1_st	165	256	CTCGGGTAACTCTTTTTGCGGAAAT
YDL090C.S1_st	84	307	ATAATTCACATGAGGTCTGGCGGAT
YDL090C.S1_st	265	125	GGATAATCCTGACCGACAACGCCTT
YDL091C.S1_st	242	115	TGGTTTTATAGACTGCAATCGCCGT
YDL091C.S1_st	278	246	GAAGTTTAACTAGTGCGGCCATGGT
YDL092W.S1_st	64	253	CTTGCCATGGTAGTCATTCTGTCCT
YDL092W.S1_st	217	119	CTGAGTATCTTGTGCTAGGACACCT
YDL093W.S1_st	28	250	AAGTCATGAATAATCCGAAACGGCG
YDL093W.S1_st	129	247	TTGCGACAAAACACCACCAGACAGT
YDL095W.S1_st	120	313	CTGAGGTTCCAACAATTGAAGGTGC
YDL095W.S1_st	174	134	ACCGGTGCGGAACCTGTATTATCAA
YDL097C.S1_st	34	243	TTTGCATGGTCAGGGCTCCGTAACT
YDL097C.S1_st	171	119	CTTAGTCCTACGGTGCATGCTGAGA
YDL098C.S1_st	267	118	TTACTACTGCATGGCGTTCTCCTCA
YDL098C.S1_st	306	130	CTAGTAAATTAGTTCCCGAGCGATT
YDL099W.S1_st	6	131	CTTGCATCTGTACTGGTGAACCTCT
YDL099W.S1_st	61	248	TTTACCGCGGTCACCTTGCATCTGT
YDL100C.S1_st	241	129	CTGTTGTTAAGTGCCTAGGACTGGA
YDL100C.S1_st	290	312	GATTTGAGAAAATACCCGCGTCCAT
YDL101C.S1_st	16	249	CGCGGGCTTCAGGAGTGTTTCTTTC
YDL101C.S1_st	183	254	CTACTTCGAAACTTGGTGGGAACCA
YDL102W.S1_st	28	256	AACCGCTGTTTGTCCGCTTGCCATA
YDL102W.S1_st	291	130	CAAGTTTGACAGATCGTTCCAGACC
YDL103C.S1_st	40	125	GTCGAATACTATCACAATGGCCGTT
YDL103C.S1_st	194	118	CTTGCTATTAGGACTCTGGTCGTCT
YDL104C.S1_st	174	117	TTGAGATAATACTAGCCGACCCGTC
YDL104C.S1_st	260	114	CTTCGTGCACGAGTTCAGTGTTGGC
YDL105W.S1_st	67	241	TTTACCTGTACGGATGAACCGCTTT
YDL105W.S1_st	109	250	CTTCGGTGCTCACAATTGAGTTGCT
YDL106C.S1_st	249	309	AAATGGCTGACTATCACTTGAGGGT
YDL106C.S1_st	261	135	ACCTATGATGGCAGTTGTCGTTATT
YDL107W.S1_st	229	132	CTCGGGTACTTTCGGTTTCGGAACG
YDL107W.S1_st	316	132	AACCGTCCGCTTCAAGTGCCTTTTG
YDL108W.S1_st	197	255	CCTTACGATTGCTACTTGGGTGTTT
YDL108W.S1_st	276	137	CCTTTTCCAAGTAACGACGATCGCT
YDL109C.S1_st	216	314	CTTCCAAAAGGTTGCGAATGCCGAC
YDL109C.S1_st	250	127	CTAGGGCTACGTTCCCAGCGTTGTT
YDL110C.S1_st	129	122	TGTAACTAAGCCCTCTGGACCGCGA
YDL110C.S1_st	187	123	GCTGTCGCTGCTGAACCTCTTGTAA
YDL111C.S1_st	113	87	TTATACGATAACCTGGGACGTCGGT
YDL111C.S1_st	287	118	CTACTGCGCGACCATCATCTCTGTT
YDL112W.S1_st	170	254	CTATTCGGCGGTTTGGACCCTCCAT
YDL112W.S1_st	173	132	CTACGGGTACCTCCTTCAACGGGAT
YDL113C.S1_st	30	126	TTTGTCTAGGCGTATGGCGTTCATA
YDL113C.S1_st	117	229	ATGTCCATCGCCACCCTTTAGTATA
YDL114W.S1_st	86	243	AATTGTAACGAAGTCAGGAGCCTCT
YDL114W.S1_st	306	117	CTCTTGACTGAGGACGTTCCGACTG
YDL115C.S1_st	137	255	TTAAGTCCCTAGATTACCCATGGTG
YDL115C.S1_st	170	257	TTTCACTAGGGTTACTTCGGGCAAG
YDL116W.S1_st	226	255	TTACCGGCGCATTTCCGAGAGCTTG
YDL116W.S1_st	289	112	AGGACATACTCTAATCTCGGGATAT
YDL117W.S1_st	245	117	CTTCTTCGAAGTAGACGCATGTCCT
YDL117W.S1_st	300	311	AATTTTAGTTTCTCGGGCCGCAGAC
YDL119C.S1_st	55	245	CGATGAACAAATTCTCTGCGAGGGA
YDL119C.S1_st	95	2	CGGTCAAATCGGTGGTGTCATTGCC
YDL120W.S1_st	231	117	CTGTCTACCAGTTCAACACGGAGTT
YDL120W.S1_st	286	126	GCGTTCAAATCAAGCTCAGTCGAGA
YDL121C.S1_st	146	120	CTTTCGGAACCGGTACTGTCACGTT
YDL121C.S1_st	154	243	TTTGGCTTTAGCAGACGTTGTCGTG
YDL122W.S1_st	262	130	CTTCTACAATATGGTCGAGGTGGAT
YDL122W.S1_st	265	130	CTGTTACACTCGGAACTGCTTGGTT
YDL123W.S1_st	9	312	CTAAAAACGGGCCATACAATGTGCG
YDL123W.S1_st	316	203	ATGCAGATAATAATGGTCGTTCCGA
YDL124W.S1_st	15	314	TTTGCACCGCACAACGGACATTGGT
YDL124W.S1_st	220	136	CCATCTTCGTATGAGCGGTGATCCA
YDL125C.S1_st	17	129	CTTCAACGTACTGTAGGGCCTGCTT
YDL125C.S1_st	54	256	CCACCGGTCGGGTTCTTTGCCTGAA
YDL126C.S1_st	132	130	CAATTGACGCTAACGGTTCCGGTGA
YDL126C.S1_st	210	253	CCATGATGCCGATGCCTGTTACGAT
YDL127W.S1_st	235	111	CGCGCGGGACACTAGAACTTTTGAC
YDL127W.S1_st	254	257	ATTAAAATCATTTCGCGCGGGACAC
YDL128W.S1_st	48	7	CTACTAGCTACAAGGTTACTGCGAT
YDL128W.S1_st	132	119	CAGTGAAGTCAGAACCACCGGTACT
YDL129W.S1_st	27	313	CTCAATTCCCGGTGGAGTCTCCCTT
YDL129W.S1_st	133	119	ATAGGTGACCGCGATCCGATCTTCC
YDL130W-A.S1_st	41	239	AACGTAAAGGGCATTATGGTCCGAC
YDL130W-A.S1_st	184	1	ACCACGGCCTGGACCATTAGGAGTT
YDL130W.S1_st	10	121	TATTGCGACCGGGACAACGACCACG
YDL130W.S1_st	131	121	AATAACTGATAGTGGTTCCGGCGAC
YDL131W.S1_st	25	249	GGTTACCCGTACAAAGATTTTTCCG
YDL131W.S1_st	121	4	CTTACGTTAGTTTAGTTCTCAGCTG
YDL132W.S1_st	197	113	AATTGGTAAGTCGTGTAGCGTCGCC
YDL132W.S1_st	221	111	ACGTAACGCGTTAGTGTGGTTTCCA
YDL133W.S1_st	8	248	CTTCAATGTTGTCACCTCTGGAGGA
YDL133W.S1_st	132	254	CTCTGGAGGAAACTGCAGCGATAAT
YDL134C.S1_st	108	126	TGGTCCACTTGGATCGCAGTCGTCT
YDL134C.S1_st	223	111	CTATGACTCTCCGTTAGTGCTCAGA
YDL135C.S1_st	69	6	GTGTCCCAACGCTATACAGGTCATA
YDL135C.S1_st	256	127	CGACTTCTGCTTAGGAACCGCTTTA
YDL137W.S1_st	86	251	CAGATGAACACGTTGGAGCCCACTT
YDL137W.S1_st	313	134	GTTGGAGCCCACTTCCAGACATGCT
YDL138W.S1_st	159	17	CCTACTGTCGGTGTTGTATTAGCTA
YDL138W.S1_st	288	118	CTCACTGGAGCGATCATTCGTGTCG
YDL139C.S1_st	126	254	CCTCTGGAGCATCTGGACTTTTGAC
YDL139C.S1_st	159	223	TCAGGCCGTTCTTCTCACTCAGGTT
YDL140C.S1_st	31	236	TAAACCTCAGAGGAGTGGTCCGAAA
YDL140C.S1_st	74	246	ATGCAGTGGTTCAATGTCGGGTTGC
YDL141W.S1_st	68	251	CAACGGGAATCCACTATAGCTCGGG
YDL141W.S1_st	70	255	GTCGGCCTGCCATTGTGAAAACTAT
YDL142C.S1_st	85	118	CTTTATAGGACCAGCACACCGTACC
YDL142C.S1_st	232	256	AATCCCATACATTGGCGGTGCTGGT
YDL143W.S1_st	21	249	CTGCTAGACCATGATGCTTGTGGAT
YDL143W.S1_st	114	123	ATTAGCGACCACCACCACGAGGTCT
YDL144C.S1_st	44	250	CTTTAACTTCACAAGGTGGGACGGT
YDL144C.S1_st	241	113	ACTCCCTCTAGTAGCGGTAACGCCG
YDL145C.S1_st	84	121	CTAAAGATTCTAGCCACGTGGACGT
YDL145C.S1_st	310	125	GTAACTTAACCTTGCGGCGAGTAAT
YDL146W.S1_st	106	6	TCAGGTCGCAACGTGCTCGTAGTTC
YDL146W.S1_st	299	254	CCCTGCGGGCTGTTAGTTTTATAGA
YDL147W.S1_st	9	242	TTAACGACCTGGATTGCCTCTCGGT
YDL147W.S1_st	181	116	CTCGGTCTGCCTTTGTATGTAGTCA
YDL148C.S1_st	51	5	TCCTCTCGTCGCTGATGGTACGTTT
YDL148C.S1_st	278	111	CTACGTTGATAGAGATGACACACCT
YDL149W.S1_st	19	241	TAAAGTCGGTCCAGTTTTCGGCCTC
YDL149W.S1_st	204	122	CTTGCCCTGGTTATTACGATGTCGA
YDL150W.S1_st	14	128	CTTTGACCGTCTAGAACCTGAACTT
YDL150W.S1_st	159	249	CTGTCTCGGACAGCCTTGGCCTAAT
YDL153C.S1_st	187	108	CTTCGACACAGATCCTCGTAGTTGT
YDL153C.S1_st	191	128	GTTAGACCGCAGATACTTCCACTTT
YDL154W.S1_st	103	7	CCCGACTTCTTGATAGAGCGTACTA
YDL154W.S1_st	289	247	TTTAGTGACTCAAACCGGTGACTTT
YDL155W.S1_st	76	257	ATTACCTGGTAGCTGACCAAAGGCG
YDL155W.S1_st	119	247	TTTGACGATGAGTTCCTTGCTGGAC
YDL156W.S1_st	86	297	ATTAATCAACCGTGGGCGACGCTTT
YDL156W.S1_st	240	120	CTAACGGTGGCCTAGTGAACTATCT
YDL157C.S1_st	103	1	ATTAGCGGAAGCCAAAGCAATCTCC
YDL157C.S1_st	112	123	AACCGAGTATGAACCGTAGACCCTT
YDL159W-A.S1_st	25	251	ACGTTTGGGGTTACAATGTTAGCGG
YDL159W-A.S1_st	80	6	CAATGTTAGCGGGTAATCAAGATTC
YDL159W.S1_st	148	114	TTACTAGTAGCTCGACCATTGACCT
YDL159W.S1_st	225	314	TTTTCTCTTCGGAACCTGGCACGGT
YDL160C-A.S1_st	165	255	CTTGCACCGCTATTTTCAGGGAATC
YDL160C-A.S1_st	255	47	ATAAGTAACTACTCCGCCACGACGC
YDL160C.S1_st	125	3	CATCTAGGCCATCCAAACCGGTGAA
YDL160C.S1_st	129	253	CGAGGCTAAATAACTGGGCACCATA
YDL161W.S1_st	2	131	CAGCATGGTTGTGTTTGTCCGATAC
YDL161W.S1_st	165	130	CTCGATGATCGGTGTCCTTGTCCAT
YDL164C.S1_st	208	126	CGTCGAAAACGTGCTGTCCAACTGG
YDL164C.S1_st	245	122	AAAAGCTAAGCTCACGACTCGGTCT
YDL165W.S1_st	120	130	CTGGTAAGGTACTGGAATCCTCGCC
YDL165W.S1_st	220	129	CTATGAAAAGTTAGTGGCACCCGTC
YDL166C.S1_st	225	134	ACCCACAGCAGTTTGTCCTACGGCA
YDL166C.S1_st	311	116	CTTAGTATGCTTGGCGTGTAACACC
YDL167C.S1_st	75	129	CGACCAGCGTGGCTACCCTTGCTAT
YDL167C.S1_st	184	137	ACACGAATGCGACACCACCAGGTTT
YDL168W.S1_st	135	254	CTGAGAGGCAATAGGTTCCACGTTT
YDL168W.S1_st	143	256	CTTTAAAGATGTTCCGGCAAGGTCG
YDL169C.S1_st	29	4	ATACTACGTGTGCTCCTGTTGAAAC
YDL169C.S1_st	187	124	CCTGAGGTTCTGTCCGCTAATGTCC
YDL170W.S1_st	78	309	ATTTAATGTTGGAAGCGAATACCGC
YDL170W.S1_st	190	69	CGTAGTCACTCGTACTGGACCAGGT
YDL171C.S1_st	26	122	ATCTCTGGGAGCACTTATGACGTAG
YDL171C.S1_st	88	249	TTAAAGCTTAACAACGGACTCGGTG
YDL173W.S1_st	89	6	GTTCCTCGGTAGTCAGAAACGTACG
YDL173W.S1_st	121	251	AGTTCAGGTGCAGGTTCTTCGGATT
YDL174C.S1_st	135	6	CGATCATTCGACTAGTTGCGGTAAC
YDL174C.S1_st	206	127	TTTCCAGCGCGATACCAGACACGAT
YDL175C.S1_st	58	229	ATGCTACTCCTAGGTGATGGCTCTG
YDL175C.S1_st	262	137	ACATACCGAGGTCTATATTGGGAAG
YDL176W.S1_st	158	54	CTCTGTCGAGTTAAGTTCGTCCGTA
YDL176W.S1_st	292	123	ATCCGTGTCTGTTACAAACGCGGGA
YDL177C.S1_st	130	122	TGTACATACGGACCTCTTGCCGGCT
YDL177C.S1_st	316	159	AGTTCCTTGTATTGCCACGTCGGTT
YDL178W.S1_st	48	314	GTTTTGTACCAAGGCAATCACGGCT
YDL178W.S1_st	298	255	CCACTAAGCGGGTTTGGTCACCACC
YDL179W.S1_st	172	137	ACAACAAGTTACGTGGTTCAGGGCC
YDL179W.S1_st	292	310	CTTCTGGCCAAAGCGTAAGATCTTG
YDL180W.S1_st	94	255	CATTATTTATCGTCGGGCCCAGTGA
YDL180W.S1_st	311	119	CTACTATACTGGTTGCTGAGGCGAA
YDL181W.S1_st	60	128	CTGAAGAAGCAATCCGTCGCACTCT
YDL181W.S1_st	173	257	CTTTCCCGGTGCCTTCTGAAGAAGC
YDL182W.S1_st	46	131	CTGATTGACCGACCTTGCGGTAGTT
YDL182W.S1_st	217	134	CCTTGCGGTAGTTTCGGTCTCAGCT
YDL183C.S1_st	164	126	GGGACCTTAAAGATCGGGACTACTC
YDL183C.S1_st	310	93	CGGGACTACTCACGAACTCTGTTTA
YDL184C.S1_s_st	17	130	CTTCCACTCTCGGTCTAGGTTTATT
YDL184C.S1_s_st	263	131	CTGCCTTCCACTCTCGGTCTAGGTT
YDL185W.S1_st	231	133	CCACGGTTGACCAGTTTTGATCGAC
YDL185W.S1_st	262	136	ATCGACTGAGATGACCACTGCAATT
YDL186W.S1_st	219	113	TACGACATGTCTGAGGTTAACCCGC
YDL186W.S1_st	248	132	ACATGCTTGGCTTGTGTCACGCTCA
YDL188C.S1_st	52	7	ACCTCCAGAGAGTGGGTACTATCTC
YDL188C.S1_st	192	133	CTAGGTAGACACTCTGGGCCACTTG
YDL189W.S1_st	29	127	TATTGTGAGTCATAGTGTCGCCCGG
YDL189W.S1_st	167	136	ATATCTCCGGTTTCAGCAGCCTTAT
YDL190C.S1_st	93	99	GTCTCAAGTAGTCACGACAGCGATT
YDL190C.S1_st	158	128	CTTCCTAGGACAGTAAAATGGTCGT
YDL191W.S1_s_st	68	249	TTCTGGCAGTCTTTCTCATAGCGGA
YDL191W.S1_s_st	188	308	ATGGTTGGTTTCCTGAACTCTCGGT
YDL192W.S1_st	118	308	TGCGGCGAACCAACCACAAGCGATT
YDL192W.S1_st	200	130	CTACTTAACTCTTTGCGGCGAACCA
YDL193W.S1_st	275	255	TATATAAGCCAAAAGTAGGCGCCGG
YDL193W.S1_st	293	115	CTTAACTCGCAAAGACTGTAGTGTT
YDL194W.S1_st	22	254	CTTTAGGAGGTGAGTTCGCTTCTTT
YDL194W.S1_st	278	135	AAACTACCTGGACCCTTTGCCCGAA
YDL195W.S1_st	52	131	CTTCTTGACCGAGCGCATTGTGGTA
YDL195W.S1_st	73	6	ATAGCGATGTTTGGTACGAGTTCTC
YDL197C.S1_st	62	246	GGTCTGCCCGTCAGTATAAGGCTTT
YDL197C.S1_st	312	122	GGACACCGTGTTTCGAACCGCCTAA
YDL198C.S1_st	151	128	CTCTGTCTGGTTAGGGCTTAGCAAA
YDL198C.S1_st	206	115	CATTCCGTTACTCTAGGCGGCGACG
YDL199C.S1_st	213	111	TAAGCGGACCTCTGTACCGTCAACG
YDL199C.S1_st	315	310	TTGGGTCAAGTCCACCTCCGGTCTT
YDL200C.S1_st	200	135	ACCTGGTTGCTACTTCCTTGACGAA
YDL200C.S1_st	310	132	CTCGAACGCCGAGTTTATTGGACCG
YDL201W.S1_st	119	119	CTTAATAGTGATTGTGGAACGACTC
YDL201W.S1_st	216	118	CTGCAGTTTCTGGACGTACTCACCT
YDL202W.S1_st	77	256	AACGGTGATGACTTCCCAGGATGCC
YDL202W.S1_st	98	109	ATGAACTCTTTAAGCGTAGACGGGC
YDL203C.S1_st	154	242	GTCTTGGATAATAAACGCTTGCCGT
YDL203C.S1_st	208	81	TTTCGACGACGACGAGTCGGCTTCC
YDL204W.S1_st	43	129	CTTTCGGTTAGCTAAGGGTAGTTCT
YDL204W.S1_st	105	87	AATCGTCGAGTAGTCGCACTTGACC
YDL205C.S1_st	261	126	GGTAACATCAACTGCAACTTCCGTG
YDL205C.S1_st	294	130	CTAACACCCTTGGAGTAGGCACTCT
YDL206W.S1_st	35	1	ATCCTGGTATGGCTTGTTCAAGTTG
YDL206W.S1_st	315	164	ATCCTCGAACAAAACCGTCAGGTGA
YDL207W.S1_st	212	123	CGCATACCCTTGGTTCGGAGATTTA
YDL207W.S1_st	212	135	CCTTAACTGGAGGTCTTACCGACTT
YDL208W.S1_st	123	249	CTTCCGAAGGTTCCGGTTCTTACAA
YDL208W.S1_st	223	256	TTTCCAAATCAGCAGTAGCGGCCAC
YDL209C.S1_st	150	4	CGTTCGTAAACTTCGGTCGAGTCTA
YDL209C.S1_st	216	116	CTGTAACGACGATGGGTCGCTATTT
YDL210W.S1_st	70	127	ATACGTACGCAATAACCAGGGCCAT
YDL210W.S1_st	288	111	CAAACTAACTACTACGGCGGTGACT
YDL211C.S1_st	7	257	GCCGCTCCCGTTTGCTCTAAGGAAA
YDL211C.S1_st	129	6	CTTAGACGCCTCAGTAGGTAACTTC
YDL212W.S1_st	119	5	ATGTACTCTGAGGTAACGGCCACTA
YDL212W.S1_st	179	120	CTCGTAAAGCTAAACCGTGACTCTG
YDL213C.S1_st	120	128	GTTACAGCTCGATTGACAACCGCCT
YDL213C.S1_st	166	133	CTAGCGTGGCCGTAAGTTTCTGCAT
YDL214C.S1_st	199	114	CGGGTTTACTCCGTAGCGAAGCTTA
YDL214C.S1_st	288	127	TTTCTAGAACACTGTGCCGGACGAT
YDL215C.S1_st	169	1	GACCCGGAGTCAGGCATAACCTTTT
YDL215C.S1_st	272	241	GTTCGTGAAAACAAATGGTCTTGCC
YDL216C.S1_st	236	129	CTTTCTTCGTCGTCCAGATGGCTGT
YDL216C.S1_st	299	131	TGATCAGACACGTATTTGCCGCTTG
YDL217C.S1_st	119	235	AAATGGCCACGACCCGACCGTATGT
YDL217C.S1_st	183	126	GTTCGACGGAATTACCCACCACGGC
YDL218W.S1_st	89	242	CTTCGCCGCGAAGATACCCATGTTT
YDL218W.S1_st	200	129	ATACGTTGATTACTGGGGTTACCCG
YDL219W.S1_st	92	1	CGAGAAATTGATTACTTCCCGGGCA
YDL219W.S1_st	159	215	ATTTCCTACCACTTAAGCCGCGTTA
YDL220C.S1_st	68	120	CCTTAACGTTGTTGTCGACCGGGTA
YDL220C.S1_st	159	257	CCGGGGCCTCGCTCACAACGTTGAT
YDL222C.S1_st	167	98	ATATAACCGACGTACGAACATGTGT
YDL222C.S1_st	259	137	ATATAAGTCACGATGGGTGTTCCGG
YDL223C.S1_st	151	2	CGTTCTAATGGTACTGCTGCTCGTT
YDL223C.S1_st	191	308	CATCTTGGCTGGAACCACCACGGCT
YDL224C.S1_st	82	129	CTTGAGAGTGCCAGTACCGTTGCCA
YDL224C.S1_st	198	130	CCAAGGTGTTGATAAAGTGTCCGAC
YDL225W.S1_st	19	251	CTCCGGGTCAGTCGATTTCTTAATG
YDL225W.S1_st	301	253	CTCGCCTGTGTGGTTCTTTGGTTCA
YDL226C.S1_st	288	254	GTCCCGAAACCTTCATGTGGGCGTT
YDL226C.S1_st	302	253	CCCTGTGGTGACCTCTTGGCAGCTA
YDL227C.S1_st	163	112	CGTTCATACATGGTCTTCGTGCACT
YDL227C.S1_st	228	137	ACAGGCGCCCGGAGTATTCTCAACA
YDL229W.S1_s_st	63	121	CTCTCAACAGTGGTTCCGGTACAGA
YDL229W.S1_s_st	63	129	CAATGACGGCAGCTTTTCAGATGGC
YDL229W.S1_st	197	254	CCTTAGGATGCAACGGAGGTAGCTT
YDL229W.S1_st	227	135	CAACGGAGGTAGCTTGTTTGACAGT
YDL230W.S1_st	251	117	CTAGCACAATGTCAACGCGAGCGTT
YDL230W.S1_st	281	110	GCCCGCCGCGGTTACTATACTGAGT
YDL231C.S1_st	12	242	CTATAACTTTGGTGCTCTCGGAATG
YDL231C.S1_st	287	116	CTTCCGTAGTTCAAGTCCCGTCGTT
YDL232W.S1_st	210	119	CTACTTGTCGACTTGAGGAACCGGT
YDL232W.S1_st	243	111	AGACTACTTGTCGACTTGAGGAACC
YDL233W.S1_st	152	247	TTCTTGTAACTATCAGGGCACTGGC
YDL233W.S1_st	193	121	CTCCGCTGCGTTGTCGCCATAGAGA
YDL234C.S1_st	159	39	GCCGCATAACGGAACAGTCTCGCTC
YDL234C.S1_st	300	106	TCTCTGGTCTCACCGTAGGTACTTG
YDL235C.S1_st	294	136	ATAAGTTAAATAGCTGGTCCGTGTT
YDL235C.S1_st	316	133	ACGTTGCTGTCGACCTGCCACTTTT
YDL236W.S1_st	148	129	CCTATGCGGCAAGCTACGTCGATTT
YDL236W.S1_st	235	254	CCAATATGTAAAGGGCCACGTCCGA
YDL237W.S1_st	20	2	TGACACTATGATTGCCCGTTGATGG
YDL237W.S1_st	121	315	CGCGGCAACAATTCAAACCTCGGGT
YDL238C.S1_st	47	237	AACATCGTATGAGTGGTGGCCTTCC
YDL238C.S1_st	267	126	TTTACTAGCTATGGTTACGAGGGCC
YDL239C.S1_st	45	257	CTTTTCATGCTGAGGAACCCAGAAC
YDL239C.S1_st	81	127	TCTGGAATGGATACACGTTAGCGTT
YDL240W.S1_st	129	256	CTTGATACCTAATTCCGGCGCTTTT
YDL240W.S1_st	314	218	ATGTTAGCGTTAAATGACCTCCGTG
YDL241W.S1_st	216	135	CCCGTCGGACGACTTTCAGGACTTT
YDL241W.S1_st	217	314	TTGCAAATGCACACCAAGCGTACCG
YDL243C.S1_s_st	3	253	CTAGGCCGACAATGGTTCTTCCGAA
YDL243C.S1_s_st	298	134	CACTACTAGGCCGACAATGGTTCTT
YDL243C.S1_st	67	130	CCAATTCTAGTCACTTCGTAACCGG
YDL243C.S1_st	238	257	AAGCCCATGAAGATTTGTCTGCCTA
YDL244W.S1_s_st	12	230	AAACATGTTACAAGTGGCACTGACC
YDL244W.S1_s_st	220	250	ATGCAAGATCGGCTGGGACACTTCC
YDL245C.S1_s_st	51	255	AAGAAGGTCCCTTTGACTCCGATTC
YDL245C.S1_s_st	231	254	CTCTCCTCGAAGAAGGTCCCTTTGA
YDL246C.S1_s_st	17	118	CTGATGTTGTAACGGGTACCACCTC
YDL246C.S1_s_st	48	253	CTAAAGCCTCGGTGTTTGTGAAAGT
YDL247W.S1_s_st	15	246	ATTAGACCCGACACCAACTGGATGG
YDL247W.S1_s_st	26	253	CCAACTGGATGGTCTTTGACGGCCT
YDL247W.S1_st	41	119	CTTATCGTTACATAGGGTAGTGGAT
YDL247W.S1_st	187	118	CCTTATCGTTACATAGGGTAGTGGA
YDL248W.S1_s_st	176	118	TCTTCGCGTTAACAGGGCGTTACTT
YDL248W.S1_s_st	189	254	CTCCTGCTGACGAAATGAGCACTTT
YDR001C.S1_st	170	117	CGTAATACCCGACCTGAACGGTGCT
YDR001C.S1_st	182	256	TTTAAGAACGAACCCTTCCGGAGGC
YDR002W.S1_st	104	250	CTTCAAGAAATGTTCCAGTCTCGGT
YDR002W.S1_st	116	249	CTTCTATTCTTTGGACAGCAGCTGT
YDR003W-A.S1_st	142	249	CTTTCAGCGCTAATAAGGCTCAACA
YDR003W-A.S1_st	252	254	AAACTTTCAGCGCTAATAAGGCTCA
YDR003W.S1_st	84	241	TATTTCTGAATGTCGCGGGTCACCG
YDR003W.S1_st	252	136	ACTACAATTATTGCGCGGCCGTTCT
YDR004W.S1_st	74	130	ACCATATAAGGTGTAAGCGATTCGG
YDR004W.S1_st	127	123	TCCACTAAGCCGTTCGAAGACCGTT
YDR005C.S1_st	18	315	ATTTGCTTGGCAGTTCGGCGTTTTA
YDR005C.S1_st	99	253	CTAAAAAGTAGCCAACTCGGTTGCC
YDR006C.S1_st	69	5	CGTAGGTCTCCAAATAAGCGTCGTT
YDR006C.S1_st	138	128	CTGCTAGAAGTGTCCCTCATGCTGT
YDR009W.S1_st	91	250	TTAATATCAAAGCTTCGGACGGAAC
YDR009W.S1_st	126	312	TTCACGGTGAAAAGTGTGCCTGCTT
YDR011W.S1_st	172	118	CTTAGACCAGCCTTAATACGACGTG
YDR011W.S1_st	221	134	CCACAATGTGTTGGACAGAGTAACT
YDR012W.S1_st	53	257	AAAAGCGGCTTTGGAACTTCGTACT
YDR012W.S1_st	297	254	CAAAAGCGGCTTTGGAACTTCGTAC
YDR013W.S1_st	42	4	TCTGAGGGTCAAAAAGCATTCCGTC
YDR013W.S1_st	282	119	CTCTACAGAGAATCGTATGGTTTCC
YDR014W.S1_st	203	97	CGTATGTAGGTAACTGTCTGCGCTT
YDR014W.S1_st	237	129	CTAGGCACTGCCAAGACTGTGACTT
YDR016C.S1_st	14	254	CTTTCAAATAGTCTGCTTCGCGGGT
YDR016C.S1_st	151	127	GTAGCTGCTCGTTGGATGAAATAGA
YDR017C.S1_st	271	121	AAGCTGCGACTTGGTTCTATGTTAC
YDR017C.S1_st	276	135	CCAATGTCCGATATACCGCGCAGAA
YDR018C.S1_st	40	213	CTTGCCTTATGCAGCCGTGGTTTAA
YDR018C.S1_st	278	130	CTTCTGATGATGTTGTGTCCGGTTA
YDR019C.S1_st	190	1	CGGATAGCCTGACCGACGATCTCTG
YDR019C.S1_st	198	138	AAGAACGGGCTACGGCTTTGTCTCC
YDR020C.S1_st	7	7	ACTCATATACCTGGTAGACGCGGGC
YDR020C.S1_st	155	248	TTACTTTTAGATCCCGCGCGTCAGG
YDR021W.S1_st	160	132	CCGCGCGCCATAACTACAGGTTGTT
YDR021W.S1_st	228	121	GACTATAGCTGCCTACAAACCCGCG
YDR022C.S1_st	26	248	TTCCCAGGGTCGTTGCTACTAGTTG
YDR022C.S1_st	132	3	ATCCTGTTTATCAGAGTCGAACCTC
YDR023W.S1_st	59	313	CATGCTAAATCTTCGGACCAAGGGT
YDR023W.S1_st	193	120	ACCGACGATGGGTTTCTCGAAACAC
YDR025W.S1_st	27	250	GGCAAGTTAGGCTCTCTCGAAAGGT
YDR025W.S1_st	136	247	CTTAATTGGCAAGTTAGGCTCTCTC
YDR026C.S1_st	103	254	CATATCGATGGATGTTCGGGCCTAT
YDR026C.S1_st	189	134	CTATAGGAGCTTGACCAGAACTTGA
YDR027C.S1_st	61	121	CTAAAACTCGGTAAGCTACGCTCAG
YDR027C.S1_st	138	116	CTACGCTCAGTAATATGTTGGGACA
YDR028C.S1_st	36	247	CTTCGCGTTAAGGAGAAGTCCCTTG
YDR028C.S1_st	175	313	CTCCTTGTTTCTGGTAATGGGCGAT
YDR030C.S1_st	9	256	CCTTGTTCGAGCTTATGGGTTACCA
YDR030C.S1_st	289	137	ACCCTTGTGTTCTGGACTCGGCATA
YDR031W.S1_st	42	7	AGTACTCGCTTACATCACTCGGTTA
YDR031W.S1_st	53	210	ATCTTCTACAACACCGTTTAACGGG
YDR032C.S1_st	11	313	ATTCCAGCGACCAACAAAGCAGAGG
YDR032C.S1_st	17	3	ACCTTCCGAAAGACCCTGGCATGGC
YDR033W.S1_st	11	255	ACCCGATGGTAAAGCCTGGATCACT
YDR033W.S1_st	62	242	TTTAGACATACGATCGACCATGGGG
YDR034C-A.S1_st	5	5	ATGTAATAGTTAGGAACGCAAAGTC
YDR034C-A.S1_st	43	3	TAGGAACGCAAAGTCAAAGGTGATT
YDR034C.S1_st	148	246	TTTAAGAATCTGTCACTGAGCGGCG
YDR034C.S1_st	153	254	CTGAGCGGCGGTGTTTTAAGTTCCT
YDR034W-B.S1_st	52	1	AGGAGGAGCCTCTCTTAGGCCACCA
YDR034W-B.S1_st	225	253	CTCTTAGGCCACCAACGACATCTTG
YDR035W.S1_st	51	245	TCCGGCCAAACTGACTACTAAGGGT
YDR035W.S1_st	139	249	TTAATACTAGCTAACAAGGGTGCCG
YDR036C.S1_st	162	119	CTTGCTTACTACTGTGACCGCGGTT
YDR036C.S1_st	230	131	CCTGAGAAACCACCTTAAGAGACTT
YDR037W.S1_st	68	253	GTAAACTGGTTTCCCGTGCAAAGCT
YDR037W.S1_st	158	237	CGCAAAGCTCCAGAAACATCGATGT
YDR038C.S1_s_st	26	250	CTGTCGGGTCAGTTCCTTAAAAAGT
YDR038C.S1_s_st	69	121	ACCGTGGATATTGTCGTCAACAGCA
YDR038C.S1_st	108	129	CTCTCGAGTGTTAAGCCTTTTGCTA
YDR038C.S1_st	271	119	CTCGCTTCGTCATTTGTGCTAGGTA
YDR041W.S1_st	93	128	AAATAGTCTTGTGTCAGCTGCGCGG
YDR041W.S1_st	271	137	ATGCTTGGGGCTTCACGATGTCTAC
YDR042C.S1_st	186	129	CTTCATAGCCAATGTGTGTAGGGAC
YDR042C.S1_st	197	314	TTTTTATCTAAGAGTCCGGGCGATG
YDR043C.S1_st	59	127	TGTAGCCCAGTAAATCGTTCCGTAT
YDR043C.S1_st	190	134	CTATGAGAGACTTTTGCGCCTTCGT
YDR044W.S1_st	158	220	AACTCTTGGGGTCCGAGATCTCAAC
YDR044W.S1_st	279	120	CTAATACTACTTGCACTGGGTGTTC
YDR045C.S1_st	26	1	CTACTCGGCTACTGATGGAAAATAT
YDR045C.S1_st	159	59	ATACGATGACTATTGCTCACCGCTA
YDR046C.S1_st	97	242	AAGAAGCTCTCAATAGACCGACGGG
YDR046C.S1_st	189	255	CCCAGCGTGACAGAGGTTATCCTTT
YDR047W.S1_st	158	152	TCTTGGCACAGTGGAACGTCCCGTT
YDR047W.S1_st	247	138	CCGGCACCTCAAAGACTCAGTCGTT
YDR049W.S1_st	113	4	ACTGGCTACTTGTCTCTGCGTCTAA
YDR049W.S1_st	216	131	CTCTGTGCGCAAAGTTTAACGTTCT
YDR050C.S1_st	6	313	CTTAGAATATGCCACCAAGGCGATT
YDR050C.S1_st	301	67	CTTCGGTGTTCAGTGACAGCCACGA
YDR051C.S1_st	151	247	TTTGTACGTAAAACCGGCTCTCCTG
YDR051C.S1_st	159	131	CTGTCTCAGCGGTCAAAGGTTCTCT
YDR052C.S1_st	100	242	TTCCATCGATGGTTTAGTCAGAGGC
YDR052C.S1_st	159	143	AAACCCGGGTTGTTCTCGTTCGCAG
YDR054C.S1_st	58	313	TTGGACTACGACTTTGCACCAGGGG
YDR054C.S1_st	158	251	CCCTAGGATACTGGCTGCTTGGACT
YDR055W.S1_st	38	88	AGACCGCTATAGTTCCGACGACGAA
YDR055W.S1_st	105	246	CCAGCCAGAAAACTGCCGTTAGTAG
YDR056C.S1_st	114	6	CGATGTACTTCGACTCCTGTGGTGA
YDR056C.S1_st	193	256	ACGCTTTCTGCGATATGGGGATCCT
YDR057W.S1_st	114	117	CTTTCGTGATCAGTATGTTGGTCTC
YDR057W.S1_st	181	128	CTTCGACCTAGTGTTTGCTGTCCCT
YDR058C.S1_st	159	75	CTGTACCTAGTAGACCTGCAGTAGT
YDR058C.S1_st	208	257	ATTTCCAACGGGGTTGCTACCGGAA
YDR059C.S1_st	45	2	CTAATAGGTAAGTTCGGTGGCTTCC
YDR059C.S1_st	159	111	ACTGGACATAGTAACCGTTCGGAGA
YDR060W.S1_st	31	4	AGGGCACTTGTGACTTCTGACCGAT
YDR060W.S1_st	180	132	CTGCTACTTGGATTCGACCTGCGTT
YDR061W.S1_st	44	130	CTTGTCAGGAACATCACCGTGTGCA
YDR061W.S1_st	252	256	ATTACCGCAGGGTGCTTCTTGTCCA
YDR062W.S1_st	159	2	TTAAGGCCGTTTAGGTCAATGCTGC
YDR062W.S1_st	306	115	ATATCACTCAGTTACGGCCGAGGAC
YDR063W.S1_st	161	255	CTAGCTTGGTTTTGGCAGGATACTC
YDR063W.S1_st	164	255	CTACCCAAGTTTGTCTGAGGGAATC
YDR064W.S1_st	267	130	CTCTCTACGAGTGCCACAATGGGTT
YDR064W.S1_st	315	219	TGACCTTCATGCTTAGGCGGTGACG
YDR065W.S1_st	292	137	ACTTTTTACCGGGTGGAAGACGACC
YDR065W.S1_st	299	308	ATGGCTTTATGAACCTTATGCGACG
YDR066C.S1_st	59	131	CACCCATGGGCGATACGATATTCTC
YDR066C.S1_st	108	7	ACCTTCGGGCTTACTAACTTAGACG
YDR067C.S1_st	10	256	CCGTCTGTTCTGGTTTGGGTTCTAA
YDR067C.S1_st	266	136	ATAGAAACTGTGGTCTTGGAAACTC
YDR068W.S1_st	100	255	CTATACAAGATAAAATGTCCCGCTG
YDR068W.S1_st	314	122	AACCGGAGCGGTTGTTCCTACTCTC
YDR069C.S1_st	215	98	CTACTCGTTACCAACACGGGTGTAA
YDR069C.S1_st	225	136	TCCGTCGGGAGGTGCTTTGTTAACT
YDR070C.S1_st	56	313	TCCAACCTGTGAAACCTTGTGCCGT
YDR070C.S1_st	275	132	ACTACGCATTTAGCGGTTCCCGCAG
YDR071C.S1_st	77	127	TTAACAGGTCTCGATACAAGTCCAG
YDR071C.S1_st	156	220	AAGGGTGGTTTGCTTTCTCGAAGTC
YDR072C.S1_st	159	245	CTTGGTAACCCATGGCAACTCGGAC
YDR072C.S1_st	245	137	CCGCCGCTGCCGTCGTAATAATTGT
YDR073W.S1_st	204	285	TTTGGTTCCTCACGGGAGTCGCTTT
YDR073W.S1_st	290	118	CTCTTGGCGTTATGACCGCGACCGC
YDR074W.S1_st	159	82	CTGATCAGACCGTAGTTGTACCGTT
YDR074W.S1_st	214	256	CCCACTTAAGGTGCGGTTTCTTGAC
YDR075W.S1_st	83	129	CTAATAGAGGCCTATACTGGTGCCA
YDR075W.S1_st	294	255	ACTGAATAATACCTCGCTGGGGCTT
YDR076W.S1_st	95	248	TTTCGTTGTCCAGTTGAGGCGCTAT
YDR076W.S1_st	266	118	ACTTCCGCAGTAGGAGCGTCTCATT
YDR077W.S1_st	2	249	CTTAGATTCCCGTGATGGTGGTTTC
YDR077W.S1_st	158	176	ACTTTTCTCGCTTCGGGGACTCAGA
YDR078C.S1_st	14	122	ATGAGCATCTATAGCGTGTGACCAA
YDR078C.S1_st	41	126	TCCTATGATTACTACCTCGCGGTGG
YDR079C-A.S1_st	48	96	TTACACTAGGTAGGTAGTTCCGCGA
YDR079C-A.S1_st	283	127	CGTTCTTTCCCACGTGACCAAGTTA
YDR079W.S1_st	289	236	AAACCGGTCTAGGACGTTGCAACTT
YDR079W.S1_st	294	120	ATATGTTCCCGCGTTGACCTCTAGA
YDR080W.S1_st	138	254	CTACTCTGGTCGCTTTAAATGGATT
YDR080W.S1_st	261	134	ACTTATGCTGGCTGTTTCGGAAGAC
YDR081C.S1_st	276	133	CCGTTATTTGAGTTGTCCGCGAGGT
YDR081C.S1_st	287	308	AAAGTTGTATTAAGCCGCAGGCAGC
YDR082W.S1_st	91	2	CTTCGCAAAGCTCTGGACCAATTAG
YDR082W.S1_st	265	254	CAATTAGCAGATCAGTCGGTCCCAA
YDR083W.S1_st	64	225	AAGACGGACCGAGATTACCCATGTT
YDR083W.S1_st	265	116	TTTACACGGCGATGGTCTACTCAGG
YDR084C.S1_st	42	127	TATATTCGTTATACGCGGCCCGGGT
YDR084C.S1_st	150	127	CTGGCGGACCTTGTGCATACCTAAA
YDR085C.S1_st	100	119	CTGTCAGAGACAGTCCAGGTTATTC
YDR085C.S1_st	112	4	ACAGGTACTCTTGTCGTTCACGAAA
YDR086C.S1_st	82	253	CTTTTTCGTCTCGTTGTTGGTCCAA
YDR086C.S1_st	84	3	CTTATGTGGTTCTAACAGTTCCGAC
YDR087C.S1_st	2	254	CTATAAGAACTTCCGCTTTGCGTTG
YDR087C.S1_st	248	315	GGTTTCCAGATGTGTCCCTAAGGTT
YDR088C.S1_st	195	120	ACAAGGCGTCTGTAAACTGTCCACT
YDR088C.S1_st	285	253	CATGTTTTGACTTTGTGACCCGCGT
YDR089W.S1_st	25	120	CCAAGTGTTAGTTGAAGTCGCAGTA
YDR089W.S1_st	123	256	TAAATCAGCCAAGTGAAACCGCGGT
YDR090C.S1_st	217	126	CGTAGACAAAACAATCGACAGCCTG
YDR090C.S1_st	267	97	CTGCTACGAAGCTCGAAACGTCTGC
YDR091C.S1_st	134	314	TTTCAAGGGTCCATGACAGTCTGTT
YDR091C.S1_st	251	134	CACTTAATGTTTCTCAGCGGTAGCA
YDR092W.S1_st	261	136	ACCAGTGGGCGAAATGTCTAGTCTT
YDR092W.S1_st	316	83	CTAGGCGATCGATTACTGCAGCGAC
YDR093W.S1_st	68	6	AGTCTTGAAGCGACCTAGCGTGTTC
YDR093W.S1_st	158	34	CTACCACAGTCGGTGAGTGTTCTCT
YDR096W.S1_st	18	316	AGTTTGCCATGACCTTAAGCGGTTT
YDR096W.S1_st	50	256	TTTTCAGTCAAGTAAGGCCACTCTT
YDR097C.S1_st	226	113	ATTGCGCGTCTAACGGCGACTATTA
YDR097C.S1_st	292	131	CAAAGTTCGTGGTAGGAGTTCATTC
YDR098C.S1_st	125	253	CCTCGGGGAGACTTGGATTTACGCC
YDR098C.S1_st	278	127	CTGATTTAACCAGTTACGGCGCGGC
YDR099W.S1_st	64	236	CCTGTTGAACTGGAATACCTGGAGA
YDR099W.S1_st	167	315	ATATTTTGGCGAAGGCTTTAGCGGT
YDR100W.S1_st	19	315	TTAAATTTGCAGAAGGAGAACCGTC
YDR100W.S1_st	165	118	CAGACTATTAGTCGAAGCCGCCATA
YDR101C.S1_st	81	242	TTCTGGACAGTTGGCTCGACCTAAG
YDR101C.S1_st	85	1	TGGTCAACGAGCACTTACATTATGG
YDR103W.S1_st	189	129	CTGTCTTTGGAAGAGTGACTCCCAC
YDR103W.S1_st	190	119	ACTACTTGATCAGCTCCGGTCGAGG
YDR104C.S1_st	296	136	ACGATGGATATGAGACCCTGGTGTT
YDR104C.S1_st	304	256	AACCAAACCTTGTTCCGCACGGGAA
YDR105C.S1_st	63	229	TGGCGAACCAATCCCTGTAGTAGAG
YDR105C.S1_st	190	128	GATTACCACGATATATAGAGCCCTT
YDR106W.S1_st	157	314	CACTTCATCTACTTTGGGGCCATTA
YDR106W.S1_st	196	253	CCAACTCAGTTCTTAAGGAGAGGGC
YDR107C.S1_st	93	131	CTGTTGGAGTAATCAATGGTAGAAC
YDR107C.S1_st	98	2	CTAAGGTATAGTTGGGACCATGAAC
YDR108W.S1_st	8	255	ATTTCTGTGGCTTCTAGAGGCTCCA
YDR108W.S1_st	122	254	AAGATCTGCTCACGTTCAACCCTGG
YDR109C.S1_st	73	118	CCTACGAAGTAACTGGCACCCTGTC
YDR109C.S1_st	267	123	ATGACCGGACGGCTATCACTAAGGA
YDR110W.S1_st	5	129	CTTCAAGGTCCAGTGTTACGGTTCA
YDR110W.S1_st	252	121	CCGTGTACTAAGAAGTCTCCCGCTT
YDR111C.S1_st	24	127	TTGCGGAACCGTAGCTTGGACTACT
YDR111C.S1_st	206	253	CTGGGCCCTGAATAGTACACGCTTG
YDR113C.S1_st	39	315	ATTTTGTCCTAAGGAGGCTGCCACT
YDR113C.S1_st	177	129	CTTCCGGAGCTAGGACTTCTTGATC
YDR115W.S1_st	131	314	GTGTGGCAACCCTAAACCGAATTAT
YDR115W.S1_st	301	256	ACACAATGCGGGTGTTTGGCCATAC
YDR116C.S1_st	219	123	TAATAGTTCGTGTGTACCGGGGCCA
YDR116C.S1_st	283	120	ACAAGGTCGAAATGTTAGCGTCCAC
YDR117C.S1_st	249	137	ACTTCACGTCCAAGTTCCAGGTGTG
YDR117C.S1_st	290	134	CTATGAGAGAACAAGTTCCGCGGTT
YDR118W.S1_st	77	249	CGCGTAGGGATCACAAAGGTTTTCT
YDR118W.S1_st	98	6	CTACTAAAGTATCGTACGTGGCGCT
YDR119W.S1_st	17	250	CCATGTGCTTAGTCGGGGTTTCAAA
YDR119W.S1_st	22	310	ACAAAATTCGCCTCGGTGGGACAAT
YDR120C.S1_st	20	249	CATCAGCGTCCGGATCCAAGGGATC
YDR120C.S1_st	94	248	TTTCGACAGCAAGCGTGGTTTACTT
YDR121W.S1_st	150	2	GTTCCGCTACGTAATGTCCTGCATC
YDR121W.S1_st	250	123	AACCTGGTATATCCTGTGAGCCGTA
YDR122W.S1_st	35	125	TCCTTCGAAGATCTCGAGGTCGGCC
YDR122W.S1_st	124	4	CCCTGAGGTTCTAGCTAGTACGGTG
YDR123C.S1_st	207	136	CCTCAATGGGTGTTTGTGTCGTCTA
YDR123C.S1_st	244	129	CGGTTATAGCTCCTGCTGGGACACT
YDR124W.S1_st	261	256	ATCTTGTATTTCTCGGCCTGGTGGA
YDR124W.S1_st	273	254	CACTGTGTCTCATAAAGGGGTCCCT
YDR125C.S1_st	51	249	CTACATAGGATCGTTTCCTGGGGAA
YDR125C.S1_st	212	131	CTCAGGGTAGCAACCGTATGTTTCT
YDR126W.S1_st	147	122	TTTCTACTGCGACGACTTGGTGAGG
YDR126W.S1_st	225	128	TTATCGTGTTCATGCGAGGGATCTC
YDR127W.S1_st	95	126	TATAGTTACCGTGCAACAGGGACCT
YDR127W.S1_st	169	134	CATGGTCGGCTGTTTGGTAATCTAC
YDR128W.S1_st	18	96	CTTACGGACTGTAGTTTCAGCTCGA
YDR128W.S1_st	163	121	TGGTGCGATCCAATTCCTGCGTGTT
YDR129C.S1_st	252	106	ATACGTCAGCTGAACCCGTCTCGGT
YDR129C.S1_st	278	123	TACAAGACTTACCATAGCGCGGCCC
YDR130C.S1_st	106	128	TTGACTTAAGGTACGACCGCTTGCT
YDR130C.S1_st	198	310	CCCGGGCCAAATTCTTACCTGAGTA
YDR131C.S1_st	176	312	TGCTCAATGTTGCTACGCGCCAAGG
YDR131C.S1_st	309	115	CTGTTGCTTAGTGGACGCTACCCTA
YDR132C.S1_st	76	244	TTTCAGAGAGACCTTTGACCGGCAC
YDR132C.S1_st	303	134	GGAGACCACGCGGATTCAACTTTTT
YDR135C.S1_st	184	132	CTCTGCTAAGCATGACGAAAGTTCC
YDR135C.S1_st	188	312	AATCTACGGGTTGATTGGCTTCCAC
YDR137W.S1_st	18	1	CTAGCGGATGTTTGGTCTAATGGCC
YDR137W.S1_st	241	115	CTACTCACGTTCAGGCATAGCCACT
YDR138W.S1_st	127	130	CTTCAAAGAAGCGTTCTAGGACTGT
YDR138W.S1_st	201	256	CTACCAAACAAGCTCCTTGGGTCTT
YDR139C.S1_st	282	133	CTCCCTTACGTTGAGGTGAACCATA
YDR139C.S1_st	315	116	CTGTGACTGACCCTTCCTCTAGAGA
YDR140W.S1_st	7	96	CTTACACACGGTCTACAGGGTCCTA
YDR140W.S1_st	220	123	ACTATAGTTGGGTACCCGCGAGCTT
YDR141C.S1_st	48	117	CTTGAGTAAGCAGCGCGACCATCTA
YDR141C.S1_st	269	129	CTACCAGAGGGTAATAATGCTCCGT
YDR142C.S1_st	48	108	ACACCGAAGTTGACGTACCCTACCT
YDR142C.S1_st	62	126	TGTCTGGAATACATCAACGGTGTCC
YDR143C.S1_st	267	242	CGGTTCCAAGTTCGTCAAGCCTGTG
YDR143C.S1_st	291	311	CTTTTAGGGAGAGTTCCGGTTCCAA
YDR144C.S1_st	257	136	TACTTTCATAACAGAGGCCGCCGTT
YDR144C.S1_st	258	128	CGTTGTACAAAAGGTGCCGTCGATT
YDR145W.S1_st	92	130	CTTAATGATAACCTAGAACGGCTGC
YDR145W.S1_st	290	112	CGTGGCCATCGAATATCTAGGTTGT
YDR146C.S1_st	214	130	CTTCTGCGAAACCAACACGTGTCTT
YDR146C.S1_st	295	116	CTTTTCCGCATACGTACAGGGACAC
YDR147W.S1_st	104	255	AACTGAAACTCATGCGTCCGGGATT
YDR147W.S1_st	209	119	CTACTTTGCGTGGAATACCTCGTGT
YDR148C.S1_st	42	122	GCAGGATCCGAACGTACCACAGTTT
YDR148C.S1_st	175	126	GGGCAGCAAGCATTACGTCTCAGTA
YDR150W.S1_st	176	132	CTGAATCGCGTAGCTCTTCCAGGCA
YDR150W.S1_st	224	314	CTTTCTAAAAGGGTAACGGGCCGCT
YDR151C.S1_st	229	256	ATTCCTATGCCGCAACTGAGGTGAA
YDR151C.S1_st	312	254	CTTCAATCCGATGACAGGCATGCCA
YDR152W.S1_st	168	129	CTTCATCGGGAGTTACTGTTGCTTC
YDR152W.S1_st	214	138	CCGAGTAGTACCCTTCGATTGGCCA
YDR153C.S1_st	60	125	TACTAAACGAACTGACCCTACCGGG
YDR153C.S1_st	296	121	ATGAGCGTCCGCAAGAGTATACCTT
YDR155C.S1_st	154	247	TTTCCCTAAGCCGATGCGACCGAGA
YDR155C.S1_st	246	120	CTACAGCTTCGACTACCGGTTGGTT
YDR156W.S1_st	184	123	ATTTGTGCGGACACCAGTAAGTACG
YDR156W.S1_st	255	136	TATCCACAATCACGGTGGCCGCCGT
YDR158W.S1_st	44	126	TCTCAGCGACAAAGGCTACCCGTGT
YDR158W.S1_st	297	115	CTTATGCAGACGCTACGGATGTTTA
YDR159W.S1_st	115	254	ATGGTCGACGTTCAAAATCGCCCTT
YDR159W.S1_st	171	253	CCCTTATTGTGGTGGCTATATGTCA
YDR160W.S1_st	147	253	CTTTTGAAGCTGCAGAACCGGTTAC
YDR160W.S1_st	192	124	TCCGTGGCGGTCAAAAGCTTTAAAC
YDR161W.S1_st	93	240	CTTGTTAGGGCTTCATTCGGACGCA
YDR161W.S1_st	306	121	ACCACTGTGTTGAGTCTTTCGACCA
YDR162C.S1_st	233	123	ATACGCATGCGTCTAAGCTTAGGAG
YDR162C.S1_st	281	136	ACGACAACGGGAGATGCTAAAGCTT
YDR163W.S1_st	255	118	CTCGTACGGTCTAATGATGGTCCTG
YDR163W.S1_st	316	31	ATATGTGGTTGTCCGTAGCTCGTAC
YDR164C.S1_st	164	111	TTTCGTCGTCCAAGAGAGTTCAGTC
YDR164C.S1_st	164	120	CTCTATAGAAATAACCGTCGCTGCT
YDR165W.S1_st	301	129	CTACTTAAGGTTCAGTGGGATCTAT
YDR165W.S1_st	305	119	AGTCGTAAATCGTGGTGGTTCTAAA
YDR166C.S1_st	140	255	CTCCGGTGTAATTCCCGCACGAATG
YDR166C.S1_st	283	310	AACTTTTCCTGTGGCTCCGGTGTAA
YDR167W.S1_st	160	96	CGGACCGCACGTCGTCTAAAGTGTT
YDR167W.S1_st	201	117	CGCGACAACGACTTATGCCCGAGTT
YDR168W.S1_st	16	131	CTTCTCCAGTTTGTATGACGGCTGT
YDR168W.S1_st	49	130	CTTGTCCTGGTACTTCTGCGGTGAT
YDR169C-A.S1_st	204	131	CAGTTCGTTTAACCTTACGGGGTCT
YDR169C-A.S1_st	218	115	GTCTAAGAGTTTGTTCGTGCCGTCT
YDR169C.S1_st	248	122	ATGACGCTGTTCACTCGGTTGAAGT
YDR169C.S1_st	292	117	CTCATCGAAGTGTTGTGGACTTACC
YDR170C.S1_st	207	107	TTGTTCTTTGCTCACGACGACGTCA
YDR170C.S1_st	291	253	CTCTTGCTTCTAAAACGGGTGACAT
YDR171W.S1_st	67	4	GCACGACGGTGCGTAATTCCTGCTT
YDR171W.S1_st	85	315	CTCTTGGCAATTTAAGGGGCACGAC
YDR172W.S1_st	6	250	CTTCCTAGATCCATGGTAGCAACTT
YDR172W.S1_st	268	136	ACTACGGATTGTTTTGGCGACACCT
YDR173C.S1_st	41	238	AACGTGTAAGACTTTATTGCGGCCC
YDR173C.S1_st	135	124	CTGCTGCTGAAGTCCTAGAAACCCA
YDR174W.S1_st	70	257	CCTTCGTCCGAATGTTGCAGCTCAA
YDR174W.S1_st	304	134	CGGCGACTTGGAGGACACCTTTTCT
YDR175C.S1_st	64	255	CCTTTGCGGGACTTCTACGTGGTTT
YDR175C.S1_st	280	110	CGGTCCAGCGCAATACTAGTATGAT
YDR176W.S1_st	109	130	CTTTCGGGTTAACTAAGGTGATCAC
YDR176W.S1_st	221	126	CTGTTTGTTTAGCTGGTCCGAATAC
YDR177W.S1_st	159	26	ATAGTAGTCACTGTCCACGGTAAAC
YDR177W.S1_st	315	117	CTGACGACGTGATACCTGCTCCAAT
YDR178W.S1_st	251	135	CCTCTTAAAAGGTATGACGGTGTCA
YDR178W.S1_st	299	302	CATAATGGGGTCTTTGGTCCACCAC
YDR179C.S1_st	282	248	ATCAAGTTTTAGAAGCCTCGACCCT
YDR179C.S1_st	301	314	CCAATTTATGATTTCTAGGGCTACT
YDR179W-A.S1_st	65	3	CTTGCGAAGTCGTAACCTAGAGATT
YDR179W-A.S1_st	184	254	CTTTCGGATTTACGCTAGGGACCAA
YDR180W.S1_st	161	253	CTTCTTGTTTGTTGAGGGACGTTTC
YDR180W.S1_st	185	130	CTATAGTCATTCAAAAGGCGTGTCA
YDR181C.S1_st	14	249	CGTTATCACGGGAGAACATTGCTTT
YDR181C.S1_st	90	131	CTTTCGAGGAGCTTATAGTTGCGTT
YDR182W-A.S1_st	159	145	AAACACCAGGTTCGATTTTGACGTC
YDR182W-A.S1_st	287	311	TTTTGACGTCCTGACCCGCATTGTG
YDR182W.S1_st	89	116	CGGCCGCCTCTCATACGTAGTTTTT
YDR182W.S1_st	130	77	CTCGATACGATATACGGTCTAGGGA
YDR183W.S1_st	127	257	AATAGCCAGCCTCTCCGATGTTGTT
YDR183W.S1_st	173	133	AGACACTTATGCCTTGCGAAGCGAA
YDR184C.S1_st	65	5	TAACATAGACGTTGCTTCGGACGAT
YDR184C.S1_st	158	153	TTTCCCAATATGACCGTTCCGTAGT
YDR185C.S1_st	19	124	ATCGTATGCACGCTCTCCAGAGGTG
YDR185C.S1_st	293	118	CCTCAACGTTATACTGGAAGGGCGT
YDR186C.S1_st	37	256	CAGTGGGACCTAAATATGCCGCTTC
YDR186C.S1_st	40	256	CCTAGAGAGGGGTTTCTTGCGCTCC
YDR188W.S1_st	33	126	TTTTTGTAGTAAGGTCCGCGACCAC
YDR188W.S1_st	80	247	CTTGAGTCCTAAGCTGGGTAACCTG
YDR189W.S1_st	112	127	TTTACTCTAAAGAGCGGAACCGCGT
YDR189W.S1_st	163	254	CTGTCAATGGATATGTAGCTGGGTT
YDR190C.S1_st	4	256	ATCGGTGCTACCCATGTCTTTGAAG
YDR190C.S1_st	183	131	CTGCTCTAGGCATGGTAATATCTCT
YDR191W.S1_st	158	219	ATGTTACTCCAGGTGGGACTTCCAC
YDR191W.S1_st	314	120	AATAGTTGATTACACGGAGACCGCT
YDR192C.S1_st	104	246	TTACAGTTGCGATTATGCCGGTGGC
YDR192C.S1_st	174	129	CTTAACCGGCTAGAGCGTCTCCTTT
YDR194C.S1_st	78	127	TTAGACTCCAGGATCTCCGTCACTG
YDR194C.S1_st	271	296	CCAAAAGACTTTCCGCGTATGAAGG
YDR194W-A.S1_st	163	128	CTGTGAAACTCCAACGATTAAACGA
YDR194W-A.S1_st	298	117	ACTTCGTAGGTATTCATTTCTGTGA
YDR195W.S1_st	75	256	ATAGGCTCTGATTTCCACCGGGTTA
YDR195W.S1_st	137	245	CCGGCGGTTCTCTTGGGTATCTTAA
YDR196C.S1_st	78	1	CGTAAATTTAGCACTTCGGGATCCC
YDR196C.S1_st	159	3	CGGCATTCACGGTCATCGTAGCAGT
YDR197W.S1_st	132	249	TTCAATTACCCGTGTTCGCGCGATT
YDR197W.S1_st	298	69	CTCGTCGACAGTTAATAGCTAGCTA
YDR198C.S1_st	183	121	AATGGTAATCTACGCCGCTAGTGGA
YDR198C.S1_st	312	129	TCTGCGAATCGCTCAACTGTCTTTT
YDR200C.S1_st	19	1	GTAAGCCAAATCAACGCTGCCGGCA
YDR200C.S1_st	180	117	CGTAAATGACTTTGACTCGTGCCGA
YDR201W.S1_st	28	254	GGAACGCAACCTCCCTTGTCAAAGT
YDR201W.S1_st	161	312	TCTTGGCGACCAATCCTGAGACCCG
YDR202C.S1_st	159	127	TTGTCAGAGTTTCGAAGCTACCGCT
YDR202C.S1_st	316	281	TTGCCACATGTTCAGGTCCTAAGGT
YDR204W.S1_st	2	251	CTCGATTTCTATTGTGAGGGAGGCC
YDR204W.S1_st	125	314	CTTTTGCAAAGAGGCCTGTGATCTC
YDR205W.S1_st	44	123	TCTCAGTCCGTCAAGGCCCGTAAGT
YDR205W.S1_st	148	256	TTTGGTCTAAAGTTGCTGCGGTCCT
YDR206W.S1_st	26	124	TTGAGGCGCATAGTCTTACGGAGCT
YDR206W.S1_st	57	98	TCCACTGGTCATGGTCTGTAGACGC
YDR207C.S1_st	134	230	TGTTCCAGGGCATGACCAACGACCT
YDR207C.S1_st	304	313	CATGGCTCCTTTCTGGCGTGACAAA
YDR208W.S1_st	57	312	TGCTGAATGTTAACCGCCTATGCCG
YDR208W.S1_st	284	127	GTTCAACCACTCACGGTATGGAGGT
YDR210W.S1_st	152	251	CCAGTTGGTTTCCTCCTTTCGACGA
YDR210W.S1_st	232	314	GTTCCAGGTGGCGTTGTCCCAATAG
YDR211W.S1_st	33	313	TTTCTTCCATAACGGTGGCACCTCG
YDR211W.S1_st	162	1	CGTTGAGTTTGTAATCCAGGGTTCC
YDR212W.S1_st	112	257	TTTAATTCCAGGATGGTACGGCGAT
YDR212W.S1_st	115	123	TAAGTGCGACCACAAGAACTCGGTT
YDR213W.S1_st	8	123	AAGAGCTTCCTCAGTGCGTCCACGA
YDR213W.S1_st	274	204	ATTGGCGACACACCGGAAACTCACT
YDR214W.S1_st	109	256	TTTTAAGCTCGAGAAACCGCCGTTG
YDR214W.S1_st	302	134	AGTCCACGGGCTTAGAGTCCACTTT
YDR216W.S1_st	7	6	CGTCACTGTCTGAACGGAGCAAGTC
YDR216W.S1_st	242	255	ACAGGGACCAAATAGGCGTTTACTT
YDR217C.S1_st	120	244	TGCTCCTGTGACCAAAAGTGCTACT
YDR217C.S1_st	136	122	AAACTCGCGTCCATCTTACGAATGT
YDR218C.S1_st	55	256	CCAGCTTCTGGTTTTGTGGAGGCTA
YDR218C.S1_st	309	254	CCGTCGAGGGGTAGTTTTATTCCAG
YDR219C.S1_st	136	311	TTGGGATCACCCAGCTTATGCTTAC
YDR219C.S1_st	231	138	TTTCAACCGTCTTCCTCGCAGAGTT
YDR221W.S1_st	37	120	AGCCACGTCGCTGTTTAAGTTCTAA
YDR221W.S1_st	158	161	ATGCGTCTTGTAAATTTCCGGTGTA
YDR222W.S1_st	70	5	CGTACCAGTCCAGCAATCGAGTCTT
YDR222W.S1_st	303	121	ACACGTCTCGGGTTTTGCAGTACAA
YDR223W.S1_st	155	126	CGAGTTCGAGTCATTCAAGTGCCCT
YDR223W.S1_st	288	133	AGTGTACAAGAAGCCTTCCGGGTTC
YDR224C.S1_st	15	111	TTCGTACGACAGAGACTTCCATGAT
YDR224C.S1_st	258	66	CTTAACCGATTCGTACGACAGAGAC
YDR225W.S1_st	156	247	GTTCCGATGGTTCCGAAGAGTTCTT
YDR225W.S1_st	300	129	CTTCAGACGGTTCCGATGGTTCCGA
YDR226W.S1_st	153	241	TTGGAGGACGATGACAAACCCGACT
YDR226W.S1_st	263	133	CCATCTAATTAAGTGGGTCGGAGAC
YDR227W.S1_st	43	121	CCCTTCGTGCGTAGTCTTTTGTAGA
YDR227W.S1_st	158	123	AAAACAGCTTTCGTCGTAGCCGCGA
YDR228C.S1_st	81	120	CACTGAGAGTTACCCGTCGGAAGTT
YDR228C.S1_st	175	132	CTGCTTCCGAGACATCTGTTGTGAA
YDR229W.S1_st	6	256	CCTCCGCCCGATCTGCTTGATGAAA
YDR229W.S1_st	63	242	TGATGAAACACTACGTCTGCTGGGG
YDR231C.S1_st	120	251	ATTCTCGGGCTGATTCCGGTGCTTA
YDR231C.S1_st	308	111	ACTAGCGCACGACTGTTTAATGAGC
YDR232W.S1_st	214	255	CTAACTCTTAATGGGGTTGCGGTCC
YDR232W.S1_st	241	116	GTCCGCGATGGCGTCGTTAATCTAT
YDR233C.S1_st	74	4	CGTGAAGATTCAACCGGCGACTACA
YDR233C.S1_st	310	104	ACTACGATGACAGCGAGTTCCACAT
YDR234W.S1_st	19	246	TGCCGGGACACTAGAACCTCGTTTT
YDR234W.S1_st	73	314	CTTCCAAGAAACCTGCCGGGACACT
YDR235W.S1_st	16	122	ACACTCAGTATGAAGGGTCTCCTCT
YDR235W.S1_st	282	126	TTTAAACGTGTCTCGCAGAACGGCA
YDR236C.S1_st	34	4	CCCGGTCCCAGTTCAAGTTATAAAA
YDR236C.S1_st	130	1	CCTAGGCGGCTTAACCCATAAGGGT
YDR237W.S1_st	117	5	AGCCGGACTGCCGACTTCTATAGTT
YDR237W.S1_st	178	131	CTTTAGCAGGATGGTTCTTAGTCTC
YDR238C.S1_st	4	131	CCCATAAGATTGTGGTAGTCTCAGC
YDR238C.S1_st	154	6	CTAATATAGTTTGGTCGGTGACGAC
YDR239C.S1_st	84	131	ATGGAGTTCCTGTATGGGCCACTAC
YDR239C.S1_st	171	123	ACGCACACCGTTTGGGACTAAGTCT
YDR240C.S1_st	35	256	TTTGGCCCAAAATACTGCGTCCTAC
YDR240C.S1_st	155	242	TAATGTGATAAAAACGAGTCCGCGG
YDR242W.S1_st	147	251	CTACCCAAAGGTTATCCGGATGTTC
YDR242W.S1_st	204	231	ATGGACATCCATCACAGCTAACGGT
YDR243C.S1_st	7	131	ATTGCAGCCGTTTGTCGAGTCATTA
YDR243C.S1_st	311	241	TTTCGGACAAATACGTTGGTAACCC
YDR244W.S1_st	46	117	CTTCGTTAGGTTCGGATAGTATCCC
YDR244W.S1_st	209	135	CCCACTTAGGATTACTGCTTGAGTA
YDR245W.S1_st	156	244	CGAAGATCTATACACCACCCTGGGG
YDR245W.S1_st	226	123	TCTTGCTAGTTACGTAAGGGTGGCC
YDR246W-A.S1_st	252	314	AGCCTTGGCCCATGTGTTATCCCTA
YDR246W-A.S1_st	284	122	CGTCGAAAGCCGTGCACTCATGCCT
YDR246W.S1_st	155	227	ATATGGAATGCACCCGTACAGGTCG
YDR246W.S1_st	201	103	ACGTGCCACATAAGCGGTAGCGCTC
YDR247W.S1_st	44	315	ACTTTTCAAGCAATCGGGGCAGCTA
YDR247W.S1_st	308	121	CCTTGCGATCTGTGTCTGTGACCTA
YDR248C.S1_st	2	112	CCGTGTGTACGGGACTTAGCCTCAA
YDR248C.S1_st	199	256	CCTCAATGGTCTGTAGTTGCTGCTT
YDR249C.S1_st	101	129	GTTCCTTGACTGGATTCGGGATTCA
YDR249C.S1_st	248	120	TTTACGCCGCCTTCCGGAGTTATGC
YDR251W.S1_st	10	312	AAATCTAGAGTTGTCCCAGGTGGCT
YDR251W.S1_st	275	96	CTATGTCAAAGTCGACGCCGTTGTC
YDR252W.S1_st	52	126	TTACTTGTCTGCCACGAGCTGGTCG
YDR252W.S1_st	302	243	AATTACCCGACATAGGCTCGCATCG
YDR253C.S1_st	24	4	CTGATTTAATGATTGACGCCCACCA
YDR253C.S1_st	114	256	TTTGGTGGCTTCAGGTCGTTTTCGT
YDR254W.S1_st	128	120	CTAAAAGTCGCTCTCGTCCAACGAT
YDR254W.S1_st	249	256	AGTTTCCAAGTCGTTTGCCGCATTA
YDR255C.S1_st	171	127	ATCGCGTGCAACTGACCTGATGCTT
YDR255C.S1_st	223	138	TTTGGTAGTCCCTCAATCGCGTGCA
YDR256C.S1_st	303	136	TGACTTGAAGAAGCGTGTCCACCTT
YDR256C.S1_st	310	134	TACAATTGCCGTTGAAGCCGAGTCT
YDR257C.S1_st	70	247	TTTTCGAGACAGTTTGCAGGAACGC
YDR257C.S1_st	102	256	AATACTTCGCAGATCGGCTAATGGG
YDR258C.S1_st	111	248	CTTCCATTCGACTGGCTAAGGGATC
YDR258C.S1_st	271	134	ACCGATTGACTGTTTCCGATGCTAG
YDR259C.S1_st	80	129	CTCTGTGAGCCTATCACGGTGCATT
YDR259C.S1_st	277	132	CTCTTATTTGCGAAGGTGCGACTTA
YDR260C.S1_st	176	119	CTTAAGATTACATGCGCTCTCGCGA
YDR260C.S1_st	179	137	AGTTCTATATGACCGCGAAGGCCTG
YDR261C-D.S1_s_st	135	128	TTCGAATTCTACGTTATGCTGTGGT
YDR261C-D.S1_s_st	268	110	CGAATTCTACGTTATGCTGTGGTTC
YDR261C.S1_st	41	257	ACAAATGGTGGTTGCTGTTCGGTCA
YDR261C.S1_st	194	256	ACCTTCTGGCTTCTGCGGCATCTTA
YDR261W-B.S1_s_st	56	249	TTATACCGTGTTTTCGTTTGGACAA
YDR261W-B.S1_s_st	117	249	CGTGTTTTCGTTTGGACAATTCGGT
YDR262W.S1_st	1	130	CTACCACGGTGGCTCTTCCTTGAAC
YDR262W.S1_st	201	120	ATAATACATCGAAGGAGGTCTCTGC
YDR263C.S1_st	59	110	ATAAATATACTGGAGTGGTCGTCGC
YDR263C.S1_st	303	128	CGTTGGCGATCACCTATGCGTCCTG
YDR264C.S1_st	158	178	TGAGGTCTTCCTAAACGCGGCAGCT
YDR264C.S1_st	272	131	CTCTCATTCAGGTAACCGGGGCTAC
YDR265W.S1_st	52	94	TTGTACTCACTAGGATCGACGCGCG
YDR265W.S1_st	178	134	CCTTTAAGACCAGGACGCCGTTATC
YDR266C.S1_st	71	131	CTTTTCAGGAAGTCGCAGCATACTA
YDR266C.S1_st	186	255	ATACTAGGGAAACGTTGGTGGCATT
YDR267C.S1_st	98	110	TATGAACGTTGTCCGCCACTGCTGC
YDR267C.S1_st	181	308	TTCGCTGCTAAGGTGACATGCCCAT
YDR268W.S1_st	15	296	ATTTAGATGTGTGCAAGGACAACCG
YDR268W.S1_st	91	68	ACAGCAACTTAGACCGTACGCGTTT
YDR270W.S1_st	9	6	CTACCGTAAGTCGAGCCAGTCACAG
YDR270W.S1_st	118	315	AGTTCCGAAAAAAGATGCGCCCGAT
YDR272W.S1_st	191	135	AGATAGAATCTTTGACACCCGTCCG
YDR272W.S1_st	256	253	CTAATGAACATAATCCTGCGGGACG
YDR273W.S1_st	44	310	ATCCAATGGACGGTTCCTGCTGCCA
YDR273W.S1_st	66	128	CATTATGACTTCACGGCCTCCGAGT
YDR275W.S1_st	177	133	CCATGATAGAAACTGCACCGTGACG
YDR275W.S1_st	265	314	TTCTGGTCACCAGGGTATTCGCCTT
YDR276C.S1_st	53	1	AGCGGCAAAAAGATCGGGCACCCAC
YDR276C.S1_st	86	1	ACTGGTAAAACCGAACCAAGGGTCC
YDR277C.S1_st	73	245	CTTCGGCAGTACTTAAACAGCTTTG
YDR277C.S1_st	146	5	CTATACCAGCGTTACAGTCCGTGTT
YDR279W.S1_st	82	251	ATCAAAGGGACTAAGGTTCCCGCCG
YDR279W.S1_st	133	256	GTTCCCGCCGGATGGTATTAAATGA
YDR280W.S1_st	51	82	TTCCTGATACATAGCAACGACCGTC
YDR280W.S1_st	105	229	AAATGGTTACCTACGCAACTGCGAT
YDR281C.S1_st	54	118	CTGTCCGTCTCAAAAGACTGCGTGT
YDR281C.S1_st	159	312	ATTGCGGCAAGATCCCAAAGAGCTC
YDR282C.S1_st	90	115	ATGACGAGTCTTGGGTGCTTACTAC
YDR282C.S1_st	160	127	CGTTCGACCTGATAAGATGCCTGCT
YDR283C.S1_st	27	251	ATTGAGCTGAGGATCTTCGAAACGG
YDR283C.S1_st	303	113	TGTCGTCACGGCCATCATCAGTTCT
YDR284C.S1_st	226	122	CCTGCTAAGTCTACAGTGGGACCTC
YDR284C.S1_st	301	104	TCCTTCGTCAGTGGGTAGTCTCCTA
YDR285W.S1_st	48	1	ACTGCTGGATCTCAATTGGTTGGGA
YDR285W.S1_st	188	134	TCCACGTTAGCGTTTTCTCCCTTAA
YDR286C.S1_st	92	247	TTTCAACCACTAGGATTCAGCACGT
YDR286C.S1_st	243	110	AGGATTCAGCACGTGGTTCTAGGAC
YDR287W.S1_st	18	312	TTGAATGATTCACTCAGGCCGCGGA
YDR287W.S1_st	194	126	CGCGGAAACAAGTGCCCAAGTCTTC
YDR288W.S1_st	30	127	TTTAGTTACGGACTCGGTGACCCTG
YDR288W.S1_st	163	103	AGTCCGACTCGAACCTGATCTCAGA
YDR289C.S1_st	221	129	CTACTGCGATTACTGTATGGCCTTT
YDR289C.S1_st	283	108	TTGACGTTTCGTGTGACCTGCTACT
YDR291W.S1_st	107	120	CTACAGGACTGACACATCGCCGAAG
YDR291W.S1_st	132	248	TTATAAGATACTAAGGTTCCCGCCA
YDR292C.S1_st	9	257	CGCACCCTGTTTGGATATGGCTAAA
YDR292C.S1_st	266	130	CTTCAGAAAGCGACTGGTTCGGTTC
YDR293C.S1_st	223	120	AACCTTAACGTAACCGTCGGGCCGC
YDR293C.S1_st	264	119	CTTGTTTAAGTCTAGGTGTCGGCGA
YDR294C.S1_st	185	254	AAAGTTACGGGATGTTTTCGGCCAA
YDR294C.S1_st	265	253	CATTTAGGACGAACCTGACCGCCCA
YDR295C.S1_st	55	255	CAGGTCCACCTTTTTCGACGGCGTT
YDR295C.S1_st	240	128	CTTAGAAGTTTTCGGCGTCTCAGGC
YDR296W.S1_st	109	313	TTGCCCGTGCAGACCATATCGCCTG
YDR296W.S1_st	259	110	CTCTATGGAGGCACTACACCGTGTC
YDR297W.S1_st	133	257	CCTTGGCCATAACGGTACTGCAATT
YDR297W.S1_st	221	118	ACTGGTGACACCCATACGAAACGGT
YDR298C.S1_st	205	115	ATTCTCGACGACGAAGGTTTCGACG
YDR298C.S1_st	211	117	CTGATCACGACTTGGTAACCTAGGA
YDR299W.S1_st	145	2	ATAGCTATGATTCCGAAGGTTCCCA
YDR299W.S1_st	209	115	TCTGACACGATTACCGTCCGATGGT
YDR300C.S1_st	100	250	CTCTTTTAAACCGTAAGGGTGGAGC
YDR300C.S1_st	310	253	CCACGCATGCGTCGGAATTGTTCCT
YDR301W.S1_st	194	253	CACCAAATTTGGGAGCGTACCTTTC
YDR301W.S1_st	259	128	GTTACTCTAGAAATACGGTCCCATT
YDR302W.S1_st	143	6	ATCTAGTACTAGCAGGTGGACACAT
YDR302W.S1_st	287	114	CTTTGGACCGACAACAGTGACGTAA
YDR303C.S1_st	66	91	TCGTCGAGGACAACTATCGCTGCGT
YDR303C.S1_st	168	123	ATTACCTCAAAATCCGCGTCGTCGA
YDR304C.S1_st	141	102	CCACCGCTAAAGTGAGTGTCTAGTC
YDR304C.S1_st	308	116	CTCTAGTGTGTGTTCCAGATGAAAC
YDR305C.S1_st	69	103	CTGTACATGACTAGCAAGGTGACTC
YDR305C.S1_st	85	256	CCCTACTTGAGAGTGTTCCAGGATT
YDR306C.S1_st	145	117	ATCTTACGTCGCCTAGGAACCCTAA
YDR306C.S1_st	175	135	CCGACGGGACGGATTTCTTATAAAC
YDR307W.S1_st	64	129	CTTAGGCACCTGTTGACGACTTGGA
YDR307W.S1_st	308	129	CCCGGCGAAACTCGTTCTTCAGGAT
YDR308C.S1_st	53	126	TTACTTGGAGTCTACAGGCTATTCG
YDR308C.S1_st	132	6	CTACAGGCTATTCGTACGGTGTCAT
YDR309C.S1_st	189	253	CTTTCCTAGGGACGATTAGCACTTT
YDR309C.S1_st	256	254	ATAGCATCGGAAAATCTCTGGGGTT
YDR310C.S1_st	88	240	TTTGTGACGGCCGTAACCCAGTCCT
YDR310C.S1_st	266	123	ATGCTGGAGACGCTGTTACACTGGT
YDR311W.S1_st	130	313	GTTTTCGTTCGGTCATGGCAGTTTT
YDR311W.S1_st	222	111	ATCTTACGATGTGTGTTGCACGACA
YDR312W.S1_st	273	137	CCGTTTTGTAAGAGTTTGAAGCGAC
YDR312W.S1_st	298	313	AAGCGACAGCGTTTTTTGTGGGCAA
YDR313C.S1_st	9	2	CTGAGGCATTTTCTTTCGGGACGGA
YDR313C.S1_st	261	315	CTTGACCAAAGTGTTTTCCCGCGTT
YDR314C.S1_st	167	257	TTACTTCAGAGGATTTATGGGGTCG
YDR314C.S1_st	171	257	ATTTCATGATGACCCTGAGAGCAAG
YDR315C.S1_st	271	96	ACTGTGAGTCTCTGCACTGTACAAA
YDR315C.S1_st	293	31	CGGTACGTACTCATGAACGCGTTAC
YDR316W-B.S1_s_st	173	137	ACGTCTGCATTACTGGTTTGGAGAA
YDR316W-B.S1_s_st	254	104	CTTCATAGTCCTTTAGTAGACGTGC
YDR316W.S1_st	169	253	CTTTCCATTCGGGAGAGATCTCTTA
YDR316W.S1_st	181	257	AACACAAGGGTACTTCTAGGCCAAT
YDR317W.S1_st	69	119	CGTAATAATCCTATGCGACAGGGTC
YDR317W.S1_st	143	2	ATAAAACTCCGGTCCAGGCTACACA
YDR318W.S1_st	50	248	TTCAGAAGTCGCTTGCCTGTAGGGT
YDR318W.S1_st	150	234	TTTTCTCAGAAGGACGTTGAACACC
YDR319C.S1_st	73	3	TGTAGTCGACTTTTCACGGCAGATC
YDR319C.S1_st	165	138	TATTCACCCATGCTCGAACGGAACG
YDR320C-A.S1_st	44	121	CCTCTTGGGAGTACTTGTTCACGTC
YDR320C-A.S1_st	197	129	CTCTCGCACCGTTAAGAATTGGTCC
YDR320C.S1_st	191	92	CGACATCGGTTCTGTGTAGGACTAT
YDR320C.S1_st	238	134	ATTCTATGGTCTCAGGAACAGGGAC
YDR321W.S1_st	114	122	GGTACCCACGACCAAGTAACGGCCT
YDR321W.S1_st	306	136	ATAATAGGAGGACACTTTGGCGTTC
YDR322C-A.S1_st	49	242	TTGAGGATTTCTACACGGACGCTTG
YDR322C-A.S1_st	314	296	AATTGCGGCAACTTAGGGACTTCCT
YDR322W.S1_st	9	250	TTATACCGGATGGTGGACCTTCCCA
YDR322W.S1_st	296	254	CCATAAGTCTGTTGGGAATTAGCTC
YDR323C.S1_st	174	242	CGAAGGCCGTTAAAACTTGGGTCTC
YDR323C.S1_st	197	121	GCAAGTTAGCTTCGACCCACTGGTA
YDR324C.S1_st	220	313	CTTTGCTTCTTTCGAGGCCAGTGAA
YDR324C.S1_st	312	126	GCTTCCCGATTGATAGTGTCTACTT
YDR325W.S1_st	21	121	CTCTTGTTGTGACGCTTACTGGTTA
YDR325W.S1_st	106	120	CTAAGTCTCAGAAAGTCGCTCCAGA
YDR326C.S1_st	188	315	TTATAATATTTTCTACGGGCGGCAT
YDR326C.S1_st	225	254	CTACGGGCGGCATTTCTGAGCTTAT
YDR328C.S1_st	71	129	CGCCTCTCTAGGGACGATAACTTTT
YDR328C.S1_st	190	129	CAGTTGCTGAAGTGAGGTCTCCTCC
YDR329C.S1_st	159	192	ACTTGCTTATGGACCGGTGAGACCT
YDR329C.S1_st	282	246	TTACGAAGTTTGTTGACGGCCCAGA
YDR330W.S1_st	22	257	ATCCCAACAAGGGTAAGGTCTCGTT
YDR330W.S1_st	88	241	TTTAAGCATGGCCACTACCGAGGTC
YDR331W.S1_st	218	257	TAAACCGGAACCTCTGAATGGCGTT
YDR331W.S1_st	251	127	CATGAGCGTAGTGAGCCTGCATCTT
YDR332W.S1_st	3	249	CTGCTTTCCTCTACGAAGGTTGAAT
YDR332W.S1_st	289	117	CTACTTGAGTGTTATAGGCACCCAC
YDR333C.S1_st	168	255	ATTTCCGTATATACCGGGCGAAGGG
YDR333C.S1_st	178	121	CTCCTCAGAAGACATTACCGACGTT
YDR334W.S1_st	172	114	AACTACTCATACTCCCGTGACGGGT
YDR334W.S1_st	249	120	CTACACCGTCGGTTTCTAGGGTCTG
YDR335W.S1_st	80	314	CTAACCCAATTTAGGTGGTCACCCT
YDR335W.S1_st	158	28	TTACACCTGGTACGTCCGCTACTCT
YDR336W.S1_st	1	248	CTTTTCAGTGAAACGTCATGGAGGA
YDR336W.S1_st	129	251	CCCTTCAGGAGATAGAACTTGTTGT
YDR337W.S1_st	125	121	ATAATCAGGTCGTTTCCGTCCGTTA
YDR337W.S1_st	211	118	CTGTCTGCACTTCGGTAGAACTCTT
YDR338C.S1_st	96	4	CCCAGTTCCGTACGTTAGAGATCCT
YDR338C.S1_st	182	138	ACTACTTTTGTGTCGGGAGAATCCC
YDR339C.S1_st	41	248	TTCGACAAGCGTGTTCCCATGCATG
YDR339C.S1_st	202	133	CATCGATGTTTGCTACGGCCGGACT
YDR341C.S1_st	147	3	CTAATCTGACGATCCGGTTATGGGG
YDR341C.S1_st	153	248	TTCTTAATCGTTGACGGGCAGACCG
YDR342C.S1_s_st	146	126	GATACGAAGGCACCCACAGTGGTCT
YDR342C.S1_s_st	154	235	TTCTCCACGGTTGATGCTGCGACTT
YDR345C.S1_st	23	4	ATTACCAAGTAGGTTCCCACGACCA
YDR345C.S1_st	92	106	CTCCACGATTGATGCTACGACTACG
YDR346C.S1_st	96	315	ACACCTCCCAGGCAACTTGTTGGAT
YDR346C.S1_st	200	309	CTTTTAAGTGCCACATCGAACCTGG
YDR347W.S1_st	110	315	TTATGCATGTTACGCCCTTGAGGGA
YDR347W.S1_st	230	128	TTAGAACGATATAGTCCGCTGCCCA
YDR348C.S1_st	187	130	CTCCTAGGCCACTATCGTTACGGGG
YDR348C.S1_st	290	135	ATATGATGACTAAAGCTGCCGGTTC
YDR349C.S1_st	137	121	ATGGCGCAGGTGATAGTAGTTCTTC
YDR349C.S1_st	280	120	CTAGGTCGACCTGTACATTGAGCAT
YDR350C.S1_st	83	127	TTCTCGTGCGAGGACCATGTTATTC
YDR350C.S1_st	155	240	TTCGAGCACTTGGTTCCGACCGGAT
YDR351W.S1_st	47	249	TTAGGGTCTCCTTAACAACGGGTAG
YDR351W.S1_st	183	98	CTATGTCTACTGCACGAAGTCACTT
YDR352W.S1_st	39	7	TATTCATGTCGATCGCGTATAGGCG
YDR352W.S1_st	304	110	GTCGGTCGACCCATGTTAAAATAGA
YDR353W.S1_st	72	130	CTTCTTTGGCTAAACGGTCAGTCGC
YDR353W.S1_st	242	121	CAGCTGTGACTACTTCGCCCGATGT
YDR354W.S1_st	74	128	TTCCGTCGGCGAAACCATATAGGTC
YDR354W.S1_st	291	247	CTTCACACGAAGTATGCCGGGATTT
YDR356W.S1_st	17	254	CTTCTCCAGGGATAAAGCTTGCGGC
YDR356W.S1_st	206	254	CTGGGCAGCAAATTCTAACCTGTGT
YDR357C.S1_st	158	125	TCAGTAAGGTCTCTCAGCCGAAGCC
YDR357C.S1_st	219	314	GTTATCGAATTTTTTCCCGCGGTCA
YDR358W.S1_st	93	249	CTTCCGATTAATGACGTGGTTCCCA
YDR358W.S1_st	123	248	GTTTGTCTAACGAAGGCATCTCCCA
YDR359C.S1_st	142	103	CCTCCTCAGGTCAGTACACGTCGTT
YDR359C.S1_st	162	132	CTATTTCAGTGGTTGAGGTGTCCTC
YDR361C.S1_st	16	2	CGTCTAAACTAGGATCCAAGGGGTT
YDR361C.S1_st	165	129	CTGATGAAAGTACTCCTCCTGGCTA
YDR362C.S1_st	216	126	GTCAAGTAGGAAATCACAGCGCTCT
YDR362C.S1_st	305	122	CGCTCTCTGCTGGTATTGCCGGTAA
YDR363W-A.S1_st	281	130	CTTCAACTGCTGCTAAAGTGGTTAC
YDR363W-A.S1_st	298	119	CAACGACGACGTGTTCGGGTTTCAT
YDR363W.S1_st	145	247	TTTTGAAGACGTTCTCCCACCGAGA
YDR363W.S1_st	251	110	CTCTTAGCGAGAGTACCCAGTTCTA
YDR364C.S1_st	51	118	CTACCAGCAATGTATACAAGTCCGC
YDR364C.S1_st	256	123	ATTTCAGTAAACGTCGCCTCGCCGT
YDR365C.S1_st	195	133	CTAGTGCTAAAACGATAGCTGGGCT
YDR365C.S1_st	309	133	CTACTATGGCTTTGAGTCCCGTGTT
YDR366C.S1_st	15	1	CCAATGTTAACCATCAAGGAGGGAC
YDR366C.S1_st	47	118	CTAGTGAATATGTCGAAATGTGTCT
YDR367W.S1_st	10	254	CCAAGTGGAACCTTCTGTGACGATT
YDR367W.S1_st	65	235	AAATCGTAACAAGTGCCCAGTAGGC
YDR368W.S1_st	159	183	CGGTCACGGAAACTTTTGGCTGTCT
YDR368W.S1_st	283	135	CAACTTCGGATGAGTGGTAAACCCT
YDR369C.S1_st	181	118	CAACAAGTCCATGACGTCGGTCGCA
YDR369C.S1_st	227	106	ATCTGTGTCATCTTCGCGTTGATCA
YDR370C.S1_st	25	118	CTACGTAAGTTAGGACAAAGCCTCT
YDR370C.S1_st	189	130	CTGTAAGTTACCATGAGTTCCCTGA
YDR371W.S1_st	139	246	GTGTATTGTTAAATCCGCCTCCGAA
YDR371W.S1_st	157	305	TAAAAGTTTCCTCACCCGTTCGGGT
YDR372C.S1_st	242	257	AAAACAAACTGTACCGCTGTGTGGG
YDR372C.S1_st	272	120	CTGCGGTCGACGTTTCTTCGGTAAT
YDR373W.S1_st	148	251	CTCCCTAACGGGATCACCGGTTGAT
YDR373W.S1_st	297	129	CTACCAATGTAATGCGACCTGCTTA
YDR374C.S1_st	71	1	CGAATTAAGCCCTCGGTTTCACAAA
YDR374C.S1_st	198	154	TTTGGTTCCATAAACGTCGTCAGTT
YDR375C.S1_st	98	253	CGAAATAGGTCCGAAATCGCCCGCT
YDR375C.S1_st	159	161	ATGACCTTCTATAACTGCGCCGCAA
YDR376W.S1_st	145	116	AGTCGCCTCGCGATAGGAATCTCTT
YDR376W.S1_st	261	105	ATTATAGTTCGTGTGGTGTACCTTC
YDR377W.S1_st	68	236	TATTCAGAAACGGAGTTCCTGGTCG
YDR377W.S1_st	227	113	CGATTGTGATCTAACCGGTCTATGT
YDR378C.S1_st	206	132	CTACAGGCCTTTTCGAAGATGTCTC
YDR378C.S1_st	314	133	GGAGCCCAAATGAGATGTCGCCTTC
YDR379C-A.S1_st	196	303	GTAACTTGTGAACAATGCCCAGCCT
YDR379C-A.S1_st	233	257	ATATCCCGAAGGTATGCTTGCCGAG
YDR379W.S1_st	60	255	CTCTCCGATGGTAATTTGTTGCTGT
YDR379W.S1_st	130	256	ATAGGTGCTAAAACTGCCGCTCTTT
YDR380W.S1_st	8	254	CTAAAGGGGCTTGTCGATTTCACGT
YDR380W.S1_st	294	110	CGTACCAACTTCGTCGCCGTGAATT
YDR381C-A.S1_st	113	315	CGATTTAAATATGGTTTCCGCGCCC
YDR381C-A.S1_st	296	239	AAATGATATGTAAAGACGTCGGCCC
YDR381W.S1_st	161	257	CATCGGTTGCATCCTCGGAAGGTTT
YDR381W.S1_st	203	127	TTTGCGTCAGCGATCTCAACGGTTC
YDR382W.S1_st	21	122	GCGACTGTAGTTCCGGCAGCAGCTT
YDR382W.S1_st	156	243	ACCAAGTTCCACCATTGCGACGGGG
YDR383C.S1_st	239	24	ACTCTCGGTCAGTTAGCGTCGTCTA
YDR383C.S1_st	274	96	CTTCTACACAACTTCGACGGCGTCT
YDR384C.S1_st	30	157	CGCCCAAGACCTAGACGATGCCAAT
YDR384C.S1_st	199	137	CCGATATGGCTAGGGTGTTACAACT
YDR385W.S1_s_st	81	255	CTCCACCACCAGTTTAGTAGGGTTG
YDR385W.S1_s_st	304	310	CCTGGGTTGGAGATTCCGACCACTT
YDR386W.S1_st	68	256	CCGTATATTTTGCACGAGGAGCCTT
YDR386W.S1_st	160	312	TTTCCACGAAGATGTCAAAGCAGCT
YDR387C.S1_st	128	124	GTACATGTGGTACCTGAGAAACCCT
YDR387C.S1_st	158	47	GTCGTATACGAAGACGCTACCCGTC
YDR388W.S1_st	36	126	TATCTTTAACAGGTCGCATGAGGCC
YDR388W.S1_st	112	255	AAAGGACCCTTGATGCACGTTGAGT
YDR389W.S1_st	187	111	CTGTTACCGCTGAATTGACGATGAC
YDR389W.S1_st	265	120	CCTCTTGAGTAGTCTGGATGTCTGA
YDR390C.S1_st	141	308	ATGAACGTCGAATGGCCTGCAACTT
YDR390C.S1_st	186	120	CTATGACTCTAAAGACTCCGCGGGT
YDR391C.S1_st	13	128	CTTTTAACGCGGTAACAGGAACTTC
YDR391C.S1_st	245	113	ACGACAACGTCACACCTCAGAAGGT
YDR392W.S1_st	2	248	CTCCGTATCCCGAAACTGGTTGAAA
YDR392W.S1_st	127	254	CCTTCGGACCTCTCATGATGTTTGT
YDR393W.S1_st	78	128	TTAGCTGTCCGGACTTCAACGTTGC
YDR393W.S1_st	240	312	TTTTAGGCTTCTTGTAGGTGGACCC
YDR394W.S1_st	96	253	CTGCAGAAATCTGAGCGGTCCCTTT
YDR394W.S1_st	272	130	CTCCATCTAAGGTAACGGTGTTTCG
YDR395W.S1_st	65	250	CTTCAAGGATTATCACAGTCGGGTG
YDR395W.S1_st	239	255	TTTGGCACTACGACAATGGCTCCCG
YDR397C.S1_st	67	103	CTTTAGTAGTAGTTGAGGCCGTATC
YDR397C.S1_st	281	119	CTTCTCGACGATGCTGTTGTTCTCC
YDR398W.S1_st	80	254	CTCCTAACGTTCTGTTTGGGTGGCA
YDR398W.S1_st	282	128	CTTCTTGAGCTACTACGGCCGGAAT
YDR399W.S1_st	90	254	CTAGATCAGCCGTTCTTGCAAGAAT
YDR399W.S1_st	267	253	CAACTGCTTCAGCTACTGTGGGCAT
YDR400W.S1_st	117	314	GTTCCTAAACTTAGCCCGGGTGGAT
YDR400W.S1_st	246	118	CCTAACTAGGACTGCGTCGCTTAAT
YDR402C.S1_st	252	131	ACCGGTACTTTTGGGCGTCAACGAT
YDR402C.S1_st	288	312	GTTCCCGCATATACAGCCCATGTTG
YDR403W.S1_st	65	4	CTTAAAGATAAGTACGCGTGTGATT
YDR403W.S1_st	112	313	TTTTCATCAGTTCCTCCGAGAGCTT
YDR404C.S1_st	45	311	CCCAGGCGGCTCAAGTTGCACTTTA
YDR404C.S1_st	136	127	GTTTCAAGGCTCCTACAGTAGTGGT
YDR405W.S1_st	108	256	CTTCTTGGGAAGTAAACCGGGCTTC
YDR405W.S1_st	220	255	GTTTCAGATGAAAGGGTTCCGGTCC
YDR406W.S1_st	107	5	TCGACGACCAGTTGAGGTACTCTCT
YDR406W.S1_st	316	242	CTTGTCCGATGAACTCACTGGGCAG
YDR407C.S1_st	232	134	ACCTTTAATTGGTGTCTGGTTAGAC
YDR407C.S1_st	273	255	TACCAGATGTGCTATATGGGGCCCT
YDR408C.S1_st	4	250	CCCGGTTCCGTTCTAGGGTCAAACT
YDR408C.S1_st	298	115	CGTTCGGAACTAGCTACGGGTTTTC
YDR409W.S1_st	142	120	CTAAGGGACTAAGTTGTAACGCACC
YDR409W.S1_st	176	257	ATTCCGGAGGGTATTTAAGGTTGTC
YDR410C.S1_st	26	96	AACGATACGTATGACGCCCTGTAAG
YDR410C.S1_st	129	313	TTTGACCGCAAATGAGGACCAGTTC
YDR411C.S1_st	105	123	ATATACGAGCGTATTGCCCACGGGT
YDR411C.S1_st	168	117	CCAGCTAGCTGTTACGGTTGCACGT
YDR412W.S1_st	170	255	ATCTCGGTGGTTTATGCGCTTCAAA
YDR412W.S1_st	179	118	CTTAGACTACTTAGGACCGTGCCCA
YDR414C.S1_st	172	128	CTTATGGCAAATGACGTGCTTCGTT
YDR414C.S1_st	244	133	CTAGGTCTAGGTTTTCACGGCAGTG
YDR415C.S1_st	37	243	TAACTTGAGCCCAGTACCAGGCGAA
YDR415C.S1_st	231	314	CCCTCACGGTGGTCTTTGCCTAAAG
YDR416W.S1_st	91	245	TTGTAATTGAAGCACCGCCGTCGTT
YDR416W.S1_st	102	250	CTTACACATAAAGGTTCCGGCTCAG
YDR418W.S1_st	119	3	ATAGCGGTTCCGGTGGTTCCTTAAG
YDR418W.S1_st	141	256	ATTCTTGCAGTTCGTATCGCCATTG
YDR419W.S1_st	128	244	TAGTCCAGGTCAACGCATGTTCCCG
YDR419W.S1_st	281	253	CCTTTTTTGATGGTCGAGCTTTCGA
YDR420W.S1_st	242	97	CTCCTCAGGTATAGTCCGTAAGATC
YDR420W.S1_st	296	126	GATTTGAAGTACCTGATCCGTGACT
YDR421W.S1_st	183	255	ACTTGGGAGCCTTTCCGGAAACTGC
YDR421W.S1_st	314	135	GAGTGACCTCCCTGTTCTGAATTGA
YDR422C.S1_st	6	7	CTCTAAGACTACTGCACGTAGGGGT
YDR422C.S1_st	152	253	ATATGGGGTGCACTTAAACTTGGTA
YDR423C.S1_st	15	248	AGACTTGCGGACTGGCGACTTTTTT
YDR423C.S1_st	278	96	CTTGTGTAATCGTCGCGGTATAGCT
YDR424C.S1_st	111	254	CTTGAAACCCTCGATGCACTGTGTG
YDR424C.S1_st	301	120	AGACTGTATTGGCTGTTCGACTTTC
YDR425W.S1_st	183	134	CCGACGACTGGACTGTAAACAATTT
YDR425W.S1_st	291	131	CTGCATTCTAGCGATAGCTTCAGTT
YDR427W.S1_st	82	297	ATAATTTACGAGATTGGCAACCACT
YDR427W.S1_st	124	119	CTATTACAGCTTGTGGACCAGTACT
YDR428C.S1_st	244	132	CTCGGGAGCTCTCATTACGGAATGC
YDR428C.S1_st	315	163	CACCCTGTAAGGCAACCTCGATGGA
YDR429C.S1_st	31	250	CTTCTCAATAACAAGGGTAAGCGTG
YDR429C.S1_st	265	312	TTCAACCGCCTCGACCAAGGTAGGG
YDR430C.S1_st	17	257	ACCTGCAAGTATCTCAGCGGCTTTT
YDR430C.S1_st	98	251	CTTCTGACAAAGTGGTTTAACCCTC
YDR432W.S1_st	103	206	ATGCCACCGATAAGGTCTCCACCGA
YDR432W.S1_st	158	233	AAGTCTCCGCCAAAGAGGTCTCCGC
YDR434W.S1_st	180	116	CTATAGCAGACCTTGTTACGGGACG
YDR434W.S1_st	219	120	ATAATCCGGGTTATAGCCGTCAGTA
YDR435C.S1_st	159	181	CTAGGTTAACCACCAAGAGTTGGCT
YDR435C.S1_st	159	212	TTGGCTTACTGGCTAAACCGCGGTA
YDR436W.S1_st	250	132	ATCCGTGCAATCATCCGGGTGGCTA
YDR436W.S1_st	283	311	ATCAATGTCACAAAAGCCGAGGGTT
YDR437W.S1_st	51	6	ACTATTGCTGGTATGGTCGTGTATC
YDR437W.S1_st	268	137	ACTTCTATGTAATTGTGGCGGCGAT
YDR438W.S1_st	118	127	AGTAAAACTGTAGTGGGAACCACCA
YDR438W.S1_st	299	239	ATCCATTGTGAAATCGTGACGACCC
YDR439W.S1_st	51	315	GTTCCTCAAGATGGCAATTACGTTT
YDR439W.S1_st	266	314	CTTGCTGCCCTAATGTTTCGACTTT
YDR440W.S1_st	134	120	AAGTCGGGACGACGTTCTCCATCCT
YDR440W.S1_st	159	206	TGTCCCAGCGACTTGATTAAGGAGT
YDR441C.S1_st	45	122	ACGCCCGCTGGAATAGTCTGTTCAC
YDR441C.S1_st	86	245	TCAAGTGACTGAAAGGGTATCTCCC
YDR443C.S1_st	48	126	GACCGACGAGATTTGCACACCATGC
YDR443C.S1_st	254	111	CTACTTGTGAGAACACGTGTGGTCT
YDR444W.S1_st	159	54	CTGTCGACGGTATGGTCTAGTCCTC
YDR444W.S1_st	187	315	CCTCATATAGTTTTTGGGCCGACAT
YDR446W.S1_st	104	6	GTCGCATCGACTAAGCTGTAACCTC
YDR446W.S1_st	228	134	CTAGAAAGGTCTCTGCTCTTCGGAA
YDR447C.S1_s_st	60	2	AAACCTGAACAGAGCAAGATTGCCA
YDR447C.S1_s_st	202	257	CATCTCAATCTTGGTTCTGGCAGTT
YDR447C.S1_st	65	304	TTCTGGCAGTTTGCACGGAGGTTCC
YDR447C.S1_st	197	138	AGTAGTTGCAAAGGCGAGTTTCTCT
YDR448W.S1_st	77	247	TCTTTAAACCGCGAAGATGCCGCCG
YDR448W.S1_st	227	139	ATCCAGCTTGCGTCTTATGTCGGTT
YDR449C.S1_st	217	81	CTATCGCGTAGCCACTTCAGTAACT
YDR449C.S1_st	315	118	CTCCGTCTGTAGTCGCATGATCCAT
YDR450W.S1_st	164	118	CTTTTAGTCTCGAGTAGCACCATAG
YDR450W.S1_st	281	75	AGTCTCGAGTAGCACCATAGTCTGT
YDR451C.S1_st	5	254	CTGCGACGCAACCTTTAATGGAGAT
YDR451C.S1_st	316	259	TTACGAGCCAATCGAGCAGCCTTTT
YDR452W.S1_st	20	250	ATTCGGGACCCTACTTAAAAAGCTC
YDR452W.S1_st	236	130	CTGTTTATGCTTGAGCCGGGACGTA
YDR453C.S1_st	12	128	CTCTAACAACGCAAAAGGCTACGGC
YDR453C.S1_st	85	250	CTTTAAGCTTCTAGTCCCGCGGGTT
YDR454C.S1_st	164	305	TTACCCGCGTTAAGAGGCCATTGAT
YDR454C.S1_st	170	121	AATTCGCGGCGAGTTCGACTTAACC
YDR456W.S1_st	69	129	CTAAACCCGGGTATAAGACTGTTGT
YDR456W.S1_st	212	257	ATTGGGCCGTTCCAGAAGATACCTA
YDR457W.S1_st	141	309	CTTGATTCGCCACAGTTGCCACAAA
YDR457W.S1_st	277	133	CCGTCAATCTAGGAAGCTGCGACTT
YDR458C.S1_st	177	131	CTGTTAATGCAAGTTCCTCTCGTCT
YDR458C.S1_st	263	69	CTACTATAATAGACCGACGGTAATC
YDR459C.S1_st	97	4	TCCTCTTATAGACCGGTGTAACGCC
YDR459C.S1_st	195	127	TGTAACGCCCGAAGACCACTGCTAT
YDR460W.S1_st	154	128	CAACTCATGCTGGTGGGTCCTATAG
YDR460W.S1_st	230	253	CTCTTTGATGCGTGGATGCTCCTTA
YDR461W.S1_st	33	294	AGTTTCCACAGAAGACCCTGGGTCG
YDR461W.S1_st	284	311	ATAGTTTCCACAGAAGACCCTGGGT
YDR462W.S1_st	61	114	ACTCCGACGGTTACGAAGGCTCTTC
YDR462W.S1_st	80	2	AACCGTGTTTCCCAGCAGTGCGTCA
YDR463W.S1_st	9	251	CTGCCATTGGTGTGGTCTCCATCGA
YDR463W.S1_st	219	256	TTGTCCATAGACCTAGCTGCCATTG
YDR464W.S1_st	27	253	CTACTTGAGGTGGTTCTTGACCCTT
YDR464W.S1_st	173	310	AATGGTTTCGATTTGCACAGGCGGC
YDR465C.S1_st	158	238	ATAAAGGACTAGGTCTCCGGTGATT
YDR465C.S1_st	203	117	CTATGTAAATCGCTCGTGATGGTTC
YDR466W.S1_st	37	316	ATGTATATGGTTGCCAAGCCAGGGT
YDR466W.S1_st	108	249	CGTTATTGCGACCACTTTGAGGCTT
YDR468C.S1_st	163	114	GTATTGAGCAGTGTTATGACGACCA
YDR468C.S1_st	288	95	TGTTATGACGACCACTACTGCTAGT
YDR469W.S1_st	12	253	CTTTTACACTTGGAACGGCGCTGCC
YDR469W.S1_st	198	137	CCGAGTATCGGCATGTTGTTGGTCT
YDR470C.S1_st	292	114	TTAGTCTACGACCAGTACCGCATTT
YDR470C.S1_st	293	309	ATAATGGACACCTGGACTATTCTTG
YDR471W.S1_st	38	254	CAATTCGGTGTGCTACTCCCAAGAT
YDR471W.S1_st	246	253	CTTCCAACACTAGCAATTCGGTGTG
YDR472W.S1_st	187	122	ACTCCGCGGCACTAGACTTTTAAGA
YDR472W.S1_st	316	297	ATAGTTTACGCAGTTTAAGGGGCCC
YDR473C.S1_st	57	310	TTTGTATTGCCTGGGTTGACGGACC
YDR473C.S1_st	137	247	TTCTGGTTCACCTGGAGTCCTTCTC
YDR475C.S1_st	175	124	TTAGTTCAAGCGCAGCTCACAGTTC
YDR475C.S1_st	267	127	TGTGTCTAGTCAACAGGCAAGGTCC
YDR476C.S1_st	73	71	AATGGTTCCGGCAGTTCGTACAGTC
YDR476C.S1_st	286	253	CAAGGAAGTGTGTCTTTGCCCAGTC
YDR477W.S1_st	189	131	CCGTAAAACCATATGCTAGAGCGAG
YDR477W.S1_st	291	123	TATACAATCGTGTTCCAAGCGGTCG
YDR478W.S1_st	227	256	ATGGTCGTCGCCCTTCCAAAGCATG
YDR478W.S1_st	271	312	CAATTGCTGATTATGGCTCGTTCCA
YDR479C.S1_st	75	128	TTACCGCGGGTCAACCTAAGAGACT
YDR479C.S1_st	191	93	CATCACTACTACTGGCGCGACTACT
YDR480W.S1_st	23	123	GTTTGCGTGCGTATGCTTCCGATAA
YDR480W.S1_st	270	138	ACTCCCGCGAAGTGAATTGCTGCTA
YDR481C.S1_st	94	131	CCGGGTTTAACCGACCTGGTGCGTA
YDR481C.S1_st	107	254	CTGTACCATAGTAAATCCCGGGTTT
YDR482C.S1_st	117	2	CCGAGTTCAGCCGTTTTCCCAGTAG
YDR482C.S1_st	269	134	ACAGCATGTTGCCTTATCCCGAGTT
YDR483W.S1_st	75	247	CTTAAACACCTCCAGTGGTCGGATG
YDR483W.S1_st	174	135	CCAGTGGTCGGATGTCTCTCATAAA
YDR484W.S1_st	190	137	AGTTCGAAGAACTGCAACCGTTATT
YDR484W.S1_st	296	133	CTAAAAGTTACGCTCTCGAATGCTT
YDR485C.S1_st	171	314	AATTTTGTGTCGGAGGTTGCCCACA
YDR485C.S1_st	181	129	CTTACAGTCATGAAACTAGGTTCCT
YDR486C.S1_st	130	2	AATGAATGATCCACGCTTACGCGGT
YDR486C.S1_st	246	136	ACGCGGTGGCCGAAAATAACTACTT
YDR487C.S1_st	131	120	CATAAAGACGAGTGCTGTCCAGCTA
YDR487C.S1_st	314	163	ACCTGGAAGGTGATGACTCTTGTCC
YDR488C.S1_st	188	120	AGATAATAGTACAAGGTGCCTGACC
YDR488C.S1_st	215	113	ATATCGAACGTACCGCATGTGCTCA
YDR489W.S1_st	111	314	TTTTACGAAGATTACGCTTGGGCGG
YDR489W.S1_st	165	117	TGTACTATCTACTCGGGCTGACCTT
YDR490C.S1_st	126	253	CCTTACTGGCGGTTTGGATTTCATC
YDR490C.S1_st	141	250	CTTGCACCGAGACCTGATGTTCTTG
YDR492W.S1_st	64	4	CCCTTCGAGAGAAAATGTAAAGTCC
YDR492W.S1_st	298	110	CATCGACAAAGGTGACGTACTTCGT
YDR493W.S1_st	66	3	CTCGTGCTCTTGTTTCCGGGACTTA
YDR493W.S1_st	231	123	TACTCTGCTAACGTCTGGGATGCCG
YDR494W.S1_st	82	7	CCGAGGAGTTGTCGTCGATGTCTTC
YDR494W.S1_st	145	127	TGTTAGACAACAATACCCGAGGCTC
YDR495C.S1_st	32	249	GTCTTGAACCAACGCCACTACTTTG
YDR495C.S1_st	235	137	TAGGTAAAGACTGCTTGATTCGGCC
YDR496C.S1_st	194	115	TTGCTACTCAACATGCGCGTCGACT
YDR496C.S1_st	267	137	ACTTGACAGGTTTCGGTGGAGATTC
YDR497C.S1_st	222	122	ATAATTCAAACTACCGCGACAGCGA
YDR497C.S1_st	266	138	CTGCCCAAGTTGTAGTTTCGGAGCT
YDR498C.S1_st	218	242	AATTTTCGATACGTCCGAGGAGCAG
YDR498C.S1_st	229	100	ACATAGTCGGCAGTCATCATAGGTC
YDR499W.S1_st	290	100	ACTCTCTAGTAGCTGTGGAACATCT
YDR499W.S1_st	301	121	CATACGGTTTGGCTTTGACACTGTC
YDR500C.S1_st	113	113	TCTGATCTAGAGTGTTGACCCGACG
YDR500C.S1_st	174	122	AGTGTTGACCCGACGGTTCCGTTTC
YDR501W.S1_st	127	228	ATTTCTCGACAGAAGATGTTGGCGC
YDR501W.S1_st	128	256	ATAAAGACCTTCTCCGGCTGGTTTA
YDR502C.S1_st	36	123	ACTACTTTAAAGGTGGCGACTGAAC
YDR502C.S1_st	42	130	CTTGAAGCTGAACTCTGGTCCACAC
YDR503C.S1_st	194	134	CTATCTACATATGGACTGGAGGTTT
YDR503C.S1_st	235	314	CCGTTTCCCAAAAGTGGTGTGCGTT
YDR504C.S1_st	36	2	GTACCAAAGTACCAGTGACCATTCC
YDR504C.S1_st	190	124	TGCAGAGGGTTAGTACCAAAGTACC
YDR505C.S1_st	61	243	TCTTAAACCAACACACGGTAGGGCT
YDR505C.S1_st	206	257	ATTAAAACGTGGAGGCAACTTGCTT
YDR506C.S1_st	120	2	CTACCGGGTAAAGTGTTTCTGCATG
YDR506C.S1_st	214	118	ACAACAGGTATGTCGGCGTGAACTT
YDR507C.S1_st	21	1	ACTGGAATTGCCCATTTGATAGCTC
YDR507C.S1_st	239	121	CCGAGCGTCCGTTTCCTAGTAAGTT
YDR508C.S1_st	156	227	ATATTTAGAGTTCAGCCACAGACCC
YDR508C.S1_st	191	98	CTTCCATCTGGACGACGACGATACG
YDR510W.S1_st	167	116	CTTAAGTTCGACTAGTCTGGGGACT
YDR510W.S1_st	167	134	TCTGGGGACTTCTAAACCTGTACCT
YDR511W.S1_st	62	249	CTACCCACTGGTTATGCACGCTTTG
YDR511W.S1_st	165	133	CTATTGGGCAACGTATATCAGCCGA
YDR512C.S1_st	158	39	ACGGCTCTCCGTAAACTAGTTGACT
YDR512C.S1_st	316	162	ACAGGCAATTAGTTCTCCCGTGGAA
YDR513W.S1_st	88	254	CCATAGGGTCCTTTGTCAACGAGTG
YDR513W.S1_st	278	254	CTTAACTTGCAAGGGTTTAGGTTCC
YDR514C.S1_st	218	126	TAACCAAAGTTTTACGTGCGCGTCG
YDR514C.S1_st	307	123	ACTCCGCCTGCTTGGGTTTTAAAAC
YDR515W.S1_st	53	256	AATAATCCGCGCTTTTAACCCGACT
YDR515W.S1_st	237	256	GTAACTCTTTGATAACCCTGGCTTG
YDR516C.S1_st	159	255	CTCCGATGGCTGGTGAAAACTTCTT
YDR516C.S1_st	181	115	TTGTAGGACCACCTGAACGTACGTT
YDR517W.S1_st	235	136	TGTCAAGTATATCCAGGGCTGCCGT
YDR517W.S1_st	257	117	CTTCTGATGTAATAGCCGACGGTTC
YDR518W.S1_st	75	253	ATGGCACTTCCATGACGGTTCGGTT
YDR518W.S1_st	122	121	CCATGTGTAGTGTAACTGCCGGTCC
YDR519W.S1_st	274	135	CCATCTGCACTTTAGTCGGCGGATC
YDR519W.S1_st	303	243	TCTTTCTCCACAGGGTCCGCAGTAA
YDR520C.S1_st	69	251	CCATGAAACGTGCTCTTGAACAGGT
YDR520C.S1_st	295	256	ACCCAAAAACTCTGATGGCGGTTGC
YDR522C.S1_st	125	4	CCGCCATTTTAGCTTACGTGTAGAC
YDR522C.S1_st	258	136	ACTATTTTAACTGGAGGGTCTCGAT
YDR523C.S1_st	202	103	TGTCTTACATACTAGCACGCGCGCT
YDR523C.S1_st	205	130	CTCCTTAATAGAGGGTAATGTGTTC
YDR524C-B.S1_st	69	233	TTGCGAAACCCACGACCACAGAAGC
YDR524C-B.S1_st	148	117	CCACGACGACGAAGGTTGCGAAACC
YDR524C.S1_st	242	128	CGTTGGTTCCGTCTCTCCGAAGAAA
YDR524C.S1_st	274	121	AGCAGGTTCTAGTCCCGGCGTAAAT
YDR524W-A.S1_st	92	256	AGGGAAGTTCCTTTCTCGCCAGAAA
YDR524W-A.S1_st	141	251	CCAGGGAAGTTCCTTTCTCGCCAGA
YDR525W-A.S1_st	24	120	CCAGACTAGGTACGAAACATGCACT
YDR525W-A.S1_st	238	36	CTAGTCGACAGTAGGTATACTCCTC
YDR527W.S1_st	96	108	AAGTGAGTCCCAACGTGGTAGTGTC
YDR527W.S1_st	253	314	TTGAGCGGCCAATGTGGTATCACCT
YDR528W.S1_st	51	316	ATTTTCACAGTAAAACGGCTGCTTT
YDR528W.S1_st	268	83	GTCAGAGTCCTCACGCTATACCATA
YDR529C.S1_st	222	257	CTGGCGAAATTCTTCTGAGGGACTT
YDR529C.S1_st	307	122	CCTTTTAGGGTAGTACGTCTGGCGA
YDR530C.S1_st	158	185	ATCGCCAAGGAGTGTTCTAGTGTTT
YDR530C.S1_st	277	119	CACATCAAGGTTCTAGCGTACGGTT
YDR531W.S1_st	47	5	CTAGTCTACGAGCTAACCCGTGTTC
YDR531W.S1_st	136	246	ATCTCATCCGCCAAGAAGTGACCCT
YDR532C.S1_st	206	130	CTTCTCTGTATGTGCTTAACCGTTT
YDR532C.S1_st	276	96	CAGTGTCTGTAACTTCGCTCGTCAT
YDR533C.S1_st	263	256	ATAAATCGAGGCCAACCCGGGACCC
YDR533C.S1_st	283	126	TTCTGAACGTCCTGTAACGAAGGCT
YDR534C.S1_st	126	245	TTAATGTGCCCACGCCGACTAAGAT
YDR534C.S1_st	288	132	CTCTCAAGAAGATCCCTACGGGTTA
YDR536W.S1_st	136	5	TACGTAACCCGAGAATACTGCTGCT
YDR536W.S1_st	175	255	CCTCTCAACGATTGGTAAACGGGTT
YDR538W.S1_st	103	257	ATATTAAAAAGGAGGCCATGGACGC
YDR538W.S1_st	107	122	AAAGACGTACGTAAAGCAGGCCTAG
YDR539W.S1_st	42	251	CTTGGGGCCAGAAACATGCCTACTC
YDR539W.S1_st	196	127	TCAGTAGACCCGGATGCAATGTTCT
YDR540C.S1_st	161	121	CTACTACTCGAGAAAGTTCGCCCTT
YDR540C.S1_st	234	122	ATATTACACCTTTGAGGACGCGGAC
YDR541C.S1_st	149	314	TTTTCCGACGGACCCTCAAGTGTTT
YDR541C.S1_st	166	115	TTTCACAGGTACTATGACGACGGGT
YEL001C.S1_st	13	121	AGAAAGATCGGTAGTAGCCTCCACA
YEL001C.S1_st	158	241	TGGAAGGTTCTTCTCACGGTGACAG
YEL002C.S1_st	5	8	CTTACCGATGGTGTATAGCGACTAC
YEL002C.S1_st	113	250	CTTTGAGTCATAATGTGGTGGCCAC
YEL003W.S1_st	62	130	CTGCGACTCGGCTGCTCTTTTACAA
YEL003W.S1_st	68	247	TTTTGTGACTTTCTGCGACTCGGCT
YEL004W.S1_st	16	257	CCTTCTAAGATCAGGGCGCTCTTCT
YEL004W.S1_st	171	244	TTTCTACGACTAAAAGCCATGGTTC
YEL005C.S1_st	53	88	ATAATCGCGTCTACCGGAGTGTATG
YEL005C.S1_st	113	213	TAACTTACGTTTGGAGGGCTTCTTC
YEL006W.S1_st	47	119	CACGGTAGAGATGTCAACGCTGTTT
YEL006W.S1_st	273	115	CTGTCATGGACGACGACACCATTGT
YEL007W.S1_st	105	4	ACCGTGAGGACCATGTCGGCTCTTA
YEL007W.S1_st	301	117	ACCGTTCACGAGTTTTAGGCAGATA
YEL009C.S1_st	222	116	CTAGGACGACGAGATTTTGCACGAT
YEL009C.S1_st	235	132	CAAAACGGTTAAGGCCTCGATCTAC
YEL011W.S1_st	9	4	TAGCACAACTTGAGTCTAGCACGAC
YEL011W.S1_st	41	129	CTTGGTAGGTAGCAATAACTGGCAC
YEL012W.S1_st	229	131	CTCGGATTACCATCGCTAGGGAACT
YEL012W.S1_st	253	257	ATTAATGGGTATGTTCAGCGGTTCG
YEL013W.S1_st	159	210	AATAACTTCGTACCCTAGCAGGCTT
YEL013W.S1_st	162	114	TTCAAAGACCATTACGACGACGACG
YEL015W.S1_st	192	131	CTATATCCATATGGTGTCCCGCGGA
YEL015W.S1_st	272	96	TTTATCAGTAGCTACGGTACGTCCC
YEL016C.S1_st	91	126	CGTAGAAATATTGCTCCCGGGGTAC
YEL016C.S1_st	223	213	ATCCCAGCCGCTATAGACCTAAGAG
YEL017C-A.S1_st	143	3	TACAACTACTCGTGCAATGGTCCAC
YEL017C-A.S1_st	188	133	CTACTCGTGCAATGGTCCACCACAA
YEL017W.S1_st	266	134	CAAATGGTTATGAGTGCACCGACGA
YEL017W.S1_st	272	255	CACTCTTTGTATAATCGGCGGCCCG
YEL018W.S1_st	300	128	CTTCGATAAGTTCTCAGGGCTACCA
YEL018W.S1_st	316	140	CCATGCCTGCTGACCTTTAACCGAT
YEL019C.S1_st	44	313	GTTTAGCTGGAAAGATGGACCCTAT
YEL019C.S1_st	106	115	TCTCTAACGGGCGTTCGTCGCACAA
YEL020C.S1_st	44	311	AAACGGACCGTCTTATTTGGCGCAA
YEL020C.S1_st	314	253	CACTAAATGGAGGTTGCCGTGATTC
YEL020W-A.S1_st	160	253	CTTGTTTTGCGACGGAACCCTGTTC
YEL020W-A.S1_st	192	256	ACATCCCGTCGCAAAGGTTCTTGTT
YEL021W.S1_st	124	118	CTGTAATGCTTACGTGTGCCACACC
YEL021W.S1_st	207	127	TCTTAACAGTACGTTCCCGAGGGAT
YEL022W.S1_st	109	6	CCGATGACGCGGTTAACTACTGTTA
YEL022W.S1_st	230	125	CTGCAACTTTAACTCCGATGACGCG
YEL023C.S1_st	85	248	CTTGACGAGGGGTAACCTTATGCTT
YEL023C.S1_st	210	134	TCCCGTCCTTGAGGTGTACCCAGTT
YEL024W.S1_st	18	228	AAACTTCCTGGGTGTCTGGCTACGA
YEL024W.S1_st	91	119	CCAGAAAACAGTAGACGTCCACGGT
YEL025C.S1_st	56	1	AAATGAAACGCCATGACTCCCGGTT
YEL025C.S1_st	143	123	ATTCTATTAGAGTGACCGCCGGTAG
YEL026W.S1_st	210	118	CGACGACTGACACTTGGATAACTTT
YEL026W.S1_st	250	137	CCTACAGCAAGTTGTCCGACGATTG
YEL027W.S1_st	99	127	CGGTGAACACACAACTCTGGTCTGG
YEL027W.S1_st	233	313	TTCGTTCGAAACATGTGGCCAAAGT
YEL029C.S1_st	6	255	CTTTCGTTTTTACCCAAGGCGGAAC
YEL029C.S1_st	240	253	CTTTCGACCGAAACAGAGGTTTTGT
YEL030W.S1_st	216	107	ACGCCGTAGTCCAGTTTGTAGCCAC
YEL030W.S1_st	290	123	GCAAAGTCGTTTTCTAGAGCGGTCG
YEL031W.S1_st	28	2	TCGTTTCCGGTGTCAGGCCTTAAAA
YEL031W.S1_st	171	122	ACCACTACCAGTTCGGTGACAGAGG
YEL032W.S1_st	202	119	CATCTCTTGTAGAAGTGCGTGGACT
YEL032W.S1_st	205	253	ATAGGACACCGGAGAAACAAGCTTT
YEL034W.S1_st	3	117	GTAGTAGAGGCGATACCCACTTCTT
YEL034W.S1_st	172	120	ACTACTTGTACCTGCCACTGTGATT
YEL035C.S1_st	181	127	TTTACGGTGGTCTTGCTTCGGTTAC
YEL035C.S1_st	229	121	AATCGAGGACGCCATACACGCCACG
YEL036C.S1_st	79	227	ATCCGAGAGGGCGTCCTACTTAATG
YEL036C.S1_st	226	129	CTTAATGTTACAGTAGCCGAACGGG
YEL037C.S1_st	226	312	CTGTCCAGCAAAGTCCATTGGGTCT
YEL037C.S1_st	283	123	AATAAACGTGTTCGACGGGTTCCGC
YEL038W.S1_st	76	128	TTCCGCGGGCAAATACGTCTACGAT
YEL038W.S1_st	117	4	AGACCCGAGTGCCTATGCTTAGACC
YEL039C.S1_st	21	243	GTCCGAGACGTTTTTTCCCACGATG
YEL039C.S1_st	240	255	CATGCCCTAAGTTTGGTCCGAGACG
YEL040W.S1_st	46	122	ACCCTGCGTAGGCTATAGTCGTTGG
YEL040W.S1_st	126	129	CTCCCTAGACCGAACCTGGGTGTAT
YEL041W.S1_st	158	82	CTGATAGCTCAGTAGACGGTCACTT
YEL041W.S1_st	211	123	CAACACTATTGACGTTCGGGGATAA
YEL042W.S1_st	36	312	TATGGTAACTGAAATATCCCGGCCT
YEL042W.S1_st	43	113	ATTTCTACGAGTCACGGTCAGAGGT
YEL043W.S1_st	73	4	CTGAGAGTTTGCTACACGGGTAACA
YEL043W.S1_st	159	115	TAGTGGACGATTACGCCTGTGCCTA
YEL044W.S1_st	76	316	GGGCCGCAGCTAGTCCTCATGAATT
YEL044W.S1_st	178	120	CTCTCAAGATGACGACGATCCGCTG
YEL046C.S1_st	180	127	TTCCGGCGATCTTACCTGGGTCTAC
YEL046C.S1_st	266	247	TTTTCAGTTTAACCGGTAGAGGCTC
YEL047C.S1_st	69	316	TTACGCAACAGAAACCCTCTTGGCG
YEL047C.S1_st	233	129	CTTAAACCGAGACTGCAATGAGGTC
YEL048C.S1_st	57	316	TTAGGAAATGAACAATCGCCACTGC
YEL048C.S1_st	131	122	ATACAACTAATTCGTCTGCCCGGAC
YEL049W.S1_x_st	236	131	TGGGTTAACTTCAACGACTCCGGCA
YEL049W.S1_x_st	284	234	GGTTAACTTCAACGACTCCGGCAAA
YEL050C.S1_st	70	221	ATTTACACTGGTAGGAGTGCCACCA
YEL050C.S1_st	300	136	CGTATTGTGGGCAACCTGGACCTTT
YEL051W.S1_st	9	118	CTTCATCGACGACTACTCCTTGGAG
YEL051W.S1_st	158	234	AACCGGCTTCAAAGGATACGTTGTC
YEL052W.S1_st	225	313	TCTTTCTAAACGGAAACGGGCACGG
YEL052W.S1_st	267	256	CCATATTGATAAAGCGTGTCCGAAG
YEL053C.S1_st	74	315	CCCTCCGCTATTATTGCCGCAAGAT
YEL053C.S1_st	134	254	CCTGAGGGTGCTTATGTTCCAACTT
YEL054C.S1_st	147	248	TTATGAACATGGATTCTCGGCAACC
YEL054C.S1_st	262	129	CTTCTATAACGATTCCGGTGGTTTC
YEL055C.S1_st	149	6	AAGATTCGGTCCAGTCGTACGACGT
YEL055C.S1_st	228	128	CTTTGAGAACTATCCGGTGAACGGC
YEL056W.S1_st	104	237	GCCACATCAACATAGGTCGCCCAGT
YEL056W.S1_st	225	117	CTAGCTATGACACTTTACGGGCGTT
YEL057C.S1_st	52	297	TTGGCATAACGAAAGCTTAGCCGGT
YEL057C.S1_st	263	98	CTTAGCCGGTGTAGTAGGTAATACC
YEL058W.S1_st	22	130	CTGGCACCCTCTACGATAAAGTCTG
YEL058W.S1_st	96	255	CACCATCGGTTCATAGGGTACCCTT
YEL059C-A.S1_st	23	128	TTGACGGCCGACTTTCTCGAACACG
YEL059C-A.S1_st	194	136	AGTCGGTGATTGATGCTCCAGTGCC
YEL060C.S1_st	50	121	CCTCGAAGGTGCAACTCGCTACTGT
YEL060C.S1_st	58	315	ATTCACACAGCTGCAAAAGCGGGGT
YEL061C.S1_st	208	131	CTAGACAAACTTGGGTTCGCGCAAT
YEL061C.S1_st	275	128	GTCACGTTTCACATTATAGCGGGTT
YEL062W.S1_st	136	130	CATGATACGGCTTTGAGTCGCTGCT
YEL062W.S1_st	159	184	GTGTCCCAGATCTTTATGCCGTGTT
YEL063C.S1_st	49	121	CCGCGAAACCGAATGTACCTCTGTA
YEL063C.S1_st	70	131	CTTTATGGCACCGTAGAGAGCACTG
YEL064C.S1_st	228	135	CAAAGGGTCCTTGTCTGTGACGATA
YEL064C.S1_st	243	122	CCAAGACTACCTGTCGTGACGGTTT
YEL065W.S1_st	101	2	ATCCAAAGCCACGTCCAAGTAAATG
YEL065W.S1_st	218	254	AAACGACCAGGTAATGGCACCACTG
YEL066W.S1_st	48	124	GCTCTGGCCGCTACGTTAACCGAAA
YEL066W.S1_st	160	118	CTTAAACATATGTCGGCACGGCTAC
YEL069C.S1_st	108	89	GTTCAGATCTCGGTACAGCTAAAGT
YEL069C.S1_st	125	250	CTGCCAGGAAGAAGCTTTCCACGTC
YEL069C.S1_x_st	108	89	GTTCAGATCTCGGTACAGCTAAAGT
YEL069C.S1_x_st	125	250	CTGCCAGGAAGAAGCTTTCCACGTC
YEL070W.S1_s_st	102	4	CCTAGGATACCGTGGTTGGAACTTC
YEL070W.S1_s_st	284	248	CTTCAACGCAGATGAATTGCCACCT
YEL071W.S1_st	31	315	CAAGAATAACTTTGCAGTCCCAGGT
YEL071W.S1_st	316	117	GTCACGACTCGTACCCTAGCCAAAG
YEL072W.S1_st	158	32	AGTATCAATCGGGAGCTCACGTGTC
YEL072W.S1_st	239	130	CTTCGAACCGAAACATCTCCACGTT
YEL073C.S1_st	27	2	CGTTTGCTAGGAAGTGGATCACATT
YEL073C.S1_st	134	217	AAATTGGTTGCGCTGACGTCGATGC
YEL075C.S1_s_st	115	249	GTTTGTTTGGTGCACTACCAGATGT
YEL075C.S1_s_st	179	257	AGGGAAGTTTGTTTGGTGCACTACC
YEL076C-A.S1_s_st	36	121	CTATGTTGTTCTGCGTAGGTTGACA
YEL076C-A.S1_s_st	273	110	GTTCTGCGTAGGTTGACATGTGACT
YEL076C.S1_s_st	182	123	ACGGTCGGAGTAAAACGCATTAGCT
YEL076C.S1_s_st	272	114	CGGTCGGAGTAAAACGCATTAGCTC
YER001W.S1_st	101	316	CAATCCCAAGAACCGGCGTCCAGTG
YER001W.S1_st	268	67	CTCCTCGTCGCGGATGTATAACTAC
YER002W.S1_st	184	126	TTTACTAATATTACGCCGATGGCAC
YER002W.S1_st	254	127	CGCCGATGGCACCTCGAGCTACTTT
YER003C.S1_st	72	2	GTCCAGGAGACCATTGCCATTCAGT
YER003C.S1_st	280	119	CATACCGACGAAGACTGTTGCATCA
YER004W.S1_st	84	312	AATTTGAATGTTAACCGGGTCCGAC
YER004W.S1_st	211	128	GTTCCAAGTCAAACAGAGGTCGTTC
YER005W.S1_st	50	125	TACTGAAGTACCACCCATAACGCGG
YER005W.S1_st	212	119	CCTCAGACTAGTTGATGCGTTCGTT
YER006W.S1_st	83	3	CCATAAGGTTTAGAACGGTCACGAC
YER006W.S1_st	276	314	CCCAAAATGGTTTATGTAGCCGTCG
YER007C-A.S1_st	49	120	CCACGATTATAGTACACGGGACCGG
YER007C-A.S1_st	165	314	TTAACTAAGTGGTAAACCCGCTGGG
YER007W.S1_st	210	114	AACTCGATACTGTGGTTAGACGGCG
YER007W.S1_st	244	123	ACGGCGCAACCAGTTCGGAGTATTT
YER008C.S1_st	159	221	CTCCCTGTTTGTATGCGAAGTGCTT
YER008C.S1_st	287	111	GTTAGGAAGTTCTACCCGGCGTATA
YER009W.S1_st	52	116	GTGACCACTAGACAACTAACTGCTT
YER009W.S1_st	159	103	TAGTGATGAAACCTACGCGTTGGAC
YER010C.S1_st	174	136	ACCTCGGGGTAAACGTTTCAGTCAA
YER010C.S1_st	312	121	AACTACTAGGTTCTGGACGGCACTT
YER011W.S1_st	15	125	ATTCTATTGAAGACGACGAGGTTCG
YER011W.S1_st	245	309	TTTTGCCACGACGATTCCGGAAACA
YER012W.S1_st	110	123	ATCGCAGAAGATTCCGTCAGTGTTC
YER012W.S1_st	258	126	GTAACTACTCAAAACGGCCACTTCG
YER013W.S1_st	58	128	TTGATCGGCCCTTATGTACAGCGTC
YER013W.S1_st	276	128	CGTCCATTGTAGGTAACTCGGGGTT
YER014C-A.S1_st	14	4	TATCGACCCTGTGGCCCTGAAGATC
YER014C-A.S1_st	226	118	CTTGTGGCACAAGTAACTCGTATGT
YER014W.S1_st	182	113	ATAGCGGCTATCTACAGACGGTTCT
YER014W.S1_st	248	129	CTTGTGCCACAAGGACATCACGGTA
YER015W.S1_st	201	132	AAAATCGACGTTTCGTGGGTCTCCA
YER015W.S1_st	245	114	GAGCTCCTACTACAACACTGCGGTT
YER016W.S1_st	158	58	TCCAGTAGTTCGTGTCCGTGACCCT
YER016W.S1_st	159	95	TAGTCCCGCCGATACGCTTGTCGTT
YER017C.S1_st	33	130	CTTTCATTCGTAGTAGGGCGCACCT
YER017C.S1_st	193	131	CTGTTCCACGAAATCCGATACGGGT
YER018C.S1_st	75	249	CGTAAAAATCAGCACCGGGCGCTAT
YER018C.S1_st	112	239	AACGTCGAAGCACATGATGGGCCTC
YER019C-A.S1_st	153	114	GTCCTCCAGTCGCATAGAACGTCTT
YER019C-A.S1_st	156	308	CCAATGCCACCCAGAAGTTCGAGTT
YER019W.S1_st	105	7	ACGCTAAGCGACGAGTTGTGTACCT
YER019W.S1_st	188	118	CTTACGTAGGTGTGCATGAACTTCT
YER020W.S1_st	5	128	TTGTCATCTACCAAGCGCGCGTGCA
YER020W.S1_st	225	132	CTGGGTGGGTCGTCCTGTATAATTC
YER021W.S1_st	47	76	CTGTACAGACTATAGAGCCTAGAGC
YER021W.S1_st	70	119	CGTCAACGATAACTTCCTACTGTGG
YER022W.S1_st	133	2	CCTTCGGTTGCGTCACAGGAAACTG
YER022W.S1_st	195	132	TGTAGTTCAAAAGTCGACCATGCCT
YER023W.S1_st	69	128	CGTGACAAACGGCACAATACTGCTT
YER023W.S1_st	283	115	CCGACGACCGACCTGTTAACTGGTT
YER024W.S1_st	16	256	CCGCTTTAAGCAAGGATGACCTCCT
YER024W.S1_st	112	315	CTTTAAAATGTCTAGGTTGGCGCCC
YER025W.S1_st	290	314	TTCTAATGTCAATTGCAGCGGGCGA
YER025W.S1_st	302	135	AGTTCAGCAGCCACGATTCCCAGTA
YER026C.S1_st	133	127	TCTTGACCTGAGAAACCGGCTGAAC
YER026C.S1_st	146	3	AACTCCCTAACGGATACGGTTGGTG
YER027C.S1_st	9	310	TTTTATACCGGACCAACTGAGGAGG
YER027C.S1_st	200	138	ACACAAGTGGCTGGGTTTACATTAC
YER028C.S1_st	105	130	CAATGCATACTACTGTGGCGCCGAT
YER028C.S1_st	276	130	CTGTCATAGGCAAAGCTCGTCAAGT
YER029C.S1_st	57	130	CTCCCAAGAGTGAGTTCTACCGGCG
YER029C.S1_st	264	117	CTTGTCTAGAATAGGTGTCACCACC
YER030W.S1_st	143	126	TAGTGTAGGCCTTCTTCTTGTGCGC
YER030W.S1_st	159	73	AGACTTAGACTATACCTGCTACGGT
YER031C.S1_st	48	254	CTATGACGCCCGGTCCTTGCAATGT
YER031C.S1_st	49	255	CTAAACCGGGTAAATGCACGACATG
YER032W.S1_st	104	247	CTTCTTTGCAGATTCGGTAACGTTG
YER032W.S1_st	306	313	TTTAGTTCTCATGAAGGCGGCAACG
YER033C.S1_st	82	312	AAGTAAATGATTTGGGTGTGGCCTC
YER033C.S1_st	120	6	CTAAAGCTGGTGATGCTGTAGCTAC
YER034W.S1_st	240	115	CTGCCGTCTTATGTTGTAGCCGATA
YER034W.S1_st	295	135	AGTTAGCAACCGAGCCTGCCGTCTT
YER035W.S1_st	298	243	TTTATAATCAAGGTGGCTGCGTCTC
YER035W.S1_st	303	132	CTAGCTAAGCTTTGGCGTGCATCGA
YER036C.S1_st	91	240	ACCGGCTGCGGTAGTTGCTTAAATT
YER036C.S1_st	163	117	GACCTCTCCGGTTGATCCAGCGATG
YER037W.S1_st	98	215	ATGCTGTCTGGGTAGCTCCTTCTTA
YER037W.S1_st	280	111	CCAACAGCTCGAAACGTTTACGGAC
YER038C.S1_st	48	238	AATGTTTCGCGGAACGAGTCCTCTG
YER038C.S1_st	132	243	AAACCAGGGTTTACAGTTCATTGTC
YER039C-A.S1_st	159	187	ACTTACCTGCCTTAGTCACCGGTTG
YER039C-A.S1_st	169	136	TTAGTCACCGGTTGAGACCCGGCCG
YER039C.S1_st	131	250	CTTAAACAGACACTTGAACAGGCGG
YER039C.S1_st	232	111	CGGACGACATGCGACACCGATTTGT
YER040W.S1_st	67	118	ATTGAGTTTATCAGGAGATGTCGTC
YER040W.S1_st	287	128	GTTGTTAACGTCTTGAGCCTCAGCT
YER041W.S1_st	43	256	CCTAGAATGTGTCCTGCTTGTCCAA
YER041W.S1_st	122	247	TTATTCAGAGCCGATGGTGTCTTCT
YER042W.S1_st	38	255	CTCAGATTTTTCCTATCGGGGAGAT
YER042W.S1_st	112	5	CTTAGGTGTCCCTATACGTACGGGA
YER043C.S1_st	162	129	CTTCGACAGCGATTCAAGGTGAACC
YER043C.S1_st	272	253	ACCACAGGTGCAAAACGGTTTCTAG
YER044C-A.S1_st	40	315	AGTTTTGAAAATGCTGGTCCCTCTA
YER044C-A.S1_st	239	117	CTATCGCGCGAAAGCTAACAGTTCT
YER044C.S1_st	20	312	TTGGGTGACTTTGTTGGGTAAACTC
YER044C.S1_st	52	121	AGTACCCAGGTAACCAACAGAGTTG
YER045C.S1_st	9	131	CTTTTAAAGCTCCAACGTGTACGTT
YER045C.S1_st	312	128	CGGCGAAGGTTCACAGCTGTCTCTT
YER046W.S1_st	34	100	GCTAGACTCATGACTTGCGTGACGT
YER046W.S1_st	89	255	ACGAAATGGCCTCCTGCATGAGTAT
YER047C.S1_st	88	128	TTGTTAAGACTGTGGTTACCGCTGC
YER047C.S1_st	91	257	TCCCATGACCATGAACGGCGCTGTT
YER048C.S1_st	40	121	ATAAGTGACCATGTGCGCTGTTACG
YER048C.S1_st	185	121	AGGTGTTACCGACCATTCCGTGAAC
YER048W-A.S1_st	29	238	AATGTCGAGGTTGTTCTTCCGTCCA
YER048W-A.S1_st	75	119	CTACATGTGTAAACTGTCCGACCAG
YER049W.S1_st	56	247	TTCTGCGAAGACAAATAGCACGCCT
YER049W.S1_st	273	128	ATTAGCTACGACAGAACCTTCCATG
YER050C.S1_st	9	253	CTTCAGGCCACGTTTAGGTGATCTT
YER050C.S1_st	224	120	CAAGTTCTACTTACGGTGGTGTCCG
YER051W.S1_st	83	1	CTCCGTTGAAAAATTGGTAGGCACT
YER051W.S1_st	290	256	GGCACTAAACCTCTGTGTGGAATTT
YER052C.S1_st	100	130	CTTAGACTGAGGTATTTTCGCGATG
YER052C.S1_st	211	113	TTCTCTCCACGGTGACGATAGTGGT
YER053C-A.S1_st	44	118	CTCGCTACAAGGAATGAACGTCACT
YER053C-A.S1_st	167	124	TTCTCGCTACAAGGAATGAACGTCA
YER053C.S1_st	84	313	AATACATCCGAATGGTTGGTGGCCA
YER053C.S1_st	108	130	CTTTCCGGTTGCTCAGGTACAGACA
YER054C.S1_st	212	104	TACAGTCGTTTCACCTAGGAGCGCC
YER054C.S1_st	260	315	CATGACCCTGTTGTTGTTGCCCTTA
YER055C.S1_st	75	245	TTGACAACTTCCACTGCGGACCGGC
YER055C.S1_st	292	314	CATTTAACGTCCATGTTCAGGGGCA
YER056C-A.S1_st	158	184	GTTCTTCAATCGATGGTCTGGTTTC
YER056C-A.S1_st	167	310	TTCCTTGTTTGGCTTCGACGGTTCT
YER056C.S1_st	158	235	AACCCACGTTCAACCCGGAAGTAGT
YER056C.S1_st	314	309	CCAAGGATTGAGAGACTTGCCTAAA
YER057C.S1_st	61	128	CGTTAAGGAGTAACCTGTCCCAGCA
YER057C.S1_st	158	85	GTCTAGTACGCAACGACAACGTCGT
YER058W.S1_st	14	253	CTTTGAAACGTAGTCCCAGGCTATT
YER058W.S1_st	121	117	CATACTCTGGTACGTTGGCGAATCA
YER059W.S1_st	124	249	CTCCCTTCGTGCATGGTGTTTAACC
YER059W.S1_st	206	113	AGCGTTCGTGATCAATGCCCGTACA
YER060W-A.S1_st	250	125	TGACAACGATTATTACAGGGACCTT
YER060W-A.S1_st	289	281	ATTTTTGCGGTACCCACCACAGTAT
YER060W.S1_st	79	1	ATCAACCCTTGCAGATGGATAGCCG
YER060W.S1_st	218	312	GTGCACCCTTGGAGAACGCTTTCAG
YER061C.S1_st	32	127	TTGTATTAAAGACTCGAGCACCCGA
YER061C.S1_st	151	243	TCTACGGCGTATGGAATTTGGACCT
YER062C.S1_st	3	123	ATCATAAACTTCTGCGAGGTCGTCC
YER062C.S1_st	39	128	TTTAGGTAACTTCAGGGTCCACGTC
YER063W.S1_st	139	215	TGTTCCCAGTCTTGGACGCCGCTAT
YER063W.S1_st	272	256	CCTGCAAGTTTTCGGGAGACTACCT
YER064C.S1_st	81	4	CTGCTCCAGTTCGTGTAGCCGTCTA
YER064C.S1_st	246	243	TTCTACGTTCGTGAGGGCCATTTCT
YER065C.S1_st	77	131	CTCTTTAAGGGACTGGTTACCGATC
YER065C.S1_st	230	127	TTACAAGATAGTACTCCCGGGCACG
YER066W.S1_st	38	309	ATTTATCACCCGACAATCAGGCAAG
YER066W.S1_st	182	122	ACTTCGTGAAAAAGCTAGTGTGCGT
YER067W.S1_st	43	251	CAAGTTTGCCAATGGTGCCTCCTAC
YER067W.S1_st	264	127	GATTCTTCAAGCACGCAGTGGACGT
YER068W.S1_st	59	248	TTCTAGGAATACTGCGTGATCCCTT
YER068W.S1_st	291	126	TTACGATGTTCAGTGAGGGTACCAT
YER069W.S1_st	74	1	ATTGAATGAATTTCCGCGGCGATGA
YER069W.S1_st	191	110	CTTTAGAGTCGAGCGTAACCCGTGT
YER070W.S1_st	15	249	CATGGACGGGGTTGATTCTTACTTC
YER070W.S1_st	168	257	CATCTTCAAGGACTTCATGGACGGG
YER071C.S1_st	34	1	ATAACGGAGCCATTGCTGCAACTTG
YER071C.S1_st	158	104	ACTTCTTGCTATATCCGCGTAGGAC
YER072W.S1_st	68	3	AACGGGTGTGCTCAACTCGGTTTTC
YER072W.S1_st	160	254	CCTTTTTCTAGCGAAACGGGTGTGC
YER073W.S1_st	31	123	TACTAAGAGTTATACCCAATCGGCG
YER073W.S1_st	154	256	CCCAATCGGCGTCCATAAGTGTGAT
YER074W-A.S1_st	107	118	CTAACCGCGGCATGTCTGTAATGAC
YER074W-A.S1_st	259	115	TTACGGCAACGTCATGACTCGCTTC
YER074W.S1_s_st	200	222	ATGTTGAGACAACGGCTTCGATTCT
YER074W.S1_s_st	258	253	CCGACTTTTCCTGCGACAGAGGCAA
YER074W.S1_st	92	257	AGCCATGACCATTCTCTAACCGATT
YER074W.S1_st	233	136	CTGCGACAATGATAGGCATGATCTT
YER075C.S1_st	113	88	TCTCTAGAACGTCTGTAAGCACCTA
YER075C.S1_st	271	128	CTTGCTTATAGGTACCAGGTCTTGT
YER076C.S1_st	30	257	ATCCAACATGTTATCCCGGCAGAGA
YER076C.S1_st	51	128	CGTTACCCATCGTACCCGGCAAGTG
YER077C.S1_st	143	122	ATGTTCATGGTCACTTCTCGCGTAG
YER077C.S1_st	175	129	CTGAACCGGCTCGACTATGAACTTT
YER078C.S1_st	158	156	ACTATAAAGCTCTTGCACCGGGTTA
YER078C.S1_st	159	174	AAGTGCTACACGGATTTCAAAGGTC
YER078W-A.S1_st	256	113	CAGTCTTGAGAGATCGAACCGCTAA
YER078W-A.S1_st	285	116	GAACGGCGAACAGTCTTGAGAGATC
YER079W.S1_st	88	314	ACCTTGTTTCAGAGGATGGGGCTTC
YER079W.S1_st	166	120	CACGGAGGTACTAACGGTGCTTCCT
YER080W.S1_st	47	131	CTGATGTGGCACTTCGTTGGACTTC
YER080W.S1_st	57	5	TAGTCAAGTACATGTTCGCGTGGGC
YER081W.S1_st	248	123	GAATGCTGGTTCTCTTGTGACACGC
YER081W.S1_st	294	135	AGGTAGAAACTAGGTTCGGCACTTT
YER082C.S1_st	231	313	TCCACATCCGGTAGTTTGCCCATAA
YER082C.S1_st	289	136	CCACTTCGGTTAATGCTACGGAATC
YER083C.S1_st	152	246	TTCTGGTTTAAGGAGACACACCGGC
YER083C.S1_st	270	308	TTCAATCAAAGTGACCACGGGCTCC
YER085C.S1_st	95	1	GTTAACGTCGACAACGCCCTTTGTT
YER085C.S1_st	166	134	ATTTGAGCCGTAAAAGCGTATCCTA
YER086W.S1_st	102	1	CTATGAACCAACCACCACGAAGATT
YER086W.S1_st	158	255	CTGCAGGGACCACGCAAGTTCTTTT
YER087C-B.S1_st	47	251	CAAGTGTTTTTCAACGCCGTAGGCG
YER087C-B.S1_st	240	244	AGGAGGTCCACCAGTTGCATGAAAC
YER087W.S1_st	258	127	GTAATACACAATAGCACCCGAGTTT
YER087W.S1_st	310	126	GTTACCTAAATCTACCGGGCGATAT
YER088C.S1_st	4	128	TTCTATTACATCTGGGCGACGTGGC
YER088C.S1_st	297	136	ACTTCGGTAATGAGGCTCTGGCTTC
YER089C.S1_st	212	126	GAACCTCCGCGATGAACCACGATGT
YER089C.S1_st	234	90	GTAACTAGATCGTAGGAACCTCCGC
YER090W.S1_st	237	112	ACCCGGCTATAGCATCCTAGTCGAA
YER090W.S1_st	271	256	ACCGAGCAATTTTCTGGCACGTCTT
YER091C.S1_st	191	113	ACTCTCTAGACGAATGATGTGGACC
YER091C.S1_st	241	118	ACTGAGTATACCAGCTTCGGCGGTT
YER092W.S1_st	65	127	CGAATAGTTTGTCCTACCCTGAGAT
YER092W.S1_st	95	129	CGGATCATTTCTAGGTCTCTCGCAA
YER093C-A.S1_st	209	123	ATTCGTTAACGTTCTGGAGGACAGC
YER093C-A.S1_st	294	118	ATCTCTCAAGTACTCGGAAGGTGTT
YER093C.S1_st	4	7	CTCGCGAACTTTTACAGTAGTCCGT
YER093C.S1_st	158	10	GAGGTAGCTCTCGTTCCATGATGTA
YER094C.S1_st	272	128	CTTGCTCTACAAGGCGATGTTCTGC
YER094C.S1_st	276	253	TCGTCCATAATTAAGGTTCAGGCCC
YER095W.S1_st	218	279	ATTGGTTCACCAGCGGGTTCAACTA
YER095W.S1_st	223	123	AATTCTGAAGACCTACGACGACGGG
YER096W.S1_st	3	106	CTTGACGGTAAACGATACTCACGCC
YER096W.S1_st	192	127	CGCCGCCGAAATCCCGTATGACTTA
YER098W.S1_st	194	116	ATTCGCCGCAGCAGTAGGTATACCC
YER098W.S1_st	250	116	CCTCGCCAGGTGTCGTACCAGTAAT
YER099C.S1_st	53	297	TTCCCACCGAAGAAATCGCCTGTTC
YER099C.S1_st	240	122	CCTATAGTCGGGATGCTAACGTCTT
YER100W.S1_st	34	249	CTTACCTGCAAAGTTCGGGTTGTGT
YER100W.S1_st	103	253	CTAATAGGTATGTTTGGTGGCCGAT
YER101C.S1_st	37	121	ATACCGATGTGTTGCACGAGTTCCA
YER101C.S1_st	177	110	TTACCACGTCGTCAGGACAGTCTTG
YER102W.S1_st	247	121	ACCACGATTTGCACGAGTTAAGTCT
YER102W.S1_st	312	118	CTAGTCGGTGACCACGATTTGCACG
YER103W.S1_st	8	241	TAAAATGCCTCGACGTCCACCACGG
YER103W.S1_st	284	120	ACCAATCTACGAAGCGTTCGCCGGA
YER104W.S1_st	16	130	CTTCCGGCGTCTTGATGTCGCATGT
YER104W.S1_st	297	314	TTACTGGTTTCATGCGCCACCGGAT
YER105C.S1_st	54	7	TACTTTTTACGAGGTAGCGGACTGC
YER105C.S1_st	67	129	CTAAATGCGCCAAGTTAACGCGGTC
YER106W.S1_st	195	253	CCAAGATTTGCTAAACTCGCGGTGA
YER106W.S1_st	214	129	CTGCTGAAAGTAAACCTACGTGCTT
YER107C.S1_st	197	225	ATTATCCCGTGGACCGAGGTTACCA
YER107C.S1_st	292	256	CTAAAAATTCCGTTGGTGCAGTGGA
YER109C.S1_st	207	253	CTGGTTCCTGGCCTAATGCTAGAGT
YER109C.S1_st	247	120	CTCCGCGTTCATCCGTTACTAAGTT
YER110C.S1_st	167	314	AGTTTTAGGCCAAAATCGACGGCAG
YER110C.S1_st	300	119	CTACTGCTTCGGTGGTCTCTCTAAT
YER111C.S1_st	13	1	AGAAGAGGATTTTTGTGGTTTCGCC
YER111C.S1_st	213	137	TCTCGGTTAAGGTTTCAGTTGCAGC
YER112W.S1_st	84	310	TGAGATTATCATTGCCGGGACCCGT
YER112W.S1_st	125	309	TGCCGGGACCCGTATTTTCTATGAT
YER113C.S1_st	160	122	AAGCGTCACGATTTGTAGGTACCCA
YER113C.S1_st	315	135	ATTACACGTCAAATCCCGAACCGCG
YER114C.S1_st	156	254	TGTGGATGCCAAAGGAACTCGTTTC
YER114C.S1_st	170	122	AATACCCTAGTTGTCGTCGAAGTTG
YER115C.S1_st	101	5	CGCGCACACTGGGTTTATTCGTCGT
YER115C.S1_st	136	250	TGTACCACAGGTAGGTTTTGGGCCC
YER116C.S1_st	173	97	CTCTGTCGGGAGTACTGCAATACAC
YER116C.S1_st	312	112	GTACATCTGTCAAGCCGGTAACGCG
YER117W.S1_st	2	250	CCACGAGTTCCATGTTTTAAGTCTT
YER117W.S1_st	209	305	AATGGTCGGCGGAGAAATCCACTGT
YER118C.S1_st	154	5	CTACCTATAGGTGTCGTCGTTGGAA
YER118C.S1_st	218	119	CCGATGCGCTGTGTCAAACTACCTA
YER119C.S1_st	97	255	CTAAAACGTTGTGAAGCGGCTCCTT
YER119C.S1_st	147	244	TTTCAAGAGGCAACTAAGCGCTGTC
YER120W.S1_st	230	314	CCTCCAGGGACGACTTGGCCTTTGA
YER120W.S1_st	245	120	CTATTCAGGTCTACATGTGGGTCGT
YER122C.S1_st	71	108	CTACTATAATTATGGGTCGGACTAC
YER122C.S1_st	219	313	TTAGCGCCTTTCCATGCCGTGTGTT
YER123W.S1_st	143	250	AGCTTGGGCGTCTCGAAATGATTTG
YER123W.S1_st	302	136	CTCGATTGAACGTACCAATGCCTTT
YER124C.S1_st	229	116	ATCGTCACTACTGGTTCCGAAACAG
YER124C.S1_st	247	118	CTCGTTACTGTGATTCCGGTTACCT
YER125W.S1_st	152	312	TTTCTCGGGCAAATAACGTCAAGTG
YER125W.S1_st	260	127	CTTCGATTGTAACCGGCACCTTCTT
YER126C.S1_st	232	255	CCCATTCATACGAGTCCAGTGTTTG
YER126C.S1_st	280	116	TTCTTAGTAGTCTGGTTCACGCAAC
YER127W.S1_st	155	1	TAATCTCTCAGTAGCCTGGTTGGCC
YER127W.S1_st	241	120	GCAAGACGGACCCTATCTCGAGTTT
YER128W.S1_st	121	250	CTTCGGCACCGAGTTAATTTTGATC
YER128W.S1_st	201	129	CTGTAGTCGAGTTTGGGTTAATCCC
YER129W.S1_st	188	127	TTCCTGGGTACTTTCTAGCGCTAGA
YER129W.S1_st	287	127	TTTACAGCCCTGACGTCCAGTAGCT
YER130C.S1_st	180	133	CTCTTTCCTGAATAACCGACGGTAT
YER130C.S1_st	197	123	CGCGCCTTCCTTCGGGAGAAATTAA
YER131W.S1_st	31	128	TTGTTTCAAAGAGGTCGTCGACGGC
YER131W.S1_st	54	117	CTATTGTTTCAAAGAGGTCGTCGAC
YER132C.S1_st	158	145	CTACAGCGCTGTGGCAATTTTGTCG
YER132C.S1_st	195	113	CTGTCATTGAACTACTGCGCGTGCT
YER133W.S1_st	203	132	ACTCCGGTTGTCTATAAGGGCTGCA
YER133W.S1_st	276	120	ACCTCAACTAAACGTCCCGGGTAGT
YER134C.S1_st	20	257	TGCACCGGCGGAAGCTAAACCTGAT
YER134C.S1_st	118	256	ATTACTGGCGCAGTGCTTGCACCCG
YER136W.S1_st	133	4	AAGTCTCATTGTCCGGTGGGTAATC
YER136W.S1_st	262	135	CCATGAATGTACGATCTGTGAGGTT
YER137C.S1_st	96	248	TTTTGATGCTCGTGATAAGTCCCTC
YER137C.S1_st	178	138	AAGTAAAACAGTGCTCCGACCGGTG
YER138W-A.S1_s_st	207	128	TTAACACATCTTAACGTCTAAGGGA
YER138W-A.S1_s_st	208	128	CTTAACACATCTTAACGTCTAAGGG
YER139C.S1_st	120	253	TTATAAACCCGGCTAAAGAGTGTGG
YER139C.S1_st	172	127	TTTAGGACTGTCACCCTGATGTCTT
YER140W.S1_st	58	98	AGCCTAGGCGGGTGTCTATATACTA
YER140W.S1_st	252	117	CTAGCGAACTTTTACAGCGAGCGAT
YER141W.S1_st	128	251	CTACCCGCAGCAATGAAATGTTCGT
YER141W.S1_st	175	256	CCAACCCAGATATTGTGGACCGGTT
YER142C.S1_st	87	5	CTCCGAGCGCTCGTGTTTATGTCTA
YER142C.S1_st	221	123	TACAAGTATGAAACCTCCGAGCGCT
YER143W.S1_st	14	257	CCTCTTAAGTGGTTCGGGTTCAGTT
YER143W.S1_st	30	129	GTTCTTCCTGAAGGTCGTGGTTGCA
YER144C.S1_st	205	121	TCCTGTCATGCGTAGATCCGATGTT
YER144C.S1_st	271	313	CAAAGGCCCTTAAGTGGTTTACGCT
YER145C.S1_st	94	314	CTCTTGATGCTTGAAGGGCTCGTTT
YER145C.S1_st	113	122	ACGGTCACCACCACTACGAAGGCTT
YER146W.S1_st	48	104	CTTTCAATACGTCGTGGTACCGTCT
YER146W.S1_st	88	118	CTCACCGAATAGCTAGGACTCCTGC
YER147C.S1_st	208	119	CTTGGGCGACGGTACATCACTGTTC
YER147C.S1_st	218	127	TTCACAAAGCTATACACGGCGGTCG
YER148W.S1_st	158	216	TTTTGTCAACGCGATGTACGGGCAT
YER148W.S1_st	250	120	CTCCTACTGAGTTTCGACCGGTCAT
YER149C.S1_st	136	254	TCAAGCGGCCACTGAACCCTAGGTT
YER149C.S1_st	204	128	TTACTGGCACGGCTTATACATGTTC
YER150W.S1_st	225	246	TCTCGTTAGGGTCCTCGGGATCCAA
YER150W.S1_st	287	100	ATTCGAGGAAGATAGTAACCGGTAC
YER151C.S1_st	161	137	CCGCCAGTAATGTGTCGCCTACAAA
YER151C.S1_st	262	126	ATTCAGGAGCAGTCCCTTACTACAG
YER152C.S1_st	91	249	TTAAATTACAGTAGGAACGGCTGCC
YER152C.S1_st	251	131	TCTAGGCATATGAGGCTCTCCCGGT
YER153C.S1_st	116	126	TCTACCTATGCGATGGTCCCGTCGG
YER153C.S1_st	238	136	ATGATGACCGACCACAGGAAACCGT
YER154W.S1_st	151	246	TTACTTGAATAGCAGGCGACACCAG
YER154W.S1_st	201	253	CCCAAGCGATTAGTTCCACAGCGAA
YER155C.S1_st	203	130	CCCAGGTCTAATCCACGTCAAGTCT
YER155C.S1_st	299	243	TCTTAAGGACCAAGGTAGCCGTCAT
YER156C.S1_st	103	242	TCCGATGCCAGTTAGCACCAACGGT
YER156C.S1_st	192	257	AATCCTCTCCAAACGGCCTCGGTAA
YER157W.S1_st	33	251	TGTTATACCACCTGCGGGCATGCCT
YER157W.S1_st	245	132	CTGGGACCGTTCTCTCGACCAAGGT
YER158C.S1_st	48	250	TACATTTGCTATGCACCAGGCGGCG
YER158C.S1_st	68	212	ATTTGAGAAGTTATAGTAGCGGCCG
YER159C.S1_st	205	231	ATGGTGAACTACGACCTCCCTCAGG
YER159C.S1_st	265	98	CTTGTACTCCATGGTGAACTACGAC
YER161C.S1_st	159	220	AGCTTTGTGTCGTTACCAGGGCCTA
YER161C.S1_st	304	114	GCGTTGTAACGCACCTCATAGAAGA
YER162C.S1_st	124	308	CTCCACCCAAGGATGGTCCATATCG
YER162C.S1_st	159	63	ATCGTTCGACTTGAGGTGTATACCA
YER163C.S1_st	10	242	TCTATTACTCCGGAAGCAGCCTGGT
YER163C.S1_st	222	310	AACGGAGCCGTGTTGTTTAGCCCAT
YER164W.S1_st	33	254	AAACCGGACGGCTGCAATTCTCATG
YER164W.S1_st	315	125	TTCAAGACTCGGACGTTTACCGGGC
YER165W.S1_st	148	4	CCATACGGTCCAGTTAAGTACGGAG
YER165W.S1_st	289	256	TCTCCACAAGGTAAGTTGCCAGGTT
YER166W.S1_st	35	235	ATCTATTGGCGATGAGACACCTTTC
YER166W.S1_st	167	137	AAAGTCGTCCGGGTTTGCAAGCCTT
YER167W.S1_st	160	131	GGGTCTCAGCAAAAAGGTACTCGTT
YER167W.S1_st	288	240	TTTAGCGCAAAGAATGTCACCGAGT
YER168C.S1_st	130	315	ATTGTTGGACCAAAGCCACTGTCTT
YER168C.S1_st	155	256	CCAGCAAGCGGTCCTAAAGTCGTTT
YER169W.S1_st	114	127	TTTCCAACGTAGGTGAGCGGTTCTC
YER169W.S1_st	296	313	ATTTGAGATTCAAACGCGGGCTTCT
YER170W.S1_st	33	244	TTTAGACTTAGATGGGATCCGGCTC
YER170W.S1_st	288	134	CCTAAAGGAGCTTGATGACGCGTTC
YER171W.S1_st	40	131	CTTGGAAAGCTGACTGTACCGGTAT
YER171W.S1_st	94	122	TAACGAGTTCCAAACAGACTGCGGC
YER172C.S1_st	87	129	CTTAAACTGTGAGGCTGTAGACCAT
YER172C.S1_st	171	105	ATGACTAAGTGTCGAACGCGTCCAG
YER173W.S1_st	35	257	TGTTGCGCCATGTAAGAAAGTCCTT
YER173W.S1_st	212	128	TTCCGAAGCGTACAACTAACTGGTT
YER174C.S1_st	11	251	CTGGAAAAACTCTAACGTCGGCATG
YER174C.S1_st	84	123	ATAGTCGGCGTCTAGGATTCCTCAA
YER175C.S1_st	46	128	GGACCTCGCGAATGGTAGTCACCTT
YER175C.S1_st	195	121	CTAATACAGTCTTGGACCTCGCGAA
YER175W-A.S1_st	215	120	ATAAGACGTTCTTTTAAGCGCCTAC
YER175W-A.S1_st	223	112	TAATCGCACTCGTGGTTCTAGTCAA
YER176W.S1_st	149	253	CTTTCTGATGTAATGGATGGAGCTC
YER176W.S1_st	191	256	AATTGCGCCGACCAAGAGTTCCTTG
YER177W.S1_st	158	240	ACTTTAACGGTGGTGTCTCAATGGG
YER177W.S1_st	256	117	CTGCTGCGATAACGACTCAACCTGT
YER178W.S1_st	32	256	ATTCCTGACCACAGATAGGCCGTTT
YER178W.S1_st	170	249	CGTTTCCAGGAGAGCAAGATCTTAT
YER179W.S1_st	114	114	GGTTCAAGTTAGTCTGGGTCCACGA
YER179W.S1_st	156	310	AATGGTGCGTCGAAGGCTCCCTTTA
YER180C-A.S1_st	62	241	TCTTGTAATCATGACCGAGCGGCTG
YER180C-A.S1_st	206	134	CTACGCGGTTTGGTTTGAAGACTTC
YER180C.S1_st	139	122	TCTTAACTCGGGCTACTGATGCTCC
YER180C.S1_st	182	137	ACGACCGTGTATAGGCCAAAAGCTT
YER182W.S1_st	79	313	CTCAAATGATGTTGGGGTCATCCGC
YER182W.S1_st	227	132	CGCAGCGATATGGTGGTTCTCAAAT
YER183C.S1_st	162	131	ACAGAATACCTTGTCCACCGGAGAG
YER183C.S1_st	165	122	AGATCTACAGCATAACCACGGACCT
YER184C.S1_st	203	256	CTTAAAATAGCTCTGGGGATCTTCC
YER184C.S1_st	259	116	TACTCTTCAACAGTGGGTCGTCGTG
YER185W.S1_st	7	315	ATCACACCCTAGGAAAAAGCCGTTG
YER185W.S1_st	121	236	AATGTTCGACGTCCACCGCCTGATT
YER186C.S1_st	105	250	CTCTCAAGTCAAGGCACCGATTGTT
YER186C.S1_st	109	123	AGTGACAAGTAGTATTTCCGGCGTT
YER187W.S1_st	48	128	CGTGCCCAAGCCGTAAGTTCAGACT
YER187W.S1_st	54	211	AGCTAGTTTAGCACCGTCGCCATGG
YER188C-A.S1_st	83	309	GTAAATGGGTATTTCGGGTGCTAAT
YER188C-A.S1_st	185	125	GTATTTCGGGTGCTAATAGGTGTAA
YFL001W.S1_st	43	310	ACTCTTTTGGGGAGTTTCCGGACAA
YFL001W.S1_st	122	257	CAATGTGATGCTTGAATTCCGGCGT
YFL002C.S1_st	92	112	GCGGACGGATCTTACGGACTCTATT
YFL002C.S1_st	242	315	TTAACATACCAGAAAAGGCGGACGG
YFL003C.S1_st	261	314	CTTGTAAATGAAGCTTGCCTCCGTT
YFL003C.S1_st	312	135	CAGATTCTTCGGTCGTCAAAGGGTA
YFL004W.S1_st	226	114	CTTTACGTCGTTTCAGAGCAGTTCT
YFL004W.S1_st	227	253	TTTTTACGACCAGGACATTTGCACC
YFL005W.S1_st	108	128	TTCGACGTTGAAACCCTATGGCGAC
YFL005W.S1_st	112	310	TTGTTCGAACAACCGCAGCCATTGC
YFL007W.S1_st	139	243	CTAAACGTTTCCCAGAGCTGCAGTT
YFL007W.S1_st	291	136	ATTCGTTGAATAGGAGCACCCGGTC
YFL008W.S1_st	5	251	CTTAACCGGCCACCATTGCGAAGAA
YFL008W.S1_st	18	3	CTGCGTTAGATGTCCCTTGAATGAT
YFL009W.S1_st	39	127	TTTAAAAACCAGTCACGGCGACGTC
YFL009W.S1_st	54	257	CCAACCCTGCGTTTGCTGATGAGAT
YFL010C.S1_st	127	127	TCTTCTCAAGAGCAGTTGTCCGTCT
YFL010C.S1_st	160	228	ATGCTTGTCGAGAGTCACCCTTGGT
YFL010W-A.S1_st	40	128	TTTAGGTAGTAGTTTAGGCGGCAGC
YFL010W-A.S1_st	44	116	TTGCTGTCACAGACCAGGCAGTATC
YFL011W.S1_st	157	308	CTTCAGGCCTCCAACCTAAGGGTCA
YFL011W.S1_st	264	133	CTCAATTTTTAGCACGGTACCGGTA
YFL012W.S1_st	116	253	CTCTAGCTTTAGGAAAGGGTACCTT
YFL012W.S1_st	124	250	CTTCAAGTGGAAAGGTTTTACTACC
YFL013C.S1_st	4	249	CTGCTTCTTCGTTGGCGGTACAAAT
YFL013C.S1_st	176	253	CTTAAACTTCTGTAGGGGCATCGCA
YFL014W.S1_st	144	315	CTGTTCCAGCGACCATTCCAAGTTG
YFL014W.S1_st	249	255	TGTTCCCACAGAAGGTTCCACAGGT
YFL016C.S1_st	43	119	CCTCTAAGGATATTGGTGTCGACGT
YFL016C.S1_st	208	253	CTATTTCCAGCGAGGTCCCTGAGTT
YFL017C.S1_st	39	253	CATTTGAGGTTCATAGTCCCGGTTC
YFL017C.S1_st	114	7	CACCGGTGTAGCTCCTGTAACGTCA
YFL017W-A.S1_st	19	98	TCGATCCGAACGTCTGGCAGTAATC
YFL017W-A.S1_st	112	118	ACGGTTATTGGTGGTCGATCCGAAC
YFL018C.S1_st	69	118	CGGAATCTTATACCGCGAAGGCGTC
YFL018C.S1_st	304	132	CTAGCTAAGGTTCTGGCTCGCATAA
YFL020C.S1_st	19	248	CGGCTGGTTCAATGGTCTCAATAGT
YFL020C.S1_st	159	124	AGGGCGGCTGGTTCAATGGTCTCAA
YFL020C.S1_x_st	19	248	CGGCTGGTTCAATGGTCTCAATAGT
YFL020C.S1_x_st	131	312	GGCGGCTGGTTCAATGGTCTCAATA
YFL021W.S1_st	227	112	ATATGTCGTTCACACCGTCGCAGGT
YFL021W.S1_st	316	171	AGTGTTCCGGAGACAGCAACTTCTG
YFL022C.S1_st	154	227	ATGTTGTAATGAGACCCACTGGACT
YFL022C.S1_st	213	123	ATAGCTTTGGTTAGGACGACGATCT
YFL023W.S1_st	59	129	CTTCGATGGCGCAGCTTTACCGTTA
YFL023W.S1_st	270	96	CGGCCGATGTCCTTCTCCAACGATA
YFL024C.S1_st	159	213	ATGAGTCCACTAATCTAAGCCTTGT
YFL024C.S1_st	202	113	AGCATCCCTGATATAGTGGTCTGAC
YFL025C.S1_st	69	253	TTTACGGTTTGTCGCATGGAAATCT
YFL025C.S1_st	79	112	TGGACGTAATCTCATCGCGACAACT
YFL026W.S1_st	257	132	CTATCCAAAATAGGTCCGTGCGACA
YFL026W.S1_st	286	117	CACCCGGTGCCGACGATTATTACGT
YFL027C.S1_st	40	127	TTTTCATAGTACCACAGCGGCGGTC
YFL027C.S1_st	186	119	CTCTTGCTAAAACTGGACGCGGTAC
YFL028C.S1_st	96	242	AAAACTGCCGAACCGGTTTACCGGA
YFL028C.S1_st	302	105	TTCTACGAGTCACCAGATGCGATGT
YFL029C.S1_st	72	246	TTGTTCACGCCTTGGGTACCTATCG
YFL029C.S1_st	174	257	ATGTTCCGGGGTCTTCACGAAAAAC
YFL030W.S1_st	270	117	CCATAGGAAGATTGTACAGACGCGT
YFL030W.S1_st	312	111	CGTTTTCCGATAACCGCGAGGTCGC
YFL031W.S1_st	44	128	TTCTGCGCAACTGAACGTCGGTGCT
YFL031W.S1_st	81	240	TTTTACATGGTCTCAGCTGCTGCGA
YFL033C.S1_st	258	308	TTAATAAAAGTCCTCCGCCGTTGGT
YFL033C.S1_st	295	312	CTTTTAAACCCGACATGGCAGCAGT
YFL034C-A.S1_st	226	311	CATCCTTTGAATCCCTTGCGGTAAC
YFL034C-A.S1_st	291	120	AGTGGGGACTTCTACGACTGCTTCT
YFL034C-B.S1_st	26	127	CGGACTGCGCATAGGTTGTTACTTG
YFL034C-B.S1_st	114	311	AACCGGGAGTGCACCTATTTATTGT
YFL034W.S1_st	83	313	CCCTCAGCGTAATGTTTGGTGGCAG
YFL034W.S1_st	259	121	ATTTACTACAGCTACGTCGGGTTTT
YFL036W.S1_st	26	315	CGTTTTCCGTCCAGAAGGTGGCTTG
YFL036W.S1_st	50	2	GTGACTGAACCTGCGTGAACTTGAT
YFL037W.S1_st	87	86	TACTACCGACGACGGCTAGGTTCTT
YFL037W.S1_st	304	248	TTTTACCGCTAAAACCACGAGGTGT
YFL038C.S1_st	79	251	CTGGTTCTTAGGAAGTTGCCGCACT
YFL038C.S1_st	91	242	TTTGACGACAACTAGCCCTTAAGGC
YFL039C.S1_st	35	315	TTGTAGCAATACAGGCCACCATGGT
YFL039C.S1_st	302	121	CTAAGTCTCGGGGTCTTCGAAACAA
YFL040W.S1_st	14	118	CTTACTTTACAACGGGAGTGCTCAC
YFL040W.S1_st	225	256	ATTACCGCCAAGATGTTCTAGGAGG
YFL041W-A.S1_st	210	121	TACTGCTACCACTGATGAGGAACCG
YFL041W-A.S1_st	252	128	CTCAACTAATGGCTATCCGATGACC
YFL041W.S1_st	68	127	ACTCCGTGGGCAAAATGAAGTCCTT
YFL041W.S1_st	230	132	CTCTAAATCTCGACTGTTGGGACCA
YFL042C.S1_st	163	116	CTTACCAGTTAACCTCCGACGCGTT
YFL042C.S1_st	280	121	CAATAGTCATCGTATGCGTGAGGCT
YFL044C.S1_st	205	315	GTGCCCTGTGCAACTAAAACCGGTT
YFL044C.S1_st	255	131	CTTTTGCAGGATAGTCATGTAGGAC
YFL045C.S1_st	53	251	CTTTTACCAAACTGGCGGATGTCTA
YFL045C.S1_st	118	128	TTAGGAAGTAGTTGACCGAGCCACT
YFL046W.S1_st	149	104	CGTTACCGACTATCCACAGACATGT
YFL046W.S1_st	159	153	TATCTTGCAGGAAAAACGACCCGTC
YFL047W.S1_st	107	121	CTACAGAGACTATAAGAAGCCCACG
YFL047W.S1_st	170	105	AGTAGAGGGCTCTTAGTCGTCCTGC
YFL048C.S1_st	66	255	CCCTTCGATGGTTTGCAGTACCTGT
YFL048C.S1_st	115	129	CTGTTCTACCAGGAGTCCAGCTGCT
YFL049W.S1_st	135	242	TTGCCGACAATTCGACCTGTGACTT
YFL049W.S1_st	256	255	AGAAACGGTAATTTTAGGCGGCTCT
YFL050C.S1_st	42	247	TTGCGAGTTGCTTCGGCGTCCATCA
YFL050C.S1_st	255	117	ATCTAGTGTACGTTTGATGGACCGG
YFL051C.S1_st	139	127	TGATATCAGGCGGAACACTCTCGTG
YFL051C.S1_st	156	255	CTAGGAACGCCTGGAGAAATACTTT
YFL052W.S1_st	250	255	CCTCCCTTGAAGTATGCCACGGTGA
YFL052W.S1_st	298	127	TTAGAAATACGTCAAGTGCCAGGTC
YFL053W.S1_st	105	257	ATTTTTGGTATGCAACGCGGAGCTC
YFL053W.S1_st	134	245	ATTCATATGCTCTCGGGCAGGACCA
YFL054C.S1_st	22	128	TTAACGGCCGCCATAACGACCTCGT
YFL054C.S1_st	76	122	TCAGCGACGTTAACCATACCGGGAA
YFL055W.S1_st	37	130	CTCATCGAATCGTAGAAGCCTTTGC
YFL055W.S1_st	219	129	ACTTCGCGATAAAATAGGCACCTGC
YFL056C.S1_st	159	25	ATCACGTCGTCCGTTCCAGGAGATA
YFL056C.S1_st	309	116	CTTGTCAGTCTTCGAACCTAGCCAC
YFL059W.S1_s_st	187	116	CTTCCACGACGTTACTAGGCATGGT
YFL059W.S1_s_st	292	122	CGATTCCGGTGTCTTAATGCGCAGG
YFL060C.S1_s_st	45	3	CGTAAGCATGTGTTGGGTTCGTTCC
YFL060C.S1_s_st	158	5	CTCTCAGCTGACGTTACAGGGAATA
YFL061W.S1_s_st	3	129	CCTAAACTGACCCTGACCGATGTAA
YFL061W.S1_s_st	289	246	CTTTGACGATCCGAACAAGCCCTTA
YFL062W.S1_s_st	53	122	ATAGGACGTCACTCCTCAGGAATCG
YFL062W.S1_s_st	273	116	CGTTAATAGGACGTCACTCCTCAGG
YFL064C.S1_s_st	34	124	TCCGGCTTGCTGTCGAGATGCTACG
YFL064C.S1_s_st	163	119	CTTGCTGTCGAGATGCTACGCATGA
YFL065C.S1_s_st	105	5	AATGATGTGCATCTACTCGATAGCT
YFL065C.S1_s_st	307	127	GCTAAAAAAGACGTATGGTTCGTTC
YFL067W.S1_st	209	131	ACGAGAGGACCTTCGATCTGCCATT
YFL067W.S1_st	301	102	ATGGTACTTACGTGCACAGCGACAG
YFL068W.S1_st	6	248	CTGTACGCCTTTTGAACCGAGGGAA
YFL068W.S1_st	225	130	CTCGCGAAGGTGTTTCTGGCATAGC
YFR001W.S1_st	126	281	AGAATGGCTTTTTAGACGGGTCGCA
YFR001W.S1_st	233	133	CCACAAAGTTCTAAGTGTTCGATCC
YFR002W.S1_st	33	4	ACGGTTCCCTTTGCATGTCGTGAAA
YFR002W.S1_st	158	194	CCTAAATGAAGGAAAGAGTCTGCTC
YFR003C.S1_st	79	248	CTTTCCGCGGTAGCATTTGAACTCT
YFR003C.S1_st	205	136	ACCCTAGTCTTGTTGTTGTCTGGCA
YFR004W.S1_st	69	126	AATCTAACTAACTGTGCCCGCGTAA
YFR004W.S1_st	128	127	TTATAACAAAGACACGACTGCCGCC
YFR005C.S1_st	123	128	TTGTCGCAACTACTAGAGGGTGTTT
YFR005C.S1_st	169	113	CGGACTCCGGTCACTCAGACAATGT
YFR006W.S1_st	39	121	ATAGGGGTACCTGATCCCGTATACA
YFR006W.S1_st	257	118	CCCTGCTAAATGTACGTGACTGTGT
YFR007W.S1_st	159	179	AACGTTAGTCCCAATCAGTGCTGAT
YFR007W.S1_st	233	117	CTGTATCTGATACTCCGGTGGCTTC
YFR008W.S1_st	95	105	CTCGTTGATTCGTTGTTAGACCTAC
YFR008W.S1_st	239	314	CTTCTTGGAGTGCTATGGTGCCTTT
YFR009W.S1_st	56	127	TTTTTAGAGCACATCGTAAGCGACG
YFR009W.S1_st	237	135	ACCTAAGGTCTTAACGGGAACATCC
YFR010W.S1_st	159	225	AATGGGGTCTTATGCGTCGTCTCTT
YFR010W.S1_st	276	134	CCGCATTTAAACTGGGTAGTAGGTC
YFR011C.S1_st	213	129	ACTGACTCACAGAAAACCGGTTATT
YFR011C.S1_st	217	121	GTGAAGGTTTCACCCACGACCACGT
YFR012W-A.S1_st	171	116	CGTGTAGCACACTTCTCATTAGGTG
YFR012W-A.S1_st	316	128	CTTCTCATTAGGTGTTGGTCGAATA
YFR012W.S1_st	167	113	ATCCAAACTATGCAGACGCGTCAGT
YFR012W.S1_st	225	242	GGAAGAGAACTTGCAACCACCGACT
YFR013W.S1_st	81	2	CGTTGTGACGACCTCAAGAACCTCA
YFR013W.S1_st	314	119	ACCTGTTAGCTACTCACGGGTTAAG
YFR014C.S1_st	80	256	ACCTAGGAAGTTTCTCTGGCTGGCG
YFR014C.S1_st	121	130	CTGGCGGCGTCTTGAGAACCTTCTA
YFR015C.S1_st	90	250	CTGTCAACCCAGAAGCATCCCGGAT
YFR015C.S1_st	286	255	CATGACAAATGTACTGAGGCCCGCT
YFR016C.S1_st	12	126	TTAGCGAATTCGTGTTAGGACTGCC
YFR016C.S1_st	178	124	TATATGTGCAGTGATCGGCCTCCGC
YFR017C.S1_st	184	133	CTCGTGCAGTGGGTGTAAACTTTCT
YFR017C.S1_st	221	132	CCTGGTGATTGCTGAGACTGGACTC
YFR018C.S1_st	201	121	TAAATACCTCGTGCGGCTAATCGGC
YFR018C.S1_st	290	113	TTACCGAACGACTGCCGTGCTACTG
YFR019W.S1_st	10	111	GTCACACTAGTTCGTCGGATGGCAA
YFR019W.S1_st	31	249	TTCTCGAAGACAAACCTTGCTGTGT
YFR021W.S1_st	41	314	ATGTTGAAACAATACCTGGGCCTCT
YFR021W.S1_st	62	128	CGTTAAGGCGTTCATGTCTCAGGAT
YFR022W.S1_st	21	250	CACGGGAGCCCGAATTTAATAGGTC
YFR022W.S1_st	159	231	TCGGGTACTTCACAATGGTCACGGG
YFR023W.S1_st	129	7	CATCCTCCTTCGTAGCAGTGCTGTA
YFR023W.S1_st	316	121	GTAGCAGTGCTGTAGAACCCTTTCT
YFR024C-A.S1_st	63	244	CTCAGGCCTCTAAATGGTAAGTCTT
YFR024C-A.S1_st	199	135	CCTTGACGAGTCAGTTCCCGAGCAA
YFR025C.S1_st	142	116	ATATCTGAGGATACCGCCGCGTTAA
YFR025C.S1_st	158	122	AAGATTCACTACTGCGTGTGCCGCA
YFR026C.S1_st	238	127	CCGTCAACCCATCGAGTAGCCTATT
YFR026C.S1_st	297	235	ATAAGGGACCTTACCTGGAGGACTC
YFR027W.S1_st	290	130	CTAGCTGTCCCTGTTATTGCGGTAA
YFR027W.S1_st	305	256	ACCATTTTGTAGATCAGCACCTGCA
YFR028C.S1_st	153	249	TTCTCTAAATTGGTACTGCGGCGGT
YFR028C.S1_st	299	128	TTAAGTAAGTTCTCGAGTCGGCAGG
YFR029W.S1_st	87	315	CCTGTTAGGAGCAACTTTGGCACCG
YFR029W.S1_st	185	128	TTCATAGACTGTACAAGCTGGCGCG
YFR030W.S1_st	180	122	AGTTTCAGCTGAACCTACGGCGTTA
YFR030W.S1_st	235	101	CGTCCATAATAGTGTGTGTAGCCGC
YFR031C-A.S1_s_st	162	134	ACTTCCGACCAGCACGAAAGGTGTT
YFR031C-A.S1_s_st	269	308	CTTTGAGAACCGGTTTCTGGGCACC
YFR031C-A.S1_st	196	137	ATAGTAGCCAGTGTTGGGTCTGCTT
YFR031C-A.S1_st	209	130	CTAACGGCGGTCTTCTTGACCAAAC
YFR031C.S1_st	18	251	CTAAAGTTCTACCATGGAGGCATCA
YFR031C.S1_st	180	118	CGTAACAACGTTAAAGCTGGTCGCG
YFR032C-A.S1_st	38	253	CTTTCCGAGTGTCTTTGCCATAGTT
YFR032C-A.S1_st	199	111	TGTGCCGTGACGATTCCGAAACCGA
YFR032C-B.S1_st	43	120	ACCTTTACGTCCATCGGTTTAGACT
YFR032C-B.S1_st	96	256	GTAAGTTATAAGTTCTTGGGGCCTT
YFR032C.S1_st	66	257	CCTGTTGAATTGGTTACGCGCGCTG
YFR032C.S1_st	193	315	TTCAATGTGCAAGGAATGCTCCGTC
YFR033C.S1_st	167	1	GTAAAGTTCTTGTGCCTCCTCCCAT
YFR033C.S1_st	234	111	GCCGATGCGCCTAGAACTTGTGTTC
YFR034C.S1_st	34	253	CTTAACGGGCTGTCGCAATAGGGTT
YFR034C.S1_st	282	132	CCAGCATCGTTCACTCAGAGGACAT
YFR035C.S1_st	164	112	GTTCATAAAGGATACGACGTTCACG
YFR035C.S1_st	181	124	TGGGCGGAAGGCACTCTCTCTGCTA
YFR036W.S1_st	82	122	ATTGGAGAGACTAGCTACTGGACTT
YFR036W.S1_st	263	127	TTTTTACCGCCTAGCGACGTGAGGT
YFR037C.S1_st	221	130	CTTTGACCATGACTAGAGCCTCGTT
YFR037C.S1_st	247	128	ATCTGAGCCCGTATGTTGATCACCT
YFR038W.S1_st	239	214	TGTCCACAGTGGCATAACCGGTTCT
YFR038W.S1_st	300	130	ACTTCGCATGTTCCGGTTGTCTCAG
YFR039C.S1_st	19	129	CCTGCAGTCTCCAGAGGTAAACCTT
YFR039C.S1_st	37	126	TCTCTTAGTAAGGTTGACCGAGGCA
YFR040W.S1_st	15	131	CTTCTTACCGTTATGATGAGGCTTC
YFR040W.S1_st	17	249	CGGCGGCCTCCTGTTCTTGTCATTA
YFR041C.S1_st	73	235	TGGACGAAGCCAAACCTTGTACTGC
YFR041C.S1_st	279	129	CTTCGGATTCTGAACCAAGGACGAC
YFR042W.S1_st	171	256	ATTACGGTGACCATCCCAGAGCCAA
YFR042W.S1_st	308	123	ATGGCCCTCCTTAGGTGCTTAAGAA
YFR043C.S1_st	4	130	CCTCTAATATCTATGGGTGCTGACC
YFR043C.S1_st	261	115	CTTGGCGAATCTTTACAGTACCGTC
YFR044C.S1_st	71	249	CTTTGACTGGAGAAACCAGGTCTTC
YFR044C.S1_st	273	118	CTTAACTTGCGACGTTGACCGAGAT
YFR045W.S1_st	175	115	TACATAGTTTGTTCTCCGGGACGAC
YFR045W.S1_st	222	136	CCACCGCTGATTTAGATGAGGACAC
YFR046C.S1_st	264	69	CTACTATACAAACTCGAGCGCGTGC
YFR046C.S1_st	276	126	AGATACCTTCAAAACGCGTGCAGCG
YFR047C.S1_st	112	129	CTATTAGTCAAACCGCGCAAGCTGA
YFR047C.S1_st	266	110	CATCGTAAGTAGTTCCGTGTGGTCA
YFR048W.S1_st	159	20	TCCACTGGTGTAATAGCTCGACTGT
YFR048W.S1_st	273	129	CTTGGTTCAAACGTAGGTGACATGC
YFR049W.S1_st	74	251	GTTGCCTTACAATGGACCGTCGTTT
YFR049W.S1_st	291	314	TTAAGCAGCCATGTTCCGTAGGGAA
YFR050C.S1_st	211	257	ATTGTGGCAACACCCGTAAAGTCCA
YFR050C.S1_st	256	120	ATCGATGGCAGTACATGGTCGCTTC
YFR051C.S1_st	28	236	AAAGGAAGGTTCTCAGGTGCTCCCT
YFR051C.S1_st	28	249	TTCTACCGCATTTCAGCGAGGGCGT
YFR052W.S1_st	13	250	CTTTGACCGGATAACAGTTGAGCTT
YFR052W.S1_st	49	126	GTCTACCGAGTACCTTCCCAGCATG
YFR053C.S1_st	130	126	GTTAATGCTAACAAGGTCGACTCCT
YFR053C.S1_st	167	117	CTTAACTAGCCATGGTCTCGACGAT
YFR055W.S1_st	46	242	GCGGAAACTTCTAACAGGGCCTGTA
YFR055W.S1_st	83	153	ATAACCAGACCGGAGGCGTTTACTT
YFR057W.S1_st	93	4	GAGCCGGTTCAGTTCGCCATAGTAA
YFR057W.S1_st	202	135	CACAGATATCATTCACGAGCCGGTT
YGL001C.S1_st	3	131	CAACGATCCGATGTGTGGTTCTCAA
YGL001C.S1_st	37	108	ATACGACCTTTACAACGACTGCGCG
YGL002W.S1_st	17	128	TTCAACCGTCTAATACGCGAAGGGT
YGL002W.S1_st	232	257	TATCCCATCAGGTGGTTGTCCCGAG
YGL003C.S1_st	29	246	TTACCGGACCAGAGGAGTATTTGCT
YGL003C.S1_st	211	256	ATTTGCTCCACACGATCGATGGCCA
YGL004C.S1_st	47	130	ATTCTAGTGGCCTTACGGGTCAACC
YGL004C.S1_st	235	126	TTGTTACAGATGAAACGTCGGCCTC
YGL005C.S1_st	37	248	TTGAACCCGTAGAAGATCCATAGTG
YGL005C.S1_st	79	128	TTAGCGTTATGGTTACACTCCGTTG
YGL006W-A.S1_st	15	122	ATTAAGTAATAGTAGCGGTGAACCG
YGL006W-A.S1_st	151	256	CCCGCGGAAGGTTTTTGTAAGTTTA
YGL006W.S1_st	90	68	GTACCGCTAGTAACCGTCGACAGTT
YGL006W.S1_st	109	255	ATTAGTACAAAAAACCACCGCGTGG
YGL007C-A.S1_st	23	1	ATCAAAGCTAATATATTTTTCCGGT
YGL007C-A.S1_st	186	137	ACGAGGGGAGGTAATCAAAGCTAAT
YGL008C.S1_st	90	4	TAGGGTAGGACCGTTAACCGACCAC
YGL008C.S1_st	294	131	ACTATAACAATGACAGCAGGCACAG
YGL009C.S1_st	88	7	AAACCTAAGGCTACCGTTACACGAG
YGL009C.S1_st	144	130	CTTGTGCGTGGTACCCGAGATTTTC
YGL010W.S1_st	54	111	CCATCGACATACGAGGTGTCTCAGT
YGL010W.S1_st	242	135	CCTCCGGTCGCAATTAACTGTTAGA
YGL011C.S1_st	24	250	CTGGGACGTCCAATAATGCAACCGA
YGL011C.S1_st	76	255	CATCTACTTCTTAACCCAGGGAGGT
YGL012W.S1_st	3	126	ATAAACATGATGGTACTGGGTAGAC
YGL012W.S1_st	133	118	CTAAGTGTCTCGGAAGTCTCTGGTT
YGL013C.S1_st	53	243	TTGCCACTAGAACTCCTGGAGATGT
YGL013C.S1_st	224	131	CTCCTGGAGATGTCATAGGACACCT
YGL014W.S1_st	219	116	CTATAACGATGAGTATCTGTGCCCA
YGL014W.S1_st	274	120	TGATAGTCTCTAACACCGCGGAAAT
YGL015C.S1_st	19	250	CTGCGGGACAGACCTTTACATAAAA
YGL015C.S1_st	159	254	CCCGGGTATTTGGAAGAACTCTGTT
YGL016W.S1_st	243	309	GCAAAACCTGCACTTCGGTCCGAAT
YGL016W.S1_st	271	135	ATAAGGTGTGTGTTTCCAGGCTAGA
YGL017W.S1_st	205	254	ATGGAGCAACTGAGACTTTGGCCTT
YGL017W.S1_st	251	136	ATATCGCTTGGAGGCTTACAGTTCT
YGL018C.S1_st	23	250	GGCGGCGTCACTTCAACTGGCACCT
YGL018C.S1_st	183	127	TTCCGTAAGTTTCTGACCCGAGGTC
YGL019W.S1_st	158	29	CTCATAATAGCTCGTGCGTCGTCTT
YGL019W.S1_st	254	131	CTAAATAAGACTGGTTCGGTCCGGA
YGL020C.S1_st	207	121	CTACTTACAGTAGTTGCCGCACCTT
YGL020C.S1_st	296	115	CTTTCGGAACCTACGACAGCTGCTA
YGL021W.S1_st	253	254	ATAAGTTTCTAGTGCCATGGGGTTA
YGL021W.S1_st	293	117	CGTCATCTAACGTTTGAGGAGTTCT
YGL022W.S1_st	184	131	CTCCTTGAGCGATGAAATGTTCTAC
YGL022W.S1_st	253	111	CTACGTTCCCGAAGACTCTGGTACT
YGL023C.S1_st	158	101	CTCGTACGGTGCCAACTAGCTCTGT
YGL023C.S1_st	196	304	CGGTATTCGGAAAATGGGACACCCT
YGL025C.S1_st	181	108	GTGTTTACAATACCCGTGCGGCGAC
YGL025C.S1_st	313	117	TTATTGCTAAAGGTCGTCGTCGTCG
YGL026C.S1_st	158	154	ATAACCTTTAGATGACCGGCACGAG
YGL026C.S1_st	172	131	CTAAGCTTCTTCTGGGTAGACGGAT
YGL027C.S1_st	80	125	ATCAACGAAACTACTCACTGGGTCT
YGL027C.S1_st	177	215	ATGCCCGACAATAGTGATAGCTCTG
YGL028C.S1_st	29	3	TCACGACTTTGACGGCCATGTAAAC
YGL028C.S1_st	165	119	ACATATAGTGGTCATCGCCGCAACT
YGL029W.S1_st	138	256	ACTCCCGGTTTTCGTCTCAGCAATT
YGL029W.S1_st	211	237	ATACCTTCCGTCTTTTCTGTGGCGA
YGL030W.S1_st	120	314	CCGGGGTCAATTTAGGGTTCTTAGA
YGL030W.S1_st	311	308	ATTCCAGATGATGAAGGTTCCACCA
YGL031C.S1_st	45	243	AAGTCCACGGTTTTAGATGGGTCCG
YGL031C.S1_st	140	238	TTTTCCGATTCAGACGACCATGAGT
YGL032C.S1_st	204	120	CCTTGACTGTTGATATACGCTCGTT
YGL032C.S1_st	263	314	CTGATGATAAAACCGGTTGCCCTTC
YGL033W.S1_st	114	255	TTTCCTGAGTCACACGGGCTTTTTA
YGL033W.S1_st	143	245	TTTAGTTGCCGGTTTCTGCGAGAAC
YGL035C.S1_st	43	4	GTTGGGGCAATAATAACAGTGGTTC
YGL035C.S1_st	252	126	GGGTAAAGAGTCAGCCTAAGTGTTC
YGL036W.S1_st	39	8	ATGTAGTAGTGTTAGTCGACGCGTC
YGL036W.S1_st	234	118	CTACGATACTGATGCCGTGGATGCT
YGL037C.S1_st	300	117	ACTTCCGGGTGTTGTAGTTACAGCA
YGL037C.S1_st	311	132	CTCATAACACAGTTTCGGTGGCGGT
YGL038C.S1_st	195	256	CCGCTCGCATGTTTTGGGTCCTCAA
YGL038C.S1_st	239	119	TAATGACGTTGCTGAAACCGCTCGC
YGL039W.S1_st	157	312	TCAACAGTTCGATTGCGCCAAAGGC
YGL039W.S1_st	181	138	ATCGTTGACCGCTTGGACCATCGCC
YGL040C.S1_st	114	96	CGCGTATAGTGCACAGCCCGCTTAT
YGL040C.S1_st	120	7	ATATACCCGGTAAGGCACTACGACG
YGL041C-B.S1_st	227	131	CAAGATAGCTTGCTCACTGAGACCT
YGL041C-B.S1_st	274	313	CATAAAGAAATCAAGACTGGCTCGG
YGL043W.S1_st	12	61	ATCGATGTACGCTACGGTTCCTAGA
YGL043W.S1_st	113	314	TTTTGAATATGTTGCGTGTCCCACG
YGL044C.S1_st	33	255	TTACCCGGCCTGAAAGTTTTGTCGC
YGL044C.S1_st	56	2	ACTAAACTAGGGCAATCGAAGGTCC
YGL045W.S1_st	18	129	CTATCACTGCTACAAGGTCAAGGTT
YGL045W.S1_st	83	254	CTATTTCAGTCACATGGCAGCCTTC
YGL047W.S1_st	81	250	TTAACTGGTCAAACCGACACCGCTG
YGL047W.S1_st	161	122	AAACCAGTATAGTGTGCGACCTTGC
YGL048C.S1_st	197	119	ATCTAGGTCGTGAAAACTCTGGGCC
YGL048C.S1_st	278	314	CTTCCAAGGGCATACCAGGCACTCG
YGL049C.S1_st	84	254	CTATTTAAACAATGCGGAGTCCGTT
YGL049C.S1_st	249	112	TTGTATAGTAACTGCCACCGTGGTA
YGL050W.S1_st	176	124	TATAGTTCGACCTGCATGGCGAGCC
YGL050W.S1_st	235	125	TCTTGAGTATTTAACACGCGGCCTA
YGL051W.S1_st	254	114	AGTTAAGACGTATGATGCGAATAGA
YGL051W.S1_st	295	132	CAAAAGTTAAGACGTATGATGCGAA
YGL053W.S1_st	37	311	CTTTAATAGTGTGCCTTTGGATGCC
YGL053W.S1_st	232	249	CTATTGCTAAATACCTTGTGAGGGA
YGL054C.S1_st	121	97	CACGTAAAGTGTTATGATATGCGAC
YGL054C.S1_st	162	110	CTTCGGCGGAACGTACCACGAAACA
YGL055W.S1_st	145	253	CTTCTTGGGGAGCACTGTTGACCTA
YGL055W.S1_st	209	127	GTTCCGAAAGTCACCACCACAGATG
YGL056C.S1_st	137	119	ACCAGCGATGGTTTAGAGTGTCTAA
YGL056C.S1_st	192	130	CTTGTGCGTTAGAAGGTCCTACCGG
YGL057C.S1_st	170	89	GTTTATATGATGGACGACTACACGT
YGL057C.S1_st	286	118	CCTCGACGGGCGTGTCTTCTCATGA
YGL058W.S1_st	128	121	ATAAAACGTCTTGTCTACCTGAGGT
YGL058W.S1_st	257	121	CCGGTCGGCTATGAGGTATACTTCT
YGL059W.S1_st	55	6	ACGTGTGCAGCGATCTTGGTTACTC
YGL059W.S1_st	264	132	ACGACTTATAACCTTGCCGCTGGAA
YGL060W.S1_st	226	93	CTACTAATCTAGAGGACTCCGACGA
YGL060W.S1_st	254	121	GACTCCGACGATTAGCACTGCTTTG
YGL061C.S1_st	58	253	CAAGGACGGAGCTTTTCTGGATCAC
YGL061C.S1_st	73	2	ACACGTTAGACCATCTTCCGGGCAA
YGL062W.S1_st	177	121	CTAATATAGAAGAGGTAGGCTACCT
YGL062W.S1_st	241	255	CATCGGCATAATTCGCGGTACTTTT
YGL063W.S1_st	71	127	ATAACTCGCCATGGGAATCGCCGAT
YGL063W.S1_st	112	247	TTCCAACATCACAGCGTCCGGAGTG
YGL064C.S1_st	77	3	CGCCGGCGCATAAATACGATTGACT
YGL064C.S1_st	283	250	TTATCTGGACTATGTGGCTCACCCG
YGL065C.S1_st	24	253	CTTACCGGGCGATTCTCAGTTCTTT
YGL065C.S1_st	38	251	CTTGAAACTCTCCTTACCGGGCGAT
YGL066W.S1_st	159	241	TACCGAGGCCCGTTCCACATAGATG
YGL066W.S1_st	161	114	TCACAGTTGTCGCAGTTACCGAGGC
YGL067W.S1_st	20	313	TTCGAAACCTATTCATGCGGCCGCC
YGL067W.S1_st	158	193	ATAACTATATCAGGCCAGTGTCGGG
YGL068W.S1_st	172	256	ATTCGGACTCCGTTTCTGGCACAAA
YGL068W.S1_st	230	133	AGCAACTTCGACGTGGTTTCCAGAA
YGL070C.S1_st	89	126	GTTATACAACATGGGAGCACTCCTA
YGL070C.S1_st	190	135	GGTTGTAACCACTTTGACGCCCTCA
YGL071W.S1_st	15	124	ATGTTATAAACTGCGTGAGGCTACG
YGL071W.S1_st	300	312	AAACATGTTTTACCGGGTGTGCCAA
YGL073W.S1_st	74	111	CTATTACTGTGGCTCGTGCGTTCAT
YGL073W.S1_st	228	256	ATGGCCTTGGCCGATATCAGCTTTA
YGL075C.S1_st	12	247	GTCCTAGTGGAGACCATTGCCCTTA
YGL075C.S1_st	23	131	TTGTCGCCAAGTCGCTGAATGTCTT
YGL076C.S1_s_st	116	3	ACGATAGTAGCTTCGGTTGAACCCA
YGL076C.S1_s_st	310	121	GTTCAACAGGTTGGGTAGACCACCA
YGL077C.S1_st	40	248	CGCCGGAGACTGCAACTTGAGCTTT
YGL077C.S1_st	186	128	TTACAGTACGCGAACCTATTGGGAG
YGL078C.S1_st	35	3	CGTAAACCGACCACCTGACCAATTG
YGL078C.S1_st	84	86	ATATTGCAGCGTCGATAGGTACCAC
YGL079W.S1_st	38	58	CTCGTCCGAGTGAGTTGACGTTCTC
YGL079W.S1_st	131	128	GTTCGTTAAACGATGGGTGCCTACG
YGL080W.S1_st	14	120	CTTTGACGCGTTAATCGAGTTCCGA
YGL080W.S1_st	79	3	TACAGAGTTGGCCAAGTTGCGCGAC
YGL081W.S1_st	54	116	CTTTAGCTTCAAACGTGACTGTGTC
YGL081W.S1_st	72	254	ATCGGCGGTTCAATTAAAAGGCTTA
YGL082W.S1_st	93	236	ATTTGACCGTCAGCGAATTTAGGCA
YGL082W.S1_st	190	131	CGTCCTAAGAATGATGTGCCCGTTG
YGL083W.S1_st	17	111	CTCCTGGGACTCTGTCAACGTCGAT
YGL083W.S1_st	310	122	TGCTGCGAAGCTCGTGATTCCACCT
YGL084C.S1_st	15	247	ACGAACCCGAGACTGCCATGATTTT
YGL084C.S1_st	208	134	ACACCCGAAACGATCTGCCTTAGCT
YGL085W.S1_st	2	122	CTAATACACCTTAGCTACGGGGTCT
YGL085W.S1_st	227	312	TTTCTCGTGTAAAGCCATTGGGTCG
YGL086W.S1_st	215	255	ATATGACGTTAATGCACTGCCGGGG
YGL086W.S1_st	260	128	GTTATTGTAACGCAGACACCCTTGT
YGL087C.S1_st	124	130	ATCGCTGCTATAATGGTACTGGTTT
YGL087C.S1_st	222	135	CTAACACCGGGTTTGATAGGTCTAA
YGL089C.S1_st	43	117	TTCTATAGCGAGTCCACGGTCGGCT
YGL089C.S1_st	110	238	TAAGTCATTGCGATGGCGGTCACCC
YGL090W.S1_st	92	73	CTCTCGAAGTACTCTAAGACGCTGT
YGL090W.S1_st	205	129	CTTCTCGAGGTTGGTATCACTTGTT
YGL091C.S1_st	1	131	CACCAGTGGTGTGGAGTCCTTCATC
YGL091C.S1_st	59	242	CATGAATTGCAACACCTCCGAGACG
YGL092W.S1_st	7	248	CTTCCGGTTTAACGAACTCGAGGGG
YGL092W.S1_st	278	116	TTCGTGACAGCACTTCACCGGCGTA
YGL093W.S1_st	39	313	TTGTTCTAATGAGTGGCAGTGCCCT
YGL093W.S1_st	242	254	AAACGAGTCCCGCATAAGAGCCTTT
YGL094C.S1_st	37	1	AAGGACCACTGAACCTGGGACTTTT
YGL094C.S1_st	138	3	TAACTTCTACGGGTATGACGGAACT
YGL095C.S1_st	158	205	ATCGGCGGTCCTATTTTACTGAGTT
YGL095C.S1_st	233	120	CTCACTAGCCTTTGGTCGTCTCGTT
YGL096W.S1_st	91	254	CTTGACGAGCGCTTTTGACCAGATT
YGL096W.S1_st	214	91	AGCGTCGGGCTCATACTCGTATAGA
YGL097W.S1_st	120	1	CTAATCCGGGAAAACTCCTGCTGTG
YGL097W.S1_st	267	117	GTAACTAGGATAGGGTTCTACCGCT
YGL098W.S1_st	45	100	CGTTCCTCGACACCGTAAAGTTAGT
YGL098W.S1_st	72	107	CTAAGACATCTACGTCAACTGTGCC
YGL099W.S1_st	42	129	CTTCGGTTTAGACAATGCGTGCCAC
YGL099W.S1_st	184	128	TTCTTAACAATCAGCGTATGCGGTC
YGL100W.S1_st	226	128	TTATTCTTCATAGTCGACCCGAGGA
YGL100W.S1_st	230	66	ACGTGTCCCGTCTAGTCTGAGTTTA
YGL101W.S1_st	141	116	TTCCGGGACGTCACTTTCGCGTAGA
YGL101W.S1_st	232	312	CTGTTCGGAAAAAGCTGTCAAACTT
YGL103W.S1_st	146	243	TCTCCAGTGCAGAGTCGGCCATTTC
YGL103W.S1_st	267	254	CAATAACTGTGAAACCGTCGGCCAA
YGL104C.S1_st	60	253	CAATAAACCGGTTGTTAAGACGCCA
YGL104C.S1_st	220	242	CATTTGGCGAAGACTACTGCAGGTG
YGL105W.S1_st	30	236	TAAACAGCTCGGTGGTTTCCTGAGA
YGL105W.S1_st	50	257	TTTCCTGAGATTCCGGCCACTGTTC
YGL106W.S1_st	82	121	CTCTGCGGAGATCGAACTGCGACCT
YGL106W.S1_st	273	120	CTAAGCTCGAACTCTCTGCGGAGAT
YGL107C.S1_st	172	119	CTGAACTCACGGCTCCTGTAAGGAC
YGL107C.S1_st	253	253	CTGCTGTATTTTCAAGGCTTCGGTA
YGL108C.S1_st	67	2	GTTACGGAAGTGTTTGATGCTGCCA
YGL108C.S1_st	108	257	TTCAATCGGGTTTCCTCCGGCGTTC
YGL110C.S1_st	4	251	CGAGCACGCCCTTTATTGCGATAAA
YGL110C.S1_st	83	249	CTACAATCTTTCTAGAGGATGGGCT
YGL111W.S1_st	159	229	TTCAGGTTCACGCTTTCGACGGTTT
YGL111W.S1_st	205	122	TTTAGCTCTACGGTGATTCAGGTTC
YGL112C.S1_st	220	314	CTTTGGATTTATTAACCCGCGCGAA
YGL112C.S1_st	222	128	GTGGTTTTCTACTAAGCGGCGTTCT
YGL113W.S1_st	92	314	TTTTGCCGTCAAAAGACAGAGACTG
YGL113W.S1_st	175	257	ATTTCGCGGGAAGTGTTAACCCTTC
YGL114W.S1_st	155	121	ATATAAGGCAGACCACATCGTCAGC
YGL114W.S1_st	179	117	GTTAACGTTCTAAGTAGCCGCCCAC
YGL115W.S1_st	87	4	GTAACTCGCAGCCTCTTCGGGAATA
YGL115W.S1_st	238	120	CTGCAGTAAGTCTACGAATGGGTTC
YGL116W.S1_st	44	115	TAGTGTCCACGTGCTCAACCGAGTT
YGL116W.S1_st	287	122	ACTCTAAGTATGTTCCTCCGGGAGA
YGL117W.S1_st	88	256	ATTAAGGTTGCGAATGTGTCTCATG
YGL117W.S1_st	98	126	GTAGAAGTAACCCACAACCTGTGAG
YGL119W.S1_st	191	126	TGACCCGATAGAGTGTCCGAATCTT
YGL119W.S1_st	227	123	ACTTTCTGATACAGGCGGTGGTCTC
YGL120C.S1_st	139	116	CTTATAGAAACGAGTAGGTCTGCCA
YGL120C.S1_st	158	57	ATCGCGGACGTATGATGCTGAATTC
YGL121C.S1_st	148	2	CTTGACCTGACCCTGTAGCTGCTAA
YGL121C.S1_st	162	112	CTCTCAACGTGTGTGAATGGCTAGC
YGL122C.S1_st	71	250	CTTTCCGGGTGAGAAGTAACAGCTT
YGL122C.S1_st	221	112	ATAAGTCTGTAGGAGGTCCGTCTCA
YGL123W.S1_st	59	255	TTCAACAGGCAATAGGGTTAGTCTT
YGL123W.S1_st	304	133	CAGCGAAGAGGTCGACAGTTTTTCA
YGL124C.S1_st	42	256	CCTGAACCGCTACCTGCTTTGTGTT
YGL124C.S1_st	228	126	GTTGTCAATGTACCGTGCCATCACT
YGL125W.S1_st	3	105	CGTGTGAACTAACTCGACTTGGTCG
YGL125W.S1_st	315	158	ACAACGGGTTCTGATTCAACGGGTT
YGL126W.S1_st	73	128	GTGTCACGTCTGCAAAACCTCCGGT
YGL126W.S1_st	217	253	AAAAGCTGTGACCTGGCGATACCTG
YGL127C.S1_st	269	111	CTCGAGCTTAAATAGGTCAGTGACC
YGL127C.S1_st	307	130	CTAGTAAGTTAATGTTCCGGGCGTT
YGL128C.S1_st	18	123	AAGTTGAACGGGATACCACTGACCT
YGL128C.S1_st	53	310	AAATAACGTTTAGGTTGCGGTGCCG
YGL129C.S1_st	259	313	CTAAACAATAGGCATTACTGGGTGG
YGL129C.S1_st	261	132	CAATAGACAGGTTAGGTTCCACGGT
YGL130W.S1_st	287	133	AAGTCAAAGTAACCTCCTGGAGCTC
YGL130W.S1_st	308	135	CCATTAGTATGTAGCCACCAGGTCT
YGL131C.S1_st	55	124	TCGAATCTGACGCTGTGCCGCTTTA
YGL131C.S1_st	304	130	CTAGTCCACGGGTTCTTGAGCTAAA
YGL133W.S1_st	27	257	ATCACCCGGTTTGGAGTTCTTGTCA
YGL133W.S1_st	126	249	CCCAAGGAGTGAAGCGTTTTTACGT
YGL134W.S1_st	20	253	CTTTTGGGCAACGATGTACCGTATG
YGL134W.S1_st	245	313	TGGCCAACTACATCTTCACGGGGTG
YGL135W.S1_s_st	24	315	ACAGGTTCCGACCATTCAAGGGTTG
YGL135W.S1_s_st	53	128	GTACCCAGGTCGAAAGTCTAACATG
YGL136C.S1_st	57	2	AATACACTGCGTCGGAATCAATGCC
YGL136C.S1_st	79	241	TCACTATACATACTTGGGACCGGGG
YGL137W.S1_st	67	315	CAGAGTTTCCAAAAGGCTTCGGCGA
YGL137W.S1_st	159	80	ATTACGTATAACCTAGCGACCGCTA
YGL138C.S1_st	186	92	ATCTTTCCGGAGTACTACGTGATTA
YGL138C.S1_st	299	118	CTATCGGCGTGTATTATCTTTGAGA
YGL139W.S1_st	117	6	CTACGAGACTCTCAACTTCGAGGTT
YGL139W.S1_st	174	253	CTATTGTTCGGATGCAAAAGTCTCT
YGL140C.S1_st	66	126	GTGAAATGCTCCTGACCCGACGTCT
YGL140C.S1_st	159	68	CTTGCGTAGATCACGACGTAGCCTT
YGL141W.S1_st	71	4	GTCCGCGGTCCAAACTGAATAGTAT
YGL141W.S1_st	251	122	ATACGTTATTTGAGTCCGCGGTCCA
YGL142C.S1_st	145	126	GTAACGTAAATGAACCTCTGGGTCT
YGL142C.S1_st	262	98	CTAATATCGCTATAAGGTCGCCGTC
YGL143C.S1_st	145	122	AGTGACTAGTATCCACGCCCAAGTG
YGL143C.S1_st	263	122	AACTTCGTCCGCAAGTGTCCCACGT
YGL144C.S1_st	84	248	CTTGGATAAGTCTCGCATTGGCTTC
YGL144C.S1_st	158	201	TAAATCGCGGCATTAGCTGTCCTCT
YGL145W.S1_st	2	130	CAGCAGGCATGGTTCGCGACTCAAC
YGL145W.S1_st	180	253	AGACAGCTGCTTTTATAGCCCGGCA
YGL146C.S1_st	35	244	TTCTTTGTCTGAGGTCGTCCAAGCC
YGL146C.S1_st	45	126	ACTGCCGGAAAAGGTCTATCACTCG
YGL147C.S1_st	109	175	AGCTTCAGGGTCTTCCACAGTGACA
YGL147C.S1_st	124	122	CGACGAAACTCTTGGCAGTTCAGAA
YGL148W.S1_st	26	95	ATAACACCTTCGGTACTGGCGAGAC
YGL148W.S1_st	305	132	ACAGGTAAGGTCGTAGGTTCCCAAA
YGL150C.S1_st	10	125	ATCCATAGTTGGACTGGCGTCGACT
YGL150C.S1_st	244	127	CGGTTTGCTCCGTTCAGTGTCACAT
YGL151W.S1_st	158	218	ATGATATACTACACTTTTGGCGCCT
YGL151W.S1_st	306	118	CGACTTCGATGGGTTCTGCTACTAA
YGL153W.S1_st	185	123	ACTTTGTCCGCGAACACGTCTGTTG
YGL153W.S1_st	276	115	TTATGGCGGCGGTTACTCTAGTCAC
YGL154C.S1_st	169	98	CTTTCGCAGACTAGGTACGTGTTAT
YGL154C.S1_st	192	116	CTTAACTATAGCGAAGAGGCACGTT
YGL155W.S1_st	16	255	CCTCGAAAGCCACGGGTGTTACTTG
YGL155W.S1_st	69	86	TATAGTGTCGACAGATCCCTCGCGA
YGL156W.S1_st	306	131	CTCAAACTGTCGTTGCGCTCTGCTT
YGL156W.S1_st	309	119	CCTCGTGATAGTTCGCTGTGACAAT
YGL157W.S1_st	1	122	CCTAACGTATCAACTGTGGCGCCGC
YGL157W.S1_st	312	123	GTGGCGCCGCGTTTACAATCTTCAA
YGL158W.S1_st	136	245	TCTACTGTGGCTCAAAAGGTCTTCA
YGL158W.S1_st	170	131	CTAATGCTTAAGAACCGCGGTACCA
YGL159W.S1_st	136	128	CTTCAATGTTTGGTCACTACGTGCT
YGL159W.S1_st	175	131	CTGCACCGCGAACGATTCCTTAAGA
YGL160W.S1_st	49	4	ATGTGCCGCCTTTGTGCCAATCTGC
YGL160W.S1_st	54	6	CTGTCGTTACTGTTATGCGGTCTCT
YGL161C.S1_st	56	257	AATGCCCATGCGATTGAACTAGACC
YGL161C.S1_st	179	127	TTCGCGGACTCCTGACAAGTTCGTT
YGL162W.S1_st	38	4	AGAACTGAGGACTGCTATAAGCCGA
YGL162W.S1_st	148	3	GTGCGACAACGCCTTATAACGGTAT
YGL163C.S1_st	195	71	CGACTAGTTGTTCGAAACCGTGCAC
YGL163C.S1_st	212	122	ATACCACTACGCTGTTGAACCTTAG
YGL164C.S1_st	113	3	GATGACCTCATGTAGTAAGCCGACT
YGL164C.S1_st	158	120	CTAAGCAGCTAGTGTGATGACCTCA
YGL166W.S1_st	22	3	CTAGACCTGCAAGAAAACCCGGATT
YGL166W.S1_st	40	242	ACCCGGATTTACCAGCGAGCAGCCT
YGL167C.S1_st	47	126	GCGCCGGACATAGTAGCAACCCTGT
YGL167C.S1_st	159	34	ATTACCTACCCGGTGGTCGAGTTAG
YGL168W.S1_st	116	297	TGGAGTTATCCCAACCCGCAGGAGT
YGL168W.S1_st	243	253	CAACCCGCAGGAGTACTTTCTATTT
YGL169W.S1_st	22	4	CGCTACCGTAAGAATTCCCGCAACT
YGL169W.S1_st	248	128	CTTGCGGACCATACTTCATATCTGT
YGL170C.S1_st	277	118	CGATCGTCAAGCATCTAAGAGGTTA
YGL170C.S1_st	299	314	AAAACGGTTATCTATTGGCGGGAAG
YGL171W.S1_st	49	122	CCCGCCAGTCCATTTCGATAGTGTA
YGL171W.S1_st	168	110	CTAGCAGAGTCCGAATACAAGTGTC
YGL172W.S1_st	108	255	CTATGTCTAAATAAACCGCGGGGTT
YGL172W.S1_st	289	132	CTACTCCTGGAAGATCTGTGCGTTT
YGL173C.S1_st	186	136	TGGTCGTGGTGTACCCAAACCTGTT
YGL173C.S1_st	195	128	CGTCTACAACCAAACGGCATGTTAT
YGL174W.S1_st	74	312	TTTTGTAGAAATGACCCGGCGTTCG
YGL174W.S1_st	200	111	CTGCCACAGGTGTCTAGTTTACCGA
YGL175C.S1_st	84	309	GGTTTACTTCTATAGCGGGGCCAAT
YGL175C.S1_st	205	135	CCTTATCTCGAGCTCTTGGGACTTA
YGL176C.S1_st	82	1	CTCCTGTAAGACTGGCTTTAGGGCC
YGL176C.S1_st	260	123	ATCGTCTATGCAAGGACCTCCTGTA
YGL178W.S1_st	97	106	CGTCGTATAACCAGTTCCGGGTATA
YGL178W.S1_st	294	123	ATACTCGGCGTTGCGATCATAAAGG
YGL179C.S1_st	109	113	TCTAGTCATAAGTCCTACGGGGTCG
YGL179C.S1_st	278	122	ACATAAACTCCGATCGCTGCGGGTC
YGL180W.S1_st	144	3	AGATACGTCCATTGCAGGTTGACCA
YGL180W.S1_st	169	115	AGGTTGACCACCATACTTAGAGTTC
YGL181W.S1_st	7	251	GTTCCTGTACCCAAAGCCACTATGT
YGL181W.S1_st	95	7	CATCTAGTCGTCGTTATGCGGTACC
YGL183C.S1_st	49	256	CTTCTGCCGCAGTAAAGCCACCTTT
YGL183C.S1_st	150	249	CTGTTTTGCGATCGTTGACCTTCCG
YGL184C.S1_st	101	250	TTAGCAAGTTATTACCGGGTCCACG
YGL184C.S1_st	172	242	GGTTGGGCCTAAAGTTCGACGTATT
YGL185C.S1_st	36	248	TTAGCACCAGTGTAACGGCCCTTGA
YGL185C.S1_st	98	1	AAGACTGCGGAACCATTGCCCTGCT
YGL186C.S1_st	82	311	AAAACACGTTTTTAGGGAGCGACCA
YGL186C.S1_st	263	132	ACCATCAACCATACCGCGTTCGGAT
YGL187C.S1_st	127	1	CTCCCATGGCAAGGTTGTCTGGATC
YGL187C.S1_st	268	135	AGACGAAGTCGTTTTTGGGCACCAC
YGL188C-A.S1_st	5	241	ATCTCTTCCCTTCTTGCTACTCTAG
YGL188C-A.S1_st	10	1	AAGACTTTCCTTTGGTCAATTAGTG
YGL189C.S1_st	140	4	CGACTACGGCGGTTCTTCCGAAATA
YGL189C.S1_st	154	314	TTTTGTTCCAAAGGGGACGACTACG
YGL189C.S1_x_st	11	131	CTTTGTAACAACTTCGGCGACGGCA
YGL189C.S1_x_st	270	122	ACGACTACGGCGGTTCTTCCGAAAT
YGL190C.S1_st	239	122	ACCGTTGTCGGTGTTCGCATCCTCA
YGL190C.S1_st	248	131	CATTGCCTGCGTTGTGTCCGTACCA
YGL191W.S1_st	158	310	ATTTTAGAGTCAAACCCAGCGGGAT
YGL191W.S1_st	262	103	AACAGTTGTCCGTGTAGCTCGTGCT
YGL192W.S1_st	171	241	TTCCCTAGTGTTATGCGCCGGACCG
YGL192W.S1_st	247	134	CCGTGGGTACGGTCTTTTGATCTCT
YGL194C.S1_st	60	244	GGTTGTTACGCCACGCCTAAGGAAT
YGL194C.S1_st	292	81	GTTCTATATTCACGGGACTGTCTTC
YGL195W.S1_st	103	111	CTAGCGCCATTGTCGTAGCTTTGAC
YGL195W.S1_st	290	121	CAATAGGGTTAATTCGAGCGTCGTC
YGL196W.S1_st	273	119	CACAGATTGCGCTCTTCGTAGGAGT
YGL196W.S1_st	298	130	CCAGAGAGTTCTTGTGCCCTATGAC
YGL197W.S1_st	12	250	CTTTGCGTTAATGAATGGCGTACTT
YGL197W.S1_st	221	135	ATGCCCAGATGGTGTTCTTGATCAA
YGL198W.S1_st	47	4	TGCGAGCTGCTCTGACACGACGTTT
YGL198W.S1_st	193	113	AAGAGATAAACATAGCGTACGCGCC
YGL200C.S1_st	97	256	CTGAAATAGTAGATGCCCGGCCTTT
YGL200C.S1_st	272	138	ATCTTTGGGAGTTAGGTCATCGGTC
YGL201C.S1_st	45	215	ATCTCTCAGTTTCAGTGCGGCGAAG
YGL201C.S1_st	192	129	CTTCGATGTCGAGCAGGTCCATGTT
YGL202W.S1_st	186	117	CTTTACTGCTAAGTTCGGGGTCGTC
YGL202W.S1_st	254	113	ACTTTGCACTGACACGGTAGCTACG
YGL203C.S1_st	247	123	CGCCTCGTGGGTATTCATCGTGAAG
YGL203C.S1_st	252	96	CGTCTACTAGACCTTTCGCCTGAGC
YGL205W.S1_st	136	249	TTCAAACGGCGTTATTAGGTCACCT
YGL205W.S1_st	166	128	GGAACGCGACGTACAACTTTTGGAT
YGL206C.S1_st	125	311	TATCCTCGGGACAATATGGCATCTT
YGL206C.S1_st	161	111	CTCCGAGATGAGTGTATAAAGCAAC
YGL207W.S1_st	146	1	ACAGGGTTTATCTAGCCGTCAAAAG
YGL207W.S1_st	276	132	CTCTTTTTCCGACGATCCCGACTAT
YGL208W.S1_st	82	127	CGGTGCGTTCTGGTCAAGTTGCTCT
YGL208W.S1_st	115	232	ATGACTGGGCAGACAGTACCTTGCT
YGL209W.S1_st	14	316	ATTTTAACGGCGGACATGCATTGGA
YGL209W.S1_st	89	115	AGACACGGTTTGAGAGGCTTACTAC
YGL210W.S1_st	108	127	TTTCGTGTCTAAACCCTGTGCCGTC
YGL210W.S1_st	208	255	CCAGTTCTTGCAATGTCCCGGTAGT
YGL211W.S1_st	158	126	CTTCGAAGACTTACTGGCAATGCTA
YGL211W.S1_st	228	120	CTGAGGTGCCACAATCGCGTATACG
YGL212W.S1_st	123	127	TGTTCTCAACCAACGTGACGTGGCT
YGL212W.S1_st	191	134	CTACTGCAGCTATTGTGACCATCCT
YGL213C.S1_st	159	151	GACTTGGACCACAGAAACTGCACTT
YGL213C.S1_st	295	121	ATCGAGCGTCCGTTCAGACCCACTT
YGL215W.S1_st	166	123	AATGCCAGTAGTAGAACCGACCTTC
YGL215W.S1_st	207	123	TTTAGTTGAGTTTGGACGACATCGC
YGL216W.S1_st	171	254	CTAACTTGGTGTTGGCCTCGATCTT
YGL216W.S1_st	264	123	AGTTCTGGACCAAGTATAGCTGCTC
YGL219C.S1_st	86	316	AACTTTGTCAATGCAGGTGTGGCCA
YGL219C.S1_st	115	248	GTTTGTGGCTATGGGCTCGAACTTC
YGL220W.S1_st	19	121	CTCCTATCTTAGTCGGTATGGCGTT
YGL220W.S1_st	158	210	AATGACTTGTCCCTGAGGCGCTCTC
YGL221C.S1_st	86	312	TTTTTTCAGCGACAGACACGGCCCT
YGL221C.S1_st	222	120	TGACTGCTGAACTAACCGATGCCAT
YGL222C.S1_st	193	127	GGCGTACCGAGAGTTCCCTATTATG
YGL222C.S1_st	278	134	CCCTTTACGACGATTCTTGCGGTTA
YGL223C.S1_st	72	245	TTGCCACGTCGGATGCTAACTTTAG
YGL223C.S1_st	109	129	CTCTGGTAGAGTAAGCCTCTTGGCA
YGL224C.S1_st	5	253	CTTGCGTGACCTTATATTGGCCGAA
YGL224C.S1_st	242	133	CCGTTTGTGGTCTTCCGCGATAACA
YGL225W.S1_st	9	128	TACCAGGAAAGAAGACAGCAACGTT
YGL225W.S1_st	99	105	CTAGTAGTCACCACAACGTAGGCAG
YGL226C-A.S1_st	5	257	AGCGGCAGCCAAGATTTAGAAGTAT
YGL226C-A.S1_st	16	3	CTTAAGAAAGCCACAGATGCAGATC
YGL226W.S1_st	166	110	AAATAAACCGCCACGTCGCTGACGT
YGL226W.S1_st	170	123	TAACCTCTGTATATGGCGACCTCCT
YGL227W.S1_st	290	310	CTCATATTGCGCAAGCCAAGTTGGT
YGL227W.S1_st	315	297	ATGTTTCGATAATTGAAGCTGCTTC
YGL228W.S1_st	33	253	CTCTGCGCGAGCTGCAATCTGCTTG
YGL228W.S1_st	140	102	CGTCGTCCTCGATAATGCTGTTGTC
YGL229C.S1_st	166	121	CCGGTCAAGACACGGCTTTCGCTAC
YGL229C.S1_st	290	313	GTTTTGGAAACATGCCGTCGTTGGT
YGL230C.S1_st	145	249	CTTCTCCAAAGAGTTGGTCTCGGAT
YGL230C.S1_st	282	253	CCTGGTTGTAACAAGGTGCCTTCTG
YGL231C.S1_st	28	128	GTTCCTCACGTAAGTTTGGTCACAA
YGL231C.S1_st	191	122	CGATGGGACCCTTGCTTAACGAGTA
YGL232W.S1_st	45	316	GTTCTTTCGGTTAACAAGGGCTTCT
YGL232W.S1_st	227	313	TACTTTCTGAATCGCCTAGGGTTTT
YGL233W.S1_st	18	116	GCCGCTACTGTGATCGCATTACCTA
YGL233W.S1_st	211	111	TTACTACAAACGGTCGTGCGATGTT
YGL234W.S1_st	255	128	CTACGAGGGCCAACACACTAACTTT
YGL234W.S1_st	281	126	TTTACCGGCGTCCTCTACAAGAAGA
YGL235W.S1_st	151	5	ACTCTCATCATACGCGTGGTCAGGA
YGL235W.S1_st	159	252	CTTCTGCGGTTCCAACAATGTGCGT
YGL236C.S1_st	25	128	CTTCGGTTCGGTTGGTCAGTACATT
YGL236C.S1_st	226	120	CTAAGTTCCATAGTGACGCCGTCGG
YGL237C.S1_st	204	253	CTCAATACCTGAGGAACCTTGGTGT
YGL237C.S1_st	223	304	TTAACCACCAAGTTCGGGTCATGTG
YGL238W.S1_st	191	56	CTCTGTCGTAGTAGTGTTTCATAAC
YGL238W.S1_st	272	137	CTTTTTGGTAAGCTAGGAAACGGAC
YGL240W.S1_st	270	135	AGGATGTGGCCTCTTGAACGTTGTA
YGL240W.S1_st	281	133	CTCCCGTTGGTGTGGTTAACCTGTA
YGL241W.S1_st	81	128	CTCTGAGATAGGCTGTCACTTGCAT
YGL241W.S1_st	120	123	AGTCTGCTATATTGCCCTGAGTACC
YGL242C.S1_st	65	234	TTAACTGGAAAACGTCCCACGGCTC
YGL242C.S1_st	237	101	ACAGTCTATGTCAGTTCTCCTCGGA
YGL243W.S1_st	131	257	ATTCGGCCAAACGTGTTACCCTTGA
YGL243W.S1_st	314	256	CCAACCTATGGGTGGTCTTGCCTAC
YGL244W.S1_st	103	6	ATAGACCATGCTTACGTCAGAACCT
YGL244W.S1_st	235	128	TTCTCGCTAGGAAAGTCGTCCGATT
YGL245W.S1_st	207	89	GTGCCTACGGTAACGACTGAACTTA
YGL245W.S1_st	302	111	CGACTATGATTTCTACAGCAGGGAC
YGL246C.S1_st	171	243	TTACGAAGAATCAACCCTAGGGTTC
YGL246C.S1_st	277	135	AACTCGCATTTGACAAGGCCTGGAC
YGL247W.S1_st	49	131	CTTTTGGTCACGCTTGGAGTATACT
YGL247W.S1_st	174	121	ATTTCGTACCCGAGCATGAGACCGC
YGL248W.S1_st	200	131	CAACGACTTTTATATGGCGAACACG
YGL248W.S1_st	293	123	TTCGGGCTCGTTAACATACCAGTAG
YGL249W.S1_st	255	130	CTTGTTAGAATGAAACCGCTTACGC
YGL249W.S1_st	264	121	AAGTCCGCTCGGCTAAATACGTTGA
YGL250W.S1_st	88	4	ATATGCGTTGCACCGTCTCTGAAAT
YGL250W.S1_st	258	131	CTACTTTGCGTAGGGAATTAACACC
YGL251C.S1_st	59	123	TAAGATCATTATGTCGCCGCTCGAG
YGL251C.S1_st	270	121	TTACCGGCGGTTCATTCTAGATTAC
YGL252C.S1_st	133	7	AATAGAGTGTCTCGATCTCGCGACT
YGL252C.S1_st	176	250	CCCGCCGTTGTAAGGCCTTAGACTT
YGL253W.S1_st	50	229	CTTCCTGTAAATGCCGACCTGAGTT
YGL253W.S1_st	96	131	ACCTGAGTTTGGAGTGATCTGCTGA
YGL254W.S1_st	109	126	TTCGCAACTATCGTGATGCCGTGTT
YGL254W.S1_st	131	221	GGAAGTAAGGACTCTGCGACCATTT
YGL255W.S1_st	67	6	CTAAGTCTGCGATGTAGGTACCTAC
YGL255W.S1_st	283	121	CTAACAGTCGGTAACTTAAGGGATC
YGL256W.S1_st	159	106	TTAGTGGCTACGGACACGAAACTTC
YGL256W.S1_st	285	123	CCGAAAGTTGTTACGAAGAGATCCA
YGL257C.S1_st	159	246	TTGTAGTAAACCTTTCGCCGGACCA
YGL257C.S1_st	269	135	AGAGTATGTCTGTCCCTGCCCAGGA
YGL258W-A.S1_st	54	247	TGTCTCACAACGTTAAAACCTGCCG
YGL258W-A.S1_st	109	55	TCTTCTCGAGACGTGTGTAGGATAC
YGL258W.S1_st	166	242	GTAAGTCGATTTCCGGCAAACAGGT
YGL258W.S1_st	188	123	ACCGCGGCTGCAGAACTGACTTTCG
YGL259W.S1_st	24	129	CTTGAGTGCCGTTGTAAGTGACCCG
YGL259W.S1_st	260	130	CTATTAATGCTTGAGTGCCGTTGTA
YGL262W.S1_st	177	119	CTACTTTTACGACAGGTGCCACTTA
YGL262W.S1_st	219	70	CCCGTGTAAGTAACGTCTCTGCGTA
YGL263W.S1_st	180	134	CCTTAAGCGGTTATGACAAGAGTCT
YGL263W.S1_st	287	313	TTCGCAGAAACAGTCAACCAAGGTG
YGR001C.S1_st	8	127	AGGGTCAAAACCATGTCGCTACTGT
YGR001C.S1_st	213	115	ACGTTATCAATCACGCGGTAGGCAG
YGR002C.S1_st	2	241	AATGGAGAGTCCCTTACAGAGTCAA
YGR002C.S1_st	171	129	CTTCGTGCTAAACTTGTAGGGACTT
YGR003W.S1_st	76	127	CTTTCACGGCCAATAACGTACGGGA
YGR003W.S1_st	142	129	CTTTGCCTGTGTCAGAGCCGAGTCA
YGR004W.S1_st	106	127	TTGCATACTGCTACTCGGGTGACAT
YGR004W.S1_st	266	135	AGACAAACTTTTGGTCGCGGCGACC
YGR005C.S1_st	10	130	CTCGTTTGTCCAAGGCGACCTCTGT
YGR005C.S1_st	291	49	CTACTCGGTGTGTCCATACAGGTAC
YGR006W.S1_st	54	122	ATAGTAGGCCTCGACAAGAATCTGT
YGR006W.S1_st	62	304	CTAAATGAATAAAGGGAACGCTGGC
YGR007W.S1_st	54	251	CTTTTACCTAGAAGTGGGGCTATTC
YGR007W.S1_st	194	113	CAATAATAGCTACGACTGCGGTGGA
YGR008C.S1_st	172	89	ATTCGGTCCGCTACTCTAACTACTG
YGR008C.S1_st	291	312	GTTCTTCGTTCCAAGGCCGTTCCCA
YGR009C.S1_st	236	115	TGTGTAACCCATACGACCCAGTAGT
YGR009C.S1_st	245	126	GGTTGTCCAACCGTCCATAGTCTAT
YGR010W.S1_st	41	7	ATAGCTTAGGTACCCGCTCGGAGTA
YGR010W.S1_st	261	114	CGTCCGCCACTAGAATAGCTTAGGT
YGR012W.S1_st	283	247	ATGGATAGCCATTTGCTGCCCGATA
YGR012W.S1_st	300	127	CAGCAAGATCGCCTAGGTGTTCCTA
YGR013W.S1_st	23	129	CTTGACCACGCACTTAAGGAGCCGC
YGR013W.S1_st	201	122	AGAACTCTTGTAGGCGCACTTGGTC
YGR014W.S1_st	49	247	TTGAGACCGCCTAGAAGCCTGCCTA
YGR014W.S1_st	61	312	AACTAAGGAGTTATGGCGATTGCCC
YGR015C.S1_st	18	250	CCGTGTCGGTCAGCATTTCAAAATA
YGR015C.S1_st	138	253	CTTTGGGGTCTTAATCTAGGGTACT
YGR016W.S1_st	16	128	TTCAATCGTGAAGAACGACCGCGAT
YGR016W.S1_st	216	136	CCGCCTGACGATTACTATGAGCATT
YGR017W.S1_st	36	256	AAGTGGCGCCAAAAGTCTCTGTTTA
YGR017W.S1_st	39	2	CTATGAGGTTAATTGCTGCTGCTGC
YGR019W.S1_st	7	242	GGACCCTAAACGGATGACCACTCTT
YGR019W.S1_st	126	127	TTGTGTACCACACCACTTGGACGTT
YGR020C.S1_st	15	126	ATCTCACCTGAGGAAGTGGTTACGC
YGR020C.S1_st	131	126	CGACTGCTTCTATGATGTTGACCAA
YGR021W.S1_st	86	115	GTAGTCTCTGAACCCGTAGCCGATG
YGR021W.S1_st	230	134	AGCCCGTTCCTGAGTTTGCGAAGAC
YGR023W.S1_st	158	110	CTGTCGCTTCGATCGTAGCTGCTCT
YGR023W.S1_st	166	129	CTGCTGCGATTACTACTTTTGGATA
YGR024C.S1_st	71	313	ATTTCACACCGAATTGAGGGGTCCT
YGR024C.S1_st	174	132	CTAAGTTCCACACATCGTATGGGAT
YGR026W.S1_st	199	134	CCATGTAGGCCTAAATACGAGCAGT
YGR026W.S1_st	316	141	CAACCTCGGGTGTCCATTACATGGC
YGR027C.S1_st	302	131	CTGGTTCTCTTCATGCTGTCTTAGA
YGR027C.S1_st	310	128	GTGCGACAGTAAAATCTGGTTCTCT
YGR028W.S1_st	47	253	CCCAGCCTGGACTTTCTCGAAACGT
YGR028W.S1_st	231	118	CTCTTCGCCGGAATCTACGTCGTTT
YGR029W.S1_st	122	241	CTTCCAACTGGGAGGACTGCATCTC
YGR029W.S1_st	298	132	AACTGAAAGTCATGCACTGGCCCTT
YGR030C.S1_st	16	1	CTTCTTTCCGAGTTCCAAGGTTAAA
YGR030C.S1_st	173	124	CTTTGTCAATATGGCAGGAATCGTT
YGR031W.S1_st	18	247	TGTAGCTACGCCCAGTGACCCATTT
YGR031W.S1_st	253	122	GTAGCAGCTAAAACACCTCGCCGTG
YGR032W.S1_st	20	127	TATAAGCGCCCTACGTAGCAACCGG
YGR032W.S1_st	260	117	CATACTGACATGACAACGACTGGGC
YGR033C.S1_st	102	249	TTCAAACAATGTCACGCTGCTACCG
YGR033C.S1_st	239	254	TTTATCGCAACCAAGTGAATCTCCG
YGR034W.S1_st	61	120	ACGAGGTAGGAGACTTGCAGCACAA
YGR034W.S1_st	170	128	GTTACATGCAAAGGAGACTGTCTTC
YGR035C.S1_st	139	120	CCTTCTGAGTCGTTTGAGTTGTCTA
YGR035C.S1_st	198	115	CGACGACGACTTTTACTGAACTTTT
YGR035W-A.S1_st	71	316	CTTTTCCCAGAATAAGACGGCATCC
YGR035W-A.S1_st	262	133	CCACTGTACGATTTAGGCGCCGAAA
YGR036C.S1_st	19	313	TATATTATTTTGTCGGTGCGGGGCA
YGR036C.S1_st	246	256	ATTCTAGGCCAATGCCCTACGGGTC
YGR037C.S1_st	93	245	TGGCGATGTTCACCCTTCGGACCCT
YGR037C.S1_st	106	250	ATTTAGGGTCCTTCTACGGCTTTTC
YGR038W.S1_st	222	133	CCTAAAGATAGGGTCCATAGTGTCC
YGR038W.S1_st	315	113	TTGCGCCGCGAACCTAATAAGTACA
YGR040W.S1_st	51	111	CAAGGGTCCGTCTCTGATAGTAGTA
YGR040W.S1_st	260	121	CCGTTACATGGTACTGGGTTCACTA
YGR041W.S1_st	226	130	CTAAGGGCTTATATACCGAAGAGGC
YGR041W.S1_st	268	314	CTTAGCCGGAGGAGTTTCCCAAACT
YGR042W.S1_st	151	257	ATTCGGAAAGTTCTTCGGGTTCTCC
YGR042W.S1_st	186	315	AGCCACGTTTTTGTTGCGGGAGAAT
YGR043C.S1_st	35	243	TGACGTCTTTGACTAGGGCCACAAG
YGR043C.S1_st	182	255	TATCGAAGATGCACCCTCCCATAGG
YGR044C.S1_st	216	108	ACACCGGTACCACGTATTGTTGCGA
YGR044C.S1_st	288	314	TTGCAATCAACTCAAACGGCGCGTG
YGR045C.S1_st	25	316	AAAGGCCACCCGAAATGGTCGTCTT
YGR045C.S1_st	92	241	CCGGTCTCACGGAAGCTCCTTTAAT
YGR046W.S1_st	122	2	GTAAGATAAATCGTCCTGCTGATGT
YGR046W.S1_st	292	126	TAAAGTTGTCTAGCCGCGTCCGCAT
YGR047C.S1_st	58	257	CTGATGTTGAATCCCGCACGAAAGG
YGR047C.S1_st	68	316	CCTTTACAACTCAACCGGCTGGTGG
YGR048W.S1_st	58	251	CACCTTGGCCTAATGTTTCGCGACT
YGR048W.S1_st	128	129	CTTTCACGGCGACCATCGTTTAGGT
YGR049W.S1_st	37	7	CGATGATAGATCGACGTGGTCCTCT
YGR049W.S1_st	176	84	CGACGTACGGGTAAGAGTTTCTACT
YGR052W.S1_st	127	307	AATGTCCCGCGGTCTTTGAAAGAGA
YGR052W.S1_st	239	186	TTATGCATCATGGTTCCGAGAGGAC
YGR053C.S1_st	34	128	TTCTTTTAACGGTGAGCGCCACGTA
YGR053C.S1_st	274	117	CGTTTCGACGTATGGCCTTCTGGTA
YGR054W.S1_st	34	2	CGGCAGCCGCTGTTTGATCTTCTAT
YGR054W.S1_st	94	250	GTTTCTTCTGGTAGGGTCCCGATCA
YGR055W.S1_st	158	6	CTCAGCCACATAAGTTCGTACGGTA
YGR055W.S1_st	158	313	TTAAAACGGTAATCGCGCCCAAACG
YGR056W.S1_st	82	315	ATTATACCAAGTTTCCCGGGCCACA
YGR056W.S1_st	271	136	ATACCTTGGTGGTTTACTGAAGTCG
YGR057C.S1_st	214	90	GTTGATCTAGCTACGCCACGAAGTA
YGR057C.S1_st	231	121	AATTGTCAGCTAAGGTCTTCGGTAC
YGR058W.S1_st	30	131	CCCGTTTTTGGCTGACTGTCGACTC
YGR058W.S1_st	286	121	CATGCTCTGTACGTTCACCGGTGTG
YGR059W.S1_st	64	247	TTGCCAGTACCTATTCCACCGATGT
YGR059W.S1_st	112	212	TTTTAAGTTGCTCGACAGGTTGTCT
YGR060W.S1_st	91	67	CGACTTATACGAGTAGGACGACTTT
YGR060W.S1_st	159	104	TATGTACCGTAATGACCCGAGTGGC
YGR061C.S1_st	192	120	CTACGGTGTAGGACTTTCTCAAACG
YGR061C.S1_st	314	134	ATGGGCCCACACTTTTGACCGGTTC
YGR062C.S1_st	277	96	CAGTGTCAGAGGTACCCGTAGTCCT
YGR062C.S1_st	288	110	CAATACGATCGTTACAGGAGTGTCC
YGR063C.S1_st	107	113	ACCATACATGCGGTAGTTCCAGCTA
YGR063C.S1_st	192	138	TGTTTGGCTCCCTACCGTCAGTTCA
YGR065C.S1_st	186	190	ACCTAAGGATGGAACCGCACCGGAT
YGR065C.S1_st	230	126	TGCATAAAGTCACACCGGCGTAGCG
YGR066C.S1_st	24	97	TTAGTAGTAGACCTTCCGCGCAGTA
YGR066C.S1_st	314	121	AGCTGGGAATATACCGAGTCTCTCT
YGR067C.S1_st	194	315	CATTAATGTGGATGCACTTGAGCCG
YGR067C.S1_st	308	128	TGTCGGCAAAGCGTTCTGAAGTTCT
YGR068C.S1_st	210	127	CGTCCCAGACTGAGGTCCGCAACTT
YGR068C.S1_st	283	137	TTAATGAGTAGATCGCCTGAAGCCG
YGR070W.S1_st	86	248	CTTGAACAGGCGACACATGAACCTT
YGR070W.S1_st	226	307	GTTTCATCAAAGGTACAAAGGCTAT
YGR071C.S1_st	83	255	CCTTACCACGGATTTAGGGTACCTT
YGR071C.S1_st	286	256	ATTAGAAGAAAGACTGATGCTCCGG
YGR072W.S1_st	221	137	CCTACGGCGCGATCATCCTTGTTAA
YGR072W.S1_st	279	134	CCTTCGTAGGCGATTCTATGGTTTC
YGR074W.S1_st	62	254	CCACGTGGTCGCTTATTTTCCGGTT
YGR074W.S1_st	265	128	CTTCCGCGCTAAAACCACGTGGTCG
YGR075C.S1_st	133	3	AACCGGTGTGTCCTGGTATAGACCC
YGR075C.S1_st	269	132	ACTTAATCAGCTAACCAACCGGTGT
YGR076C.S1_st	43	315	ATCTTCTCAAAAATGGTGGCTAGCT
YGR076C.S1_st	172	126	GAACGGGTTCCCAGTATTCGTACTT
YGR077C.S1_st	21	3	GACCACCATGTGTTGCCAGAATAGT
YGR077C.S1_st	94	242	TCCCTGAGAAACGTGCTCTGCATAT
YGR078C.S1_st	32	2	CGTCGACTTCTGATCTTAGGGCCTG
YGR078C.S1_st	115	315	CTTGTCAGAAATTGCCACAGGTGGC
YGR079W.S1_st	134	122	ATTAAAGGTGCTATCGTCGCTCTCG
YGR079W.S1_st	153	247	TTTCTTTTACGAGGGAGCACCGAGA
YGR080W.S1_st	158	196	ACTTGACATGTAACTGAACGGGCCC
YGR080W.S1_st	293	114	CTTATTCGGGAACTGTGTACTACTT
YGR081C.S1_st	205	256	TTAAAACCTGGTCTGCATCGCTTGT
YGR081C.S1_st	284	119	CCGTAACCGACGATTGCTTTGACGT
YGR082W.S1_st	159	85	CTTAGACTACGCCAACGACTTCGAT
YGR082W.S1_st	180	1	CTCTTCGATGTAAATGGTGGTTGCA
YGR083C.S1_st	158	91	CTGTCGTTACAACCGATACTCGCGA
YGR083C.S1_st	234	133	ACCCAAGGATATAAGTTCTCGACCC
YGR084C.S1_st	64	131	CTGCCCGAACGTTGGACATCTATAA
YGR084C.S1_st	99	2	GTTAAGTAGTTCACCGCGCCTTGAT
YGR085C.S1_s_st	40	257	ACCATTGAGGGTGTTCTGTTGATTC
YGR085C.S1_s_st	226	308	TTTTAACGACAAGTGCAATGGCAGT
YGR085C.S1_st	81	129	CTTGTAGAGGCAACCACTTAGACCA
YGR085C.S1_st	120	125	TTTTCATGCTGCGACTACACGAGCT
YGR086C.S1_st	283	116	CTTACCTGTGATCTGAGACGGGTTC
YGR086C.S1_st	305	310	TTTGGTCCGGACGAATGCTACCCAT
YGR087C.S1_st	273	132	CTACAATAGTAAAGGCTCTGGCCGT
YGR087C.S1_st	314	138	ATTCCTGCGGATGCCATAGAGCGTC
YGR088W.S1_st	127	241	CCCTGCCGGGTTACTCAATGATGTT
YGR088W.S1_st	234	134	CCCTACAGGTATGAGGTTTCCACTA
YGR089W.S1_st	167	256	CTTTTAAACTTCCAACGGGATGTCG
YGR089W.S1_st	196	122	CCTCATGTCCTATGCGCTTCGGTTA
YGR090W.S1_st	210	305	ATTTCGGTGAGAAGTTCCCTCGGGT
YGR090W.S1_st	274	131	CCATATGAAAGTCGGTGTCTCAAGT
YGR091W.S1_st	34	255	TTCGGGGCTCGTAAAGACTTTGCTT
YGR091W.S1_st	61	256	CTTCCGAGATGGATAAGGCCTCCTG
YGR092W.S1_st	271	253	CCATTTGTCCCAAGGTCACCGTAGA
YGR092W.S1_st	280	127	TTGCCGATACCATCTACTGAGCCGT
YGR093W.S1_st	15	121	ATCTAGACGTCAAACCTGCTGCACA
YGR093W.S1_st	83	312	AAAAATGAATTGAACGGTGCGTCCC
YGR094W.S1_st	59	6	CTACTACAGTTTAGCCGGTTACGAA
YGR094W.S1_st	241	121	CAAGGTGACTCTTCCGACGGAGTTA
YGR095C.S1_st	41	315	ATCTTTAATAACATGCAGGGCGCTT
YGR095C.S1_st	181	121	AATCGAGACCTCAAGCAGTTACCGC
YGR096W.S1_st	144	297	AAAAAGTTCCCGAGGTAGCGCAGTT
YGR096W.S1_st	227	255	ATGCCTGGGCTGATCAACGGTTGTT
YGR097W.S1_st	124	6	CGACTTTTCTGAGTACGCGTGGGAC
YGR097W.S1_st	266	122	AAGTTGTCGAAGATCCCACGTAGGA
YGR098C.S1_st	159	243	TATGAATAAACGACCCTCCTACGGG
YGR098C.S1_st	199	257	ATGCAATGAACTTGCCGCGTCGAGG
YGR099W.S1_st	198	121	CGAGATTGTTCGTATGACCAGCAGG
YGR099W.S1_st	216	133	CTACTTGGCGAAAAGCTCGTCACCT
YGR100W.S1_st	161	131	GCAGCACAGCTAAGCCACCGTTGAT
YGR100W.S1_st	259	311	TTTCAAGGACCAAACTCTAGCTGCT
YGR101W.S1_st	167	131	ACCATAGGTTTTGACCGTGCGGATC
YGR101W.S1_st	306	119	ACCATGAAGTGAGCGTTGTTACAAC
YGR102C.S1_st	116	247	TTTCGTTGACCTGAACGGCGCCTTA
YGR102C.S1_st	306	256	CCTTTTTGATCTCGGTGGCAGACGA
YGR103W.S1_st	159	230	TTGACGAGGACAGCTTCTTCCGCTT
YGR103W.S1_st	259	119	CTTGCATATAAGTCGGTGTCACCTA
YGR104C.S1_st	107	111	TACAGCTGTACCTACGTTCAGGGCG
YGR104C.S1_st	266	121	CAGTTACCTGAGCTCCCATCGTGTA
YGR105W.S1_st	21	126	CAAGGCGCTCCTATGACTTCTAGTG
YGR105W.S1_st	68	243	AATGTAACAACATCGCAAGGCGCTC
YGR106C.S1_st	54	1	CTATAAAATTCGAGGTAGACCTGAC
YGR106C.S1_st	82	130	CTTAATGGACTTTCACGGAGACTGA
YGR108W.S1_st	162	135	AGTCGCCGTTACAAGGAAAGCTCTT
YGR108W.S1_st	203	111	GTTGACCAACCATGTAGTACGGACA
YGR109C.S1_st	176	135	CCACGACGGTGACAGCTTCCTTAAT
YGR109C.S1_st	202	96	CGTTACAGGTACATATAGCGGTCTT
YGR109W-A.S1_s_st	168	120	CCCTGTCTTACGGTGGTCTGAAGTA
YGR109W-A.S1_s_st	235	106	CTTGAACTACGACTACCTCTGTGAT
YGR109W-B.S1_st	83	131	CTTTGTGTTCTGTTGGGACTCTCTC
YGR109W-B.S1_st	260	133	CTACATCTGGGTTGTGAAAGTCATC
YGR110W.S1_st	297	122	AGGGGTCGTCCGCACAGAATATCTC
YGR110W.S1_st	309	100	CCTCGTCGTCGATAAGCTACCGTTT
YGR111W.S1_st	160	115	GTATACCGTAGTGTTAACCTTGCCA
YGR111W.S1_st	261	122	GAGTCTTTTGCCAAGGTAGTCACGA
YGR112W.S1_st	35	304	CCGGCCTTCGGGTGATAACTAAATT
YGR112W.S1_st	224	256	TTTCGTCCACAAGGGTATCCGGCCT
YGR113W.S1_st	237	113	TTAAGTTACAAGAGTCCTGCACGAC
YGR113W.S1_st	241	134	TCTCACCAGTTACCCGGGCAATGCT
YGR116W.S1_st	126	311	ATAAAGGGAAAGTTGCCGTCTGTCC
YGR116W.S1_st	262	115	CTTAAGCACTAGTCTGTCAGATCGG
YGR117C.S1_st	89	119	CTATCCTAATAGTGGGTCATGGTAC
YGR117C.S1_st	163	126	ACCAGCGACCTTGCAGATGATTCAG
YGR118W.S1_s_st	74	316	GGTCCACAATCTAAGTTCCAGCAAT
YGR118W.S1_s_st	302	255	CACAGGTGTCTTCTTTGTTGGCAAC
YGR118W.S1_st	271	122	AACTTGAGACGATCTTTCGATGCAC
YGR118W.S1_st	288	121	AGACGATCTTTCGATGCACAGGTGT
YGR119C.S1_st	80	308	GGTTTGAAATGATGTCGCCTCGCTT
YGR119C.S1_st	313	242	AAGACTGCTTAGTTGTTGCGCCATA
YGR120C.S1_st	42	123	ACTGTCTTCGCGAGAGTGAACCTTT
YGR120C.S1_st	189	127	TTTAGAGAGGTACTTTACACGCCAT
YGR121C.S1_st	116	4	AGTAAACCGGCGACTTGCATCGTCA
YGR121C.S1_st	159	71	CTACGGTACCTGTAAGATCGACTCG
YGR121W-A.S1_st	126	314	TTTATGCAAACAGGGATTCACGAGA
YGR121W-A.S1_st	256	121	ATACGAGGGAAAACACGAAGTCTCC
YGR122W.S1_st	172	310	ATTTAACTTCCTCGAAAAGGGGTCC
YGR122W.S1_st	252	110	CGCCTTAACGGTAACCCTACGAGGT
YGR123C.S1_st	238	256	AATCCTGTACGAAAACCTGGGCTGT
YGR123C.S1_st	260	256	TACCTTGAAGATACCCGCCTGGGTG
YGR124W.S1_st	258	256	CCAAAGGAGTTTTCTGACGCCGTCT
YGR124W.S1_st	310	130	CTGCCGGATTCTCTGTGACGACTTT
YGR125W.S1_st	40	2	CGTAATTTCGTCATGGCTGGGCTAT
YGR125W.S1_st	235	122	ACGAAGCCTTTTTAGTAACGCGGTC
YGR126W.S1_st	58	131	CTACCAATGGGTGTTACGAAATCTC
YGR126W.S1_st	305	120	ATACGTAAGCTGTGCTAGGTTCCAA
YGR127W.S1_st	116	242	GGGTCCCTACTGAATCCACGGAGTT
YGR127W.S1_st	159	123	ATACTGTCGAGGTCATATGGTCCCG
YGR128C.S1_st	211	110	CGTCCTAAAGTGGTCTCTGAGATAA
YGR128C.S1_st	295	253	CTTGAAGAGTCTTCGCTCGGAATGG
YGR129W.S1_st	51	1	CGTAGGAGTTCCCTTCTGACCCGTT
YGR129W.S1_st	126	2	TTAGCCGTTCCATGTCTTCCTGTGA
YGR130C.S1_st	77	5	CGCGGCGCGAGTACTTCTTGTCAAC
YGR130C.S1_st	257	127	CGACTTCCATATGTGCGCCGACTTT
YGR131W.S1_st	101	256	ATAAATGCAAACATCGTCGGTGGCG
YGR131W.S1_st	249	88	TTCCGAGTTCGAGGTCTACAGTAGT
YGR132C.S1_st	116	314	TTCTCGAAAGATGCTCCCGGTTGCT
YGR132C.S1_st	152	227	ATTGTCGCTCAGAAGCCCTAGTGGT
YGR133W.S1_st	124	2	ATTGGGCTAACTGCTTTGGCTGAAC
YGR133W.S1_st	170	253	CCCGGCAGTCTGTGTGGAATACTTT
YGR134W.S1_st	152	248	TTCTAAAACGGTAACGGGTTTCGGC
YGR134W.S1_st	206	106	ATTCTAGTTCTGTTCCGAGCGGTAC
YGR135W.S1_st	34	314	TTTTAACGCCAACGGCAACGACCTG
YGR135W.S1_st	159	90	ACAACCGCGATTGTGTAGTCGTCGT
YGR136W.S1_st	186	312	CCTTTGGTTTCTAGCGGGGTTTTAC
YGR136W.S1_st	193	130	CTTTGGACGAAAGTGCTCTAGTCGG
YGR138C.S1_s_st	63	251	GTCACGAGACCGATGTTTCCAAAAG
YGR138C.S1_s_st	274	314	CAAAAGAATTCTAGGCGGCCACCAC
YGR138C.S1_st	100	128	GTTCTTCCTGATAAGGTAGCTGTCA
YGR138C.S1_st	126	119	CTGATAAGGTAGCTGTCACAACTCT
YGR140W.S1_st	26	255	ACCAAGTGGGGTTTGCGATTCATGC
YGR140W.S1_st	211	132	CTCCGGTGTTGATATGTACTGCCTT
YGR141W.S1_st	81	314	CTTAAAAACCTTCCCGACGGGCCGT
YGR141W.S1_st	235	127	TTTTTACTGTGGTACGCCGCGACTT
YGR142W.S1_st	220	132	CTCAGGGATTCGTCTAGAGGGTTCC
YGR142W.S1_st	228	123	TCTATGTTGCTCAGGGATTCGTCTA
YGR143W.S1_st	77	251	CTAATGCAGGCTAATATGGTCGGCT
YGR143W.S1_st	145	255	ACTTATGAATGCGACCACCCGGAAA
YGR144W.S1_st	64	122	ATACAACAGCAATTCGTACGGCGAA
YGR144W.S1_st	221	255	CCTGCAATCAATGGGTTCGAGTGCC
YGR145W.S1_st	67	131	CATAATCCCGCGATTGACGACGGCT
YGR145W.S1_st	164	132	CTGTTACCATCCAGCTTCGGGTCTA
YGR146C-A.S1_st	117	123	ACGAGTAACGGGAAGAAAGTCAACC
YGR146C-A.S1_st	142	1	AAGGAGGGACTCACATTAAATTGCA
YGR146C.S1_st	134	243	CTTCCTAAGCTTGGGAGAATTACTC
YGR146C.S1_st	167	304	CCAATGCTTTTGTTGAACGGTGCTA
YGR147C.S1_st	154	253	CTTCCTGTCGTGCAACAACCGGCTT
YGR147C.S1_st	178	255	CCATAAGGTTTGCTACCGGAGACCA
YGR148C.S1_st	214	308	TTTTCCGATTCAGGCGACCACAGGT
YGR148C.S1_st	249	315	ACAGGTTCCAAGGTTCCAAAGGTTC
YGR149W.S1_st	88	250	AAGCAATGTTTAATCGACGCCGGGA
YGR149W.S1_st	316	177	ATTCCAGTGGAACCGGCTACTATTA
YGR150C.S1_st	52	249	TTCAGTGTGCGTTTCCGGGACTTCA
YGR150C.S1_st	314	110	CTACCTGTGGTGCAATATACTCGAC
YGR152C.S1_st	41	222	AGTTTCTAAGGCTAGCGCAAGGTTA
YGR152C.S1_st	168	124	TTTAGCTCAGAGGTAGTTGGTCCGA
YGR153W.S1_st	7	127	GTTGGTAAAAAACTGACCTCCGTAC
YGR153W.S1_st	108	298	AAACTTCCCAGGTTGCACTCGTATG
YGR154C.S1_st	233	255	CCATATCACGGTAATCCGGGTTTCG
YGR154C.S1_st	312	136	CCGGGTTTCGGACTGTAAAGATCTA
YGR155W.S1_st	257	100	CTACAGTAACAACGGTATAAGGGTC
YGR155W.S1_st	280	155	ATAAGGGTCTAAGGTAGTCCAGCAT
YGR156W.S1_st	230	313	CTTCCTGGGAGATTGCGCTTATTTC
YGR156W.S1_st	244	311	TTTAGGGTTCAACCGCTCCGGGGTA
YGR157W.S1_st	145	257	AATCCATAGTAAGACCATTGAGGGT
YGR157W.S1_st	297	133	TCAAGAAGCCCTACCTGTCGAACTT
YGR158C.S1_st	8	121	ATTGCGATCGGAATCGACTACGGCC
YGR158C.S1_st	132	117	AGTAATGGCGACAGATACCTGGTGC
YGR159C.S1_st	70	123	TTCGGTCGACCATTGTTGCTAGCAC
YGR159C.S1_st	146	4	ACTATACAGGTGTTCGTTCGGTCGA
YGR161C.S1_st	166	122	AGATTCGCCGTAAAGCAGATCGCTA
YGR161C.S1_st	238	312	TTTTTTAGTTGACGTGGTAGGCCAG
YGR162W.S1_st	45	249	CTGTGAGAAAGTCTTCCCTGCGAGG
YGR162W.S1_st	145	312	GTTTCCCGAGGAGGAGGTTTCCTTC
YGR163W.S1_st	143	103	CGAGGCTCAAGTATCTACACTGCTA
YGR163W.S1_st	178	110	CGTTTGCGTTCTCGGTCAGTTCGAT
YGR165W.S1_st	250	135	CCCTTGTAAGATCACCGGTAGTTGT
YGR165W.S1_st	276	250	CTGAGTCTACGGAGAAAATTTGCCC
YGR166W.S1_st	189	314	TTTTAAGGTCAACATGGAGGCTCTC
YGR166W.S1_st	230	95	CGACGAAGCTGATGTAGTAACCACT
YGR167W.S1_st	131	117	TTACCGCGTCAGAGCTCGCTAGTTT
YGR167W.S1_st	138	117	CACGGTTAGTCTCATGTCTTAGGCA
YGR168C.S1_st	151	227	AGTTTATTCTTACAGCCGCCGGTGC
YGR168C.S1_st	191	136	ATAAGCAGTGCTTTTCCGCGTCTAA
YGR169C-A.S1_st	58	243	GTTCCAAGCTCCTTTCTCTTACGGT
YGR169C-A.S1_st	166	1	GATTGGCGTCTCCTCCTCGTTGACC
YGR169C.S1_st	217	127	CTTAGGTAAATCGATCCGAGCCAGT
YGR169C.S1_st	228	312	CTTTGCTGAAAACTCCTGTGAAGGT
YGR170W.S1_st	252	135	CCATATAAATCTGACCGCGGTGTTC
YGR170W.S1_st	266	251	CCGCGGTGTTCTAATAGTGGCCAAA
YGR171C.S1_st	128	128	TTGTCTACAACACCGAGCTTTAAGT
YGR171C.S1_st	211	213	TTTTAAGGTAAGTCCAACGTTCTCC
YGR172C.S1_st	1	233	AAAGTTATGTCGCAGGTAGAATCCT
YGR172C.S1_st	283	255	ATGTCACAAAAACGGGAGTACCATT
YGR173W.S1_st	47	184	AACCATGGTCGACTTGAACTCAGCA
YGR173W.S1_st	190	191	AACGGTCTCTCGGTTTGTGGCAACA
YGR174C.S1_st	12	246	TTTTTGATGCAGTCAGCCTCGTCGT
YGR174C.S1_st	210	80	TACGTCACGCGCTATTGAGGATCTC
YGR174W-A.S1_st	6	316	AGACAACCTCCGTAAAAATTCCTTT
YGR174W-A.S1_st	99	6	CGTATAAAACTTCGTATAGTTCGGT
YGR174W-A.S1_x_st	6	316	AGACAACCTCCGTAAAAATTCCTTT
YGR174W-A.S1_x_st	205	314	GTAAAAAGGAAAAGACAACCTCCGT
YGR175C.S1_st	2	129	CTACTTCGGCAGTCGGTTCCATTTA
YGR175C.S1_st	210	138	TATCCACTGGATCTGAAGTCGCTGG
YGR177C.S1_st	185	98	CTAAATTAGAAGAGCGTCAGACGTC
YGR177C.S1_st	221	257	CTGGCGAAAAATCTTAGCATGCTGT
YGR178C.S1_st	111	121	ACGTCCAAAATACCGTCGACCGGGA
YGR178C.S1_st	240	20	CCTAGTCCAGGTAGACCGTACGGTC
YGR179C.S1_st	132	250	CTTGGACTACAACTTGCTGGGGTAT
YGR179C.S1_st	311	118	CTATCGGTGCTTAACTTGGACTACA
YGR180C.S1_st	81	310	CAAAGGCTGATGGTTTTCCGGTCAC
YGR180C.S1_st	302	119	CTACCTAAAGGTTGCTACTGTCGAA
YGR181W.S1_st	179	116	TTAACGAGTTCTTGACCGACACCGA
YGR181W.S1_st	279	113	TAGTAGATAGAAACCGCCGCCACGT
YGR183C.S1_st	46	98	AGCTTATCGACGTCCGCTACCTCTG
YGR183C.S1_st	156	7	GTTCCGAGCTTATCGACGTCCGCTA
YGR184C.S1_st	112	6	CTACTACTACGTGGAGTCTTAGGGG
YGR184C.S1_st	189	312	AATCCTTGTGAGATGTTGGCGTCCC
YGR185C.S1_st	113	249	GTTATCACGTAAAACATCGGGGCCA
YGR185C.S1_st	134	255	ACATCGGGGCCATTGCAGCTTCTCT
YGR186W.S1_st	86	257	CCTTCTTTGAGGTCGCGGATGTTAT
YGR186W.S1_st	115	255	ATGACTTTTCGAAGGGTCTCCCTCT
YGR187C.S1_st	208	106	AAACGATACATGTTGCGTACGACCT
YGR187C.S1_st	287	112	ATAGGTGATCACTCCCTCGACGTAT
YGR188C.S1_st	138	130	CTTGGGGACCCACGAGTAATATACG
YGR188C.S1_st	259	129	CTATACTGTGACAATGGTGGACCTT
YGR189C.S1_st	46	119	TCACCGAAGGAGAAGATGTTCACTC
YGR189C.S1_st	304	129	CTTCGGTCGAGCTGTTTGAGACAAG
YGR191W.S1_st	146	245	GTTTGACCGCAGTTCCCTAGGACCA
YGR191W.S1_st	161	120	CTATACCTAGAACTATGGCCGTCTT
YGR192C.S1_st	29	235	AAACTGACGATGAGTTTTCTGACAA
YGR192C.S1_st	294	122	ACTACTGGTGACAGGTGAGAAACTG
YGR193C.S1_st	62	313	TCTTCAAATTACTGCGCCTCCGGTT
YGR193C.S1_st	258	138	AATTGTCCAAGTCTGCGCTGACGGA
YGR194C.S1_st	18	254	CTCTAGCAAGGATCGCATTTTCGGT
YGR194C.S1_st	48	3	AGGCGACGCCCTGATGGATTTATTT
YGR195W.S1_st	83	242	AACTCTATGTTTGGAGGGACCACTC
YGR195W.S1_st	261	123	ATCTCTTGCAAGAACGGTAGCCGTA
YGR196C.S1_st	23	255	ATTCTGAAGCGTGCGGCCATTCTAT
YGR196C.S1_st	29	180	ATGGCTACCTGCGTGTCCTTGTTAA
YGR197C.S1_st	2	246	ACCACCACGGTTACTTTTGCAAGAG
YGR197C.S1_st	247	314	CGTTAAAAATCCTAGCTAAAGTGGG
YGR198W.S1_st	186	256	AAAAGGGACTTCTTGATCCGCAGCT
YGR198W.S1_st	306	56	GTGTCTATCCAGTCGTCGCATACGT
YGR199W.S1_st	182	131	CTGTTTGCGAAATAGAGAGTCTGCT
YGR199W.S1_st	284	254	AGATTGATTAAAACGGTACCGGAGG
YGR200C.S1_st	111	247	TTGACAGTTTCATACCTCCGTGGTT
YGR200C.S1_st	214	302	AAAACAGTGGCGCAGGTCCCTATTT
YGR201C.S1_st	74	254	ACACGCGGTCAACAACCCAGGGCTT
YGR201C.S1_st	249	134	CCTGGCGTACTGCTCACCTGCGAAT
YGR202C.S1_st	48	255	CTACTGCTGCTGTTGCTGTCCAATT
YGR202C.S1_st	79	228	TTGCGGAGGGTCACTTCTACTGCTG
YGR203W.S1_st	155	2	AGCGCGACCGTTAGGCATATGCCAC
YGR203W.S1_st	290	117	TCTTCCTGTGTGATGATGCGACTCC
YGR204C-A.S1_st	65	301	AAAGCAAGGCGGGTTTATAACACGA
YGR204C-A.S1_st	275	116	TTATAACACGATCGGTCACAAGCGA
YGR204W.S1_st	10	250	TTCCACGATAGCTGAACCGGTTCCG
YGR204W.S1_st	61	314	CATTGGAGATTGGTAACCCGGCTTC
YGR205W.S1_st	194	121	ACTGGCTGCTTGTTCACGTACGAAA
YGR205W.S1_st	316	136	TATCGCTGAACAACACCGCGTTGGG
YGR206W.S1_st	77	122	TAAGCTAGTCACCATGTTCCTCGTT
YGR206W.S1_st	140	256	AACTTCTTGAGGATGCCGCATAAGG
YGR207C.S1_st	94	1	CGCAATGCATCCTGACGGGTTTGAT
YGR207C.S1_st	160	121	ACTACTACTGACATTGTTGTGGCCA
YGR208W.S1_st	183	308	TTGTGACCCAGGATAGCATCTGCCT
YGR208W.S1_st	185	122	CAGTGGTTCCCACACGGTCTTGATA
YGR209C.S1_st	63	6	GTCACGAAATCGTAGACCGCTGTTC
YGR209C.S1_st	82	250	TCCAATGGTCTCAGCAGCCACGGTT
YGR210C.S1_st	46	316	CTTCTTTCAGAACAACTCGGGCCAT
YGR210C.S1_st	82	4	CCGCTCCAGTGGTAACGTTCGTAAC
YGR211W.S1_st	232	121	ACAGGTAGCACATGGGTTCTCACAC
YGR211W.S1_st	291	308	GGTAACCGGCCCAGCATGTATGTTT
YGR212W.S1_st	33	122	CCTACGATGTAAGTTGCTCGGCGTT
YGR212W.S1_st	307	116	CTACGTACGTTGTGGTCAAATGGCA
YGR213C.S1_st	42	113	ATCTTACCGATGAGACGACAAGCGT
YGR213C.S1_st	252	123	AGTCGTTCTAAACTGCCGTGGCTGA
YGR214W.S1_st	15	313	TTTCCCGACAAAACTTCAAGCGACG
YGR214W.S1_st	83	6	ACAGTGGCTGGGTTCTAGTCTACGA
YGR215W.S1_st	42	312	CTTTGCAGCACCATTTCCACGAGGA
YGR215W.S1_st	83	314	ATTTACTCGCTAATTTCCCGGGAAG
YGR216C.S1_st	24	251	GATGGGCCACCGTAAAGTTAACTCG
YGR216C.S1_st	179	115	TATAAGAGCCTTCGACAGTAACGTG
YGR217W.S1_st	208	254	CTTTCTCTTGGATAACGCTGTGGAT
YGR217W.S1_st	241	133	AACGCTGTGGATCTTACCTGATGCC
YGR218W.S1_st	225	131	CGACTCCATGGTGTTCCTTGAAGTT
YGR218W.S1_st	279	256	ATTGGCTAAGGCTGGTGTTTAGGCC
YGR220C.S1_st	47	129	CTCGTACACCGGCTTAAGGCTCAAT
YGR220C.S1_st	103	237	TCCAGTTACCCATGAAGCGCACAGT
YGR221C.S1_st	13	131	CTTTGGAGCGATATTCGGACGTCCT
YGR221C.S1_st	243	132	CTCTTGTAGCCTCTAAACGGGTGCG
YGR222W.S1_st	83	246	CGTACTGCGGATGGCGAAATTTTCT
YGR222W.S1_st	276	136	CCGATTTCTCGATAACTGGGACAGT
YGR223C.S1_st	78	131	CTCTACTCAAAGTCGGGGTTACCAT
YGR223C.S1_st	97	316	CCAAGCTCGGTAGGGAACTTTTTAA
YGR224W.S1_st	159	130	CTTCTCGGGTTGAAAAGCTAGTCTA
YGR224W.S1_st	200	115	CCGATTATAAGTCGAGGGTCTACCA
YGR225W.S1_st	10	109	AAACCGTATGTAGCTGTCCGTGTAA
YGR225W.S1_st	178	117	CTACTCTAAACGTGGAGCCCTGTCC
YGR226C.S1_st	5	1	CAACCCGCTGGATTGAAGCTCATCA
YGR226C.S1_st	132	128	TTCTTAATAGTAACGGCGGCTGACG
YGR227W.S1_st	217	122	CCGGAATTATTGCACGTGGTACCAT
YGR227W.S1_st	237	130	CTGTGTACATAGCACCTGCCGGAAT
YGR229C.S1_st	261	255	AACACTTTTGTCTTGGATCGCTTCG
YGR229C.S1_st	298	136	ATGCACGGACGGAGCGTTTTCTTTC
YGR230W.S1_st	168	121	CAACGCGTATTGTGCTTCTGTAAAC
YGR230W.S1_st	265	127	TTTATGCAGACACAGAACGTGGTCC
YGR231C.S1_st	268	132	CTCTTAAACCAAGCAGCACGTTCGT
YGR231C.S1_st	299	238	ATGCATGTACTGAAAAAGCGGTCTC
YGR232W.S1_st	191	89	TTAAGGTAACGTATCTCGACGCAGC
YGR232W.S1_st	220	96	CTCAATGTACGAACGTGAACCGTCA
YGR233C.S1_st	132	124	GTCGGGTCGACCATTAAGCACATAT
YGR233C.S1_st	149	257	ACTTGCAAAAAACGCAGTGTCGCCT
YGR234W.S1_st	217	242	TTTAATTCGAATCACGAGGCCGACC
YGR234W.S1_st	247	131	CAGGTTTCTACAGTTGGCACGTTCA
YGR235C.S1_st	95	106	CATACGTTACGGTTGTTGGAAGTCC
YGR235C.S1_st	139	257	ATGGCTAGGTTTGCTCGCGGATTAT
YGR236C.S1_st	218	118	ACCATGGCTGGCGTATGTACTCCTC
YGR236C.S1_st	234	121	CTAAGTCCTTATATGAGTCTCCGTG
YGR237C.S1_st	275	242	AATACTTCATGCTGTCAAGACCGGC
YGR237C.S1_st	292	128	TTAAGCTCCGCGTCGAGTTTCGCCT
YGR238C.S1_st	8	130	CTTTTGAGAGACTACCTTCGAGCTT
YGR238C.S1_st	201	246	TTTTTCGATAGGATGGTCACGTGCC
YGR239C.S1_st	34	117	TTAATGCTCAGTGTCGTCGCGGACT
YGR239C.S1_st	313	297	CCATGCTCGGGTATTGTGCAGCCCT
YGR240C-A.S1_st	150	1	GTACGGACCAAGTTAGATGCCCAAT
YGR240C-A.S1_st	171	111	CTAGATTGATTGAAACCGTACGGAC
YGR240C.S1_st	158	147	ATAGGGTCCGGTACAAGTTGTTCCA
YGR240C.S1_st	277	131	ACTCCATCGGCGAAATCGGCGACTT
YGR241C.S1_st	18	227	TATGTACTGCTTAGGGCACCGGCCA
YGR241C.S1_st	46	5	TCATACGGAGATGACCACGCGTCGT
YGR243W.S1_st	39	316	ATTTTGTCATGTGAAGACCCGGGGT
YGR243W.S1_st	84	255	CCAGCAAACAGTAGTTCGGGTTCTT
YGR244C.S1_st	118	123	ATTCTACACTGATACAACGGGACCC
YGR244C.S1_st	176	129	CTTCCGGCGCTGTAATAGTTATTCA
YGR245C.S1_st	243	133	CTATATCTAGGGCTTCGACGGAAGG
YGR245C.S1_st	300	253	CCCATAGGTGTTTGTTCTGTTCGCA
YGR246C.S1_st	12	27	CTACGTCGTCGTCGATAGCCTAACT
YGR246C.S1_st	76	6	CTATAACGGTGTCCATTGTGTAGTC
YGR247W.S1_st	91	241	CGGTGAACCCACGTGCTCCTTAAGG
YGR247W.S1_st	148	115	CTGCATAGAAGTAGCGATAGAACCT
YGR248W.S1_st	43	245	TTCGACCGCGGAACTAAGGACTTTT
YGR248W.S1_st	260	257	TTTGTCAAAACCTGGGCGATCACGT
YGR249W.S1_st	180	128	CTGCAGGTCGTATTAAGGGTTCTCA
YGR249W.S1_st	311	135	CCACTTCAGCGGTGATTTGGTCGTA
YGR250C.S1_st	65	315	AAACCCAAATAAGGTGTCCACGGCG
YGR250C.S1_st	185	135	CCACGGCGGTCACGGGATATATTAT
YGR251W.S1_st	206	120	CTCGTATCGTTTTCGTCGCAAAGCT
YGR251W.S1_st	265	121	AACGTCTAACCTAGCCCGGATGTGA
YGR252W.S1_st	169	131	CTTTAGCGTATAACATTCCGGACCA
YGR252W.S1_st	311	220	ATAATAATGTTCTTCGCCGGGACGC
YGR253C.S1_st	192	110	CTTGTACGCGCATGACGACGTCATT
YGR253C.S1_st	229	111	GTTAGCCACACACTAGAACGAGATT
YGR254W.S1_st	237	254	CTGTTGCGACAAAAGCGACCACTTT
YGR254W.S1_st	238	133	ATCCACTGTTGCGACAAAAGCGACC
YGR255C.S1_st	204	257	GTAACTCGAATCTTGGGAAAACCCG
YGR255C.S1_st	245	119	CTTCTACCGAGATACCTGTGGCTAT
YGR256W.S1_st	237	128	TCTCGAAGCTTTGAAGACCGTCCTG
YGR256W.S1_st	307	129	CGAAGACGTCAATGATTCCGGGTTA
YGR257C.S1_st	169	256	ACTTTTACCACCCAGGAAGAGCCCG
YGR257C.S1_st	209	254	CATGTCTTCCAGAACGCCGGGAGAT
YGR258C.S1_st	76	249	CTGAGTTGATCCAACCGGTGTGCTT
YGR258C.S1_st	252	255	ATTCTCTTAAAGTTGGCGTTGTCCA
YGR260W.S1_st	13	255	CCCTCTCGGATAAGGTATGCTGCTT
YGR260W.S1_st	173	113	CTCGAGTTAATTACTGGCACGGGTA
YGR261C.S1_st	87	313	TTTGTGGAAGTGTAGAGTTTTGCCC
YGR261C.S1_st	107	7	CTGCCGCTATCGTTATCGTAGAGTC
YGR262C.S1_st	68	250	CTCAAGGAACCTCTTCTAGAAGGGC
YGR262C.S1_st	136	253	CTTACTCAGCGCAAATAACCGGTTT
YGR263C.S1_st	216	121	TGAGAGCATTATACCTAGCGACCTG
YGR263C.S1_st	310	241	TTACGGTGAAAGAAGGTGCTCCCTC
YGR264C.S1_st	188	126	TGTCAGGGGTCTTTTCAGTCTACGA
YGR264C.S1_st	255	254	ACAACAAGGTTTTAAGCTGGGGTTC
YGR266W.S1_st	82	246	CTACGGCATGGTTAAAAACGGTTCC
YGR266W.S1_st	298	135	TTACCGGTGCGATAACGTTTTTTCT
YGR267C.S1_st	32	244	CCTTGCTTAAGTTGCGTAAAGTCCG
YGR267C.S1_st	137	5	CGTAAAGTCCGCGATAGTTCTGTTA
YGR268C.S1_st	42	246	CTTGACGGCTCGATGCTCCTGCATT
YGR268C.S1_st	311	120	GCACATGTGGTTGCGTACCGTCCCA
YGR270W.S1_st	83	253	CTTTTTCGCCAGTAGGGACTCCTAT
YGR270W.S1_st	130	254	TCCTCGAATAAAACTGCGGGCTTGT
YGR271C-A.S1_st	41	120	CCTAGTGTTCATAGTGGATGTGTCC
YGR271C-A.S1_st	169	118	CTCCTACCTAGTGTTCATAGTGGAT
YGR271W.S1_st	275	249	TTCTAATGTGAAAATCGCTCGTCCC
YGR271W.S1_st	279	121	CAAGTAACTTTACTGCGGCGTCGTT
YGR272C.S1_st	189	119	ACTATGTGGTAGATGTCTGGGTTTC
YGR272C.S1_st	277	101	AGAGATCTCTACAGGGTCTATTACC
YGR273C.S1_st	19	254	CTTCGGGTCGGAAAACTTCTTCGGT
YGR273C.S1_st	203	126	TTCTGTGTATAGTGCCGAAAGAGCC
YGR274C.S1_st	163	132	CTATTACCATCGCTGGAACGGCCAC
YGR274C.S1_st	288	89	GTTCCTCTACACGATGTACGCCTGT
YGR275W.S1_st	158	175	ACTATGTTCATTCCGGTGGCCACGA
YGR275W.S1_st	298	133	TCGGTAAGGACCCAATAGACGCCCT
YGR276C.S1_st	63	316	CCCGGTCAATTAGGCAACGCAGCTT
YGR276C.S1_st	81	316	CATCTTCGGTATTTCAATCGGGCCC
YGR277C.S1_st	88	127	TTTAAAGTACAGTGGCGTAACCCGC
YGR277C.S1_st	233	137	CGTGCCTTTAGTCTGCGGATGAATT
YGR278W.S1_st	56	254	CAAAGGCGACCTTCCTCTGCGGCTT
YGR278W.S1_st	295	126	CGATTTGAGGTCGTTCGAACTGCCT
YGR279C.S1_st	102	316	GAATGCCAAGAACCCTGCTACAGTG
YGR279C.S1_st	119	255	ACTTCCGACGGCCAATGTGACCAGG
YGR280C.S1_st	75	125	TTCTGATAGCCACGCGAGGTTTACC
YGR280C.S1_st	86	250	CAAAATCGTTCGTGCACCCTAGGTT
YGR281W.S1_st	41	310	AATTGTTCCCGTAACCAGGCGGTTA
YGR281W.S1_st	182	135	CCGATGTAGGAGTCACCTGATGCTT
YGR282C.S1_st	72	131	ATTACTGCAGGCATCACAGCAACGA
YGR282C.S1_st	127	2	TTAAGACGGCAATAGCTTCGAAGGC
YGR283C.S1_st	27	236	TGGAAAATACTTGCGTAGACGGCTT
YGR283C.S1_st	227	122	TCCTTCCGAATAGTTAGCGTGCTCT
YGR284C.S1_st	34	129	CGTTTGGTTAATACGGTGGCCACAC
YGR284C.S1_st	70	130	CTGTTGTAAGCCATACGAAGGACTT
YGR285C.S1_st	75	250	CTTCTCAATCACAGGTGGCGGCTAT
YGR285C.S1_st	253	117	CTCGACAGTCACTTCTAGGGGCATA
YGR286C.S1_st	75	118	CTCTTGGTAACGGTGTCGCTCTTAT
YGR286C.S1_st	306	254	CTCCTTGAACGGCTAGGTTTCTCAT
YGR287C.S1_st	101	128	GTCTCTTCCGTAATTGCAGCTTCTA
YGR287C.S1_st	255	113	AACTTGAAATCGAGACTACGCTGTC
YGR288W.S1_st	37	249	CTTAGAAATGCTACAGGTACCAGGG
YGR288W.S1_st	221	120	ATCGATGACGAAACCACCTGTAACA
YGR289C.S1_st	61	110	CTCATAGTCAGTCAGGAGTTCGTAT
YGR289C.S1_st	146	2	ATTCTGATATCACGACCGGGCATAA
YGR295C.S1_st	263	116	TTACTACCGTGATATCGTGCAGGGA
YGR295C.S1_st	315	119	TACCGTGATATCGTGCAGGGAACAA
YHL001W.S1_s_st	95	246	TTTTCACCCGACGAAGTAGAACCCG
YHL001W.S1_s_st	289	123	GCAAAGATTCTTCACCCGACGACGA
YHL001W.S1_st	157	255	TCAGCCGGCACAGCAAAACTAGTTT
YHL001W.S1_st	203	257	ATAACAATTTCGGAGGTTGACCTCT
YHL002W.S1_st	110	2	AGTTGATTACCTAGCACGTCGATTG
YHL002W.S1_st	190	56	CGTGAGATGCGTCCTTACTGAGTAC
YHL003C.S1_st	118	126	GTAAAACCCGCGTTGTCCGAACACA
YHL003C.S1_st	133	251	CCAGTCAGAATTGTCTTAAGGCAGT
YHL004W.S1_st	59	216	AACAGGATAAACTTCTCTCGGCGGT
YHL004W.S1_st	282	122	ATACACAGATGGTCTACCTAGGGCC
YHL006C.S1_st	116	120	CTATCAGGAACCTCTGTGACGGTCC
YHL006C.S1_st	126	126	TTGTGACACCGTCCAGTGCACCGTT
YHL007C.S1_st	85	253	CTTTGGGGCGATTCTCGTGACATAA
YHL007C.S1_st	85	308	CTTGATGATACCACCCTTGCGGAAT
YHL008C.S1_st	79	316	GTTTGTCATGGTGCAACCCGCCTGA
YHL008C.S1_st	113	121	AGAAGATCCCTTCACTGCGGAGGCT
YHL009C.S1_st	122	315	GCGGTGGACCCTCATAGAAATGTTT
YHL009C.S1_st	267	138	TCTCGGCGGGTTTTTCGGAAGTCTC
YHL009W-A.S1_s_st	159	228	GAATTCAGGTCACGTTTTGCTTGTT
YHL009W-A.S1_s_st	283	104	TAAACTCGGGTTAACGTCTGCTAGT
YHL009W-B.S1_s_st	217	118	CTGAGTTTCGGTCGGTAAGTTCCTA
YHL009W-B.S1_s_st	300	118	CTTCCGATACGTCTGAGTCTTTGCA
YHL010C.S1_st	270	120	TTACCGGGTCTTTAGATTCGAACTC
YHL010C.S1_st	309	253	CTTCCATGGTAGGATTATGTCGTTG
YHL011C.S1_st	49	111	CTGTAGTCATCACACGACCGACTTT
YHL011C.S1_st	169	126	GTGCCACAAAATAGTCCGTCTCGAT
YHL012W.S1_st	220	115	TAAACCGTATTTAGAGTCGACCTCC
YHL012W.S1_st	283	136	AATAATGGAAGTTAGCTGAACCCGC
YHL013C.S1_st	104	254	CATTAATGCATGTCCTCGTGTCCCT
YHL013C.S1_st	170	132	CTATATGTTGGGCTACCGGTGACAG
YHL014C.S1_st	101	257	ATTAATCGAAGAAATGTACGCCGGG
YHL014C.S1_st	127	244	TTCTCCGGCGCCCACATTAGGTATC
YHL015W-A.S1_st	39	250	CTTGGAAACCAGAACCGATTAGAGT
YHL015W-A.S1_st	60	87	AGTATAGATGGCATACTTCGCGACT
YHL015W.S1_st	22	121	CTATGTAGCTGAACCTTCGAGGACA
YHL015W.S1_st	148	1	CTTGCGACTTGTTGTGTTGAACCAG
YHL016C.S1_st	64	121	ACGTCTCAATCAAGTCCGACTGGGA
YHL016C.S1_st	121	6	TTAAGCTTGGGTGTTCTAGACGTAC
YHL017W.S1_st	196	119	ATCAGAGATGAAAACGTATGCAGCC
YHL017W.S1_st	216	130	CTCTCGGTGCATTACTGATGGTCCT
YHL018W.S1_st	24	123	CGCTATATCTGCAGGCCTACCGGTT
YHL018W.S1_st	158	31	CAATCTTAGCGCAGGTCACGTGAGT
YHL019C.S1_st	258	135	CCTTCTTATACTGGCGGACGTTCTT
YHL019C.S1_st	313	116	TTTATGCACACGTAGGTACCACCGT
YHL020C.S1_st	71	253	CGTTAATGCATTTCGGGAGAGTCCT
YHL020C.S1_st	247	126	TTACAGTACCCGCATCAGCTGAGGT
YHL021C.S1_st	96	129	GGTACTTAATGAAGCACCTGCGTAA
YHL021C.S1_st	142	127	CCTTCTAGGGTTATGATCTGGGTAC
YHL022C.S1_st	162	115	GTTGCGAATATAAACGTGCTACCGT
YHL022C.S1_st	304	135	ACGCCTGGGGATACCCTAATCGTAT
YHL023C.S1_st	177	132	CTGATTATGACGATCTTCCGGGTCG
YHL023C.S1_st	212	117	CATCTCTACGTTTGCGGTCGCTTCG
YHL024W.S1_st	128	255	CTCTTAAGGCTTAACGGAAGGCTTT
YHL024W.S1_st	182	124	TGGAGGCGGAAGACCCAATCTACCT
YHL025W.S1_st	28	122	TCATCACTGATGTCAACGGAGCGTT
YHL025W.S1_st	66	245	TACAAAACCGCGTTATGGTGCTCCG
YHL026C.S1_st	143	242	TGCCCATTAGCGTCGAGCCCTAGTT
YHL026C.S1_st	248	256	AGTTCTTCAAACGAGGTGCCCATTA
YHL027W.S1_st	72	128	GTTCCACCATCGAGATAAAGCCGGT
YHL027W.S1_st	83	241	AATGTAAGCTTGTGACGGCCACCAC
YHL028W.S1_st	119	253	ATGAGGTCCTCCCAAGACGCCGATT
YHL028W.S1_st	208	279	TTTTATCGGCGATGAAAGCAGCACC
YHL029C.S1_st	103	315	ATTACTAGGCAAAACCAAGGGGCTA
YHL029C.S1_st	197	120	CAAGGGGCTAGACCTATCGTACCGT
YHL030W.S1_st	238	119	CTTTACTAAGCTAACAACCCGTCGC
YHL030W.S1_st	256	132	CTAAATCATGGTATTCATCGCGACT
YHL031C.S1_st	120	3	TAACGATTAAGGTGTTGCCTGCGCG
YHL031C.S1_st	169	106	TGTAAGCGCGTCTGTTGATCAAGTC
YHL032C.S1_st	152	128	TCAGTCTTCCAGAGGCTGTCGCCTT
YHL032C.S1_st	202	131	TGTATACTTTTCAGCGGGGACAGCC
YHL033C.S1_s_st	148	245	TATGTGAAACCTGTCTTTGTGGCGA
YHL033C.S1_s_st	245	110	CTCGGCTTCTGCTTCGACGAAACCG
YHL033C.S1_st	118	309	TTGGTGCAACAACGGAACTAGCTTT
YHL033C.S1_st	293	135	ACTTGGTGCAACAACGGAACTAGCT
YHL034C.S1_st	28	3	CTCGATCTTGAGGTCCGGTTTACGT
YHL034C.S1_st	33	256	ATTTCCGTTCCAAAAGCCACTGTCC
YHL035C.S1_st	49	315	CTTCTTCACGAATTGAGCCTCCTTG
YHL035C.S1_st	158	102	ACGTGCTAGTAACAATGCGCTCGGT
YHL036W.S1_st	284	117	CTTCAGGGTCTCTAAGCACGTAGAT
YHL036W.S1_st	301	123	CGGCTGGGATCGGATTTGTCTCAAC
YHL038C.S1_st	18	249	CGTTTGGCACGACTGTTTTAGCTTT
YHL038C.S1_st	48	249	TCAAGGCGCATTTATCCGGGTAGGT
YHL039W.S1_st	42	253	CGGTGATGACTCTTTAACAGGCAAA
YHL039W.S1_st	302	245	TTTTTAAGACTTGCGGTGATGACTC
YHL040C.S1_st	110	255	ATCTTAACCAAGACGACAGCCAAGG
YHL040C.S1_st	283	134	CACCTTCAGTCAGGGTAAGTCCATA
YHL042W.S1_st	172	257	CTTTCAAAGGCCGAGTCTGCACAAA
YHL042W.S1_st	188	1	AGCATGAACAAACGAGGGTCCTTAC
YHL043W.S1_st	165	315	ATAGCACTTGCGTGGAAGCCCTTTG
YHL043W.S1_st	287	121	TAGACTGAGTTTGTACCTGCCGGGG
YHL044W.S1_st	71	6	ATACTGGCAGCATATACACGTCTAT
YHL044W.S1_st	218	121	GTAATGTGTAGCTTAACCCGTGAAT
YHL047C.S1_st	231	137	CTGACCTAGCGCTTTGCAAAACGTT
YHL047C.S1_st	244	120	ATAAGTCAGCCATTGTAGGGTACTC
YHL048C-A.S1_st	137	243	CGTGCCTACCCTCCGGAATATCATT
YHL048C-A.S1_st	298	235	ATCTCGTGCCTACCCTCCGGAATAT
YHL048W.S1_st	50	111	ACTTGCAACTCGATACCGGTATGTA
YHL048W.S1_st	137	244	CGGGCGTTACTCTTCGGGGATTTCA
YHR001W-A.S1_st	98	3	CTACCGGATTCAAAGTTCTATGCGA
YHR001W-A.S1_st	288	253	CTTCAAATTGTCGAATACGAGGCTT
YHR001W.S1_st	120	256	ATTTCAGGCGGGTAACCTCCTTGTC
YHR001W.S1_st	235	110	ACGCGACCGACATGCACTGGTACTT
YHR002W.S1_st	128	254	CCAGATCGACCATACCGGAGGGTTT
YHR002W.S1_st	200	120	TATATTCCTTGGTCGAAGTCGGTGC
YHR003C.S1_st	4	120	CATTACTTTACGAGCTAGGTGCGGC
YHR003C.S1_st	16	129	CTCCGAGAGTCTGTAAATGGCCTTA
YHR004C.S1_st	191	116	CTTTCTTATGCGACTAGGACACTAT
YHR004C.S1_st	232	133	CCGAAGAGCTTCATGTTGCGTATCA
YHR005C-A.S1_st	85	251	CGGTTAGTAAATTGCGTCGGCCATT
YHR005C-A.S1_st	281	312	TTATGAAGAATAAGGCTCCCACTCG
YHR005C.S1_st	43	247	TTTAAGTTCCAAGAGCTGCGACCAC
YHR005C.S1_st	49	5	AGCCGCTACGTCTTCGCCCAGATTT
YHR006W.S1_st	237	117	CTCGTTAGCAACAACCTCGGTCTGT
YHR006W.S1_st	238	246	TTTGGCTCCTCCTGCGTTAGTTAGT
YHR007C-A.S1_st	38	120	AGTGGTGGTCCGTCTCTTGGTTAAC
YHR007C-A.S1_st	62	123	TCTAATTGAGTGGTGGTCCGTCTCT
YHR007C.S1_st	260	110	ATACAGTAGGGTCGTCCAATAGTGC
YHR007C.S1_st	295	128	CGAATGACAGTCGATCCACAAGATT
YHR008C.S1_st	122	253	ACAGATAAGACCCTTTTGGACCGAG
YHR008C.S1_st	164	1	CGTTCGACCTGCAACAAGTTTGGAT
YHR009C.S1_st	123	313	TTTCCCGGTAGAGAACGCCTTTGTT
YHR009C.S1_st	314	131	CTACCGCTTCGTTGGAGACGCCTTT
YHR010W.S1_st	179	253	AAAGCTTCTTTCTGTGGTTCGACCA
YHR010W.S1_st	271	132	CTACTTCCAAGGTTCAGAGTGGGTA
YHR011W.S1_st	246	128	CGATGGCGCCTCTATGGAAACCGTC
YHR011W.S1_st	280	256	TTTTAAAGATACTGGGTTCGTGGCC
YHR012W.S1_st	38	314	CTTGTTGGACCCAGAATGTGCGGAT
YHR012W.S1_st	298	314	CAACACGGTTTCTTGCTGGGGAATA
YHR013C.S1_st	63	315	GTTGTATGAACCGAGGCCCGCTTTT
YHR013C.S1_st	142	247	GTGGGTAGCGGCAAACTTTCTCTTA
YHR014W.S1_st	73	316	AGGTTTTAGATGAAGTTGCGGCCAA
YHR014W.S1_st	195	136	ATAGAAGGTTATATAGGCCAGAGCT
YHR015W.S1_st	201	138	ACGCAAAGGCGTGTGTTCTCAATAG
YHR015W.S1_st	269	89	CGTACTGAGTCTTTCCGATAGCGTG
YHR016C.S1_st	13	4	ACTAACCACCTGTCCGTCCTGATTG
YHR016C.S1_st	58	249	TTTAAGCCGCTGTGGTTGCCGACAA
YHR017W.S1_st	33	124	TACCGGCCAAGTCTGTAAGTGCTCC
YHR017W.S1_st	97	130	CCTTAGGACGTCTAACCCAGTGTTG
YHR018C.S1_st	227	98	CTATACGATCGATGGCTGAACCGTC
YHR018C.S1_st	307	133	CAAAGTATGTCAACTCGCTGCGGAT
YHR019C.S1_st	240	135	ACGACCGGGTGAGCATTTTGTTAAC
YHR019C.S1_st	245	255	GGGTGTACCACCAATGCCATAGCCA
YHR020W.S1_st	43	130	CTTGCAATAGAATCGTGGTACCACA
YHR020W.S1_st	134	257	CCTTCGGGCATAGGGTCTTTAGAAT
YHR021C.S1_st	37	315	ATTTCTGAAACCAAGTTCCGGGTTC
YHR021C.S1_st	161	1	ATACATGAGGTTGGCCACCATTCCG
YHR021W-A.S1_st	59	126	ATAAAAGTGTAATTCGTCGTCCGAT
YHR021W-A.S1_st	177	118	CTCCGCTTAAGAGGTCGCCTATGTA
YHR022C-A.S1_st	183	137	AGAACGATATGCTCCACCAGGCTAT
YHR022C-A.S1_st	256	251	GAAAGAACGATATGCTCCACCAGGC
YHR022C.S1_st	84	234	ATAGGTTCTCGACCCAAAGAGCGGT
YHR022C.S1_st	283	117	CGTTAAAGGATCTTCTCGCGGACTA
YHR023W.S1_st	6	1	ATACCATTCGGATCTTTGCCTGAAC
YHR023W.S1_st	199	131	CCAATTCTGTAATGTCCGGTCGACG
YHR024C.S1_st	200	97	CTGTTCAAGAGTACGTACCAGCGTT
YHR024C.S1_st	227	116	TAATAGAACATATGGCGTCCGTCGA
YHR025W.S1_st	153	256	CCGAAACCGGTGACTCTTAAAGCTT
YHR025W.S1_st	296	99	ACGATACGTTCTAGCACAGGTGGTT
YHR026W.S1_st	151	253	CCTGTAGGGGAATATACACCCGGTT
YHR026W.S1_st	216	132	CATGTTCGAAAAGTGACCTGTACCT
YHR027C.S1_st	54	126	CTTCTTGGGACTGATAGCACTTCTC
YHR027C.S1_st	253	305	ATGGCGTCAACCAAATCATAGCGGT
YHR028C.S1_st	17	247	CTGCCAGCACCATGACCGAAGTTTC
YHR028C.S1_st	121	128	TTATGCCCTACAGTCAACGCGGTCA
YHR029C.S1_st	106	255	ACCCTTAATAGGATCGCCCGGGATT
YHR029C.S1_st	254	136	ATCACCAAGACATCGGGAACGTTCT
YHR030C.S1_st	65	244	TAATGGCACCTACTCCGGGACCTCG
YHR030C.S1_st	169	120	CCTCTACTCTGGACGGTGACCTTTA
YHR031C.S1_st	229	314	CCTCTTAAAAGCTTCGGCCGGTTCA
YHR031C.S1_st	305	133	CAGGTAAGTATTCCGTGTCCCAGTT
YHR032W.S1_st	47	245	CTACTAATTGGATCGATAAGGGCCG
YHR032W.S1_st	68	122	ATAGTAGACCCACATCCGCCGAATA
YHR033W.S1_st	56	121	CTAAGTCAGACAACCTACGCAGGCG
YHR033W.S1_st	197	128	TTCCCGCGGTAATAGTAGCTGCTCT
YHR034C.S1_st	18	119	CATTCGACTCGTATGGAAACGGCGC
YHR034C.S1_st	71	3	CGGCCTCTGGGCTACTCATATAACT
YHR035W.S1_st	170	111	CTGACCTAGCACAACCTACAGGGTA
YHR035W.S1_st	246	126	TTCTTCCAGCGCTCGAGACAACGTT
YHR036W.S1_st	78	5	GCCGAGACCCGCTTGTTACACGATA
YHR036W.S1_st	112	314	TTTAGCAACATTGGTCTGCGGACCG
YHR037W.S1_st	52	250	CTTCTACGTTTCTTTCTGGGGCTCA
YHR037W.S1_st	295	130	ACCAAACAGCCTGGGTGTCAGTATT
YHR038W.S1_st	25	121	CTACTACGGCAAGCTTTTCGACTCT
YHR038W.S1_st	296	130	CACGAACGACGCTTGGACTTAAATT
YHR039C-A.S1_st	38	89	CTACGTCGGTTCCTTTAGCTGAGTA
YHR039C-A.S1_st	303	314	CAAACTTGTTTTCTTACGGCCACCA
YHR039C.S1_st	45	250	GTTGAGAAAACCACCTACAGTGAGG
YHR039C.S1_st	247	122	AACACATGTTGATCGGTTGAGACGC
YHR040W.S1_st	262	132	CTGCTACTGATGTTAGGCCCGAATA
YHR040W.S1_st	278	114	GACACTTAAGATAGCGAACCGACCT
YHR041C.S1_st	4	291	ATGCCCGCAAGGACTCAGGTATCTG
YHR041C.S1_st	127	126	GCTTATCATAGGACAGGCACGCTCT
YHR042W.S1_st	30	315	CAAGCAAGCTTTACCAGCACCGGGT
YHR042W.S1_st	175	133	ACCGGTTCCCACACAGTTGGCGTAA
YHR043C.S1_s_st	119	256	ATTTCCGGCCGTTTCGTTACCCGCG
YHR043C.S1_s_st	171	313	CTTGCCATTCGGACTAGGGCTCCCA
YHR043C.S1_st	52	2	AGGGACCACGTCTCTTAAATAACAA
YHR043C.S1_st	100	316	CTCTTGCCATAGCAATAGGTCCATT
YHR044C.S1_st	154	313	CTTTTGCCATAACAGTAGGTCCATT
YHR044C.S1_st	213	126	AGGACCACGTCTCTTGAATGACAAT
YHR045W.S1_st	19	227	ATTCTCGAGTTAATCCTAGGGCACA
YHR045W.S1_st	307	295	ATTTTAGATGAATAGGACCCGGTGC
YHR046C.S1_st	63	249	CGCCAGCACATCATCCACGGTTAGG
YHR046C.S1_st	226	137	ACATGGAGAGAACCCGAGTGTCATT
YHR047C.S1_st	79	131	TTTAGCAACGATGGATGAACGCACT
YHR047C.S1_st	204	117	CTGTGATAATCTAGGTTCCGCGTTA
YHR048W.S1_st	4	124	AATACCAGCCGTACTATGAGAGCCG
YHR048W.S1_st	223	73	ACTCTCGGTTCAGCGGCATACGTAC
YHR049W.S1_st	42	126	AACTAGTGTAGTTCCGGTTACCGGG
YHR049W.S1_st	185	313	CAACCGAATGCTTGTGGGACCACCT
YHR050W-A.S1_st	29	122	CACGGTCTAGAGTTCCAATGGAGTA
YHR050W-A.S1_st	123	4	ACGAATAGTTCCACGGTCTAGAGTT
YHR050W.S1_st	42	116	TTACCTTACTAGCAGTGGCACGAGC
YHR050W.S1_st	190	256	ACAATGACCCGAAATGATGCCCGTT
YHR051W.S1_st	7	255	AGTCTGTTCTTAACCCGCAAGGGAA
YHR051W.S1_st	219	131	CTTGAAATAACTCTCGGTCTGGACC
YHR052W.S1_st	1	128	TTTCTCTAGAAGATCGCTCGAACTT
YHR052W.S1_st	203	255	CTTAAAAGGAACTGGTGAAACTGCT
YHR053C.S1_s_st	18	248	CGGGGACGCCATTGTTCAGACTTCT
YHR053C.S1_s_st	34	245	TTTTTAGTACATCGACGGGTTGCCC
YHR054C.S1_s_st	201	134	CAATGTCTAATATCAGTCAGCCGCT
YHR054C.S1_s_st	287	284	TTAAGGGGCAATCACTTGACTTGTC
YHR057C.S1_st	68	118	CTTGATGTATGTCGTGCACAGGTCT
YHR057C.S1_st	164	117	CGTTCCCGTCTGATAGCTACCGATT
YHR058C.S1_st	64	304	CTAACTCAAAGTTGGAAGGGTTCCT
YHR058C.S1_st	132	245	TTGTTAAGACCACACCCTTCGCGAT
YHR059W.S1_st	79	245	TAAGAATTCCTCAAGCGACCGGCGA
YHR059W.S1_st	134	2	GTCCATGGACTGCATCTACGTAAAG
YHR060W.S1_st	78	120	CTAAGGTGGAATCTCGTCAACGTCT
YHR060W.S1_st	224	304	GGTTCCATCAACAGCTTTAGCAGTT
YHR061C.S1_st	159	253	CCCTTCTGTTGGGAGAACTCAGCGT
YHR061C.S1_st	238	123	GCTACCTAAGAGTGGTGCTACCATT
YHR062C.S1_st	158	223	TTCGAGCCTCCGTCAAGCATAGGTT
YHR062C.S1_st	182	257	ATCCAGAAGGCTCGCTATCCACAAG
YHR063C.S1_st	152	129	CTATTGTACCAGAGGCTTCAGTGAT
YHR063C.S1_st	248	121	ATAGCCTCTTAACCGGTGATACTCT
YHR064C.S1_st	154	248	TTTGCTTAATCGACGTAGGCCACGG
YHR064C.S1_st	217	123	CGAAATTCTCAGTGGCGATCTCTAA
YHR065C.S1_st	144	126	GTAAGTAGCACACCCTTCTTGGCGT
YHR065C.S1_st	256	126	TCTCCAGATAAGAGCACCGATGTCT
YHR066W.S1_st	186	314	ACTTCAGGGTTTCTTGTGGCCAGCT
YHR066W.S1_st	271	133	CCATCGCATGGTCTCCTAGATCTAT
YHR067W.S1_st	159	158	CCCTGGAGGTCTTTCGGTTGAATCA
YHR067W.S1_st	167	114	TTCTGACGTCAGTTCTACGGGCATC
YHR068W.S1_st	12	121	CCACGTTCTGGACTGCTTCGACACA
YHR068W.S1_st	69	112	GTACCGCGACTGACAAATCTCCGAT
YHR069C.S1_st	34	244	TTTAGTTGACCTGGGTGACCACGCC
YHR069C.S1_st	257	134	CCTTCCACTGGAGGACTTACGTCTT
YHR070W.S1_st	289	121	AAACGTCGTGTGTGATTTCCGCGGT
YHR070W.S1_st	292	255	ACAAAACTCTTCATGGGCGGACCGC
YHR071W.S1_st	27	3	CTTTCGCTTTAACGCGCAGCCTTGA
YHR071W.S1_st	49	128	TTCACCCGAGGTACGTTTCCTAGAT
YHR072W-A.S1_st	120	234	AACTACATGTGAAACCCGGGTCTGC
YHR072W-A.S1_st	253	129	CGTAAACTACATGTGAAACCCGGGT
YHR072W.S1_st	136	118	CGTAACCTCCGTAATGTGTGGCACC
YHR072W.S1_st	159	67	ATGTGCGTAGTCTTAGCGGTAGCTT
YHR073W.S1_st	1	253	CTTTGAGATCGACCATTTACCTGTG
YHR073W.S1_st	282	136	ATACCTCGGACAGTTGCTTAAGCTT
YHR074W.S1_st	67	212	ATTGTTTTATACTGACGAGGAGGCG
YHR074W.S1_st	171	245	GGTTCTAAAGGTACCCGAAGTTCTT
YHR075C.S1_st	48	236	ATAAACGAGGCGAGTTCAGTCCCTT
YHR075C.S1_st	174	313	CCATCAAAAGGTTCTAAGGCCCGTA
YHR076W.S1_st	236	122	ACCACCCTGTTGTCGGTAACACCGA
YHR076W.S1_st	265	135	GAAAAAGACTTCCTATTGCGACGCT
YHR077C.S1_st	213	113	ATACCACCACTAGAACTGCGTCTGT
YHR077C.S1_st	275	126	AGGTCATTAAAGCTTCGGTCAGTCG
YHR078W.S1_st	130	120	CAAGTTAATGGTCGTGCTAGAGCTA
YHR078W.S1_st	294	114	CTTTTACGTCGTAGGCTAGGAAATC
YHR079C-A.S1_st	135	1	AAAGGTCAGCCGTTTTTAGCCATAT
YHR079C-A.S1_st	282	255	CATCGATAAAAAAGGTCAGCCGTTT
YHR079C.S1_st	33	314	TTACTTTAAACTGCGGCCAAGACTG
YHR079C.S1_st	180	257	CTAGGCAATTTTTCTGGATGACGAT
YHR080C.S1_st	178	118	CTCACGTTATAGTGGAGCTCCAGCA
YHR080C.S1_st	316	170	AGCTCCAGCACGATACAACTCTTTG
YHR081W.S1_st	109	122	TCTATACAGAGGATATGAGCCGCTT
YHR081W.S1_st	293	128	TTAAGCTCGGGAGATATTCGTCCTC
YHR082C.S1_st	78	3	CGACCGAGGTGAGTGCTATTTTTTA
YHR082C.S1_st	271	129	CTCTTCAACAGGAGAAGTGGTCCTC
YHR083W.S1_st	32	118	CGACATGCTAACAACCTAGTGCGTT
YHR083W.S1_st	159	224	TCAAACGTGTTCTGTGGGACTTCTT
YHR084W.S1_st	184	122	ATTTGTTAGACACCCGTTCAGACGT
YHR084W.S1_st	287	131	ATATCTAGCTGTGGTCCAAGGCGCT
YHR085W.S1_st	12	222	AGGCGTCGGCAAACTCGTGAACTTT
YHR085W.S1_st	111	122	AGTCCTACGATGGAGGTCACCTCAT
YHR086W-A.S1_st	87	255	AAAGTAAGGGGAAATGCATCATCGC
YHR086W-A.S1_st	287	248	ATGCATCATCGCCAAAAGCCGGACG
YHR086W.S1_st	52	129	CGTGCCCACCGGTTGTTCAATAGTA
YHR086W.S1_st	199	120	CTATGTAAGGTAGGTCATGCACACT
YHR087W.S1_st	136	257	ATTGCGGCCTTGGTTTCGGATGTTA
YHR087W.S1_st	290	94	AGCGACGTAGGCTTCTCGAACATCT
YHR088W.S1_st	177	254	CCAAACGTTCTTGACCCAGGTGTTA
YHR088W.S1_st	204	130	CATCTGGTTGATCGGTATAAGGTCT
YHR089C.S1_st	226	121	CTATTTAAGATGTAACGGCGACTGT
YHR089C.S1_st	257	256	ATCAAGAAAGTCTCCTCCGGCACCA
YHR090C.S1_st	120	247	TTTTACGCAAGACCGCTTGTGACGG
YHR090C.S1_st	150	246	TTTCAGACAATGAGGTCACTCGGGT
YHR091C.S1_st	217	112	CAACGATCGCGTCATAGGTCTACAG
YHR091C.S1_st	313	123	CTCGGCCGGTGCTAACATTGTATAA
YHR092C.S1_st	55	111	ACGAGTTCGAACATTGACCTAGACC
YHR092C.S1_st	292	312	TTCTTGCCCAGAAGATTCCCACGAC
YHR094C.S1_st	28	251	ACATGTGGCAACTGGCAAAACCGGC
YHR094C.S1_st	176	137	CCAAGGTCATAGGTTCTCTCCGCGA
YHR096C.S1_st	54	248	TTACCTAGGGTGGTAGATCCTCTTG
YHR096C.S1_st	107	309	TTTACACGATGGAACCTTCAGATGG
YHR097C.S1_st	21	255	ATCCGCCGGCGTGTTCATTCTTCAG
YHR097C.S1_st	291	135	AGTTGCTGCAAGGACCTACCGCGTG
YHR098C.S1_st	158	242	TAACGAAACGCTCCTGTTCTGGCAG
YHR098C.S1_st	179	133	CCTTGTAACGGACTCTGCCCGTGAT
YHR099W.S1_st	161	130	CTTGACTTGTGTATGAACCGGGATA
YHR099W.S1_st	173	235	AACCGGGATAAGTAGGCACTGCTCT
YHR100C.S1_st	30	256	AACTAACAATCGTTATGGCGGCCAA
YHR100C.S1_st	82	313	TCACCGTGGAATTTATGCGAGGCCA
YHR101C.S1_st	68	129	CTAAAGGTCGGGAAATAACTATCGC
YHR101C.S1_st	276	116	CTTGATGCGACCGAGTGCTCAGCTA
YHR102W.S1_st	285	128	TTAGTATAAGACTCAAGGCGGCGTT
YHR102W.S1_st	314	126	CTTCCAAACGGGACGTAACTTGTGC
YHR103W.S1_st	144	242	CTAACCCTTATAATGGCGAGCTTCT
YHR103W.S1_st	267	255	CACATATTTGAGATGGTGGACCACC
YHR104W.S1_st	265	255	CCAACATCTTAGTTCGGGCACCGAA
YHR104W.S1_st	270	133	GTATCTATGCATGGCCCGAGACCTT
YHR105W.S1_st	27	124	TGTCGTCGGAGCATCTTTACTGGTT
YHR105W.S1_st	53	131	CTGTCTCTCCCGAGCTCATGAAGGA
YHR106W.S1_st	76	314	CTTGCCATGGATTCACGGGTTCTCA
YHR106W.S1_st	200	226	AAAATGCGTTATCCAGTGTCGGGAC
YHR107C.S1_st	117	126	GTTACCCGTTCCGTGAGTCCATCAA
YHR107C.S1_st	246	122	CACTAAAGGCATTCGAGTCTCGGGA
YHR108W.S1_st	42	310	AACTTTTACGCGGTCGATTGGGAAG
YHR108W.S1_st	154	241	TTCGTAGGAAACCAGACCCTCCGCT
YHR109W.S1_st	14	250	CTATTTAGGGCTCCGGTTGCTTGTA
YHR109W.S1_st	251	113	ATACGCCGAAAGAAAGTCCTACTGA
YHR110W.S1_st	205	133	ACGAAGATACTTGTGAATAGGGCCC
YHR110W.S1_st	314	100	CCGTTACAACTTCGCGAACTGTCGT
YHR111W.S1_st	238	255	ATGCTTGACAAAACACCGCGTGCTT
YHR111W.S1_st	291	96	CTTAGTCACACCTGCGTAAAGTCGC
YHR112C.S1_st	126	256	AACGCTAGGGACTCTTGGATGCTTT
YHR112C.S1_st	184	127	TTCAAAGTACAACAACGCTAGGGAC
YHR113W.S1_st	3	130	CATCGATTGCTGAGTGGTACGCCAA
YHR113W.S1_st	184	138	CCGAGACGTCTGGACCTCAAGGTTT
YHR114W.S1_st	159	157	ACGGGGATTGTTGCGACCACTTCTA
YHR114W.S1_st	277	128	CTGCTTTAGTGGTAATGCGGTCCTC
YHR115C.S1_st	80	246	TGTCGACCCATACCTGAAAGCGCCG
YHR115C.S1_st	113	130	CTACAGTTCAGAAGGTCACCCTGGA
YHR116W.S1_st	30	248	TTCTTATAAAACTGCGTATGGCGCT
YHR116W.S1_st	282	137	ATACATGGTTTCTCGCTGCTAGGCA
YHR117W.S1_st	76	248	CGCTTCTAGCCCAATCGTGTTGATT
YHR117W.S1_st	158	257	CCTGGGAACTAACCCTTTCGTTGAT
YHR118C.S1_st	159	185	TTCCGTCAACCTTTTGGCGTTAGTC
YHR118C.S1_st	211	133	CTACTCATGTTGTATTTGCGCAGTT
YHR119W.S1_st	234	123	AACCATGCCTTAGACTCGACGATAG
YHR119W.S1_st	299	101	CTTAACAATAGATACGTGACGCACT
YHR120W.S1_st	48	234	AAAACAAGGTACGTCATTCCGCGCA
YHR120W.S1_st	164	130	GAACGTTCCTCGATGCCTTGCCAGA
YHR121W.S1_st	60	248	GTTTGGGAGTATACAGTTGCACCTT
YHR121W.S1_st	185	129	CTTCAGTAACCACTATTCGGGAGCA
YHR122W.S1_st	11	87	TATTCCTTGCACATCGTCGACGTAC
YHR122W.S1_st	163	137	GACTCGTGGGCAATTCAGACCCTGT
YHR123W.S1_st	172	122	ATTCGTCTCGAAAGGGTACAAGTTA
YHR123W.S1_st	183	136	CCAGAGAGTGATCCACAAGTGTAAT
YHR124W.S1_st	253	136	ACGTGAAAAGGGTCGATGCCTTCTC
YHR124W.S1_st	287	117	CTATCCGAGTGCAAGACTTACGTTT
YHR126C.S1_st	38	55	CTACTTCGGAAGTTGTCGTCGCGTA
YHR126C.S1_st	235	70	CTACGGCGATAAAGTGTCTAGTCAC
YHR127W.S1_st	28	253	ATCCCAATCTCTGGACGGAAGTCCT
YHR127W.S1_st	168	137	CTTGTCCCGGTTCTTGAGAGCCTTA
YHR128W.S1_st	170	241	TCTTAACAATGACCACGGGAGCTGT
YHR128W.S1_st	227	133	GCGGAAGGGTCTCCAGTCTTAACAA
YHR129C.S1_st	253	221	AACCGATCTCCTGTCATGGGCACAA
YHR129C.S1_st	282	247	CTGTAAGTTTAACGGGCTGCCCTCC
YHR131C.S1_st	87	242	TTTAAGTGAAATCGTTGGCGGTCTC
YHR131C.S1_st	159	313	TTTCCGAAGTAGCACCCTGGATGCC
YHR132C.S1_st	214	134	CTACGGAACGGGTCTCTGAATCTTT
YHR132C.S1_st	303	310	CTTTGCGGGAAGCTTCGAACCCTTC
YHR132W-A.S1_st	168	314	GGTTAGGATCGCCAAATTCTCTCAG
YHR132W-A.S1_st	252	134	CCTAAATAGCTTCGACAGTGGTGTT
YHR133C.S1_st	159	154	CATTAACCACGGGAATCACGCAAGT
YHR133C.S1_st	181	117	TCTAGCAGCGCCTTGGACTGTACCA
YHR134W.S1_st	52	251	CAATGCCAATTCTACGAGGTGCCTA
YHR134W.S1_st	218	314	CTTGCCAGTTGCAGAGCCACCTTCT
YHR135C.S1_st	73	246	TTCTTCGGTTTAGAGGTGCCTATGC
YHR135C.S1_st	217	117	AGGACTTGTCGTGGGTTTACTGCTA
YHR136C.S1_st	55	116	TTCTAAGTTCATCTCGCGTCGCAGT
YHR136C.S1_st	250	119	CTGTCTACAGAGGTGCGCCGTTTTA
YHR137W.S1_st	163	134	CTATCTGGACTGCTAAACGGCGTTG
YHR137W.S1_st	212	307	TTTAGAACCTAAACCGGCTGTAATG
YHR138C.S1_st	42	257	CCTGAATGGACTATCGCTGGTTTAA
YHR138C.S1_st	158	49	ATCGTATAAGAGGTACCGTGTCCGT
YHR139C.S1_st	37	250	TTAAAGACGACCCATGAACAGTGGT
YHR139C.S1_st	219	128	TTACCAAGAAACTACGGACACTCGG
YHR140W.S1_st	35	309	ATAGGTATGGGCAAAGATCTGCACT
YHR140W.S1_st	158	209	TGATGAATAGCCCTAGACCGTGCTT
YHR141C.S1_s_st	93	218	AGCATTCGTGTGAGTTGTGTTCCAA
YHR141C.S1_s_st	137	250	GTTCCAATGAGTTATGTTTCGACCA
YHR142W.S1_st	99	254	ATAAAAAGAAACATCGTCCGGTCCA
YHR142W.S1_st	272	133	CCCTATACTGATGGCTGCTGCTGAA
YHR143W-A.S1_st	132	127	TTGTTTAAATCTGCGGCGTCGACGT
YHR143W-A.S1_st	270	128	CTTGACTACGTCAGGCAACATTCCT
YHR143W.S1_st	28	129	CGTCAACTCAGTAGGGTTTGTCCCA
YHR143W.S1_st	291	127	CTTAGCAGTCCATGTAGAAGGCGAT
YHR144C.S1_st	187	121	ACGATGACCGATATTACCCTGAGGA
YHR144C.S1_st	192	97	CTTCAATCGGTGTGATCGTCGTAGA
YHR146W.S1_st	73	129	CGACTGCTGGGCTAACAACTCTGGT
YHR146W.S1_st	143	247	TTCGATGGGAACTGACTGCTCGTTT
YHR147C.S1_st	106	253	CACTTAACAGGCACCTCCAGGGACT
YHR147C.S1_st	259	136	ACTCTTTTAAGGTAGGTGGTCTCGG
YHR148W.S1_st	13	312	CTCCTGATGCAATGAACCCACCTGT
YHR148W.S1_st	228	113	TCGATATGCGATACCCACAGGACTG
YHR149C.S1_st	80	121	CTCTGTCTACAACATGTCGGTGGTT
YHR149C.S1_st	179	128	ATTCGGTCGTCCAAGAAAGTCTTCA
YHR150W.S1_st	194	117	CTTGTGGTCCGCGAATTGTACTATA
YHR150W.S1_st	246	134	CCGGAATGACGGCTTGCTGACCTTC
YHR151C.S1_st	74	256	TTTAGGCTCGATCTTCCACAGGGAA
YHR151C.S1_st	316	172	AGTAGGCCCTGGAATCTCCGAATGT
YHR152W.S1_st	11	111	TTCACTGGTTAGTCGTGCGTGCCGA
YHR152W.S1_st	158	51	TCTAAACGTAGTGGCTGACTGTCCG
YHR153C.S1_st	6	314	TTCGATTGGTCGCAAACTGTGCCTT
YHR153C.S1_st	156	250	ATGTCTTTTCGGGACCTCAAGGGCG
YHR154W.S1_st	30	3	AGATTCGTCCTTTTGCCTCCGTAAA
YHR154W.S1_st	133	1	TGGATGATTCCACAAGCTTTCTCGC
YHR155W.S1_st	46	114	CGGTTACCACTAGTCGCTCCTGAAG
YHR155W.S1_st	134	247	GTATAAAGAGGCATTTCAGTCGGCT
YHR156C.S1_st	26	249	GTGCCGGACATGTGCTTGATACTTT
YHR156C.S1_st	298	126	TTTAAAGTGTCGCTTGGTCTAGCTC
YHR157W.S1_st	47	316	CCTGTTTGATAGGATTCGGACCCAA
YHR157W.S1_st	51	121	ATCCGCTGGGTCATACGTACGGCTT
YHR158C.S1_st	270	134	AGTCTTCGTGGCTCCTCTCAAGGTT
YHR158C.S1_st	284	130	CTTCAAGTTTTTACCGCAGACGTCA
YHR159W.S1_st	19	2	ATCGCTACAGTTCCGGCCTAATGAG
YHR159W.S1_st	116	222	ATCATTATCGCTCAGCAGGCGCGTT
YHR160C.S1_st	1	249	CTGTTACTTTGAAGAACCCGGTTCC
YHR160C.S1_st	41	256	ACTTAAAAGCCTTGACCTTCGGTCA
YHR161C.S1_st	56	119	CCCAATAATACACGGACGTTGACGT
YHR161C.S1_st	200	116	GTCCCTTAGGACGTGTGCTTTTACA
YHR162W.S1_st	167	111	ATAGATGACGCGACTAAACCTGAGC
YHR162W.S1_st	277	121	CATCGATATAAGAGTCGCCGCGGCT
YHR163W.S1_st	165	128	GTGAGACGGACACAACTTTCTGCGG
YHR163W.S1_st	316	253	CTATTTAATGGGAGCTGATCAGTCG
YHR164C.S1_st	93	243	TCCTTACAATAACTCGCCGCATGGT
YHR164C.S1_st	167	105	TCGCCGCATGGTACGCTTCTATAAC
YHR165C.S1_st	162	314	TTCGCGAATATTGGACTGGCTGCTT
YHR165C.S1_st	288	235	ATCCGGTGCATCCTAGGCAAGTCTA
YHR166C.S1_st	65	241	TTATCTTACGATAGCAGCCCGGCAT
YHR166C.S1_st	189	118	CTATATACGGGAGCTCTGAAGTTTC
YHR167W.S1_st	138	129	CTTTGAAGTCCCATAAGAGCTCGTC
YHR167W.S1_st	158	99	CTAGTCTAGTTTTACCGTGCACGGT
YHR168W.S1_st	13	126	CTTAGTAAACGGTTCATGGATGTCC
YHR168W.S1_st	65	237	AAGTGACACCGGCTATATGGACCTT
YHR169W.S1_st	14	244	TCCCATCGCAGCAACGTGAGAGTTT
YHR169W.S1_st	203	121	ATGCTATATGGAAGTCTGGGTCTAC
YHR170W.S1_st	45	128	GTGTGGGCAACTTAGAGTCGTCATT
YHR170W.S1_st	46	249	TTGGCGCTTCGTTTACATGGAGGAC
YHR171W.S1_st	190	254	CCTCGTAGGTGAAATGGAACTTCTT
YHR171W.S1_st	249	132	ACACGTGTCATTGATCTGGGCCGCA
YHR172W.S1_st	199	119	CTATCAAGTTCACAGCTGCGACGCC
YHR172W.S1_st	212	295	AACCAATGGTTCTTCTACGGCGGGA
YHR174W.S1_st	153	128	CGATCTTAACGATGGCGGTAGCTTT
YHR174W.S1_st	303	126	ACAGATGCGGCCACTTTTGAAGGTG
YHR175W-A.S1_st	101	254	CAATAGCAAATAACCGATGTCGGAG
YHR175W-A.S1_st	134	1	CGTGAGCATGCAATGATCAGAAACT
YHR175W.S1_st	184	115	CTTACCACCGTATAGTTCTGGGACG
YHR175W.S1_st	300	113	ACTCTATCTACTGTCGAGGGAGCGG
YHR176W.S1_st	43	239	TTGAAAGCTGAGATTACGGACGCCT
YHR176W.S1_st	118	255	ATCTCGGGAGGCAATCTGACCTTCA
YHR177W.S1_st	50	3	ACCGCACAGCGGAAGTCACTATATG
YHR177W.S1_st	69	123	ATGACGTCGTGGAATACTTGCCGCA
YHR178W.S1_st	161	133	ACTCTACGCGCCTACAAAAGGTTTT
YHR178W.S1_st	181	111	AACCGCGGTCGCTAAGTATAGTTCT
YHR179W.S1_st	303	255	CCTAGGTAGCTTTTGTCTCGGGCAA
YHR179W.S1_st	306	133	ACGAATAAGATAGACCTTCCCGGGT
YHR181W.S1_st	47	127	CGAGCACATCAGTAGTTGAGCCATT
YHR181W.S1_st	75	257	CGATGACAATGATCTGCCAAAGGGC
YHR182W.S1_st	18	120	CACTGTATCTGTATGGTAACCGGGT
YHR182W.S1_st	316	122	GTAACCGGGTAGTGAAGCATTCTTC
YHR183W.S1_st	97	314	TTTCAGTTAACGCAACCGATGGTGG
YHR183W.S1_st	177	124	TATAGTTGACCTGACCGGTGCCACC
YHR184W.S1_st	203	123	GTTCAGTTTGGCCTCAGACGTTCAC
YHR184W.S1_st	309	117	CTTTACATTTACAGTTACGGCGATC
YHR185C.S1_st	82	256	CCGGACGTATGCTTTTTGGTTATTC
YHR185C.S1_st	291	118	CTGTTGTGCTTGTCACCGGACGTAT
YHR186C.S1_st	159	77	GTATCTTACTACTAACGCCGGTGGT
YHR186C.S1_st	316	298	ATTGTTCATGTAATCGGCGATGCCC
YHR187W.S1_st	60	250	AAAAGACCTCCGTGTTTCGAAACCT
YHR187W.S1_st	299	117	CTTCGACCGGTTTCTAGTTCAGCGT
YHR188C.S1_st	117	116	GTTAAACGGCTCATAGGTGGTCTAC
YHR188C.S1_st	133	247	TTACCAGTGGCAGCTTCTCCGGCTA
YHR189W.S1_st	70	245	TTTACGTCACCTCCGGCACATGGGA
YHR189W.S1_st	303	118	CGACCTCGACGATGCTTTCGCCGAA
YHR190W.S1_st	158	202	ATAAACCGGCCATAGGTGCTCGTTA
YHR190W.S1_st	272	126	TTGTTGGCACTTCACGATGTACCGT
YHR191C.S1_st	91	123	GCAGCGACCGCTCCTCTCTAAGAGG
YHR191C.S1_st	259	131	CACTGTTTCGATCTGCATGGCTACC
YHR192W.S1_st	68	115	TTAGTAGTCGCATGACCGTCCGCCA
YHR192W.S1_st	280	133	CCTTCTCTGGGTGATATTACGATGT
YHR193C.S1_st	89	247	TTCAGAAGTCTAGACGGCCACCATT
YHR193C.S1_st	122	7	CTTCTGTAGGTTCGACTGTACGTTC
YHR194W.S1_st	7	95	CTACTCAGAGCCACGATAGCGCACT
YHR194W.S1_st	124	3	ACTTGCGGCCATAGCTTCCTGGGAA
YHR195W.S1_st	85	6	CTAACGTCGAGGTCAAGTCTTCAAC
YHR195W.S1_st	171	132	CTCCTTGTGTCATTGTCGGTAAACT
YHR196W.S1_st	301	58	AGGAAACGTCCTAGTTCGTAGCGGA
YHR196W.S1_st	302	126	CGTAGCGGACAACTTTTCGAACTTG
YHR197W.S1_st	184	253	CTTCAGGGTTTCCAGCAGCTACTAT
YHR197W.S1_st	203	135	CACAGTAGGTTTTCACGGTCAGCCA
YHR198C.S1_st	130	128	AGTAGCTTAATAATCGGTTGCCGCG
YHR198C.S1_st	136	1	CTCCCGGACCAGTTTTGATAAAGAT
YHR199C-A.S1_st	128	4	ACGCGTCGCGTTATGATGTAGCTTA
YHR199C-A.S1_st	250	121	ACGAACTTGTCCTTCCTGCGGCATA
YHR199C.S1_st	94	5	ACACCGGCGACTTCTGTTTGTAGAC
YHR199C.S1_st	269	126	TTTGTAGACCAGAGACTTCATGACC
YHR200W.S1_st	67	5	CGGACTCGTCAGACTTGTCGGACTT
YHR200W.S1_st	87	118	CGCCACTAAGGCTACGGTTACCGTG
YHR201C.S1_st	42	1	CTCCTTCGCATGAGTTTGGACCTTC
YHR201C.S1_st	224	133	AACCCTCTGAGATTGCACCATGCAC
YHR202W.S1_st	158	52	CTCTTGAACTGGTGGTTACTGACGA
YHR202W.S1_st	316	129	CTTCCGATGTGGTGTCTTCTGCTAA
YHR203C.S1_s_st	81	246	CAGTTCCCATCTAAGCGACAGGTGG
YHR203C.S1_s_st	166	257	TTCCTGAGGAACCTGTTGTGAAAGC
YHR204W.S1_st	135	122	ATAACGGAGCGGTACCTTCACATGT
YHR204W.S1_st	266	120	CATCATCGGTAGTTGCCTGCGTATA
YHR205W.S1_st	129	123	TATAGCTGACCCTCCGGAACTTCGT
YHR205W.S1_st	231	97	CTTGTTCGTGGTCGGCTACTACTGA
YHR206W.S1_st	81	126	GTCAGCAATCGGTACAATGGTGTTC
YHR206W.S1_st	169	137	ATAGAACCGGTTTGGTAAGTGCTCC
YHR207C.S1_st	158	254	CTCCGGGTCGGTCTAAATTTTCTTT
YHR207C.S1_st	189	126	TTTAGAAGGTACTCTCTCCGGGTCG
YHR208W.S1_st	129	314	TTTAGATACCAACAAGCCGGGTCTT
YHR208W.S1_st	252	133	CCGAGCACTGTTTGATCTAGGAGTT
YHR209W.S1_st	7	128	TTTGTCAGTCAAAGAGACCTCTCGT
YHR209W.S1_st	139	2	CGACCTCGTATATGTGAAGAACCCG
YHR210C.S1_st	73	315	CTTCCTCGTGATTAAGGTTGGCCAT
YHR210C.S1_st	144	256	ATTCACATTTGTTCGAGCAGGGACG
YHR212W-A.S1_st	189	124	ACCGGTGCAGGTTACAACAAAGTCC
YHR212W-A.S1_st	265	110	CTTCATGTGTTCGTACGGACGGTCA
YHR213W-A.S1_st	129	255	GCTGTAACGCGCAAAGGAATCTTTT
YHR213W-A.S1_st	200	123	CACCATGTCTTCCACGGCCAATAGG
YHR213W.S1_st	243	256	CTTTGGCAATAACAACGGTTTCGAG
YHR213W.S1_st	245	130	CTATTGTAGCCTCCCTGACAGATGT
YHR214C-D.S1_st	296	122	GAAAGGTACACAGCAACAGACATCT
YHR214C-D.S1_st	314	254	AATATTTGAAGTTGTGCGGTGGACC
YHR214C-E.S1_st	38	248	GTGGAAACCGTCGTAAATGCACTTT
YHR214C-E.S1_st	124	128	CGTTGTACCATCTCCGACGGGTTTT
YHR216W.S1_x_st	55	127	TCCATGTCGGCAGATGTTACACACA
YHR216W.S1_x_st	288	114	AGTTCTGTAGCCGACATCCAGCGAT
YIL001W.S1_st	56	3	GTAAGGAACCTACATACGGCAGCTA
YIL001W.S1_st	95	127	CTGTAATCCATGATAAACGAGGCTT
YIL002C.S1_st	96	3	TCACTAAGCTATCGACCGGGATGCG
YIL002C.S1_st	275	314	CATCAAGAACTGCATCTGGGCCGGC
YIL002W-A.S1_st	80	5	CTATGTGGGCTTCTACAGTCATGAC
YIL002W-A.S1_st	246	116	TTCTACAGTCATGACGTCCGCGTTT
YIL003W.S1_st	163	122	TGTACAGTCCCAAACATACGGGCGT
YIL003W.S1_st	184	124	ATGGGGTGTCTCACAACGTTGTCGA
YIL004C.S1_st	158	46	TGTTACATAGTAGTCGCGATCCCTC
YIL004C.S1_st	226	310	ATCTTGTGTCAATAAGCCTGGCCGA
YIL005W.S1_st	133	255	TTCCGAGGCCGATTGTTTTAACAAC
YIL005W.S1_st	135	249	GTCAAAGGATCTGTATTAGGTGCCC
YIL006W.S1_st	41	122	TCTAAAGTGACGATAAGAGCCCTCT
YIL006W.S1_st	261	104	GAATACGACGTTAGTTTGGAGCCAC
YIL007C.S1_st	127	255	ATCATGGGCCATCGGGAAGTCTATT
YIL007C.S1_st	175	267	AACCACTGCGGTCTGCCCATAGGAG
YIL008W.S1_st	171	242	GTTGCTGTGGCTAACCCTCGAGCTT
YIL008W.S1_st	291	119	CTTCTAGGACAGTGTCACCCGCTAA
YIL009C-A.S1_st	37	4	GTAACCGCTACGACTGAATCAGATG
YIL009C-A.S1_st	79	247	CTTTATCACGGGCAAGAGTTACATT
YIL009W.S1_st	150	126	CGCCAGAGAAAGTGAATGCTACCTA
YIL009W.S1_st	174	312	TTAACGAAGATTTCCCACGCGGCCA
YIL010W.S1_st	174	127	GTTCGTGCGGACCAACATGATCTGT
YIL010W.S1_st	311	130	CTGTCCGGACACCTAAAGCACTGTT
YIL011W.S1_st	231	135	CCTTGGACTTTAGTAGCGACGAAAT
YIL011W.S1_st	268	96	CGTCGATACCTGTACCCGAAGAAGA
YIL013C.S1_st	232	313	GTCCCAAAGTGGTATGTGCATAAAG
YIL013C.S1_st	308	133	CATAGGGTAGTTACTCCGCCAGGTT
YIL014C-A.S1_st	92	255	AAACCTCTTACGTTGGGTCACCCAA
YIL014C-A.S1_st	282	112	TTACACAGGCGATATTTACCGACGT
YIL014W.S1_st	23	120	AACACGTATACGATGCCCACTGCCT
YIL014W.S1_st	243	135	ACTGCCTGTGTGTTTGAGACTTGAA
YIL015W.S1_st	244	128	CGTTTAAGCCCGTCACAGAGCGAAG
YIL015W.S1_st	303	103	ATACGTAGTTTCATGTCCGCGACAG
YIL016W.S1_st	31	316	AGTCAAACTTTTTCGCGGCCAAGGA
YIL016W.S1_st	200	132	CAATGTTAGTCTTCTGGGTTACCGT
YIL017C.S1_st	38	7	TTATGATGCTACTCGGTCTACCGCT
YIL017C.S1_st	218	135	CCTTGGTCCCGTAAGTGGTTCACTA
YIL018W.S1_st	172	255	CTAACGACGGTCTTCTTGGCCAAAT
YIL018W.S1_st	199	123	AACGACGGTCTTCTTGGCCAAATGA
YIL019W.S1_st	7	241	AACCCTTCCGGTCTAGCGCATGTGA
YIL019W.S1_st	269	256	ACCGTTTTTCTTTAGGGCAGCGATC
YIL020C.S1_st	252	253	CCCTTTCTGGCGTAACAACATCTGA
YIL020C.S1_st	292	116	CTCAAAGATTAAGTGCGACGTCTGC
YIL021W.S1_st	131	4	GTCGTCGTCGGTATCTCAAGCTCAT
YIL021W.S1_st	204	135	CCATATCGGTTTCTCGTGCGGTTCA
YIL022W.S1_st	174	243	TCACGTTTCAATAACCGAGGGGTTC
YIL022W.S1_st	283	253	CTTGTCCTACAAATGCGGCTACCGG
YIL023C.S1_st	47	247	TTTGCTACGCATAAGACAGTCCCTG
YIL023C.S1_st	280	254	CCAAATGCAAGGGTGTTCGCTATTC
YIL024C.S1_st	144	253	CTTTCCCGGTTGCATCGTGGTACAA
YIL024C.S1_st	184	119	CTTCTGCACTAGTTCCCGACGAGGT
YIL026C.S1_st	71	256	AACTCCTTGTGGGTTGGCACCATCT
YIL026C.S1_st	153	130	CTCTTTGGCTGGTACGTTTATGACT
YIL027C.S1_st	89	4	CGGTGGTTGCACCTATTGAACTATC
YIL027C.S1_st	95	315	CCCTTACCCGGAGATTGTGACATTT
YIL029C.S1_st	109	232	ATGAGTCACTAGCAAAGGTAAACCC
YIL029C.S1_st	248	297	ATGCTTCTATTTTACGAGGGCGATG
YIL030C.S1_st	239	126	AGCACCCAGCAGAATTGGCTACCAT
YIL030C.S1_st	252	138	AATCGGTACCTAGGTCCTCAAAGTG
YIL031W.S1_st	30	254	ACAATTGTCCCTACTGAGCCTGCAG
YIL031W.S1_st	44	3	CTACGGCAGCGGATTTGGATTTTCC
YIL033C.S1_st	217	115	CGGTTTGAACGGCTACGTGACCTAT
YIL033C.S1_st	272	254	CCTATGGTTCTAGATGGTCGGCCCA
YIL034C.S1_st	127	256	ACAATAGGCCCTTGGACTGTTCTGT
YIL034C.S1_st	262	122	ATACTTCCGCCATAGAGGTCGCACA
YIL035C.S1_st	46	256	TTCGCTACCCTGTGGGCACCAAACG
YIL035C.S1_st	219	137	CCTTGCTCATTGTGTCTGGTCGAAC
YIL036W.S1_st	30	128	TTTTTCCAACGCGTCGACGTCGAGG
YIL036W.S1_st	195	257	AATCGCCGCTTGTGTGTCCCTTTAG
YIL037C.S1_st	110	128	CTTTCACGTTAGTTGCCTGTAGGAT
YIL037C.S1_st	163	130	ATTGGTTGCGTAGCCATCGCCGTAA
YIL038C.S1_st	234	131	CTAATAAGTAAAAACGTCGGTGGCC
YIL038C.S1_st	297	117	AACGTCGGTGGCCATCTATGTCGCA
YIL039W.S1_st	99	128	CCAATACGCAACTACCGGGTCTGTG
YIL039W.S1_st	280	125	ATCCATAATAGGTCTACGGGTACGG
YIL040W.S1_st	46	123	CTGACACCTGGACAACTTAAAGATG
YIL040W.S1_st	216	117	ACCTGCGATGAGTTGGCGTTATGCT
YIL041W.S1_st	49	316	CTTGTTCTACAAGGGGTGGCTCCTT
YIL041W.S1_st	300	228	ATAAAACTTTGGAGCCGACCGGATT
YIL042C.S1_st	125	2	TACTAACCTTAGAACGTGGCCCTGG
YIL042C.S1_st	315	247	TTTAGTTGTTGCAGAGGCCGTACCC
YIL043C.S1_st	181	123	ACGGGCGACGATGTTACCTGTTGCA
YIL043C.S1_st	245	125	GGTCGGTACCAACGGAGTCAATCTT
YIL044C.S1_st	205	111	CTTGGTCAAGACGTATTCGGCAGAC
YIL044C.S1_st	214	121	CCACGACGATTATGGTTCTGACCGT
YIL045W.S1_st	190	125	TCCCGGGTGTTGTCTGCAGTTACTA
YIL045W.S1_st	246	130	ACGATTTAGTCCTCGGTTGAACAAA
YIL046W-A.S1_st	140	239	TTGATTACCTAACCGCGCACATGAT
YIL046W-A.S1_st	297	135	ACTACACGCAGACATAGGGTTTTTT
YIL046W.S1_st	112	248	TTCCACAAACCCTGTAGCGGCGACT
YIL046W.S1_st	216	74	ACTACCGTCGAGAGGCGTCCTACTG
YIL047C.S1_st	74	253	ATGGCACCTACTATCCAGAGGGCTT
YIL047C.S1_st	192	1	ATAAGTCCCAATGGCCACTGCGAGG
YIL048W.S1_st	277	253	CCCAAGATAATAGCGATAAGGTTCC
YIL048W.S1_st	303	100	CCTACCAACGATAGTCGAAGTGACG
YIL049W.S1_st	16	127	TATAAACCTGTGAGTAACGCGGCTG
YIL049W.S1_st	70	250	CTTAACCAGGGTAATAGATCAGCCA
YIL050W.S1_st	82	241	CATTGAGAGCTATGCGGTTCCAACC
YIL050W.S1_st	208	115	ATCTAACGAGTATTGTCCACAGTGT
YIL051C.S1_st	214	107	TGGGTATTCGGACGTTCTAGGACAC
YIL051C.S1_st	292	254	CATATTGTTGTAACTGGGGCCAGTC
YIL052C.S1_st	140	251	CCAGCAATTCCTTGTTTGACTCCGA
YIL052C.S1_st	178	135	ACCATAGAACGCACGGGTTGTGCAA
YIL053W.S1_st	13	122	AGAAACTTCTGCGTGGTCGACCATA
YIL053W.S1_st	303	253	CCTTTTTACCCGACAGCGGTGGAGA
YIL055C.S1_st	226	135	ACCCAAGGTGCTATTTCTCGACAGA
YIL055C.S1_st	239	253	CTTTGCAGAGACTGAGGCTTCCACT
YIL056W.S1_st	211	122	ATTACTAGCGCTCGTTCGGAAATGA
YIL056W.S1_st	303	133	CACGGTCGCGGTATGCAATGTTTCT
YIL057C.S1_st	186	113	ATGTGGTCGTACAACTCTTCGTGGA
YIL057C.S1_st	261	58	GTACTACGCGTACTACTAGGCCTTT
YIL060W.S1_st	307	135	CCATATAGGTTGCACGTCCGGTTAT
YIL060W.S1_st	314	95	ACGTCCGGTTATAGTGAGAGATTCT
YIL061C.S1_st	43	127	TTCTTTAATACGAGGGTCCGACGGT
YIL061C.S1_st	245	134	CCCTCCGATGGTATGCTAGAACTGC
YIL062C.S1_st	8	6	CTTACTTAGTTAACGCGAGCGAACG
YIL062C.S1_st	101	120	CTCGCAGGAACTTCGTAACTGTGTT
YIL063C.S1_st	55	4	CTAGACTTGTTGATCGCTTACGGAG
YIL063C.S1_st	99	129	TCCAAATAGTAAACCGTCGCCGAAG
YIL064W.S1_st	176	110	TTAAAGTAGTCAAAGGTCGTTCGTC
YIL064W.S1_st	266	254	CATTATATCGGCTCCGGTGGCCACA
YIL065C.S1_st	214	120	CCCGACTAGTTTAGGTGACTGCACT
YIL065C.S1_st	245	128	GTTTGAGCCACTTATGAGATACCGC
YIL066C.S1_st	159	186	TTCTCCAACGGCTAGTTCGGCGATG
YIL066C.S1_st	316	244	TTTCCGCCGTAGACGCGAATGGCTT
YIL067C.S1_st	21	90	CTACCTCTTAGGTCGTGAACGAGTT
YIL067C.S1_st	110	256	TATCGAAACCCTAGAAACGGCCCTG
YIL068C.S1_st	112	249	CTTTACAATGTACTTATGGCGGCAT
YIL068C.S1_st	189	116	CTTCATATGACCCTGAGCGCGTATC
YIL069C.S1_st	62	251	TTTCTAACCGGTTTTTCCAACGAGC
YIL069C.S1_st	311	128	CTGCGACAGTGATAAGCATGGTCTT
YIL070C.S1_st	206	119	CTACGAAATAGTCTGTTGAAACGGT
YIL070C.S1_st	254	133	GAGTAATCATCTCTGTGGGCCATTC
YIL071C.S1_st	123	122	CGCCACCTTTGTTATGTCGCTGATA
YIL071C.S1_st	125	120	CTTTAATCGTCTTTACCGTGGTACT
YIL072W.S1_st	32	123	ACTAGAATTGAGTTCGAACGGATGC
YIL072W.S1_st	50	6	CTACTTTGTGATACGGAGCTATTAC
YIL073C.S1_st	119	130	CTTGCCCTTGAGACATCGACCGACG
YIL073C.S1_st	185	245	TGAATGACAACCTTATAGCCGCAGT
YIL074C.S1_st	30	247	TTGTCAAAAGACTAAGAGTGCCGCT
YIL074C.S1_st	316	126	TGTTAAGCGACGATACTTCCTGCCC
YIL075C.S1_st	61	3	CTACTATTACAGCTGAAGGGATCAC
YIL075C.S1_st	154	249	CTTTCTACAATTGCGAGGTGAAGGT
YIL076W.S1_st	159	42	CTTAATAACGACGAACGGTAGCTTC
YIL076W.S1_st	282	254	CTCCTATGACAAAGGCCACTGTTGC
YIL077C.S1_st	73	257	CTTGCACTGGGGTGTCCACAAAACT
YIL077C.S1_st	122	249	CTCTTCTAACGGTCTGGGCTTTCAG
YIL078W.S1_st	47	255	CCCATACGACTTCTGCAGGCATTGT
YIL078W.S1_st	296	116	CTTTCTGGCCAGTACTAGGTAGCAC
YIL079C.S1_st	199	127	TCTTCAGTGGTAAATCGCGTGTCTT
YIL079C.S1_st	286	137	ATATTGCTGCTACGTATGCTGGAGG
YIL082W-A.S1_s_st	115	314	TTTCAAACATATGGCAGGTCTGCGC
YIL082W-A.S1_s_st	188	255	CAGGTCTGCGCATGGGTTTCTTATT
YIL083C.S1_st	292	118	CTATTAGGGTCTTCAGTAGCGTGCG
YIL083C.S1_st	302	132	CCGCGTAAGCTTTTGATTCGATCGA
YIL084C.S1_st	67	245	TCTTAATTGTCCAGTCGGAGGCCGA
YIL084C.S1_st	123	130	ATCGTCTGGCGTTATGGTCTTCTTG
YIL085C.S1_st	82	314	TTATAGAGCAACTTTCCCGGGCGAG
YIL085C.S1_st	295	254	ACCAACAATGTTCGGGAGGTATTTC
YIL087C.S1_st	154	255	CCACGATAGGGGTTCGAAATTTCAC
YIL087C.S1_st	284	312	TTCTTGAACCGGCAACCACGATAGG
YIL088C.S1_st	242	112	CCGCAACAGACAGGTCAGTAAACGT
YIL088C.S1_st	293	256	TTCAAAGCCTTATGTGAGCACGAAG
YIL089W.S1_st	95	250	GTTTGACTTCATGGGGCTAGATCTA
YIL089W.S1_st	175	121	ACGTTTGTTTAGTAGCAGTCCGCCA
YIL090W.S1_st	17	1	TCTACCGTTCGCTTAGTCAAAGGGG
YIL090W.S1_st	271	130	CTCCTAATAAGGTCGTAATGTTTCT
YIL091C.S1_st	180	254	CATAACAGTTTAGGTGGCCCATACT
YIL091C.S1_st	257	131	CTTTCTGACGTGGTAATATCTGCAA
YIL092W.S1_st	159	173	ATAGCGCCCGGAGTCTTTATAAGGT
YIL092W.S1_st	201	97	CGTATTGAAACGACACGCGTGCTCC
YIL093C.S1_st	50	315	GTTCTCCAGGATCTGCAGACCCTTT
YIL093C.S1_st	228	313	CTTTTCCGACATGTCCGGTGGATTT
YIL094C.S1_st	76	251	GTAATCCACAACAAGGTTCGCGGTT
YIL094C.S1_st	229	129	CTTAAGAACCCGGTGTTGCTTCGAC
YIL095W.S1_st	80	315	CATTGCATATTTAGGCGTAGGCCCA
YIL095W.S1_st	240	133	TGAGCTCTTGACCTAGTTCCCTGAT
YIL096C.S1_st	54	5	CTCGTCTAGCTCGTTTAAGGTTACC
YIL096C.S1_st	116	255	ATTACTCCTATGAGGGGTCCGATTT
YIL097W.S1_st	55	118	CTTCTGTTCTCTAACGGACGTGGGA
YIL097W.S1_st	268	308	ATCTTAATGGAGGTTTGGACGCCAC
YIL098C.S1_st	36	243	TTGACGTTTGCACCAACCCGACCTG
YIL098C.S1_st	131	2	ACCGGGTCCCTGTTTTGCAACTGCT
YIL099W.S1_st	115	313	TGTCCCAAATACGTCCCACGGGTTG
YIL099W.S1_st	159	242	ATACCGAAACCGCTCCCTTTAGGGA
YIL101C.S1_st	262	314	TTTGAAGAAGAGGTTATCCCGGTTC
YIL101C.S1_st	281	313	TTTGAACAATAACTCCTGCGGAACG
YIL102C.S1_st	40	130	CTTGGAACCTCTTACGTTGCGTCAT
YIL102C.S1_st	80	253	CCCTTCTTAATTGTGGACCAGTGAC
YIL103W.S1_st	156	127	GTCTCCGGTAACTTCAGCGAGCCTT
YIL103W.S1_st	305	254	CCCTTTGAGGCTTTGTACGCTAACT
YIL104C.S1_st	43	118	CGTTCTCAGTGAAAGGTTCGTCCTA
YIL104C.S1_st	171	248	TTCCCGCGAAAACCTGTAAGTACTT
YIL105C.S1_st	208	123	ATGTACTTAAGTTCTGGCGCCTGTC
YIL105C.S1_st	253	126	GCCGTATTAAGCAGCACCAGTGTTA
YIL106W.S1_st	116	6	TGTACGGGCTCCTACTATCGCTGCT
YIL106W.S1_st	146	249	CTCCCTCAGGAATTGGTTCGACACT
YIL107C.S1_st	36	255	AGCAGGGTCCCAACAAGGTTTAGTT
YIL107C.S1_st	140	243	CTTAGCGTCGGTTTCAGTGCAAATT
YIL108W.S1_st	69	256	CCTACGATGTGATCTTGGCCCACTT
YIL108W.S1_st	174	255	CCAGTTACCCAGCTGCGGAAGCCTT
YIL109C.S1_st	38	1	CGGAGCCGGAACTTGTTGAATCTTA
YIL109C.S1_st	297	118	AACTCGCTCGGGCAATTGGTACGTA
YIL110W.S1_st	146	103	CGTCCTTATAGTCGCAGTGAGAATA
YIL110W.S1_st	260	254	CTACAGTTTTGAATGCATCGGCGTT
YIL111W.S1_st	1	257	CCGTGCCGATTGACCCTGTTCTAAA
YIL111W.S1_st	26	126	CGAACCATGTATAGGATGCCGCTCA
YIL112W.S1_st	109	1	AAGACTCTTCTAAGGGCAGCTAGGG
YIL112W.S1_st	190	130	CCTATAGCTGAACGAGAGTTTCCTG
YIL113W.S1_st	152	126	TTACACCCGACAGCTCTAGGCGTTG
YIL113W.S1_st	242	101	CGTCTAACGCAACCTGAACGGTAGT
YIL114C.S1_st	112	316	CCTTCACAATGAAACCCGGTGGCGC
YIL114C.S1_st	175	76	ACGTGCGATACGATACAGTTAGCCC
YIL115C.S1_st	56	246	TTTTCGATAAGCTACACAGGCGGTT
YIL115C.S1_st	145	244	TTTTTCCGAAGCAGCAAGCTACGTA
YIL116W.S1_st	105	253	ACTCTTAATGGCAACCTTGGGTACT
YIL116W.S1_st	261	293	ATAGGTTCAGTAAGCCAAATCGGCC
YIL117C.S1_st	159	116	TAGTCCAGGTATAGTCGCTCAGGCT
YIL117C.S1_st	236	93	GCTGAATAGAGCTCGTGTACGACCT
YIL118W.S1_st	47	3	CCCGGGTCATCGTTGGCTTCACTTT
YIL118W.S1_st	119	315	CGTTCTCAACGAAATTGGCGCCCGG
YIL119C.S1_st	29	128	TTTGTTACGGATATGTCGATGGCGC
YIL119C.S1_st	65	129	CTTAGAAACGGTCGAAACCTATGGT
YIL120W.S1_st	259	75	ACGTAGGTCGTAAACACTGTGAAGA
YIL120W.S1_st	313	254	CAGATTCCGAAGATGGCGTTGTCCA
YIL121W.S1_st	48	248	ATAGAAGTTCCGCTCCAACGTTGGG
YIL121W.S1_st	76	242	TGCTTCTGTAGATGCCGATGCCCTA
YIL122W.S1_st	20	246	TAGGCCATTACTCATACCCGGGTGT
YIL122W.S1_st	289	128	CTTGAACGTTCAGGTGCTCCGGTAT
YIL123W.S1_st	74	127	TTGCGGCCGCAGAGTCAACTTCTAC
YIL123W.S1_st	126	251	CTGATGGGCCCGTGACTTTTGTACC
YIL124W.S1_st	50	242	TATAGCGACTATTTTCCGGGAACGG
YIL124W.S1_st	59	89	TATTCGGGTACGGTCGACTACGCAT
YIL125W.S1_st	152	245	TTTGGGTTCACCACGACAACGACGG
YIL125W.S1_st	249	136	ACTTGTACCCAAGCACCCGTATGTG
YIL126W.S1_st	46	126	AGGACCCAAATGCAACTACGACTGT
YIL126W.S1_st	110	314	ACTTTTCGAAGGAAGCTTTGCGCTG
YIL127C.S1_st	22	249	GTGGAGCCAACAATTACCTGACGAT
YIL127C.S1_st	178	136	ATCTATAGGACCAGACTGTGGCCCA
YIL128W.S1_st	77	312	CTTAATCCGGTTTAGGGCAAGCTCA
YIL128W.S1_st	127	253	CTTTGAGACTTCCTGTGATGCCTAT
YIL129C.S1_st	69	104	ACTTCATAGACGAGTGCCTAGCCTA
YIL129C.S1_st	262	131	CTCGAATAGATCTTGTGGCAGGTTA
YIL130W.S1_st	19	97	AGAACTACGGTGTCTACTGCAGAAA
YIL130W.S1_st	223	131	CTGACTGAGTTTGCTATAAGAACCT
YIL131C.S1_st	142	227	TGTCCAAAAGAGTTTACCGCACCGT
YIL131C.S1_st	220	128	CTTAGAAGTAGTTAACTGGGCTCCC
YIL132C.S1_st	66	251	AGGGGAGTTTCCAGTGTGCTTGACA
YIL132C.S1_st	303	129	CTTCTTGAGTCACGGTATTGCCACT
YIL133C.S1_st	12	248	TTCTGACGAGCACCATTCCGGCGAA
YIL133C.S1_st	164	108	CTTTCAACGGAGACGATTACGATGA
YIL134C-A.S1_st	97	65	GTGACGTCTACATCTACAGCATCGA
YIL134C-A.S1_st	230	229	ATTGTGCCACACACGCGGTATAATT
YIL134W.S1_st	121	255	ATACCTTCCCGGAACATGGGCGTGA
YIL134W.S1_st	139	256	ACGTTTGAATCATGCCCGGTAAGGT
YIL135C.S1_st	124	309	CCCTCGCGGGCAAGTTCTTCTTTGT
YIL135C.S1_st	159	35	CCGTCACGACGGTTGTAATACTAGC
YIL136W.S1_st	95	130	CTGAACTTTGTCATGCCGTCGGTGA
YIL136W.S1_st	201	119	CTATTCTTGCACAGGCTACGGTACC
YIL137C.S1_st	178	137	AATAGAAACCTGCTGTAGACCCGGA
YIL137C.S1_st	188	136	CCCTAGTAGATGTGTTCCGCAATTC
YIL138C.S1_st	214	253	AACAGGCGATTTTTGCTCGTTGAGC
YIL138C.S1_st	218	132	CTCCGGCTAAACTTGAGACTCGTTT
YIL139C.S1_st	11	4	CTTTGACTTCACAAGCTGCTTAAGG
YIL139C.S1_st	55	248	TTACGCTAGCTTAACCTTGATCCTG
YIL140W.S1_st	45	119	CCCTACAGTGATACAGAAGTGACCT
YIL140W.S1_st	155	235	TCAATTCCTGTAAGTGCCTGCGTAG
YIL142W.S1_st	16	313	TTTCTTCAGGGAACGGCACCTCCGA
YIL142W.S1_st	236	24	CTTCGACTCTCTAGGGACGTACTGC
YIL143C.S1_st	82	255	CCAGAGCAGCAGTTCTTCGGGTTTC
YIL143C.S1_st	140	127	TTTATAGAAGCGTGATACCCAGAGC
YIL144W.S1_st	88	129	CTCGTTAACAAAGGTTTCCCTAGAC
YIL144W.S1_st	232	132	CTAAAAGTACTTCCATAGAGGATGC
YIL145C.S1_st	55	254	CACTGACTGGCGCTTTTTGGGCTAT
YIL145C.S1_st	83	248	TCTAGAGACTTTTGGAAATGGCGCC
YIL146C.S1_st	29	244	TCTTCAAGAAGTGCTCGACCAAGTG
YIL146C.S1_st	69	250	CCATGCGAAGTCTATTTGAAGGTGA
YIL147C.S1_st	21	254	CTTTGTAGGGGTGTCAGTTTCTGCT
YIL147C.S1_st	145	129	CGAGATTGGCGAAAACGACTGCTAT
YIL148W.S1_st	120	4	ACGATCTAACGGTGGTTCTCGATGG
YIL148W.S1_st	175	110	ACAATACGATCTAACGGTGGTTCTC
YIL149C.S1_st	145	3	CGTTTACTAGTTCGAAGGTTGCTCA
YIL149C.S1_st	192	89	TTATAGCACCTATCATCGCGACGAC
YIL150C.S1_st	146	244	TTTGAAGACTGCCATCACGGTCGCT
YIL150C.S1_st	148	249	TTCCATGAGCATTCGCGGACAGTCT
YIL151C.S1_st	160	311	TTTAATGAACCTTCTGCGTGCAGCT
YIL151C.S1_st	309	132	CTACGATAGCGGTTTGACTTGGTTT
YIL152W.S1_st	34	118	CGTCACCTGCTCGAGGCGTTCATTA
YIL152W.S1_st	238	135	ATTACTGGGATCACGGAGCAATCAC
YIL153W.S1_st	2	257	CCTAGCGGGCCAGCTCTTGTCTGAA
YIL153W.S1_st	71	126	ATGACCTATTCAGAGACCACGCGCT
YIL154C.S1_st	182	136	ACACGGGTAGGAGCGCCAATCTTTC
YIL154C.S1_st	197	71	ACTGGATAGAGTACCCGCGTCGACA
YIL155C.S1_st	96	251	CTTATAACATCTTGAGGGAACCTGA
YIL155C.S1_st	158	88	CTTCGAAACTTACGGCACGTACGGT
YIL156W.S1_st	145	250	CTTTCCAGGTCTAGTGGGAAGTCCT
YIL156W.S1_st	200	254	CTCTGCCATAATGACTCCCGGTATT
YIL157C.S1_st	124	120	CTTTCACTGTGGAAGACGTCGATTC
YIL157C.S1_st	209	98	TAAGTACTTACCTCGCAGTGACGGC
YIL158W.S1_st	159	193	ATAACTGTCGAATGCCGGTGTGATT
YIL158W.S1_st	213	120	CCGTCCCATGTGTGGTCGTATGTCT
YIL159W.S1_st	15	257	CCTCTTGAATCTGGGGTCTCTAGTT
YIL159W.S1_st	183	253	CTTCCTAGGTCTTGGAGATTCTTCT
YIL160C.S1_st	39	248	GTAGGGAACCCAACATGACCGCGTT
YIL160C.S1_st	274	118	ACGTATGCGGTATGGTTTTCAGGAC
YIL161W.S1_st	68	248	TTACTTGGATTTGGACACTGACCTC
YIL161W.S1_st	91	128	AAGTTGACCTTTCGGGCAGTTAACC
YIL162W.S1_st	184	227	TGTAATCATTACGACCAGGGACCAG
YIL162W.S1_st	263	136	ACTCGTTGAGCTGACCATGGGATCT
YIL164C.S1_st	81	7	CTACGGAGATGACTCTATGCGGTAC
YIL164C.S1_st	239	244	GGTTGCCACCTACGATCCGGATAAA
YIL165C.S1_st	91	7	ATAACGTCCCGGTAACGATCCCGTC
YIL165C.S1_st	153	4	GTGACTGAACTAACGACTTCGAGCG
YIL166C.S1_st	292	119	ATTCTAGCGCATGTCACCCGTGTCG
YIL166C.S1_st	300	121	CCTGGCGTTTACCTTGAGATACTGT
YIL169C.S1_s_st	2	255	AGTGAAGACTCCCAAGATTTCGTTG
YIL169C.S1_s_st	218	243	AAGTCTTTGGTCACGACGGGGATTC
YIL169C.S1_st	159	92	ATGACGGTGACCAATGAGTTACCAC
YIL169C.S1_st	210	117	GTGACCAATGAGTTACCACTACTGT
YIL172C.S1_s_st	125	257	AATTGCGACTTCTGCTTAGGTTCCT
YIL172C.S1_s_st	295	255	ACCTTAAGCCTTTGATGGGTTCTTC
YIL173W.S1_s_st	9	109	CGAAAGTCTACTTGGTCTACCGAAG
YIL173W.S1_s_st	50	254	CAAAGTTGCGCGCTTCCGTCCATGT
YIL176C.S1_x_st	32	129	GTTATGATGTACAAGGTTCGGCGTG
YIL176C.S1_x_st	243	137	ATGGGTCAGCTTCAACGACTTCGGC
YIR001C.S1_st	125	119	CTAGTAAAGTTTCTGACACCGGTCT
YIR001C.S1_st	280	134	CCTACAGTGGGGTCTCGTTTATCTT
YIR002C.S1_st	51	253	CACAAAGGAAGCTACACCTCGGGTT
YIR002C.S1_st	277	134	ACCGCTTTCAGAATGGTGTGAGTTC
YIR003W.S1_st	6	4	CTATGATGAGGACCACTCGTTCGTC
YIR003W.S1_st	155	247	TTCTCTTGAGAGTCCACCGATGCTT
YIR004W.S1_st	121	123	ACTCGTTTAATTCGGTTGGTGACTC
YIR004W.S1_st	137	122	AAAGCCGTCGGTATCTGCGAGTCTT
YIR005W.S1_st	55	128	CTCCTAGTTGCCAGTTGCTAAGATC
YIR005W.S1_st	241	247	TTTCACCTTAAGAATCGGGCGTAGT
YIR006C.S1_st	89	2	GTCGAAATCGACCTCCGCAAAACGG
YIR006C.S1_st	146	130	CTATGGTGGAAGACAATGAGTCCTC
YIR007W.S1_st	48	120	CTCGGACCGGTAGTCAAGTAACTTT
YIR007W.S1_st	86	241	AACTTACCAAAGTGCTCGGACCGGT
YIR008C.S1_st	83	122	ACTACTGAGAAATAGGCTTCGACCT
YIR008C.S1_st	165	110	CTTACAGACACACGGATAACTACTT
YIR009W.S1_st	34	257	ATTTGCCGCTCGCTAAGAAACCATT
YIR009W.S1_st	218	133	CCGGTTCGGAAATAGTGGTACTCTT
YIR010W.S1_st	5	6	TTCTCGGTCTGGAACGCTAACGTCT
YIR010W.S1_st	53	130	ACTGTGCCTTGACGCTGTTGACAAA
YIR011C.S1_st	141	245	CTTCGGCAAATGGTCTCGTATGGAA
YIR011C.S1_st	178	1	TAACTTGTACAACGGGCACTGTCCT
YIR012W.S1_st	79	2	CCAGGTTGTTACCAGAAGACCGTCA
YIR012W.S1_st	133	122	ACGTAGGACACCGTTTATGGCCGTG
YIR013C.S1_st	180	126	TTGTACCGGAGGGATCCTTGCGACT
YIR013C.S1_st	273	121	ACACTAAAGTTTGCCTTGTCGGAAG
YIR014W.S1_st	272	243	CTCTGTATACAAGGTTTGGCATGCC
YIR014W.S1_st	277	255	CTTAAATGAACAGGCCATGGGTGTC
YIR015W.S1_st	158	137	TCCTGCTAACGCTTGGTCCTGGTAA
YIR015W.S1_st	221	310	TAATGTCCTGGATGAGCCTCGCCCT
YIR016W.S1_st	67	7	TCTAAATAGCAGTGTAGACGTCGGC
YIR016W.S1_st	279	130	CTTCTGCTGCTGCTGTCAAGGTACA
YIR017C.S1_st	137	127	GTTTGAAGCGCTAGCATATCTCGTT
YIR017C.S1_st	239	128	CGTCAAATTCTTCGAGGCGCTCGGC
YIR018C-A.S1_st	196	134	CATGGAACTCTATTACAGGTGGCGA
YIR018C-A.S1_st	276	122	AACTCTATTACAGGTGGCGAAGTCG
YIR018W.S1_st	34	248	TTCACTGCTGCCACACCGGTGTCTT
YIR018W.S1_st	156	66	ATACAGCTACGGTGTACGTCTCACG
YIR019C.S1_st	117	33	CTTACAAGACGACGATGTTTGCGAC
YIR019C.S1_st	300	115	CGACGGCCACTTTGATGTAGACATA
YIR021W-A.S1_st	171	110	CATAGAAGATAAAGTCTCTCGCGAC
YIR021W-A.S1_st	180	111	AGACAGTCGACGTTCTGAGGGTTCT
YIR021W.S1_st	36	249	CTTCCTAACAGAAAGGGACCTGTGT
YIR021W.S1_st	281	135	CCAACAGTGGTTCGCTAATGACGCT
YIR022W.S1_st	65	130	CCACGAAAGTCCGAGGTACCTTGGT
YIR022W.S1_st	142	253	CCGATGAAAGGTGTTGATCCCATGT
YIR023W.S1_st	79	129	CTTAGCGTCCCTTCAGGTCGGTATT
YIR023W.S1_st	133	212	AAATTGCACCCTAGTGGACGGTACT
YIR024C.S1_st	64	243	TTAGCAGCCGTTCTTGCGTTGACCC
YIR024C.S1_st	236	128	CTTTCCATCTGAAGCTGCGTCTACT
YIR025W.S1_st	226	133	AGTGCGAGGGATGTTGTCAAACACC
YIR025W.S1_st	269	130	CCCTAATGTGGACTAGATCGCTCAT
YIR026C.S1_st	159	122	ATAGTTCAATCTAGGTAGCCCGTCG
YIR026C.S1_st	211	255	ACACCATTCACCCAGTAGGGGCGAT
YIR027C.S1_st	94	127	CTCAGAGCTTTTGTGGTAACCCAGT
YIR027C.S1_st	144	247	TTAACTGACGGATGTTGCCCTACTG
YIR028W.S1_st	42	115	ATCCCTACTGGAGACGCTACTGTGT
YIR028W.S1_st	101	253	CAAGTTCATTCAAGTGGTCGCGAAA
YIR029W.S1_st	105	127	TTCGACTTCTACATGGGGCTACCTC
YIR029W.S1_st	126	5	ACGATGACGGTCCAGCTCCAGTACT
YIR030C.S1_st	101	118	CGTGCGACAAAGACCTGTGCTAACT
YIR030C.S1_st	168	256	ATTTTCATACCTCCGGACAGAAGGG
YIR031C.S1_st	72	108	AACTACCTTCTACGGCGATGACGCC
YIR031C.S1_st	231	128	TTAACCGAAGTCGTTCAGGCGACCC
YIR032C.S1_st	106	257	AATTAGATGCTTTCAGACCTGGGAC
YIR032C.S1_st	277	122	ATACCGAATCCATGGACCGTACGCG
YIR033W.S1_st	78	228	TTTTTGGTCCACAACGTACGTCCCT
YIR033W.S1_st	285	125	GGAACTATAACCTAGATCGCGGTTG
YIR034C.S1_st	173	254	CTCGGTCTTTCGGTTGGCACAATTA
YIR034C.S1_st	305	312	TATTTCTTCGGAATCGGTGGCCTCG
YIR035C.S1_st	71	244	TTCTAGCTGAGGAACCAACGGTTGC
YIR035C.S1_st	129	248	TTGCGACGACAATTCCCGGTGCCGT
YIR036C.S1_st	132	5	TGTAACGGTCACTTCTCGGGTCACT
YIR036C.S1_st	268	129	CTTCTCGAGCGGTAAACATCCGTTG
YIR037W.S1_st	152	305	CTTGATCTCCGGAACATGTTTGCAA
YIR037W.S1_st	295	125	ATATTCGATCGTGGACAACTGTTCT
YIR038C.S1_st	12	243	TTCAAACGGCGTGGTCTCCTAATAG
YIR038C.S1_st	285	96	CTAGTCAGTCCGTATGAGATCACCA
YIR039C.S1_st	81	235	AAGAAAGAGTTCATCACCGCCGAGA
YIR039C.S1_st	115	130	CCCTCTACGAAAGGAACAGCTGCGT
YIR042C.S1_st	18	255	ATACCTGCATAAATGGACGCCCTGG
YIR042C.S1_st	200	133	ACCATATATTCCCAGCGTGAGCGCT
YJL001W.S1_st	47	116	GTCCGCTAACGGCTGTAACAAGTCA
YJL001W.S1_st	100	121	ACATCCAGGCCAAGACGTCGTCTGT
YJL002C.S1_st	120	97	ACAGAATCTGTACGAGGACGGACTC
YJL002C.S1_st	181	136	CCGGGTGGCCTGTGACATATACTAT
YJL003W.S1_st	164	137	CGTTCCGCTAGCATTTCAAGTCCTT
YJL003W.S1_st	239	115	TCGCTAGTTCATGCTCGTTCCGCTA
YJL004C.S1_st	175	248	TTCTTCCATAAACGCTCACGGCTTA
YJL004C.S1_st	178	256	AGCTGAAATGCTTGCGTATGCCAAA
YJL005W.S1_st	137	246	CTTCCCGTTCCTTAGAGAGTTCCTT
YJL005W.S1_st	263	253	ACTTGATCTGAGAGCCTGCCTCCCT
YJL006C.S1_st	150	130	CTAGATGTTGCAGTAAATGGCCGAC
YJL006C.S1_st	194	122	AACGGCGTTTATGGTCTAGTGGACA
YJL008C.S1_st	158	103	CGACGTGTATTGCATTGACTTGGAC
YJL008C.S1_st	198	256	CCACAACGTCGGCAGTTCCCTGATT
YJL010C.S1_st	82	247	CTCGTGCATGATGTTTGATGATCCC
YJL010C.S1_st	107	129	CTCACGTAGCTGAAACCCGTTATGG
YJL011C.S1_st	59	55	TCTCTAGTAGAGACGCATGCGTACT
YJL011C.S1_st	139	306	TTTCCATTCGTCTTATCCGGGATGT
YJL012C.S1_st	60	1	AACGGTGACTTTCTTGGATGGACAG
YJL012C.S1_st	221	121	AGAGCTATAACAACCCGCCACAGAG
YJL013C.S1_st	102	129	TATTTGACGGGATACTGCGGTTTCC
YJL013C.S1_st	158	73	ACTATAGTAGAGTCGACAGTTCGGC
YJL014W.S1_st	135	127	CTTCCCTAGGTCGTTACCGGTATGG
YJL014W.S1_st	151	251	CTCGGTTTGTGCGTGTCCCTTTAAA
YJL016W.S1_st	109	121	CTCTAACGGGTAAACTACTGGGTCC
YJL016W.S1_st	159	38	GTACCGCATGTAGTGGACCTTCGTT
YJL019W.S1_st	48	245	TTTAGTTATGCCAAAGCCCGTCGTA
YJL019W.S1_st	281	134	CCTCACTGTGGCGTCCTAAACGTTT
YJL020C.S1_st	104	251	CTTCAATATGTTGGGTATCCTCGTT
YJL020C.S1_st	147	245	TAGTTGCAACCTTACCTGAGGCGGC
YJL023C.S1_st	42	315	CATCTTCATGACACCCTTGGCGTTT
YJL023C.S1_st	171	113	TTAGGACGATCGTACTTCCCGTTCG
YJL024C.S1_st	18	256	TCACTTTAAGATGTGCGGCCAGCTG
YJL024C.S1_st	136	2	CTTCGCGTGATGTTCGCAAACGAGT
YJL025W.S1_st	86	314	ATTTTACCTAGGAAAGGGAGTGCCT
YJL025W.S1_st	220	266	TTCTAAAAGGGGAACCTAGCTCTCC
YJL026W.S1_st	155	254	CTGCGACTGCGGAACAAACCACTTT
YJL026W.S1_st	281	248	TTATGCAACTCAAGCAGCGGCTGTC
YJL027C.S1_st	149	2	CGATGCTTCACCAGAGACACCGTTG
YJL027C.S1_st	215	112	ATGCGAGACGCGACACGATGCTTCA
YJL029C.S1_st	69	212	ATTTGAAGATTACCGAGGAGACCTA
YJL029C.S1_st	231	127	TTCCCGTAAGGTACCCTGGACCGTA
YJL030W.S1_st	106	126	TGTAAAGACCGTTATCGTTGCCCGT
YJL030W.S1_st	316	130	CTCCGCATATGGGTCGTCTTCTAAA
YJL031C.S1_st	93	1	ATACAAATGGCTGCGGCTTCTGGTT
YJL031C.S1_st	153	97	CGTACCGTGGTTTCTCATGTCTAGT
YJL033W.S1_st	138	249	ATCTTGACAACTGATAAGGGTGCCG
YJL033W.S1_st	216	113	ATACTCGCTGCCACTATACGGACTG
YJL034W.S1_st	127	122	CCATAAGACTTCCACAGACGGTGTC
YJL034W.S1_st	195	130	CTTCTGCGAAGATAGTTCCGGTTCC
YJL035C.S1_st	111	126	CTAGTTCCGCTACAACCCGAGGGCT
YJL035C.S1_st	195	134	CTATGCACATGTAATCACGGGTTCT
YJL036W.S1_st	182	108	GTTCTTTAGAGACCCGAGTGATCGC
YJL036W.S1_st	293	134	ATTTAGTCCTCCGAAGTGCATCTCT
YJL037W.S1_st	138	257	ATTCCCGGATTTGGCTCGTCATTTA
YJL037W.S1_st	248	126	TTGCTATCTCCGACCAGACCGTGTT
YJL038C.S1_st	203	106	GTTGTCAAGTCGCTACGCCCGCTAT
YJL038C.S1_st	253	121	ACCGGCTAAATACACGTCATCGTGG
YJL039C.S1_st	116	199	CAATTGCAGTGGAACCTATTAGGCG
YJL039C.S1_st	316	167	CTGCTTCAGATGCAAGTCTTAAGGT
YJL041W.S1_st	236	121	CACGACGCCGGTTGTTATTACTGGT
YJL041W.S1_st	296	85	TGAGTCTACGACACTACCGCCTTGT
YJL042W.S1_st	143	129	CTTGACGTATCGGTTCCCATGGTGA
YJL042W.S1_st	190	121	ACTAAGTTCACGATTACGCAGGGGA
YJL043W.S1_st	36	107	CCTGGATTCCAGACACGACGTACTA
YJL043W.S1_st	263	99	ACATAGCTGGAGGACGTCTTTACGT
YJL044C.S1_st	228	88	ATTAGACCGAGTAGGCTACCTGTTC
YJL044C.S1_st	290	95	ATAGGTAAATGCTACTCGAAGTGCT
YJL045W.S1_st	70	125	GTAACCGAAGTTTGTAGCCCGTGCT
YJL045W.S1_st	198	136	CCAGCGCGGCAACGTTTATGGTAAC
YJL046W.S1_st	220	131	CTTGTGGAATGTCTCGCTTGTTACC
YJL046W.S1_st	309	93	ACGGCCACCGTTTCGTATGGTAGTA
YJL047C-A.S1_st	92	244	GCTCTGGTAACACCTCGCTAAAATT
YJL047C-A.S1_st	171	133	CCGCTCTGGTAACACCTCGCTAAAA
YJL047C.S1_st	95	255	CACTCAAGTTTCTGCGGAACCGGTT
YJL047C.S1_st	310	120	GTCAAGACGTGTGGTGCTTCCTTCA
YJL048C.S1_st	204	315	GTCCAAACTGTAGAAAAACCCGCTT
YJL048C.S1_st	309	130	CTGAGAGTAGAATCTTGGCGACCTT
YJL049W.S1_st	143	248	TTCTTGGTCCTAAACGTGCTCGGTT
YJL049W.S1_st	172	129	CTGGTCTCAAATTACTCGACGGCTT
YJL050W.S1_st	65	123	ACTTTGGCCTTGTTCGTCGTCGTAA
YJL050W.S1_st	211	130	CTTCGCGGATCTAACTTTGGTCTCG
YJL051W.S1_st	228	254	TTTGATGAGCAAACCGGTACCAGTG
YJL051W.S1_st	312	85	TGTCAGTAGTAGTTCGCCAAGACTC
YJL052C-A.S1_st	13	247	AGACGCTGGTGAGGCTTCCAACTTT
YJL052C-A.S1_st	192	123	TCTAGACGCTGGTGAGGCTTCCAAC
YJL052W.S1_st	36	6	CGACGGCGACTTCCAGGTTACTTCC
YJL052W.S1_st	124	256	GACAGTTCAACCTTTTCCTTCGATG
YJL053W.S1_st	160	114	TTCCGTTGGTGATTACTGTAGCGAC
YJL053W.S1_st	252	104	GTAGCGACCACCATTGATACGACGT
YJL054W.S1_st	159	189	CTAACCGGTGTCTTGACCCAGTTTG
YJL054W.S1_st	193	124	ACTGGACGTTTAGCGAAGCCTTAAT
YJL055W.S1_st	75	5	CTTACATAGTGCACCAGCGTTGACC
YJL055W.S1_st	125	313	CTTCATGCAGCAAGGTCTCCCGGCA
YJL056C.S1_st	114	316	AATCTTCGTCATGTAAATTGGGCCC
YJL056C.S1_st	152	55	CTACCTCGTGGACTATACTGCAGAC
YJL057C.S1_st	97	129	CTTATAAAGTGGATTACCTGCGAGA
YJL057C.S1_st	178	116	TTACTACGATCTGGGTGTCGCTTCT
YJL058C.S1_st	72	127	CTTTCAGCCTGAGTGTAATTACCAT
YJL058C.S1_st	84	7	AGGTTCTCAGTGTGTATCGCCGTAC
YJL059W.S1_st	50	126	TCTCAAGCGGTACCCACGACACAGG
YJL059W.S1_st	239	136	AGCGGGACCCGCCACTACTATAATT
YJL060W.S1_st	121	241	TCCTGATAGGGATGGGTCTCCTCTA
YJL060W.S1_st	204	121	CCCTGATGGTATATGTCGAGGTCTC
YJL061W.S1_st	79	130	CGTTGTCAAGCTTAACTGCGCGGTT
YJL061W.S1_st	85	7	ACTGCGCGGTTGATGTTAGCTGTAC
YJL062W-A.S1_st	111	4	CGTGCACCTTCTACTGCGGACGGTA
YJL062W-A.S1_st	111	127	TTTCCGTTATACGAGCCAGAGTGCG
YJL062W.S1_st	18	241	TAAAGCGCGGCCGTTATATGACCAG
YJL062W.S1_st	123	2	CGGAGATAAGGTCGTGTTCAATTCA
YJL063C.S1_st	127	251	CTAGCGTGGCGCCATGAACCTTTCC
YJL063C.S1_st	188	129	CTTTACAGGGAAGGGATACTACTCC
YJL065C.S1_st	62	236	ATTTCTTTGCCGCAGACGTGGAGAC
YJL065C.S1_st	195	135	ATACACCACTTGCTATGCCGAGGCT
YJL066C.S1_st	18	4	CTTAGGGATGCCACTTCGTCAAACT
YJL066C.S1_st	21	128	TTAACCCTGCTGAACGTAGACCCGT
YJL068C.S1_st	68	128	CCTCTGAGGCTAGGGAAAAACCTTC
YJL068C.S1_st	162	127	CTCCGCCACTTTCGGTGAAGTACCG
YJL069C.S1_st	241	106	TTTATGACACGTACCGTAGGGCACG
YJL069C.S1_st	259	130	CTTTATTACGATACTGGAGCAGCTG
YJL070C.S1_st	159	311	TTGAAGCAAGCCCTAGTGAAACCTC
YJL070C.S1_st	224	116	GAAGATCTCTATAGTGACACCCGCT
YJL071W.S1_st	36	120	AGACAGTCCCTGTAGTTCGGTTCAA
YJL071W.S1_st	88	3	TGAATCTGGGGCTTGTGACACTACT
YJL072C.S1_st	4	241	AATGGCGACCATGACTTTTACTACT
YJL072C.S1_st	224	114	CGTCATAACATCGTGGTGTCACCAA
YJL073W.S1_st	34	119	CTCAGCTGGTTAGGTATGCACTACT
YJL073W.S1_st	82	309	AAAAAGGTTCTATTGCCGGAGAGTC
YJL074C.S1_st	110	257	TCTAAAGGTGCCAATAACTCCAGTT
YJL074C.S1_st	167	97	TTTAACTACGACGTGAGCTGTTCGT
YJL076W.S1_st	35	254	CAGAGGAGGCAGTCAATTTAGGTTC
YJL076W.S1_st	281	122	AGAACAAAGTTCTCCGTAGGGTCTA
YJL077C.S1_st	94	247	TTTCAAGTCCAGCATGTCACCGTTC
YJL077C.S1_st	255	106	TTGCGATAGGGACCGTACATAGACT
YJL077W-B.S1_st	126	1	CGTTGATGGCTTTTCGTTCTTCGAT
YJL077W-B.S1_st	194	123	AACCAAACCGTTGATGGCTTTTCGT
YJL078C.S1_st	95	253	CGTTGATAGTAATTGGGGCCTCTTT
YJL078C.S1_st	291	121	ATAGATGTGACTTCAGTTGCGGCGT
YJL079C.S1_st	273	122	AAACGTGTTCCTGTGTGGTCGAAAC
YJL079C.S1_st	311	121	AACACCGTAGTTTTGGACACCGCCA
YJL080C.S1_st	17	251	CAATAGTAGTTGCAGGGTTCCTTCA
YJL080C.S1_st	92	248	TTCAGACACCTAGATGGCTTCCGCT
YJL081C.S1_st	199	126	GTCCCGTGTGATAGCTTTCCGTTAT
YJL081C.S1_st	214	127	TTAACCGGAGCGAGCTTGAGACCTC
YJL082W.S1_st	204	136	CCATACTTCTAGTTTCGGCGGGAAC
YJL082W.S1_st	303	311	TTTCGGCGGGAACTATCTCAACTTT
YJL083W.S1_st	258	255	CCATGTTAATTGCACTTCGGACGGT
YJL083W.S1_st	278	196	ATGGGTCCCTAGAAGATCACGTTTA
YJL084C.S1_st	158	118	CTGTAAAAGTGTGTCCCGAGTCCTA
YJL084C.S1_st	159	43	TGCTAACTATAGTGACGCGGCATGC
YJL085W.S1_st	213	108	ACTACGGATTGGTTCTCGGTCTACA
YJL085W.S1_st	293	112	CTTGGACTGCGAACAACTCGTCTAG
YJL087C.S1_st	296	135	AGTACAGTACAGCAGGGCACTTTTT
YJL087C.S1_st	299	137	ATGTGACTGGTCTATTGCCTCATGT
YJL088W.S1_st	36	128	TTCTTGAACAGAGACACCGACTAGG
YJL088W.S1_st	77	250	GGCTATGAAAGCAAAGGTACCCACT
YJL089W.S1_st	279	137	CGATTTGGAAAACGTTGTGAGCTCA
YJL089W.S1_st	301	135	CAGCTTAAAGCGCAGATTCCAGTTA
YJL090C.S1_st	12	111	TTTACACGGATGTCTCGTCGGCTGA
YJL090C.S1_st	289	129	ACGGGTTCTCCTGTGTTCCTGCTAA
YJL091C.S1_st	124	257	GAAGCTGAACCCTGATAACCTGAAG
YJL091C.S1_st	213	128	CTGACCCATGACGAACTGACTGTTT
YJL092W.S1_st	208	221	ATTTAGTCCCGTCAGCGAATGCAGC
YJL092W.S1_st	265	230	ATTAGGCCTACTGTGATGTCAACTG
YJL093C.S1_st	145	314	GTGCGCCTGGGCTTAAAACCTATAG
YJL093C.S1_st	225	126	GTTTTCGTAGATCGGGTCTCCCTTA
YJL094C.S1_st	8	316	ACACCTATAGGGGAAACTTTGCTTT
YJL094C.S1_st	176	131	CTGGAAGGACTACTTTCACTCGGGA
YJL095W.S1_st	66	131	CCTAACCGTATGGATGTGAGCTTTC
YJL095W.S1_st	76	245	TTTACAAACGACCATTCGCGGGCAC
YJL096W.S1_st	177	138	GGTATAAACCACTGGCTCCCGCTGT
YJL096W.S1_st	244	253	CTGCCCAGGCAGTACGTTTCTCATT
YJL097W.S1_st	225	311	AATCCTCAACATGCAAGGGGTAACG
YJL097W.S1_st	270	119	CACAACGGTCGCTTGATGCGTAATA
YJL098W.S1_st	27	254	CTAAGACTGCGGTGCCTTGTTCAAG
YJL098W.S1_st	237	126	TCGCTTCAAAATGCCTACGTACGTT
YJL099W.S1_st	200	256	CCAGTATATGGCTACCTTAGGGCTT
YJL099W.S1_st	270	136	TAAGCTGGGGCATTCAACGGTCGTC
YJL100W.S1_st	19	130	CTTCTACGTTCAAGGGACAACGGGT
YJL100W.S1_st	58	316	GTTACCCAACAGGAAAGGGACCTTC
YJL101C.S1_st	120	120	AGTAAAGCGTTGCTGTGGCTACACC
YJL101C.S1_st	298	137	ATTTCGTAAGAAGGTTTGTGCTCTC
YJL102W.S1_st	72	312	CTTTCAATGGTTGCTAGCGGATGTT
YJL102W.S1_st	279	127	TTATCGCTAACCAGTCAGGGTGGAC
YJL103C.S1_st	43	1	GTCCGCTCTAAACAAAACAGTCATT
YJL103C.S1_st	299	114	TTAATCATTCGACGTGTGGCTACAC
YJL104W.S1_st	175	134	CCGAGTGTCCCGAAAGTATGTCCAA
YJL104W.S1_st	315	285	AAACCTTTTCGTAAGCGGCTCCGCA
YJL105W.S1_st	31	3	CGGGTTACACCTTGATCATTGCCAT
YJL105W.S1_st	190	136	ATCTGAGAGCTCTTTGTCCGCCTAA
YJL106W.S1_st	42	119	CTTCTGTAGCAAGATGGTATACACT
YJL106W.S1_st	159	41	CTAAGAGTACGATACACGAGTGGTT
YJL107C.S1_st	9	249	TTCTGCATGGTCAACGGTTCGCATC
YJL107C.S1_st	53	4	CGAGAATACTACATACCACGAGGCT
YJL108C.S1_st	168	122	AAACCGTATTGTAACCCGAGTCGAA
YJL108C.S1_st	270	250	TTAAGCTGTCTCAAATGACGGCGGA
YJL109C.S1_st	103	122	TGGACCAGTTCCGTTAACCGCGAGA
YJL109C.S1_st	109	115	CCGCGAGACCGAAGATTGTTATCAC
YJL110C.S1_st	113	255	ATTAGGTAGGCTCCATGGCTTAGTT
YJL110C.S1_st	158	187	ATAGACGATTCGCATTGCTGGGTCG
YJL111W.S1_st	60	243	CGGTTTAAGCATACCCTTGGACGAA
YJL111W.S1_st	166	97	AGTTACGAAACTTGTCACGGTGTCT
YJL112W.S1_st	141	130	ACTTTCGACCAGAACGCAGCTTGTT
YJL112W.S1_st	207	120	CTACGTCGCGATCGTTGCCCATGTT
YJL115W.S1_st	232	118	CTTGTCGGGCCGCATCTACTACTTC
YJL115W.S1_st	287	254	CTCAATTCTCTTTTAGGCGGTCGTT
YJL116C.S1_st	178	122	ACTTCTACCGAGAAAGTGGCCTCTA
YJL116C.S1_st	250	234	ATTGTTGCGGCCACATAGACGTCTT
YJL117W.S1_st	93	316	ATTCTTCCAGCAGGAGTCGCCAAAT
YJL117W.S1_st	307	120	CCTAGGTCACCACTTGTTATGCGTA
YJL118W.S1_st	221	256	TGTGTCCAAAATGCACGCCGGTTCT
YJL118W.S1_st	227	129	CTTTAGGTCTACCACCGACAAGGTG
YJL121C.S1_st	49	2	GTTGCAATAACAGCGACCATGGTCA
YJL121C.S1_st	127	264	TTTCGGCCACGGTTGCAATAACAGC
YJL122W.S1_st	142	5	ACAGTAACTGCTATGACGTAGGGTC
YJL122W.S1_st	284	114	CGTAGGGTCCCTAACTAGTAGCTTT
YJL123C.S1_st	158	159	AGCTGCCGTTCCATTGTCTGCCACT
YJL123C.S1_st	293	253	CTTTGACCGTAAACGTTTGGACCTT
YJL124C.S1_st	5	236	GTAAATTCCTCCGAACCGACTGGTT
YJL124C.S1_st	205	123	CTTCTAGTTGGGGAACTCCGGTACC
YJL125C.S1_st	40	314	ATTGCTTTAAGAAGCTAGGTGCCTT
YJL125C.S1_st	180	131	CTTTGGCGGCGAAGTAACTTACGTT
YJL126W.S1_st	158	81	TTACGATACACGAGTACGGTCCCGT
YJL126W.S1_st	311	117	CTTAGTTTTAGACAGGTCGGACCGT
YJL127C-B.S1_st	64	128	TTATAAATGTCGAAACGTATGCGGT
YJL127C-B.S1_st	165	254	CTAGGTTAATAGTTCTTCCCGGAAA
YJL127C.S1_st	7	130	CTTATCAGGGCGTTGTTGTCGACTT
YJL127C.S1_st	158	4	CTTCTATTGCAGTACCGGCGAGATC
YJL128C.S1_st	159	235	ACAAGTCGGTTGGTTCCGTGGCATT
YJL128C.S1_st	243	134	CTATCTCGGTGGATATGGCATGTCA
YJL129C.S1_st	73	1	CGCGAATGCCATGTCAACCCGATAG
YJL129C.S1_st	89	128	CTTGTATAACTGGTGGAACTCCCGT
YJL130C.S1_st	32	247	TTACCACCATTACCAAGAGCGCTCG
YJL130C.S1_st	190	315	CTTAATTAGAACAAAGAGGAGGCCT
YJL131C.S1_st	25	253	CGACCTGGCGAGAGTTTTTCCACTT
YJL131C.S1_st	30	251	CTTTTAAAACTCCTCGACCTGGCGA
YJL132W.S1_st	258	137	ATATCATCCGTAAGGGGTTATACCC
YJL132W.S1_st	297	121	AGGGGTCCGTCAAAGCTACGTTCTC
YJL133C-A.S1_st	255	120	CTCACGGAGTGATCGATGGTCTTCT
YJL133C-A.S1_st	289	119	CCACAGAGTTCCTATCGGCGATCGC
YJL133W.S1_st	38	5	ATAGTCGCCTAGCTGTACACGCCGC
YJL133W.S1_st	159	13	ACGGCCGATGACGATATAGTACCTG
YJL134W.S1_st	47	313	CTTGGATTGACACCGACCGCCAATT
YJL134W.S1_st	119	6	CGCCAATTGGAATCGGTCCGACGAC
YJL136C.S1_st	202	136	CCAACTACTTCTTCCGGCGCGGTAA
YJL136C.S1_st	287	314	ACTTCTTGCAAACCAGAATGAGGGC
YJL136W-A.S1_st	99	247	TTTTACGAAAACCTCCACCTACGCG
YJL136W-A.S1_st	220	121	ACGAAAACCTCCACCTACGCGATAG
YJL137C.S1_st	210	306	AATCTGGCGCAGGTTTCTCGTAAGG
YJL137C.S1_st	296	118	ATACTGCTGGTGATAATGGTCGACA
YJL138C.S1_s_st	90	126	TCAACAAGATAACAGGCGGTGGTAC
YJL138C.S1_s_st	299	115	CGATCTCCATAGCTACAGGTTGTTC
YJL139C.S1_st	68	1	TACGGTTCCCGCCTAAAATGATGCT
YJL139C.S1_st	93	2	GGATGACGACTCTGGACTGCTTTAG
YJL140W.S1_st	98	312	AAGACTTTTCGTGACCCAATGTAGG
YJL140W.S1_st	250	126	TCGATGAGATGTTGACCCGGTCCTT
YJL141C.S1_st	159	100	CTACCTGTGGTGTTGTTCGATACGA
YJL141C.S1_st	159	222	CTTCCCGGTTGTTCGCGCAAGTTAT
YJL143W.S1_st	72	4	CCAAGTCCTCGATACTCGCGGTAAT
YJL143W.S1_st	193	134	CTAACGCGACACTTCCGGCAATCTT
YJL144W.S1_st	58	250	CTAAAGCCCTAGTTATTGGTCGGAT
YJL144W.S1_st	139	255	CTAAGGAACCATCTCCTCAGAGGGT
YJL145W.S1_st	57	118	CTGTAAGCTACGTTTGCCGCTGCGT
YJL145W.S1_st	156	309	ATATTTCCGCAGAGGCACACCGCTT
YJL146W.S1_st	36	129	GTTCACCGATCTAGAAACCGCTCTG
YJL146W.S1_st	233	130	CTTCTAGAGCAATCGCACTTGGTTC
YJL147C.S1_st	138	227	ATGCCTCATAGGTAGCCTGCACGGT
YJL147C.S1_st	316	168	TTACGACCTCAGTGGCTTCTTTGGC
YJL148W.S1_st	73	254	CTCAAGGTGCATTTCTACAAGGTTT
YJL148W.S1_st	294	115	TTCTTCGCAAGTGTAGTGCTGCTAC
YJL149W.S1_st	113	6	CTATGGTAACGTTCTTATCGGTGAC
YJL149W.S1_st	239	123	GCCGGTAAGGAGGTTCATCACTACT
YJL151C.S1_st	119	7	CATGCTAGAAAGTGCGTCTGTACGC
YJL151C.S1_st	137	7	CGTGTCGGAGGTCGTATACTACTTC
YJL153C.S1_st	30	250	CTTCTAAGAAATGACCGATGCGGGA
YJL153C.S1_st	257	253	CCATAATTTGGCCAGAGGTAACGTA
YJL154C.S1_st	86	124	TGCGCCTCAGCATCGTTGACGAAGT
YJL154C.S1_st	283	130	CTTACAGATGTTTCCAGAGAGGCAC
YJL155C.S1_st	99	315	ATTTAAACTGGCACACCTGAAGGTG
YJL155C.S1_st	175	123	ACTAGTTCGACCTCGGATCCCGGAT
YJL156C.S1_st	85	4	ATAGGACCTCTCTGATGTACTGACA
YJL156C.S1_st	139	7	CTAAGTCCGCGTACCTAGAACTGGT
YJL157C.S1_st	17	218	ATGCTTTAAAGCGTTGCGGCGTACT
YJL157C.S1_st	39	314	TTCGTTTAGAACCAGGAGTTGCCCT
YJL158C.S1_st	109	246	TTCCTGCCACAAAACTGACTACGGT
YJL158C.S1_st	185	131	CACTGTCACTGCAAAAGATGGTTAC
YJL159W.S1_st	142	311	ATTTCCCGCCATAGAATTGACTGCC
YJL159W.S1_st	275	115	TGAGTTCGTCGGTCGGTTCATTCGC
YJL160C.S1_st	209	117	CTTCCACGGAGGTCATCACAGTGTA
YJL160C.S1_st	233	111	TGCGACCGCCGACCAGCTATTGCTT
YJL161W.S1_st	111	118	CAGGTACTGCGAGGGTTATCTTATA
YJL161W.S1_st	208	238	AAGTGGTTCAAAAGTCCGTGTAGCG
YJL162C.S1_st	9	255	ATTTTTCGGCTTCTGGTGAGTCTCA
YJL162C.S1_st	76	313	TTCCACCTTGAAAACGGGTTCGTCT
YJL163C.S1_st	265	256	TCTTAAATGTTCTTGGGAGGCGACC
YJL163C.S1_st	276	251	CTTCATGACAGAGGCAATTAGGATC
YJL164C.S1_st	187	314	CTTCTACAGTTTTTGGTGGGGACCA
YJL164C.S1_st	272	307	CCCAAACGGTTTATGCAAGGACTGC
YJL165C.S1_st	65	131	CTCAGGCAACGTGGGTAATCTTCGT
YJL165C.S1_st	197	131	CTCTTTGTGCAGGTGAAGGTCTCAC
YJL166W.S1_st	95	312	CAGGAGGTTCGCCATTTTGAATGTA
YJL166W.S1_st	211	254	CCCAGTGTACCCACCAGGTTTCGTT
YJL167W.S1_st	155	127	CGTAACCGGTACATGCAACGGCCAT
YJL167W.S1_st	213	118	CTACCTGAATTAGTGACGTGGACTT
YJL168C.S1_st	37	128	TTTCTAAGAAGTTCTCGCGGCGGAC
YJL168C.S1_st	235	117	CGCGGCGGACTACTGAATTGGTTTC
YJL170C.S1_st	86	130	CTTCAGGAGGTTCTCTAAGCGCAGT
YJL170C.S1_st	112	126	TTTACTCACACGGACAGGTTGGAAC
YJL171C.S1_st	97	250	CCCATGACCATAGGTTAGAATGCCT
YJL171C.S1_st	159	78	ACTACTCGTAAAGACGATGACGCGG
YJL172W.S1_st	242	253	CCACTGCTAATGTAATAGGGACTTT
YJL172W.S1_st	262	221	CAATTTCGATTACGAGACGGGCTTT
YJL173C.S1_st	191	91	CGTCCTTGTTACTACTGCCGCTCGA
YJL173C.S1_st	233	121	TACCGGTCGCTTTGTGGTTCTCAAC
YJL174W.S1_st	225	255	GGTACCCGCCACAATGCCGAATATG
YJL174W.S1_st	285	255	TAAGTTCAAAAACGGGTCCACCTGC
YJL176C.S1_st	8	5	TCTCTCGGTAAGTCAGGCGTCTTAG
YJL176C.S1_st	75	242	TCCTCAGTATAAAAGCGATGGTTGC
YJL177W.S1_st	69	115	GACGGTTACGACTTCGATTCCCAGA
YJL177W.S1_st	272	123	TAACGACGGGTTTTTGCATAGAGAC
YJL178C.S1_st	48	2	CGTCCGCCCTGAAGCACCAAGTGAA
YJL178C.S1_st	279	117	GACTGATCAGTGTGTACCCGGCTAT
YJL179W.S1_st	80	248	CTTGATCTCAGAATAGGTTGCCTGT
YJL179W.S1_st	83	250	CTCGAATTCTTTGCGGTCCTGTGTT
YJL180C.S1_st	71	104	CTACGGCTGTAGGTACCCAATGCTC
YJL180C.S1_st	259	255	CCTATTATAACATGCACGGCGGTGG
YJL181W.S1_st	8	247	TGTATGTTTATGCACAGGGCGAGCC
YJL181W.S1_st	195	125	CTGCGTCCTGCAGTAGCCAAGTTTT
YJL183W.S1_st	25	131	CTAGGCAATGACTCTTTAAAGGGTA
YJL183W.S1_st	89	313	TTTCTTGCAGGGACAACACCGCTTA
YJL184W.S1_st	174	133	CACGATTTGCGACCGGTTTAGCTAT
YJL184W.S1_st	303	309	CTCTGTTTGGAAGTCTTGGCCTTGC
YJL185C.S1_st	113	119	AGATCATTGAGACTGGCCTAGCTAC
YJL185C.S1_st	145	120	CTATATCTAAGCAGTAGCGCCAGTG
YJL186W.S1_st	134	96	AGTCCTTCGGCGTAGCGATACCTTA
YJL186W.S1_st	203	254	CTAAATAGCCAGGTTTACCGCTTGT
YJL187C.S1_st	41	254	CATTATCATTGTTGCGACCGTGGAG
YJL187C.S1_st	192	115	GTTACGTCCACGATAATAGGTCCTT
YJL189W.S1_st	72	3	GTAACGGTGTTACCTAGTCTAACTC
YJL189W.S1_st	174	1	AGGCAATGTTGCGATTCTCTTCTTT
YJL190C.S1_st	166	255	ATTGTTGCGACTTTTCTGGCCATTC
YJL190C.S1_st	205	132	TCAAAATTAGTCTGGTAGGAGGTTC
YJL191W.S1_st	158	18	GTTCCGGCTGTCTCTGCTTAGTAGA
YJL191W.S1_st	235	123	AACCACAACGGTCTTAGATGCGGAG
YJL192C.S1_st	133	123	TTGAGTGCAACCTTTGACCGCCCGC
YJL192C.S1_st	194	130	CTTACCGTGGAATGTTAACTTGCGC
YJL193W.S1_st	101	123	CTGGCACAAGTGCATGTCTAGAGTT
YJL193W.S1_st	278	126	TCATTAAGACCTAAGAGTGCCGTTC
YJL194W.S1_st	75	255	ACACGACCTTTATGCCCACTGGAAG
YJL194W.S1_st	240	254	CTTTAGCATAGGTCTTGGTGTTCCA
YJL196C.S1_st	209	133	AATGTGTCGTCAATGTACCCAAGGA
YJL196C.S1_st	260	111	TCTACGATGGGTATCACATAGCGGT
YJL197W.S1_st	127	249	GTCCGAACCCAAGTAGCTCATGCAG
YJL197W.S1_st	174	110	ACATTACTTCTACACGTCCGGGGAC
YJL198W.S1_st	32	248	CTTCCACGAAAACCCAGTAGTCCAG
YJL198W.S1_st	92	313	CTAAATTTACGGAAAGGCACCAGTT
YJL200C.S1_st	33	128	TTGTCTAGTATAAAGGCGACGCCCG
YJL200C.S1_st	194	128	CGACGCCCGCAGACCAACTTTATAT
YJL201W.S1_st	135	255	ATTGGGAGCAGGTTTTGCGCTTCTA
YJL201W.S1_st	315	130	CTTCGGGATCAGGTGTTTCTAGACA
YJL203W.S1_st	22	255	CTATCATAGGCTGGTTCCATTCGTT
YJL203W.S1_st	168	135	TCTGGCCCTTGTACTATTCGAGCAT
YJL204C.S1_st	116	127	TCACGAAGTATAGATGCCTCCCGCG
YJL204C.S1_st	126	120	ATGTAGTAAAGTCCGTTCCTGAGCT
YJL205C.S1_st	69	120	CCGTTAATACCATCCGACAGAGTCG
YJL205C.S1_st	296	253	CCCGCAGGTGTTCCAGTAGTAAATG
YJL206C.S1_st	72	5	CGGTATGTTGCTGTCGACGTGTTCT
YJL206C.S1_st	170	130	CTAAGCCTATAAGTATTGCGATGCG
YJL207C.S1_st	3	6	TTAGTCACGCGTTTATAAGAGAGCC
YJL207C.S1_st	229	118	CTAAGGAATAGCGTCCGTTCGTAAT
YJL208C.S1_st	38	127	TTTAAAAGAGTTGTCCGGTACCTAC
YJL208C.S1_st	266	132	CTCTCTAAAGAGATTGCGCCGCTAG
YJL209W.S1_st	89	246	TCTGTAAAAAGAAACCCGCACGCGT
YJL209W.S1_st	280	132	CCCGCACGCGTCTTGATATGGTCTT
YJL210W.S1_st	6	309	AATTACCCGGCGTGACACCCTTGGT
YJL210W.S1_st	212	121	CTACGGACACCTAGGAGACCCTCTG
YJL212C.S1_st	130	127	TTCATAGAAAAGAGTAGTCCCGCGT
YJL212C.S1_st	294	119	ACTTCGTCCACACCGTTAGAGGCAG
YJL213W.S1_st	32	251	GTCTTAACCCAACGATGAACTGAGG
YJL213W.S1_st	102	5	CTTGCATGGCGTCTCGAATACCGTC
YJL214W.S1_st	119	129	CGTTGTCGCCGGTTGAATAACACCC
YJL214W.S1_st	254	130	CTACAGAAAATGAACCTCGTCGGTG
YJL216C.S1_st	63	1	AAAGAGCTTCCTACGGTTTGGTACC
YJL216C.S1_st	81	110	CTTGTGGTAAGGGTACCTCACGACT
YJL217W.S1_st	27	224	AATGACGTGTTCAGGCACAAGTCCC
YJL217W.S1_st	296	111	CGTGTGGACTCGCACCGCCTAACTT
YJL218W.S1_st	177	315	CCATTTTTGAGGCACTAACGGCGGC
YJL218W.S1_st	209	255	CCACTGTTGCATAAATAGCGGGGAT
YJL219W.S1_s_st	159	29	CTTACCGTTAGCGTTGTCGACGTTT
YJL219W.S1_s_st	269	247	TTCTGTAATGAAGAGTCCCGCGGCC
YJL219W.S1_st	94	6	CTACGACTGCGGTATCTGGTACTGC
YJL219W.S1_st	106	5	ACGACTGCGGTATCTGGTACTGCTA
YJR001W.S1_st	55	117	TTGTGTATCTACTTCGCCGGTCGCG
YJR001W.S1_st	215	128	CTCTCACCGAACAGTGCATTGGTAT
YJR002W.S1_st	91	244	TTTGTCTAACGCGTCCCGAAACTTT
YJR002W.S1_st	259	133	CAACTTTGTGGGTGATATAGCTACC
YJR003C.S1_st	135	126	CTTCCTAAAGCTTAATCGAGTGTTC
YJR003C.S1_st	295	120	CTATAGTCCCGGCTGACGACGTTTT
YJR004C.S1_st	208	118	CTTTGTCGTCAGAGTAGAGTCCCTT
YJR004C.S1_st	235	257	ATGCCCAATGAAACTCGTGTGCCGA
YJR005C-A.S1_st	86	254	CTCTTGGGGATTGGTCTTCTTCGAC
YJR005C-A.S1_st	188	313	TTCTCTGGTTAATGATCGGCGGCTT
YJR005W.S1_st	81	308	CTTTTGAGAGATACTTTGCCGGGAA
YJR005W.S1_st	204	225	TTAAGTCTTTCGGTCAGGAGCTGCT
YJR006W.S1_st	74	257	ATTCACCGGGGTGCAAATGTAACAC
YJR006W.S1_st	127	124	TCTCGTAGCGGACCTGGAATACCTT
YJR007W.S1_st	62	248	GTAACGAACCGGTAATTCAGCTTTT
YJR007W.S1_st	282	111	TCCGACAGTGACGATGACTTCTGCG
YJR008W.S1_st	50	131	CTTTAGTGGCCTTTGTGGTATACGC
YJR008W.S1_st	63	241	TTTTAGGCACTACGGCCAGGAAGTC
YJR010C-A.S1_st	102	257	ATTATACACAAAACGGTCGAATGGG
YJR010C-A.S1_st	220	133	CCTAAACGTGTTGTCAGGGACTTTC
YJR010W.S1_st	44	247	TTGTAAGAACGTTAAGCCACCACCG
YJR010W.S1_st	147	128	GTTCCTGAGACAACAACCGTTCGTT
YJR011C.S1_st	105	249	CTTTGAGGACCTTTTACGGCCGTAA
YJR011C.S1_st	229	133	ACGGCCGTAAACTAGCTCTTCCAAG
YJR013W.S1_st	72	1	CGAAAATTACCGGTGCGAAACCCAT
YJR013W.S1_st	93	3	GGTTACACACCGATGACCCAGTTAA
YJR014W.S1_st	193	128	GTGTCCCACGAGTCAGAGCTTTTTA
YJR014W.S1_st	312	133	ATAGAGACCCGACCTTCAAAAGCTG
YJR015W.S1_st	189	132	CATAGAGCCCAAGACCTAGGATAGT
YJR015W.S1_st	285	133	CGAACAATAATGCAATCCTGGGGTC
YJR016C.S1_st	31	254	ACCAAGAGTGCCCAAGAATTAGCCG
YJR016C.S1_st	41	5	GTTCTCCACGTGGTCCATACGGACT
YJR017C.S1_st	77	129	GCTCCGGGACCGATTTCTCTCTAGT
YJR017C.S1_st	114	4	TAGACTGCATCGTAGCTCCTGGCCC
YJR019C.S1_st	34	250	TTCCTGTACAAGATGAGCCGTTCTG
YJR019C.S1_st	269	254	CCCTGTTCGTGGAGCATGTCCCGTT
YJR021C.S1_st	71	124	GTCGGTTGACCTCCTGCACGTATTT
YJR021C.S1_st	202	98	CTAGCGGGCCTACACAGAGACTTAC
YJR022W.S1_st	141	6	CGCTTACGGAGTATCGTTCGGATTT
YJR022W.S1_st	236	126	TCCGTGTCAATGAAGCTCCGTCGCT
YJR024C.S1_st	114	115	TTCTAATAGGTCTGTGTACGCGGCA
YJR024C.S1_st	159	87	CTGCTCAACTAGCTACTGAACGTGT
YJR025C.S1_st	90	1	CGTTTACAATCTGAATCCATGGGTT
YJR025C.S1_st	283	122	AGTAACAGCGGTTCACCAGGTGCTC
YJR030C.S1_st	137	256	ATAGGCCTCTGTTGCTCTGGAATGA
YJR030C.S1_st	215	253	AAAGGGAAACCTTGCCGTTCAGTAC
YJR031C.S1_st	47	122	CACACTTCGTGGACTTAGGTTAGGT
YJR031C.S1_st	67	127	CGTCTGGATGAAAGCTGACAACCCT
YJR032W.S1_st	150	315	GGTTTAACCGCCACTGCATATGCTT
YJR032W.S1_st	176	122	TACTTATGTACGGACTTGGGCTGCA
YJR033C.S1_st	19	243	CCTACTCCGGGTCAGAAAAACTATT
YJR033C.S1_st	180	112	ACCGAGCGGTTCACGAAGTCTATAT
YJR034W.S1_st	215	257	ATTCGCCAAGTGTCCATTGCGTGGA
YJR034W.S1_st	240	99	CTTACAGAACTGTTAGGTCTCGACT
YJR035W.S1_st	97	251	CTTTAACCCTGTGGATGAACCTGTC
YJR035W.S1_st	115	124	CGTAGGTTCCTTCGAGCGGTTCTTT
YJR036C.S1_st	115	297	CTTAGACTTCCAATGCCCAAGGCGA
YJR036C.S1_st	244	115	TTGCCGTAGACTAGCATATGGACGT
YJR039W.S1_st	181	314	CCTTTTACAAATGGCCACGTCGGCG
YJR039W.S1_st	215	135	CCACGTCGGCGATATTGAAAGTTCT
YJR040W.S1_st	186	124	CTTAGAGGTTAGAGCCACTTCTTCC
YJR040W.S1_st	230	129	CTTAGAAACAACATGCTGAGTCGCA
YJR041C.S1_st	25	127	CGTCTGCGGCATCGGTCTGATTATT
YJR041C.S1_st	213	307	TTTTTCTCAGACGTCGGGCCATAAG
YJR042W.S1_st	77	111	CTGGGACACAACTTACGGTAACACT
YJR042W.S1_st	255	123	AACTTCGAAGCACGTACCTCCCGGT
YJR043C.S1_st	112	256	TTTACCTCCCAGGTTCGGGTTGAGT
YJR043C.S1_st	227	128	ATTTAGACTTCTTCTCGGGAGGAGA
YJR044C.S1_st	176	123	ACTGTTCGCCATATCGTGAGGGACA
YJR044C.S1_st	308	131	CAGGCTAAGTAGTTTGTGACCGGTT
YJR045C.S1_st	196	1	ACCGGTTGCTATGACTTTTGAGGAA
YJR045C.S1_st	224	311	TTCCCACAGGGTGTTTAGCTTCAGT
YJR046W.S1_st	100	254	CTATAAGAAAAAAGCGACTGGTCCC
YJR046W.S1_st	201	126	GTTTGGAATACCTGTCTGACGCACT
YJR047C.S1_st	236	101	AGACGGTACCCACTTCTTCGACGGT
YJR047C.S1_st	271	127	TTTCTGCTACAGTTCCGTGGTCTTC
YJR048W.S1_st	66	7	ATCTACAGATGTTACGGTGTGGCAC
YJR048W.S1_st	282	127	CTGACTTAAGTTCCGGCCAAGACGA
YJR049C.S1_st	13	316	CGTTTAATTTCGGAAGCTCGCAGGG
YJR049C.S1_st	313	98	CTGACTAACGACGATGAGGCTGACC
YJR050W.S1_st	140	117	CTTTAGGTACATGGTTGAGACCGTC
YJR050W.S1_st	233	128	CTTAAACTCCGATTGACCTGTAGGT
YJR051W.S1_st	82	6	ATAACGTAGGGTGGTGACCTTCTTC
YJR051W.S1_st	211	249	GCCTTTCGCAAGATAGATTACCCTA
YJR052W.S1_st	17	316	AGTTTAGCCCGCGTGCAATGCATTT
YJR052W.S1_st	149	245	TTTAGACGATCCAGTTTAGCCCGCG
YJR053W.S1_st	130	5	ATGTCGTACGTTCTCGGTGAAGCTC
YJR053W.S1_st	199	115	CGACGAGTTCGTTCTGAGGCATTTA
YJR054W.S1_st	51	127	CAGTCCTACATACACCCGGGTAAGG
YJR054W.S1_st	256	135	AGTCCCTCGGACTAGAAGGCTCCTT
YJR055W.S1_st	37	313	TTGGGTCCCGACCATGTCTTCGATT
YJR055W.S1_st	159	132	CACCGCATGCTATAACGAGGAACTT
YJR056C.S1_st	25	257	ATTCACAGCTTGTAGGAGGATCCTT
YJR056C.S1_st	196	305	CACTGTTCTGAAATGGCCCACCGAT
YJR057W.S1_st	75	3	CTCGGACAAAACTCATGCGTATAAC
YJR057W.S1_st	80	123	AAACCTAACCACGAACGTTGGGCTA
YJR058C.S1_st	124	253	ACACCTGAATGAACTGCTACTTGGG
YJR058C.S1_st	202	106	ATGTGTCAAGCCTAGGAGTCGCATC
YJR059W.S1_st	257	123	ATGTTTGTACAGTAGGCACTCGCGG
YJR059W.S1_st	279	135	ACTCTTCGGAGCCTTCAGGTTCGCA
YJR060W.S1_st	48	122	CCGCACACGGCGACTTATGTAAGTT
YJR060W.S1_st	159	105	TATATTCGTACGTCGGCCCAGCAGC
YJR061W.S1_st	65	253	CTTGCCAGGGTCGTTCATATACTTT
YJR061W.S1_st	72	314	TTCTCAAACAACTTGCCAGGGTCGT
YJR062C.S1_st	153	253	CTACCATGGTGCTAAAAACGTCCTT
YJR062C.S1_st	207	119	CTCACGGAAGACTGCTGTCATGTTC
YJR063W.S1_st	123	299	AATTTTCAGCAGTGGTGCTGCCGTC
YJR063W.S1_st	191	253	CTTTCTGCCGCGATGATAGTTCCTT
YJR064W.S1_st	39	123	ATACAGGGACCGACAGAGACTCCTT
YJR064W.S1_st	111	2	CTCGTCGGCTTCACTGATACAGGGA
YJR065C.S1_st	39	249	TTGCGACAGACCAAACCACCGAGCG
YJR065C.S1_st	112	253	CTGTGAAGGAACTCTTGACGGCTTT
YJR066W.S1_st	241	122	CCTGATCCACTAGCGGTAGGTTCGT
YJR066W.S1_st	287	136	ACTTAATCTGCAGGGACTCGTCCAA
YJR067C.S1_st	20	3	ATGAACCGGATGCTTGTGCAAAACC
YJR067C.S1_st	119	257	AGTTACTACCAAAGGGTTGCCCGCG
YJR068W.S1_st	9	130	CTTTTCGCCAACCAGACGACGCAGT
YJR068W.S1_st	313	253	CTAAGTTTCGGGATCTGCGTTCATT
YJR069C.S1_st	111	257	CTTAAATTGCCAGATGGTCCACGAA
YJR069C.S1_st	126	4	CGTCCTGTGCCTAGACTTACGGTAA
YJR070C.S1_st	159	217	AGTTTATCCATCAGGCCGACGACAG
YJR070C.S1_st	224	123	ACTACTTCGTTAGGACCGGAACCGG
YJR072C.S1_st	152	4	CGTATCTACGGTAATCGCTGGAGCT
YJR072C.S1_st	236	254	CTCTTATGTGCAAGGGTCCGCTTCT
YJR073C.S1_st	120	254	ATGAACCCACTGATAAAGCCGTAGG
YJR073C.S1_st	307	134	CCGACAATGTACAACCGCCGCTGGT
YJR074W.S1_st	23	249	TTCAGCTTAATATGCCGCCGCGGTA
YJR074W.S1_st	284	297	GTTCAAGTGGCCTGAGCAATACCTT
YJR075W.S1_st	158	133	CAGCGGTAGGCTGTAACCCAACTAT
YJR075W.S1_st	243	131	CTAAGGACTTCTCAACAGCGGTAGG
YJR076C.S1_st	138	5	CCGTATGACCTGCACCTTCTAAGTA
YJR076C.S1_st	262	97	AATAGTCCACTTAGACAGCGCCGTC
YJR077C.S1_st	236	136	TGTCAAGCGATTACCTGAGCAGCCT
YJR077C.S1_st	286	314	ATTTCTCGTGAAACCCAACGGGTGG
YJR078W.S1_st	81	251	TCATAGCCTAGAAAAGACCGCCCAG
YJR078W.S1_st	275	133	CCCAGGTTACGCGTTTCGAGCAACT
YJR079W.S1_st	3	124	AAAACAACTACGTCTTCGGAGCGTT
YJR079W.S1_st	168	131	CTCAAGCTCTGATTTCTGGAACGTC
YJR080C.S1_st	64	130	CTTACGCGTCAACCTAGGCATTGGT
YJR080C.S1_st	156	249	GTCTTTGTAAAACCGGTAGTTGCCG
YJR082C.S1_st	88	313	ATTTTTTCAGGGAGGTTCTATCTTC
YJR082C.S1_st	241	135	CCTCGGGTACCCAGTTTTAGTGTGA
YJR083C.S1_st	113	212	AGTTTCTATGTGACGGGGCTTTACC
YJR083C.S1_st	232	136	CCTGCTTAAGCTACTGGAAAACCTT
YJR084W.S1_st	63	122	TCAACCTACGGGATCTTACGGCAGA
YJR084W.S1_st	92	2	ACGCATCGCATTAGAGTCCCTTGGA
YJR085C.S1_st	182	254	CTCAGAAAACTGATGTCGGCCACCG
YJR085C.S1_st	193	126	TCGGCCACCGGAATACCCTATGATG
YJR086W.S1_st	23	254	CCGATGGGGCATCGTCCTAGTTTAG
YJR086W.S1_st	301	127	TGTTGGAGTCCTTGTCGTTGTCGTT
YJR088C.S1_st	32	240	TCTGGCTCGAGAACCTTTTCCGTAA
YJR088C.S1_st	192	136	TAGTAAAGAGCGCTTGACCCTGCAT
YJR089W.S1_st	158	114	CTCGGTCAGGGTAGTCAACGTTCCT
YJR089W.S1_st	208	120	ACGATGCGATCGATTACTGTTTCTG
YJR090C.S1_st	117	255	ATTACTGTTACTGCGGTTGGCCTTG
YJR090C.S1_st	159	65	ACTGCTTAGTTACGGACTGTGACGG
YJR091C.S1_st	37	309	TTCTTCAGCCCAACCGTAGTGGGAG
YJR091C.S1_st	314	160	TCGCCGAAAAGTCCGTTGCGGTCAT
YJR092W.S1_st	11	250	TTCCGACATGCTCAATGGTGCGTTC
YJR092W.S1_st	287	256	TCCAAAAAGTTTGACGTGCCGAGCG
YJR093C.S1_st	51	110	ATACTACGGTGGGTACTTGGTTGTC
YJR093C.S1_st	109	249	CGTTTAGTTCCACATTGCCGTTGCT
YJR094C.S1_st	30	122	CAGTTCTATACGACGCCGAATGAGG
YJR094C.S1_st	159	236	ATATCTACTTGGAGTCCACGGGAGG
YJR094W-A.S1_st	155	314	GTTTCTTCCAGCCATAGTGTCCATT
YJR094W-A.S1_st	215	115	ATATGACAAAGATGACGTCGACGGC
YJR095W.S1_st	63	257	TCTCCGCAAAGGAATTGACGCCGTT
YJR095W.S1_st	314	132	CTACCTACAGGATGGAAGTACCCTT
YJR096W.S1_st	85	254	CTACTTGAAAACTTGACCGGTCTTG
YJR096W.S1_st	277	256	TTTAGATTTCCAGAGCAGCAGCTTC
YJR097W.S1_st	74	110	ATACTACTTAACAGGAGCGACAGTT
YJR097W.S1_st	89	127	TTAATAATTGGGTTACATCGCGTAC
YJR098C.S1_st	203	315	CTAAAAATGATACCAGGCCCGCTGC
YJR098C.S1_st	292	247	CCTATCGAATCTAATGCTGGGCTTG
YJR099W.S1_st	117	313	CTTCCTTAAACTCGCCTGGGGAGAT
YJR099W.S1_st	239	256	ATTGGTCAGTAACAACCTCGGGCCG
YJR100C.S1_st	218	196	AGGTGAGTGATAGTGCTGCCATTTC
YJR100C.S1_st	294	112	TCTTGACCGTAGAGACCTCCGCAGC
YJR101W.S1_st	11	256	CCGTGATTGAGCTTGCGGCAACACT
YJR101W.S1_st	270	313	CTAATACCGCAACCATTGGCCAGGT
YJR102C.S1_st	174	256	ATGTCACCAAGCTTCTGAGACCTTT
YJR102C.S1_st	187	257	ACCCTCAAGGTATCTTACGGGCTTT
YJR103W.S1_st	65	236	ATGTTCAACGGCGATAGCTCAAGCG
YJR103W.S1_st	315	242	TTTCCGGTAGGTATGATGCACCCGT
YJR104C.S1_st	243	116	CTGTGTACCACGAGGTTGACTGCTT
YJR104C.S1_st	305	255	CCATTGTCAGGATTGCGTCTTGCAC
YJR105W.S1_st	90	313	TCTGCGATAGCAATTCAACCCGGTT
YJR105W.S1_st	143	228	ATTCTAGCAGCTGTGGTTGCCACGA
YJR106W.S1_st	50	253	ACGACAATAAGAAGCCTCCCGGATT
YJR106W.S1_st	190	299	AATTTGCCGCGGAGTGTTTCCTCTA
YJR107W.S1_st	35	127	TATCCTAGCAACAGTGACCCGTGAG
YJR107W.S1_st	183	256	CTTTGAGAGCCCTACCTGCAGAAAT
YJR108W.S1_st	169	117	CGCGACGTACCGATTTAAGATGGCT
YJR108W.S1_st	268	126	TTGTGAGCTCTTACGTTGGCGAACC
YJR109C.S1_st	134	251	CAATATCAAGGTGGTCTTCAGGCAA
YJR109C.S1_st	195	137	ATGTAGAGCTCTTATGAACCCGGTT
YJR110W.S1_st	135	129	CTTAATGCGGTATTTGCTCTGAGTC
YJR110W.S1_st	222	130	CTGAGTCATGGGTATAGCCACCTAT
YJR111C.S1_st	225	137	ATCATGGCGTGAATCTGGGTTATCT
YJR111C.S1_st	301	312	AAGAATTTTGTCCTGGAGACCGGCC
YJR112W-A.S1_st	126	115	GTCAGACGAACCACACCCGTAACGG
YJR112W-A.S1_st	158	312	TTAAGCGGGTTTCGCACCAAAGCGC
YJR112W.S1_st	158	197	TACTTGCTGGTCAATCGGGTCCTCA
YJR112W.S1_st	218	130	CTTACGGTAAATATGTCGGTTGCCT
YJR113C.S1_st	115	6	GATCGAGGCGACTACTACTGGTTCT
YJR113C.S1_st	167	119	CCTCTTCTTGAGTGACGGTAACGGT
YJR114W.S1_st	161	313	TTCTCCAGATGAAACCTGACCGGGC
YJR114W.S1_st	241	136	CCTCTGCACCGGACTGATTGTATAT
YJR115W.S1_st	40	126	TCCATCATGACACACTGCGACGGCT
YJR115W.S1_st	101	3	GTAGGCCGGGTAATCGTAATACACT
YJR116W.S1_st	38	249	TTCGAAATACCAGAGCTCAAGTGCC
YJR116W.S1_st	116	130	CTAGCCGTCCAAGGAATAGATGCTC
YJR117W.S1_st	49	254	CAAAACCGGGTACTTTAGCCAGTGA
YJR117W.S1_st	95	5	CTAACTGGCGAGATCTGATACAATC
YJR118C.S1_st	11	128	CTCATCGTAAAAATAAGTGCTAGCG
YJR118C.S1_st	113	1	ACTTCTTGGGGTTGGTAAATGGCAC
YJR119C.S1_st	35	130	CTTACTTGATAGGTGCTGCCTGTCA
YJR119C.S1_st	306	312	TTTAAGTCCGGTAACATGGTGCCTG
YJR120W.S1_st	38	121	ATAGAGAGGTCCTGTCCGGTTAACC
YJR120W.S1_st	227	117	CACTAAGCGCTATATATCGCCGGTT
YJR121W.S1_st	64	3	CGGCTTCAGAAATGACCATAGGGTC
YJR121W.S1_st	158	247	TTCGGCAAATACAAGGTCGGCTACT
YJR122W.S1_st	215	137	CGATGTCCGTAAGATGCCTTTGCAA
YJR122W.S1_st	308	117	CGTCTTAAGGTATAGCTGTTGCAAC
YJR123W.S1_st	84	250	CTGGTAACGACTTTGAAACCGGCTT
YJR123W.S1_st	111	249	CTTCAGGTTGTTCGAGTTTGGCTCT
YJR124C.S1_st	57	113	TGCCGCCTAGATTATGACCGTACGT
YJR124C.S1_st	192	137	TGTAAACGAGCCACACAACCAGGTT
YJR125C.S1_st	179	314	AAAGTCTTAAAGTTTCGCGGCAGGG
YJR125C.S1_st	211	112	TTTACGTACCACCTCGACAAGTTGT
YJR126C.S1_st	159	48	ATCCAAACTGTTGCGACTACGACTC
YJR126C.S1_st	218	116	AGTCGTAAAGGGGTCCTGCTACTTC
YJR127C.S1_st	83	256	CCGGTACCTGGGCTTATGGCTATAT
YJR127C.S1_st	146	122	TGTCCCGTTCGCGTCTTAAAAGTTA
YJR129C.S1_st	40	312	CGGGAATGTTCTCAACCGTGGCCAT
YJR129C.S1_st	158	246	TTTACAAGAACTCCAGCCGCGACCG
YJR130C.S1_st	131	255	GTTTCCTGGAAGAGAGCCATGCTTA
YJR130C.S1_st	316	258	ATTGCTTTTAGAAGTCGCCGCTGAG
YJR131W.S1_st	31	246	TTTACATGTTCGTCAGAAGGAGCCC
YJR131W.S1_st	135	251	AAGTACTTCGGGCTTCTGCAGGCAA
YJR132W.S1_st	134	244	AAGCTCCGATGGTTGCCGCAATTCC
YJR132W.S1_st	229	127	TTAGAACTCTGTAGACTGGGGCCGA
YJR133W.S1_st	57	127	TTAAGACCTGCAATGTAACGACGCG
YJR133W.S1_st	233	134	ACCACCATACTAGGGGCGTTCTTAA
YJR134C.S1_st	290	119	CTATAAGGTCTTCTCCGGCGACGAA
YJR134C.S1_st	292	121	ATGGTATGTCTTCTCGATCGCAGGT
YJR135C.S1_st	103	251	CTCCCGAGATGTTTAGGTCCCTGAT
YJR135C.S1_st	255	119	ACTCTCGGGTTTCAAGGTCACTTAC
YJR135W-A.S1_st	30	245	TTGCAGACTAAACCGGAGGGAACTA
YJR135W-A.S1_st	280	312	TTTAACGATGAAAGAACCTCCCTCT
YJR136C.S1_st	41	253	CTGAGATAGATTCGTTGGCGCCAAA
YJR136C.S1_st	299	135	ATCCCGATCGGAACGTATGCTTTTA
YJR137C.S1_st	33	250	CTCTTACTGACCAACGGGATTGCCA
YJR137C.S1_st	79	312	CATAGTAATTTGGTTGGTGGCTCCC
YJR138W.S1_st	13	244	TTCAATCGATAGTTAGGAACCCTTC
YJR138W.S1_st	163	136	AGTATGCCCACGAATGCAGCGCCTT
YJR139C.S1_st	44	241	AACAGTAAGTTCCACGGCCACGGCC
YJR139C.S1_st	121	5	CTACAACGGTGGTTTAGACACAGAC
YJR140C.S1_st	240	123	TCCTAGTTAGGGAGTGTCTGCACTT
YJR140C.S1_st	289	239	CGATTCCGCTAAACCAAGACCTTGA
YJR141W.S1_st	184	134	CCGTGAGGACGCTGAAAACTTTTAC
YJR141W.S1_st	233	115	ACGAGTCGTCACAATCCGGTTCATT
YJR142W.S1_st	56	126	TTTGTACCGGCGATTACGAACTGTT
YJR142W.S1_st	160	128	TTACGAACTGTTGTAATAGCGGCCC
YJR143C.S1_st	32	1	ACTTGGAATGTCAACCGGGCCATCA
YJR143C.S1_st	263	123	AATTAGCGCACGAATAAGAGTCCTC
YJR144W.S1_st	304	312	TTGTTTCGAAAACCGCGTCCGCCAA
YJR144W.S1_st	314	297	ATTAGCTCGGAGACCTGGGATTCCT
YJR147W.S1_st	234	313	TTTTCCAACATACGGGCCTGAGAAC
YJR147W.S1_st	305	136	ATACTTGACGAGAAACCTATGCCGG
YJR148W.S1_st	191	138	CTTGTTTGGCCAGGTAACCGGTTTC
YJR148W.S1_st	240	314	ATTATAAGGCAACAACGGGCCGCTT
YJR149W.S1_st	34	94	TGTACAATAGTGTCGTTCGTCTGCG
YJR149W.S1_st	218	134	CCTTTCGGACGTTCCTGGTAGAGAT
YJR150C.S1_st	147	117	ACCACGGCGGCGAGATAACAATATC
YJR150C.S1_st	293	313	TTATTGCCACAAAAGCCACGGCGAC
YJR151C.S1_st	17	253	CTTCTACAGCGGAGATGATTTTGGC
YJR151C.S1_st	66	236	ATTTCAGTCAACGAGACGCCCACGG
YJR151W-A.S1_st	116	243	ACGATAGCAATTAGAAAATGGAAGC
YJR151W-A.S1_st	148	308	GAAGCAAAGGGTAGAATATATTCCC
YJR152W.S1_st	20	124	TATCGACGGCTCTCTCCCAAGGGAC
YJR152W.S1_st	83	126	TTCTGACCGACCACGAATGGACACC
YJR153W.S1_st	156	4	GTAGACCTAGACCACGTTCGACAAT
YJR153W.S1_st	314	118	CTTGTTGATGACGATGTTACCGGTA
YJR154W.S1_st	98	250	CCTCTGCGTCAAGATAAGAATCCCT
YJR154W.S1_st	316	131	GGTCCCGATGGTGGCTCTTCTATAA
YJR155W.S1_st	5	124	AGATCCACACAGACTATGAGGACGG
YJR155W.S1_st	190	255	CTACTGGGTCGACAATGGTTCTTTG
YKL001C.S1_st	159	201	ATGAATGCTGCTTGCGTTCCGTAAC
YKL001C.S1_st	308	130	CTCGATGTAAACTCTTGGCTGGTCT
YKL002W.S1_st	159	137	TGTCCGGCAAGCTTCATCACTGGTT
YKL002W.S1_st	182	119	CTTAAGTGTCAACGTTTCGTGCGGA
YKL003C.S1_st	93	65	TTCGTCGACCTATCTCGGAGTAGCA
YKL003C.S1_st	277	254	CTAGCCTGAACAAGCGTATTGGTTG
YKL004W.S1_st	159	27	TGATACTATACGTACCGAGCGGACC
YKL004W.S1_st	263	137	ACTACTTGGGTCACATTCGGGAAGC
YKL005C.S1_st	17	256	CGGCTGCAACATCTGAGGGACCTTT
YKL005C.S1_st	247	306	ATTTGACGCGTAAAAACATAGGGCC
YKL006C-A.S1_st	55	314	CAATTGGGCTAGTAATTTCCGACCA
YKL006C-A.S1_st	71	246	GGTTCTCTAACCTCTGGCTCGCCAG
YKL006W.S1_st	133	242	GTTCCGAAGATTGACCTCTAATCAG
YKL006W.S1_st	176	126	CAGGTGGCTAAGATAACAGTTCCGA
YKL007W.S1_st	194	129	CGTTCCCGGAACTGTAACTTGGTAT
YKL007W.S1_st	209	257	ATTGGTAAATCTCGCGTTCCCGGAA
YKL008C.S1_st	113	123	AGTTCGACGTAAAACCCGAGTTGTT
YKL008C.S1_st	159	96	CCCTGACGGTTAGATATAGTGTTAC
YKL009W.S1_st	13	242	CTTAAGTTTCAGTTCCACAGCCGGA
YKL009W.S1_st	81	122	AGTCTTGTAGAACCCGTCCGAGATT
YKL010C.S1_st	93	130	CTTATATAGGTACCGCAATAGCTGG
YKL010C.S1_st	266	119	CTTCTACCGGATTGTCGTCTGCTTA
YKL011C.S1_st	135	213	TCTCTTCTCTGTGGCTGGTCAAGTT
YKL011C.S1_st	231	131	CTGCTAAACCGTCTAAGTAAGGAGG
YKL012W.S1_st	96	254	CTCCGTAAATTGAGGCCGACACCTT
YKL012W.S1_st	100	315	CGTTTGAATTGCAACTGGCGCAGTT
YKL013C.S1_st	62	4	CTTCGTAAGATGTAAGACTCTGCAC
YKL013C.S1_st	243	315	TTCAACTTCAGGGATTGTGATCGCG
YKL014C.S1_st	216	256	TTATGATGAAACTCCAATCGGGTTC
YKL014C.S1_st	291	306	ATGGTATGCATCAACCCTGTAGGGA
YKL015W.S1_st	32	131	CATTTGGAGTGTTTCTACCGCTAGC
YKL015W.S1_st	143	7	TGATACCTAGGTTGACGTCGACGAC
YKL016C.S1_st	33	243	TTCGGCCAGTTTTAGCTACGGAGGT
YKL016C.S1_st	244	130	CATATTGTCCCAGCTGACGGTGAGT
YKL017C.S1_st	11	243	TTGATAACCGGCTACGTTGCCAGCG
YKL017C.S1_st	315	296	AAATTCCAGTAAGTTGCAGGGCCTC
YKL018C-A.S1_st	32	257	TGCTCCTGCCCAAACCTGCGTAGTT
YKL018C-A.S1_st	106	236	ATGTTGGTCATAGTCAACCCGCCGA
YKL018W.S1_st	166	137	ATAATTCCGGCGTTCCCAAGTAAGG
YKL018W.S1_st	288	239	ATAAGCTACAAACAATGGCGTCTGC
YKL019W.S1_st	209	121	CTAGCTCAGGAGTATACGGGACCTT
YKL019W.S1_st	230	135	CCAAGGCGTCTTGTAGTCAGGCACC
YKL020C.S1_st	90	2	CTTCGAAATGTCCAGCCCAAGTTGT
YKL020C.S1_st	255	129	CTCGGACTGCCTAGAAATACCTTGT
YKL021C.S1_st	216	129	CTTTGTCGACTATATCCACTGGTTT
YKL021C.S1_st	278	137	CCGATTTAACGAATTGCGATACGCT
YKL022C.S1_st	236	117	CGGCTGCTACTAAAACTGCGTCTAT
YKL022C.S1_st	238	115	CTGCAATAGTAACCTACGGTCGGTG
YKL023W.S1_st	64	1	AGTACCCGAGCTTTCTTCCTTGGAA
YKL023W.S1_st	82	128	CTCGTGGGTGCTTCTACAGTTGCCT
YKL024C.S1_st	172	97	GCCTCTGGAAGATGCACGACTCGTC
YKL024C.S1_st	286	133	ACTAGAAGCAAGATCCTCCTGGGCC
YKL025C.S1_st	24	257	ATTACAACCATTGCGGGCTACTCAA
YKL025C.S1_st	206	131	CTATAGTCTGTTGCCGCTAAGGTTT
YKL026C.S1_st	158	138	AGTTGAGGGACGCATTGTTTCACCA
YKL026C.S1_st	162	254	CCGTTTTCGTTCTAGGGCAGATGTT
YKL027W.S1_st	61	253	CATATGGCTCGGTTTCTTAGGGTAA
YKL027W.S1_st	158	204	AAATCACGGCTTTTTGGTCTAGGCT
YKL028W.S1_st	102	7	CTGCGACATTTACGATGACGGTGAC
YKL028W.S1_st	294	126	CGAAGTCCAGGCTCACGTTTGCGAT
YKL029C.S1_st	68	86	CTGTTCTACTAGAGGCGACGTCACC
YKL029C.S1_st	72	244	CTTCGGCAAGGACGGCTAAATTACT
YKL032C.S1_st	159	237	CCTCTAATCTGGATGGCAGCAGTTC
YKL032C.S1_st	206	118	CTGTCATAGCTCGTGTATTGGCGTT
YKL033W-A.S1_st	5	313	CTAATTTAACGTTCCCGAAGGCCCT
YKL033W-A.S1_st	115	253	CTGTGTCTTCGAAACAATCGGCCAT
YKL033W.S1_st	188	131	CCAACGATCATGTACCCTGAGGTAG
YKL033W.S1_st	245	121	ACTAATAAGCTAGCAAGTCGGGCGT
YKL034W.S1_st	189	117	CTTGTATGGCAACTAACGCGCTATA
YKL034W.S1_st	287	126	TGTTACAGGACACACATCCAGTGGT
YKL035W.S1_st	125	308	ACTTCAATCTGGGTAGGGCAAAACC
YKL035W.S1_st	201	257	CCAAAATTGCGTTCTTAGGGAGTGT
YKL037W.S1_st	231	122	ACGATGTCTAAGTTAAGGCCGCGAA
YKL037W.S1_st	311	123	AGGCCGCGAACGTTTCAGGTTTCAA
YKL038W.S1_st	159	119	CTGTAACGAACTACTTGCGGCATGA
YKL038W.S1_st	179	1	CGAACTCTTGCAACGGGACCTTTTA
YKL039W.S1_st	167	127	GCCTGAAACTGAACCCGCTAAACGT
YKL039W.S1_st	309	128	GTAGCGCAAGAATACCTCTGGTTGT
YKL040C.S1_st	159	207	CTCCTGCCGCCACTATAGCTAATGG
YKL040C.S1_st	173	122	AGGTTTCTTAAGGTACGACAGGTTC
YKL041W.S1_st	56	250	CTTACAACTGGTTCACGGTTGGCAT
YKL041W.S1_st	181	119	CTTACATGTGAAGGTCTCGCGTCAA
YKL042W.S1_st	178	257	TGGCAATTCCATTTAGGCAGACTAC
YKL042W.S1_st	296	128	GCCTACGAACGAACCTCACAAGATT
YKL043W.S1_st	110	125	GTCAGCACGCATCCCGACTGTTGTT
YKL043W.S1_st	286	111	TTCAGCACTTCTAACCGAGGTACGT
YKL045W.S1_st	120	127	TTAACGCGAGATACTTCAACTGGGT
YKL045W.S1_st	158	15	AACTGGGTTCGCGTCTAGTAGTCAC
YKL046C.S1_st	38	312	TTGAAATGCCCTAGTCTGGAGACCG
YKL046C.S1_st	224	122	CCAACTTATGTAGACGGTAACGCCG
YKL047W.S1_st	109	230	AGTTCTAAGGCTCCGTGCAAAGACC
YKL047W.S1_st	158	55	CTCCTACGGAGATGTTTACGCTGTA
YKL048C.S1_st	134	89	AATCTAGAAGCGGTCTGAGCTCGCT
YKL048C.S1_st	158	314	CCTGACAACCTTTCGCGTGCCAATT
YKL049C.S1_st	237	134	CCTTGTATGTTTGGAGAACCGCGAC
YKL049C.S1_st	262	108	CGTTCGCTTCGCATAGACCATCCTA
YKL050C.S1_st	185	257	ATTTAGAAGTTCTGGTCGCCGCTTG
YKL050C.S1_st	240	111	CGGACACCACCTAGTTTACCTGAGT
YKL051W.S1_st	87	247	TTGCGGCCGCACTAACGGTGTCTTT
YKL051W.S1_st	299	102	TTGTGACACCTACTCGACGGAACCA
YKL052C.S1_st	64	311	CTTTGAAGGCCTGAGATCGCTGCTT
YKL052C.S1_st	281	120	CTAAGTCGACATGTACAGTTGGCCC
YKL053C-A.S1_st	58	5	ATGATGTACACAGTTGCGTCGAGAG
YKL053C-A.S1_st	109	114	CTTACGTGACTGGACTTCTGCTTTA
YKL054C.S1_st	32	92	ATTAAACTGATCACGACGGCGACGA
YKL054C.S1_st	233	126	AATACCAGTTCGTCCGCGCTTGTGA
YKL055C.S1_st	120	250	CTATCTGGCGGGAACTTTGTCTTTA
YKL055C.S1_st	138	122	ATTGACGCGTCCGAACTGAGTTCTT
YKL056C.S1_st	168	119	CCACTTAGGTACCTGGGTCTACGGT
YKL056C.S1_st	251	132	CTACTGCAATAGATGCTTCGGCTGA
YKL057C.S1_st	103	120	CCCGACGACGTCTTCATGACATGGT
YKL057C.S1_st	125	7	CGTGTAAGTCTGTTACCGCTCGATA
YKL058W.S1_st	62	244	GTCTTGCCCAGACCTCTATCGGTTT
YKL058W.S1_st	196	135	AATGACAACTCCTGTCGGTGGCGCT
YKL059C.S1_st	95	257	CTAAGAAATCATGGGCTGGTCCTGT
YKL059C.S1_st	284	111	AACTACCTAGGTTGACCGTGGCGAC
YKL060C.S1_st	123	250	CTTCAAGAAGCTGGGTTCTCAGACC
YKL060C.S1_st	211	121	ATGCGACCACTGTAGCGAAACTCTG
YKL061W.S1_st	205	234	TTTCAAAACTGGACCTAACGCGCGT
YKL061W.S1_st	285	119	CCTAACGCGCGTTTCACATAGTGAA
YKL062W.S1_st	63	7	CCGTAAGTCTGCGTCACTCGTGAAC
YKL062W.S1_st	244	112	ACAACAGCCTATTACGGAGACGACG
YKL063C.S1_st	34	127	TATGGTTATAACGTCGGCCGCCACG
YKL063C.S1_st	159	57	CCGCCACGTCGACTACGCTGATTGT
YKL064W.S1_st	186	134	CCCTTCGAAGCGGTGTTAGACTTTA
YKL064W.S1_st	258	251	CTTACAATAGCACGGGCCTGTTATG
YKL065C.S1_st	14	246	CGTTTAAAGAGACCTCCCGGATGTT
YKL065C.S1_st	151	122	TGTTGTCACCGAGTTAGCCCAGTAG
YKL067W.S1_st	73	130	CGATGATTAGGAAACCCGTCACGTG
YKL067W.S1_st	288	115	GTCTTTGCAGACAGTGCCGTCACTA
YKL068W-A.S1_st	224	134	ACCATCTGGAGTTGTGTCCTAGAAA
YKL068W-A.S1_st	280	128	CTTCTGGACTACCATCTGGAGTTGT
YKL068W.S1_st	67	316	CATTTCAGCTCAAAGACCTCGGGCA
YKL068W.S1_st	157	311	AAACTTTCGATACTGGGGCATTGTC
YKL069W.S1_st	228	122	TCATAGGGCCAGTATAACGCACGCT
YKL069W.S1_st	308	253	CTTCCTAAGCTGGTGCATCTGTTTC
YKL070W.S1_st	96	126	CGATCGTCCGTTCCAAAGAAGCCTA
YKL070W.S1_st	245	254	GAGGCCGCACCAAGGGTTACTTCTT
YKL071W.S1_st	15	297	CCAGGCTATGATCGGGAAGTTTTTC
YKL071W.S1_st	91	130	CTTTCGACGGAACTTAATACGCCAT
YKL072W.S1_st	152	3	GTCGAGCTACTTTATGCACTGCCTA
YKL072W.S1_st	196	254	CTCCAAGATTGCTTAAAGTGACCCT
YKL073W.S1_st	35	251	CTTCCGCAATAGATGTACCCTCCTT
YKL073W.S1_st	143	243	TGGTCGCATACACAGCTTCCGCAAT
YKL074C.S1_st	36	297	AATTTTATACGGTTGGGCCGCAGCT
YKL074C.S1_st	260	118	CCATGCGTTAAGTTGCTAGCGTGAC
YKL075C.S1_st	27	235	ATGATGTAACTTCTGCAGCCGCCTC
YKL075C.S1_st	255	135	TTCCTACTACGGCAATCGGTTCTTT
YKL077W.S1_st	162	120	CCTAGCAACATAGTCAAGTCGGTTA
YKL077W.S1_st	211	136	CTAAAGCTAGGTGATGTTATGCCAT
YKL078W.S1_st	43	243	TTCGACGGGGCCATATTACATGTGC
YKL078W.S1_st	101	7	CTTCAACAGTGATTACGTCGGCGAC
YKL079W.S1_st	5	309	TTTTTCAGGGAGAAGACCTTCGACT
YKL079W.S1_st	158	70	CTACGCTTGTCTAACGAGTCGAACT
YKL080W.S1_st	33	236	ATCTTGTTAGAAACGCGCAGGTCAA
YKL080W.S1_st	44	127	TTCTTGCAACATGGTCGTAGACGGT
YKL081W.S1_st	98	316	CCAAGACCCTTGTGATGTTGGGACT
YKL081W.S1_st	156	253	CGTGGGTAACCTTCGAAATCCTTTC
YKL082C.S1_st	85	125	ATAAGCTACTACCACGTTCCCGGTG
YKL082C.S1_st	130	314	ATCTTGCTTCCCAGGCCGATTCTTA
YKL084W.S1_st	188	314	TTCTCAATTCAAGAGTGGGCGATCT
YKL084W.S1_st	245	104	TCATGATACGCACGAAACTTACGGT
YKL085W.S1_st	54	131	CTTTCTCTGCAGTAGCTCGGAAGGA
YKL085W.S1_st	139	6	TTTCTTACCACGACCGAGACGATGC
YKL086W.S1_st	47	6	TTTAGGCGTACATGGACCCGTCGTC
YKL086W.S1_st	95	125	ATATAATACGGAAGCCGCCGACGGT
YKL087C.S1_st	161	315	CTTTGACCTATATGGGCAGCCTCTT
YKL087C.S1_st	307	254	CTCTCCAAAGGTGGTATGGTTCCTG
YKL088W.S1_st	168	111	TGACTGGGGTCACAACTAACGCGGA
YKL088W.S1_st	255	121	ACTAACGCGGAAACAGTCGATTGTG
YKL089W.S1_st	63	243	TTATGGCCGTAAGTTGCTCATGCGC
YKL089W.S1_st	78	242	AACTAAGGTCTTCTAGGGTTGCTCC
YKL090W.S1_st	169	119	CGCCCTAGAGTTTCCAAGCTGACGT
YKL090W.S1_st	237	123	TCTCCATAGGTGTCGTAGCCGCCCT
YKL091C.S1_st	158	50	ATAACTTTGAAGCACGTGACACGAC
YKL091C.S1_st	288	128	CTCTGGGATCTATGTAGCCTGGTCT
YKL092C.S1_st	182	253	ACTGCGAAGGTTTGAGCGTTCCATT
YKL092C.S1_st	230	254	CTCCTTTGGAGGATTGCGTCTACAA
YKL093W.S1_st	99	5	CGTCGGTCATGTTGTCGTTGTCAGA
YKL093W.S1_st	212	110	CTGTCAGATATGGTCTCGAGAAATC
YKL094W.S1_st	117	253	CTTAATTTCGACATAGGCCCGCGTT
YKL094W.S1_st	240	256	ATTCGCCTATATAGCCCAGTCCGGG
YKL095W.S1_st	96	257	TAACGTAAATCTTGTCTGGGGCCAT
YKL095W.S1_st	232	126	TAAACTGTTAGTGTCCGTCGCATGG
YKL096C-B.S1_st	142	257	TGTTTCTATCCTTTTCCCTACCGTT
YKL096C-B.S1_st	301	118	CTTTTACTACTTGTTCTTCGGACTA
YKL096W-A.S1_st	175	122	ACTTTTACCACGACGATTCCGGCGA
YKL096W-A.S1_st	182	121	CGATTGAAACAACGGCGACTTAGGC
YKL096W.S1_st	35	123	AACTCCGTTGATAATGGCTACTGCC
YKL096W.S1_st	40	251	CCGTGAAACTTTGAACCGTCGCCAT
YKL098W.S1_st	193	129	CATACCCGCGAACCGAGTTTGTGTT
YKL098W.S1_st	203	133	ATGATTCATTTCAGCACGGCGGGCA
YKL099C.S1_st	288	256	CTTCAAAAAGTTATGGTGGAGGCTC
YKL099C.S1_st	314	162	TTCGTCGTGAATGTCTCCCTTTGAG
YKL100C.S1_st	41	113	ATACGGAACGAACCACTACTACATT
YKL100C.S1_st	158	13	TTCACCGTGGAACTAGTACTACTGT
YKL101W.S1_st	37	6	CGATGATTCCGTAGGTTCTTAGTAC
YKL101W.S1_st	121	248	CATTAAGCTTTACGGCCTGCAAGTA
YKL103C.S1_st	18	101	CGTAGTCTCGACGATGTCCCAGGTT
YKL103C.S1_st	270	255	CCACGAGCATGGTATCTGGACCCTT
YKL104C.S1_st	5	256	AACCGGAACCACCTGCTTTTGAACG
YKL104C.S1_st	64	316	CGAACTTCAATTAGGGCCCGGTTTA
YKL105C.S1_st	158	23	CTTACGATGTCGGTGTCGTCGTCTC
YKL105C.S1_st	230	123	TCTATTCAGCGTACTGGCAGTGCCA
YKL106C-A.S1_st	202	112	CGCACGTTTTGAGTACCTTCGGTAG
YKL106C-A.S1_st	304	126	TCTGCCGCACGTTTTGAGTACCTTC
YKL106W.S1_st	16	253	CTTGTACCCGGAAATACCACTTGCT
YKL106W.S1_st	158	93	TCTCTAACGTAGTGCAGTCTGTCCT
YKL107W.S1_st	135	256	CTTGGGACCCGACTAGTTTTGCTTG
YKL107W.S1_st	246	314	TTCAAAAGTATCGTCCCAAAGGTCC
YKL108W.S1_st	51	115	GTTCGTCGCCGCAACATTCGAGTCT
YKL108W.S1_st	280	130	CTTCTGGTGACTGCTTTAGGGACTA
YKL109W.S1_st	192	253	CTCCTTTGGCATAGAAGTCCCGTTC
YKL109W.S1_st	207	130	CTACTGCTGATGTGGTTTCAAGACT
YKL110C.S1_st	33	123	TCTCGGATTGAGTTCGTTGGCTACC
YKL110C.S1_st	93	248	GTTCTCAGTAACAAAGGCTTCCCTA
YKL112W.S1_st	80	127	GTTGGAACCGACTTCATCTGCGAGT
YKL112W.S1_st	274	133	CCACTACCGGTATTGTTAAGCAGCT
YKL113C.S1_st	148	279	TTATTTGAACTTTACCAGCGGTGGT
YKL113C.S1_st	249	117	ACTCTCCTGAGCTGAACTGTTATCT
YKL114C.S1_st	138	6	CTTAGCCGCAAACGTATCTATGTAC
YKL114C.S1_st	285	110	CGCGTGAGACTTATGGACGTCCCAT
YKL116C.S1_st	218	120	CGGTAAATTCGCTGTGCACCCGGAA
YKL116C.S1_st	297	132	CCTCAAGGGATGCTACCGGTAAATT
YKL117W.S1_st	36	115	TTCGACTTCCATTACTACGGCGAGT
YKL117W.S1_st	192	119	CTACGGCGAGTTCCTTACCTAAAGT
YKL119C.S1_st	119	314	CCTCAAGCTTAAGTTCGGGTTCCGG
YKL119C.S1_st	287	134	CTAAACAAGGACTTCGCTGTGCGTT
YKL120W.S1_st	164	123	ATTAACCACGTCAGTAACCGAGAGG
YKL120W.S1_st	274	241	AACGGCAGCAATACTTGGGTACCCT
YKL121W.S1_st	6	3	CTTTCATGCTCGAGGTGCCACAAAC
YKL121W.S1_st	307	253	CTCTCAAAGATGGTGAATAGGCTTC
YKL122C.S1_st	38	130	CTAATGAATCACGTAATCCGGGTGC
YKL122C.S1_st	245	243	TTTTCTCGCTAGGACGCCGATTCTT
YKL124W.S1_st	43	253	CGCGTTTGATCATTCGGGGACACCA
YKL124W.S1_st	315	31	AACGGTGGTTCTATACGACTGTGAC
YKL125W.S1_st	157	253	CCCGGTTCTTTGATAGGTCTTGAGT
YKL125W.S1_st	262	254	AACGGGTTGTTCTTTCGCAGCGCAT
YKL126W.S1_st	102	315	GTCTATGAAAAACACCCTGGGGTCT
YKL126W.S1_st	278	120	CTAATAACTCGGCACTAGGCTGTTC
YKL127W.S1_st	124	5	TCCAATAGGCCGTGTCCGTCAAGAC
YKL127W.S1_st	269	121	ATACCGGTTTGTCGACTGCAGAAGA
YKL128C.S1_st	85	304	ATTTCAGCAGCGACAGCAGCACCTT
YKL128C.S1_st	217	129	CTGTGGTCACAATCGCCTCTGCGTT
YKL129C.S1_st	213	253	CCATAGCTACGGTGGAAGTTTTCCC
YKL129C.S1_st	265	126	TTTATGCCACGGACAACGTCGCTGT
YKL130C.S1_st	112	1	TTAATCTGGGTCTCCGCCTAAGCAA
YKL130C.S1_st	314	137	ATTCGACTCGCGGAACCTGCTTCTT
YKL132C.S1_st	99	4	GTACGTCGGCCTAGAAGTTTCACAG
YKL132C.S1_st	270	254	ACCTAGGTTAGGGATCTTGGCCACT
YKL133C.S1_st	121	129	ATGATCGCCTATCAGGAGACCTGCT
YKL133C.S1_st	231	129	CTTAAGGACGAATGTCATGAGCCGA
YKL134C.S1_st	221	115	CTACAAAATCTTACGGGGTACGATC
YKL134C.S1_st	260	253	CTAACCGTTTGTAATGCCCTGACCT
YKL135C.S1_st	93	225	AAAGCCCGCCGTTATATCACAGTGT
YKL135C.S1_st	200	125	CCTCTACGGAAAGCTACGGTTTATT
YKL137W.S1_st	52	130	CTTGTTGTCCGAGCGTTCTTGAACT
YKL137W.S1_st	166	130	CAGGAGCGCTTCTTGTTGTCCGAGC
YKL138C-A.S1_st	58	111	TAGTCGAACGTGTGCTTGAATCTCT
YKL138C-A.S1_st	158	38	CCGTCATATTAGTCGAACGTGTGCT
YKL138C.S1_st	16	251	CATAAGTATTCCACGGGTTCACCTG
YKL138C.S1_st	176	136	CCAGAGGTGCAGGTTTCTACAGTCC
YKL139W.S1_st	52	256	ATTTATCGACCGGTTGCGAAATGCT
YKL139W.S1_st	152	255	CCATGTCTGGTGGTCTTGATAACAA
YKL140W.S1_st	15	119	CTTCTGTTGAGTAGGTTGCGTACCA
YKL140W.S1_st	93	129	CAATATCTTGAGTGAGCCGTCTGGC
YKL141W.S1_st	30	244	CTTACCAGGTAGTTCCCAAGGAAAC
YKL141W.S1_st	238	130	CTGTGAACTAGACCCTATGGCGATT
YKL142W.S1_st	168	138	CTTTCTAACGGTGGTTGAGATTTCC
YKL142W.S1_st	260	116	TACTACTGCAATATCGCGGTGACGG
YKL143W.S1_st	191	104	AGTTCACGGTAACGCGCATGTCTCT
YKL143W.S1_st	239	129	CCTAAAAGGTACTCAAGTTCACGGT
YKL144C.S1_st	170	1	ATAATTGGCAGCTCCTTCCGGTTAA
YKL144C.S1_st	243	128	GTTTGACTACCGTACCCTGAGCAAT
YKL145W.S1_st	73	131	CTTTAGCTGCGACAACCACCACGAG
YKL145W.S1_st	177	256	CCGAGCATGGTTTTTCCGAACGTAA
YKL146W.S1_st	69	127	TACGGCGAAAACCTAGACTGCACTT
YKL146W.S1_st	90	314	CTTCCATATCCGGATGAATAGGGGT
YKL148C.S1_st	144	123	TTTCCTTAGGGCACCACGAGTACGT
YKL148C.S1_st	185	136	AGCGACGGGGTCACTGAAACTTTAT
YKL149C.S1_st	154	129	CTTTTGATCCGTCGGGTCACTGGAC
YKL149C.S1_st	224	253	CTCTGTGCCAAGAACCGCAACCTGT
YKL150W.S1_st	14	255	CACTCACTAGAAAGGGTCTTCCCAG
YKL150W.S1_st	244	135	ACCCTTGTTCTGAGGAGTCCTGTAA
YKL151C.S1_st	260	311	TGGCACAGCCACTTCACAAGCGGTT
YKL151C.S1_st	298	123	CTTACGAGGGCGGATCCTAAATTCC
YKL152C.S1_st	197	300	AATGATGAACCTGGGTCTTCGACGG
YKL152C.S1_st	202	121	ACCATTCTGGCAGTACTAGCGGCGA
YKL154W.S1_st	81	248	CCTAATGCTACCAAGGCCGCAGTGC
YKL154W.S1_st	187	137	AGGGTCCGGTACAGTTCAACGCAAT
YKL155C.S1_st	50	129	CGGAGTCGCCGGTTTTGTGTCTAAT
YKL155C.S1_st	159	15	AATACACGCGGTAGTCCTCTTGAAC
YKL156W.S1_st	9	1	GGGTTGACCACCATTCCGTTTCGAA
YKL156W.S1_st	248	136	CCGTTTCGAAAGACTCCCATGTAGA
YKL157W.S1_st	20	251	ATCCGAGGCAGCAGTGTAATCCATG
YKL157W.S1_st	283	132	ACCAGAAAGTTACGATCCGAGGCAG
YKL159C.S1_st	177	314	CTTTTTTACAAGGACTATAGCGGGG
YKL159C.S1_st	243	126	GTCTACGTTAATCGCCTGGTGCAAT
YKL160W.S1_st	57	126	GTTAAGACCGGCACCTTCACTGTGT
YKL160W.S1_st	63	130	CTGCGGCAGCTTCTTCAGTTAAGAC
YKL161C.S1_st	158	315	TTATGAACCTTGTGGTGGACTCCTT
YKL161C.S1_st	233	131	CTAGCAAACTTTCGTATGATGGACC
YKL162C.S1_st	37	118	CTCTTCGTGTGAAAGCAGCGTCTTA
YKL162C.S1_st	84	129	CTAGCTAGGGTACATTCAGGACCAT
YKL163W.S1_st	14	251	CATTGAATCGAGAACCACTGGTCCT
YKL163W.S1_st	95	128	CGTAGATTTTGATGGTCACCGCGAT
YKL164C.S1_st	13	251	CATTGAACCGGTAGCCACTGGTCCT
YKL164C.S1_st	97	113	ATGATTTTGGTGACGACGACGACAA
YKL165C.S1_st	58	129	CTTCATGAGCCAGTACACAACGATT
YKL165C.S1_st	90	249	CTTTAACTATTAAGGGATGCCCGAT
YKL166C.S1_st	37	123	ATACTTTACGAACGGCCTATGTGAG
YKL166C.S1_st	257	115	TGTGGTCTAATGTATCGCGGCCTTC
YKL167C.S1_st	82	120	CTCTAGTATTCTCAACCTGGCGTTC
YKL167C.S1_st	283	131	CTAAAATAGAGTACTTCCGAGGCAA
YKL168C.S1_st	13	3	ATTAACCTAGTCTCGGAATGCATCG
YKL168C.S1_st	152	311	ATTTCCCGGCTAATGTAGGCAATCT
YKL170W.S1_st	224	121	CCAGATTTGTCGCATTGTACACGTC
YKL170W.S1_st	309	134	CCATTAGCTGTTAAGTCCACGTGTT
YKL171W.S1_st	132	253	CTTGGATCCAATGCGAGAGACTAAT
YKL171W.S1_st	242	129	CTTGGATTCGCTCCGGTAAGTGCTA
YKL172W.S1_st	57	311	TTTGCGATTCATACCGGTTCCTCCG
YKL172W.S1_st	288	313	TTCCAAGCTATCTCCGTCCGGATTG
YKL173W.S1_st	115	127	TACTTCAACTGTAGTGCCAGGTGCG
YKL173W.S1_st	313	133	GTGGTAACAACCTCCAAGCACCTGT
YKL174C.S1_st	63	314	CTTGTATGAGATTTGAGCCCTTGGT
YKL174C.S1_st	200	128	TTCCGAGGTTAAGGGTCACTACGCC
YKL175W.S1_st	267	116	TACTTTGTCAGGGTATCGAGTCCGT
YKL175W.S1_st	315	166	ACGGCAAGAGCCACCACCTAGAGTT
YKL176C.S1_st	63	126	AAAGGACACCGTTCTAACCGTTCGA
YKL176C.S1_st	233	96	CGTTCGTACAGGACGACCAGTTCTT
YKL178C.S1_st	110	236	ATTTGTTCGACAGGAGTGCGTTTCT
YKL178C.S1_st	305	121	CCATGTGGTTATAGTGTTCGCGTAA
YKL179C.S1_st	57	3	GTCCGCAACCAAGTCAAGTACCGTA
YKL179C.S1_st	304	119	ATCGCCGATGTACTGTGGACTCCAA
YKL180W.S1_st	118	3	CGACGGTTGCGACTTCGATTTCCAA
YKL180W.S1_st	316	120	GGTAGCCATCTTGACGAGTTCCATT
YKL181W.S1_st	125	128	CGCTTGCGTATCGACCCAGGTTCTT
YKL181W.S1_st	265	313	TTTGACGATCCTAGGCATTGCCGGT
YKL182W.S1_st	35	253	CTGACCGAGGCTTGGATAGTTCCTT
YKL182W.S1_st	277	127	TTCTTTAGACGACAGTTCGGAGCGG
YKL183C-A.S1_st	23	2	ACGCAGCCGTAAAAAGGTTTCATTT
YKL183C-A.S1_st	164	113	TCTACAGATACAAGAACGCAGCCGT
YKL183W.S1_st	168	118	CTCCCACGCGTTCTAGAGTTGCGGT
YKL183W.S1_st	215	111	GGCACGCGTCGCACCTTAACTGATA
YKL184W.S1_st	163	115	GTTGCCGAAACTCGTCTGACGCCTA
YKL184W.S1_st	203	253	CTAAAACTTAGGTGATGACGCCAGG
YKL185W.S1_st	192	255	CCTCCGGTAGCACCAGCGGTTCTTT
YKL185W.S1_st	316	116	GTTCTCACACGCACAGCACAGTAAG
YKL186C.S1_st	176	255	CCAGCATGTTTGTGTTGTACGGGAT
YKL186C.S1_st	192	117	TCATCTGATAGTGCGATAAGGCCCT
YKL187C.S1_st	235	135	ACGCAACAGAAAATAGCGGTGTCCT
YKL187C.S1_st	250	253	CTTTATTGGCGATAGCTGTTGTCAT
YKL188C.S1_st	25	95	CTTACATGTAGACGTCATCGGGGTC
YKL188C.S1_st	158	56	CGCTTAGTGTAGTGGATGTCCCGTC
YKL189W.S1_st	63	128	TTACGTAGGAGTTCATTGCAGCGGT
YKL189W.S1_st	188	253	CTTTAACTAAGGAACGGCGCATATT
YKL190W.S1_st	175	136	CCACGACGAGGAAGGTTTTAACACC
YKL190W.S1_st	202	246	TTGGGAGAACGACCTGCATATTACC
YKL191W.S1_st	34	315	TTCTTCCATAAAGGCCACAGCGTGC
YKL191W.S1_st	135	125	CTTCGCTAAAGCTGAGATGACTCCA
YKL192C.S1_st	176	133	ACGCATGGCGTGATATTACCCGGCA
YKL192C.S1_st	269	117	CTTTAGGGACTGTTTCACCGACTAC
YKL193C.S1_st	91	1	CTGGTAAATAGACCTCCCTTTGGGA
YKL193C.S1_st	312	130	GTTAGGAAACTCTCGAACCCACTTT
YKL194C.S1_st	67	128	TCTAAGATTACTCCCGGCAACCGGC
YKL194C.S1_st	119	2	CTTCGGCTGCTGTACCTTGGTCAAG
YKL195W.S1_st	59	130	CTTTTATGGGGCTCGTAATACGTCT
YKL195W.S1_st	289	235	ATACCGGGTACCTGGGACACCACTT
YKL196C.S1_st	86	123	TGCCAGCGAAGATCTTGACCACGTC
YKL196C.S1_st	165	123	ATGTAGCCACATAAAGCGAGACCTC
YKL197C.S1_st	70	126	AAGTCATAGTTACTCGTGCCCGCAT
YKL197C.S1_st	238	126	CTATCGCGTAACAATTCTGGCCCTT
YKL198C.S1_st	114	3	TGGTGATGCATGCTCTTAGGCGCCC
YKL198C.S1_st	263	97	CTTGCCTGTACGTAGAGCGCACCGT
YKL201C.S1_st	106	119	CATATGCTCCTGATACGAATACGGT
YKL201C.S1_st	310	123	ATAGGCTGCAATTGTCTTTCCCATA
YKL203C.S1_st	26	228	CTGGCGGTGGGATCATTAAACTACA
YKL203C.S1_st	124	117	CGGTAAGCTTTACGTTCCCGGTACA
YKL204W.S1_st	18	314	CAATGTTTGGTCAATGGTGGTCCTA
YKL204W.S1_st	263	128	TTAAAAGGTGTTGCGTACTACGGTG
YKL205W.S1_st	159	226	ATATGCGGCGTTCTCTAGGTCCTTT
YKL205W.S1_st	298	111	CCTGGACGAACCTATTACTGCTGTA
YKL206C.S1_st	13	129	CTTCGCTCCTGAAAAACGGTATGTC
YKL206C.S1_st	190	117	GTTCTATAGGCAACTAGTCGGCTAG
YKL207W.S1_st	111	3	CGTACGCTACCGATTGCTAAACTGA
YKL207W.S1_st	117	130	CTGGCCATAATAGACAGTCCTGGAC
YKL208W.S1_st	111	130	CTGTTTGAGTCGCAACCCAGTGACA
YKL208W.S1_st	307	132	CAAAGTCTGTCAAGTCCTGTAGGGT
YKL209C.S1_st	40	255	CTCTAGCAGTTTTTTCCAGGTGGAC
YKL209C.S1_st	292	219	AGTGGAGTCCCGAACCTATGTGCAT
YKL210W.S1_st	205	128	CTTTGACGACTAGCGGTTTTCTGGT
YKL210W.S1_st	222	254	CCTTGGTTAACGAAGTGGTTTCCCT
YKL211C.S1_st	117	251	CCCTTAATGGTGGTCCCTGCTACGA
YKL211C.S1_st	217	136	CCCTGGACGTAAGTAAGTTGCATCT
YKL212W.S1_st	139	4	CGTATAAGCCCGTGACCTCGAAACT
YKL212W.S1_st	140	6	GTTACTAGTAAACGCGTCGGAACTG
YKL213C.S1_st	74	131	CTTGAAAACGGATAGCATCGACTGC
YKL213C.S1_st	304	120	ATCGACTGCGGTAGTTGTGGTTCAT
YKL214C.S1_st	171	137	AGATCTTACTTACGGGTGTTGGCAG
YKL214C.S1_st	220	253	CTTCTCGGAGGAAACGGATTCTCTT
YKL215C.S1_st	102	253	CTAAGTAGTAATTTTGGGGACCACC
YKL215C.S1_st	173	128	CCTCTATGGGGCAAGACAACTTTCT
YKL216W.S1_st	129	126	TGTAGGTATCTAGTCAAGGCACCCT
YKL216W.S1_st	149	247	TTATACAATTCGGTTGGCGCGAGCG
YKL217W.S1_st	64	7	TCGCCGAAGGTGCTAACTCTGTGTC
YKL217W.S1_st	108	5	TCTCAACCGGGGACGACTACGTTCC
YKL218C.S1_st	63	5	TTACGTACGTGAAAGAACGCCTTGC
YKL218C.S1_st	240	131	CTAACCCGCAGTTGATCGTCGGCTT
YKL219W.S1_st	216	134	CACCTCGGGACTATTGAACCTTGTA
YKL219W.S1_st	314	130	CTTCGCGTTAACTGGGCGTTTGTCC
YKL220C.S1_st	26	129	CGCCGACGACCTTTTGTTAGACATT
YKL220C.S1_st	40	4	ATGAGTGACCTCCATGGCCAAACGG
YKL221W.S1_st	93	7	ACTATAACGTGGAACAGTACCGGTA
YKL221W.S1_st	117	108	ATAGCACGTACCACTCACAGCCGAG
YKL222C.S1_st	25	3	ACTATGTCGATAAAGGCCCACCTCA
YKL222C.S1_st	75	248	CTCTGAAACTCCCAGGTGTGTTATT
YKR001C.S1_st	233	253	CTTTTTAATGTAGGAGCGGTTCAGC
YKR001C.S1_st	315	120	GGTAGCAGATCATTCCGCGGTCAAT
YKR002W.S1_st	44	4	CTTGCGGGAATTTGACCATTGTCTA
YKR002W.S1_st	305	134	CCGTGTTGGCGTCGACAACTGCATT
YKR003W.S1_st	61	249	CTGCTCCTGGGACTCTTCGTTTATG
YKR003W.S1_st	245	256	TTTATAGGGACAGCTGCTCCTGGGA
YKR004C.S1_st	161	117	CTTGCATACGACGTCTAACCGGAGG
YKR004C.S1_st	285	129	CTTAAAAGTTCATGTCGGACGCCTA
YKR005C.S1_st	205	112	ACCACTTAAGTATAGCCGCCGTAGA
YKR005C.S1_st	279	116	TTCTAAAGACTAGGTCCGCGACGAT
YKR006C.S1_st	11	122	ATACTTGACTGGTGAAATTCGTGTG
YKR006C.S1_st	285	120	CTCAACTTCGAACGCCAGAGGAGAC
YKR007W.S1_st	201	133	CGACAACATCTTTGGTAAGGCCGCT
YKR007W.S1_st	237	315	CTTTAAAAGTCGGTCAGGGTCCATT
YKR008W.S1_st	98	257	TTTAAACTGTTAGCCGCCGCCGTTG
YKR008W.S1_st	104	126	GTGTGGTACCTCATATTCGGGATAT
YKR009C.S1_st	105	126	GTAACATAACCTATTGCGGCGACAT
YKR009C.S1_st	315	132	CCCGCGTGTACATGGAGGTCTTTTC
YKR010C.S1_st	221	116	CTAAGACTAAGCTCCTTGCACGTTC
YKR010C.S1_st	304	254	CCCTTTGGCGGTTTACGTCGAAGCT
YKR011C.S1_st	12	251	CTTTGAAAACTGAACTCTCGGACCA
YKR011C.S1_st	276	131	CCTTTTATCAAACCGTAGCACGAGT
YKR013W.S1_st	96	1	AACCGTGAACCAATGCCATGCTGGC
YKR013W.S1_st	261	131	CTAACAAGTCCGTTGGATCAGGTGA
YKR014C.S1_st	169	122	AATACAGTTCTTTGCGGATCGTGAC
YKR014C.S1_st	178	132	CTGTAATTAAACGTTTCCGGTAGGT
YKR015C.S1_st	84	253	CTTCTTGGACCATTCGTGAGCCTCT
YKR015C.S1_st	244	126	CGGTATTTCTCCTTCGCGTGCCAGA
YKR016W.S1_st	61	130	CTGACGACGAGGACGTTTTTCCCAT
YKR016W.S1_st	226	126	TTTAGAACAACGCTGCTACCGCTGA
YKR017C.S1_st	100	256	AAGACAACCTAAACACTCCCGGGGA
YKR017C.S1_st	245	127	GGTTGCGTCACCTTAGCGATAGCCT
YKR018C.S1_st	60	249	CTTTAGGGCGGTAACTTCGAAATCT
YKR018C.S1_st	231	126	TTGACTTCTAGGTACCCGGATAGGC
YKR019C.S1_st	28	126	TCTATCTATACGAAGGTGGTGCCAA
YKR019C.S1_st	147	254	CTTTTGAAGGGTTACAACAGCTCGT
YKR020W.S1_st	23	124	TTTTCGGTCGCTCCGAGTAAGACCC
YKR020W.S1_st	299	312	AATCAGTGTTTTTCAGGGACTCCCA
YKR021W.S1_st	214	111	GTAACCGGTCGTAACTCCTCCTGAG
YKR021W.S1_st	257	122	ACAGTTGGTCACGAGGCTCACTCTT
YKR022C.S1_st	116	256	AATCATCATATGGTTGGGCTCCTCT
YKR022C.S1_st	229	251	GCCATGAAAAGGGTCTGCTACTACT
YKR023W.S1_st	103	127	GTTTCGTACCCTAATGCTTGCACTA
YKR023W.S1_st	114	113	GTTCACCTGGTTTTACGTCTGCGTA
YKR024C.S1_st	159	91	AGTACACTCCCGAATGCGTTGCGTA
YKR024C.S1_st	231	257	ATCTCAACCAGCATGTCGTTCCCGG
YKR025W.S1_st	260	134	CTATATTTGGGTTCAGCGTGGATAC
YKR025W.S1_st	315	254	ACATTTCTCGCAGTTGCTGGGAAGC
YKR026C.S1_st	16	126	AAGTCTACTAGATGGATACCGGCCG
YKR026C.S1_st	230	109	TCTTCTACGTAACGCACCCGGGTGC
YKR027W.S1_st	35	312	AATTAAGAGGAATGCCCGTTCGACC
YKR027W.S1_st	258	118	CTCACTCACTGAATGGGCTACGTCA
YKR028W.S1_st	159	69	CCTAGGATTACTACTACCGGTCAGT
YKR028W.S1_st	169	111	ATCCGTGGTCACAACTACTAGCTTA
YKR029C.S1_st	148	244	GTCTTCGAAGCCAATTAAGTTCCGC
YKR029C.S1_st	158	229	TTCCGTTTGACGTTTGCTACAGCTT
YKR030W.S1_st	39	118	CACCCGCTCTCTACTAGGAAGGAAA
YKR030W.S1_st	182	1	TCACCCGAATAACAAAGCTGCAAGT
YKR031C.S1_st	287	255	CAAAAACTGTTTGTATGCCGCGTCT
YKR031C.S1_st	313	255	ACCAGTAAAAGGGTTGGCTTACCAA
YKR034W.S1_st	28	127	TTCTCTGACGAATGTTGACCACCAC
YKR034W.S1_st	147	249	CTCGCCCAGGTAATTCGGTGACAAT
YKR035W-A.S1_st	96	238	ATGTTTGGCGGCAGTGCTACTCCGT
YKR035W-A.S1_st	159	107	TTAAGCCTACGGTACGACCACCTGT
YKR036C.S1_st	247	309	AAGGTGACCCTAAATTGCTGCCCGT
YKR036C.S1_st	283	112	CTGCCTAAAGACTAGTTACCCGTGT
YKR037C.S1_st	264	130	CTTTTTGGCTAGTAGGTACACGGGT
YKR037C.S1_st	275	117	GTTTCGTAATAGTCGGCACAAGTTC
YKR038C.S1_st	104	127	TGGCTACTTCATATGCGTCGGACCG
YKR038C.S1_st	284	137	ACTTCTATGGATTACTCGGGAGCGG
YKR039W.S1_st	25	255	AAACAACGGCGGAGGTTTTTCCTTC
YKR039W.S1_st	46	118	CCCAACAGTAGAGATAAGTGTACCC
YKR041W.S1_st	11	126	TTGTCTGATCTGAACTAAGCGGCGC
YKR041W.S1_st	302	254	CACCGTGGGCCTGTTTGTAGCAATA
YKR042W.S1_st	38	315	CTTTTGTACCAGCAAGGATGGCATC
YKR042W.S1_st	209	136	CCTCCTGAGGATGATAGTTACCGTT
YKR043C.S1_st	29	236	TAAACAGAGTGGTGGTCTCCTCCTT
YKR043C.S1_st	54	115	CTGTAGTACCAGAAACGCGTGCCTG
YKR044W.S1_st	44	6	CTTCGACTCGATAAGGACCTCGTCC
YKR044W.S1_st	256	119	ACTCCTGTGGATACTAATGCGTTTC
YKR045C.S1_st	35	303	ATCCCGACCGGGGTGTTCTCAATTC
YKR045C.S1_st	181	122	ATTCGCACGACTCAACCTAGGCCTA
YKR046C.S1_st	180	308	ATTTCGGTAACATAGGTGGCCCAAC
YKR046C.S1_st	247	133	CATGCTGCGGTATCACTTCGGGTGT
YKR048C.S1_st	170	242	TCTGCTAAAACGACCGTCCGGCCTT
YKR048C.S1_st	213	256	CCTGAAATAGATGCTGGTGCGTCTT
YKR049C.S1_st	247	108	TGCACCCTGGTCGACGTTATGTACT
YKR049C.S1_st	293	122	ACTCGGGCGTCTGTAACTGTTCATG
YKR050W.S1_st	289	135	ACATAGATGTTTCAGGTTCGGCTTC
YKR050W.S1_st	304	128	TTAGGCTTCTCGCTCTGTGACATAG
YKR051W.S1_st	172	123	ACGTACGTCATCGAAAGGGAACCTT
YKR051W.S1_st	191	121	ACAAGTGCTGATGTGCTACCCGGTA
YKR052C.S1_st	201	127	TTTCGAGCGGACTATTCGGGACTTC
YKR052C.S1_st	205	119	CTACGTAACTACTTGGGGAAACTGT
YKR053C.S1_st	84	257	CCTTCCAAAGAGTATATGCGTCCAT
YKR053C.S1_st	145	125	CGACCTAAATAAATCGCCGCGGCGT
YKR054C.S1_st	167	128	CATAAGACGCCGAGCCTGTTAAACG
YKR054C.S1_st	221	136	CCACCGATCGAGTTGACTTGTTGAA
YKR055W.S1_st	118	1	GTCGCAGAGATAAAGGCCTTGCTTT
YKR055W.S1_st	167	122	AAGTCGTCTTAGGAACCGGTTCGCA
YKR056W.S1_st	79	5	CGTTCGAGGGCGATTTCCACTACTA
YKR056W.S1_st	268	118	AACCTAGGTGGTGCGTTCCCGACAC
YKR057W.S1_st	32	239	TTCCTGCACGATAGGGTCCACTCAT
YKR057W.S1_st	162	133	ACTTCTTCCTGCACGATAGGGTCCA
YKR058W.S1_st	38	3	CTTAAAGAAGGCCTGCACATGCTCA
YKR058W.S1_st	257	129	CTTCTTTCGGTGGAGCTACTATATT
YKR060W.S1_st	93	257	TGACGAATTCGCAGTCCCAGCCAAT
YKR060W.S1_st	219	266	TCTCAAGTGGTGAATGAAGGCCTCC
YKR061W.S1_st	141	67	CTAGAGTTACAGTAGTCGACGGACT
YKR061W.S1_st	202	130	CTTCTATGTTAAGGCTCGGATACCC
YKR062W.S1_st	53	250	CTATCTTATCTCAAACTGGGGTTCT
YKR062W.S1_st	161	314	TTCTGAACTTTCTGCCAACCGGTGT
YKR063C.S1_st	25	125	ATACGACCGGTTTGATCTCTGACTT
YKR063C.S1_st	291	132	CTCCTCTTGTCTCGATGTGGTCATT
YKR064W.S1_st	82	254	CTTGTTCATCGACTTTAAGGCGTTT
YKR064W.S1_st	240	117	CTAGTGCGGTCAAGTGTTAATCGAT
YKR065C.S1_st	76	130	CTCTAACAGTGCGAATGCGTTTCTT
YKR065C.S1_st	297	112	ATGGTCACGGTAATCTAACAGTAGC
YKR066C.S1_st	160	313	TTTCTCAAAGGGACCTAGAGGAGCC
YKR066C.S1_st	213	127	TGCCCTCTGACGGACTGCGACTATT
YKR067W.S1_st	262	134	CACATGTTAGATCTTCGGCGAGAAG
YKR067W.S1_st	293	127	CGAAGATTGCGGGATAGTTCTCACT
YKR068C.S1_st	101	130	CTTGACCAGCGTATTGTTCCTATGA
YKR068C.S1_st	207	135	ACCTCAATGGGTACCTGCGATACTT
YKR069W.S1_st	134	119	CAGGGGCGACGTTAACAGCTCTCTC
YKR069W.S1_st	163	1	CGGGACTGGTCGCACAATGATCTTG
YKR070W.S1_st	70	7	TAGGAGTACTAACCCGACGGCTATA
YKR070W.S1_st	91	3	CCACGGAAGGCGAATGATCAATCTT
YKR071C.S1_st	130	6	CTATGGTCGCTACTAAGGTAACTTC
YKR071C.S1_st	171	312	ACTTGGTTTTCAGATGGCTCAGCAT
YKR072C.S1_st	198	314	TTTTTAACGAAACCCGGACACGCTG
YKR072C.S1_st	237	132	ATATCTTGATGCAGCGACCCGCCTA
YKR074W.S1_st	6	123	AAATTTCTATATGTGCGTGCGTGTA
YKR074W.S1_st	290	129	CGTGCGTGTACCAAGGTTCTGCCAA
YKR075C.S1_st	23	256	ACTTCAAATTGGTTCGGCACTACTT
YKR075C.S1_st	124	313	CTTTATAGCGGCCAGGTCTTGGTTT
YKR076W.S1_st	29	131	CACATATGTTCTGGCCTAAGCGTCT
YKR076W.S1_st	39	120	CTACGGAAGTCCATGTGTTGTCTAA
YKR077W.S1_st	130	251	CCCATTAAGGCGGTCATTGTAGTAT
YKR077W.S1_st	162	255	CCGTGATGCTTTTGAACAGAGGTCT
YKR078W.S1_st	215	130	CTTCTGGAATTCTATGCGTGCCGTC
YKR078W.S1_st	264	137	ATATTGGCACAATTCGTCTCGACCC
YKR079C.S1_st	234	128	GTTCCAAAGTATAAGTCCGCTATGT
YKR079C.S1_st	236	106	TTAGTCGATGACCTCCTACGGCACT
YKR080W.S1_st	115	256	TTTAGCAGCCATCTGGTGACCGCCG
YKR080W.S1_st	172	113	CGATAATCGGTTACTGCCACGGTGT
YKR081C.S1_st	101	127	TTCTTCTCAAGCAGTCACGGTGACT
YKR081C.S1_st	274	132	CTACCACTCGGTAACGGCTTGCAAG
YKR082W.S1_st	90	128	CTCTCGAATAAGTATGGCGATTCCG
YKR082W.S1_st	113	128	TTTTATTACTAAAGGGGAACGGGTC
YKR083C.S1_st	56	128	CCTACTTCTAGACCATGGGAACGGC
YKR083C.S1_st	130	116	CTTACGCCTAAGTCACCGGGTTAAC
YKR084C.S1_st	189	121	AAGTAGCCTCAGTTCCTCGTTGGAC
YKR084C.S1_st	248	255	AGTCCAACCAAGAGTTGTCCCGGTT
YKR085C.S1_st	159	310	TTTTGAGGACACCATGGTCCGCACT
YKR085C.S1_st	174	244	TTTTGGATAGTAGACCCTGGAGTTC
YKR086W.S1_st	191	133	CTCTGTAAGCTCTGGTCAACGATTG
YKR086W.S1_st	316	142	CCACCCAATGAGATGCTGTAGTTCG
YKR087C.S1_st	150	3	GGCTTCGACTAATGTAACCGGACTA
YKR087C.S1_st	186	131	CAGTTCCCGTACAAAAGTTGGTGTC
YKR088C.S1_st	103	316	AAATGCCATAGAGCCATGCGTTGAA
YKR088C.S1_st	112	128	AGATGACTCTAATACAGGGAAGGGT
YKR089C.S1_st	253	256	ATAAAGTTGAAGTTCCGCTGGTCGG
YKR089C.S1_st	271	255	CCTACGGTTCTGGATACTGGGCCTT
YKR090W.S1_st	23	127	TTGACAGCCCAGTTACCGTAGCACT
YKR090W.S1_st	316	157	AGTACATAATGGATTGCCGCCGTGA
YKR091W.S1_st	24	126	ATCCGCGACAGTGAGCAATCTACTT
YKR091W.S1_st	95	313	CATGCCCTCAAAAGTGCGTGCGATT
YKR092C.S1_st	18	2	AGCCTAAGGCTGAGTCTGAGACCAA
YKR092C.S1_st	184	256	TTGTGGATGTTTCCGCGCCGACCTT
YKR093W.S1_st	268	128	TTAGTACAGGTGCAAACGACCGTTT
YKR093W.S1_st	279	126	TTAGCCAACACGTAACAGGGGTCAC
YKR094C.S1_st	104	129	ACAATGCGGTCTAATGGTGGTTCTC
YKR094C.S1_st	278	195	ATGCGGTCTAATGGTGGTTCTCGAT
YKR095W-A.S1_st	131	130	AACTTTGCCTCGCTGTTCGCTGGTA
YKR095W-A.S1_st	173	242	AGGCCTGGGCTAAAACTTCGGTGTT
YKR095W.S1_st	164	254	CTGCTTTAGGTTGTTCGCTGGATAA
YKR095W.S1_st	198	253	CTCTCAGGAGGCTTTAGACAATTGT
YKR096W.S1_st	45	131	CTTTTGCAGTACCTCCGACGGTGTT
YKR096W.S1_st	105	120	CAAGACTATAGACTGCTGCTGCGGT
YKR097W.S1_st	46	4	CTCCACGTCAATGGTTGAACCGGTT
YKR097W.S1_st	96	250	CGCATGAATTAGTTGTGGCCGACCT
YKR098C.S1_st	77	7	ATATGTCGTTGTAGCGTTCCTAGCG
YKR098C.S1_st	251	130	CTAGCGTTGTTGAAACTTCGGCCGT
YKR099W.S1_st	159	211	ATGGCTATTACCCAGTCAGGACGGT
YKR099W.S1_st	223	137	ATACTGCAGTCCTCCAAGATGGCTA
YKR100C.S1_st	137	126	TTTATTCGCGCTACGGGATCTCCTA
YKR100C.S1_st	138	251	CAAACGTTGTGGGTTTTCACGCCGA
YKR101W.S1_st	83	308	CTAATTGGGTTTCCTAGGCGCGAAT
YKR101W.S1_st	236	135	CCTAAAGATTAGCTGGATCGTCTCC
YKR102W.S1_st	119	121	AATCACATAGAGTTGTCGGAGCACC
YKR102W.S1_st	214	114	ATCTCTACAGTTCGATGGAGCCGTA
YKR103W.S1_st	220	127	CAAAAGTATTACAGTGCGGCTGACC
YKR103W.S1_st	230	121	ATGTGGTCAATAAGCGACTTCGGTA
YKR104W.S1_st	257	130	CTTCGTTGGCGGAGTTATCTAATAT
YKR104W.S1_st	287	110	TTAAGATATTCGACGTAGGGTGTCC
YLL001W.S1_st	121	249	CTACTGGAACTTTTGCGACTTGGAG
YLL001W.S1_st	288	135	ACTTGGAGGTGACTGGCTCTCTCTT
YLL002W.S1_st	159	202	ATAAGGGTCTGCTAGGATTCCGATC
YLL002W.S1_st	181	131	CTTTAGTCGGCCAAGGACGTTCGTT
YLL003W.S1_st	93	253	CTTCTCGGTATGGTTCAGGCCACTT
YLL003W.S1_st	293	255	CTAAAACCGTCTTATGGGCGACATG
YLL004W.S1_st	159	149	TTTGTGGCCTGCGTAAACTGTTTCA
YLL004W.S1_st	193	136	TTACCGAGGCCATGACCCAGTCGAT
YLL005C.S1_st	50	123	TGTCCGGGAATACGTTAACATGCGC
YLL005C.S1_st	244	136	ACCTCTTCAGCATAGTGGACTTTAA
YLL006W-A.S1_st	268	253	CTCAGTTAGGTTGCACCTTGCCCAA
YLL006W-A.S1_st	297	253	CCCAACGGGAACATATGTAAAGTCA
YLL006W.S1_st	105	122	ATAAGGGTTCTAGCCGTCACAGTAA
YLL006W.S1_st	155	241	TTCAGCGATTAACCGAGTGCCAGAT
YLL007C.S1_st	88	2	TCTTGAATGATGTGGCTCAGCAGCC
YLL007C.S1_st	289	118	CTCTTGGGTGACTTAGGACTTCGAC
YLL008W.S1_st	190	138	TTTTGGCTGGCATAACGTCTAGTTC
YLL008W.S1_st	262	121	TCTCAACCAGCATGGCGGTCTCGAC
YLL009C.S1_st	106	4	GGTACAACGCAAACATTCGGTCTTT
YLL009C.S1_st	239	313	GTTCTTGTTCTTTTGGTGCGCCTCA
YLL010C.S1_st	167	132	CTTTACGGATTATGACCTGGACCTA
YLL010C.S1_st	255	122	CTAGATTGCGAAAACGTCGTCCCGG
YLL011W.S1_st	47	314	TTGTTTAGCAACCATGGCACGTGTT
YLL011W.S1_st	173	112	CATAAGTTTCTAGTGCAGTCGCGTC
YLL012W.S1_st	2	123	ATAATGAGGTTCTTCGGTAGGTCGC
YLL012W.S1_st	105	256	AAAAGTCTGCGTAGTTTCCGGGGTT
YLL013C.S1_st	124	127	ATGCCGACATCCCAGTAAGTTTCTA
YLL013C.S1_st	246	315	ATTTAAACGGAGGTTGCACCAGCTT
YLL014W.S1_st	96	2	CCTGTAAACCTATGCGGGATTAGCC
YLL014W.S1_st	142	119	CTATCGAGTCGTGAACAAGATCCCG
YLL015W.S1_st	244	312	TTCTCGCGACGATTTGGCAAGGTTT
YLL015W.S1_st	270	126	TTCGTTGCCGAAGACACCTATACCT
YLL018C-A.S1_st	17	255	CTCTCTCCAAGCAAGGGCGATCTGG
YLL018C-A.S1_st	85	129	CTCCTACGAGGTCCGTTGTTGCCAT
YLL018C.S1_st	166	135	ACTTTCGGGTACCAAACAGAGGACT
YLL018C.S1_st	213	130	CTTCTCGAAGTAACAAGGGTTCTCT
YLL019C.S1_st	103	126	CGTAGTTAACCTTAGATGGCGGCCT
YLL019C.S1_st	291	113	CGTTTCCTGCGAGACCTGGTACTTA
YLL021W.S1_st	64	238	GAAGTTTGTCGCCAACCGTCCCTAA
YLL021W.S1_st	138	119	CTGTAGCTAGTTCTTTGGTGTCCAC
YLL022C.S1_st	138	120	CCGTTCCGAGCGTGTCTAAGTTCTG
YLL022C.S1_st	228	129	CTCTTACGAAACCTGGATGACCGCG
YLL023C.S1_st	158	131	CTTTCGGCGGAAACGAGTTACCTCT
YLL023C.S1_st	267	134	CCGAAGGTATTTTAGTGCGCAACGA
YLL024C.S1_st	37	115	ATCTCGTTCGACTGTTCCTGCGACA
YLL024C.S1_st	313	126	TTCCTGCGACAGTGATTCTTCCGAC
YLL025W.S1_st	30	255	ATACAACTGGCCATAGGGGCGACTG
YLL025W.S1_st	90	257	TACAACTGGCCATAGGGGCGACTGG
YLL025W.S1_x_st	30	255	ATACAACTGGCCATAGGGGCGACTG
YLL025W.S1_x_st	134	6	AGGTCGCGAGATAGACGTCTGCCAT
YLL026W.S1_st	20	125	ATAAGGCTACTATACCCACGTGCAG
YLL026W.S1_st	63	254	CCACGTGCAGGTGACTTGTCCAATT
YLL027W.S1_st	34	126	TAGATGTTATATAGTGGCTCGGCCC
YLL027W.S1_st	57	129	CTTCACCAGCTCGATGCGTAAGGGA
YLL028W.S1_st	80	3	CGGGCTCCGGTCTAACATGCGTTAC
YLL028W.S1_st	165	132	CTTTAGGTTCATACGAATGCGGCGA
YLL029W.S1_st	77	315	ATTTGCAAGTGCTTCCTGGGTACCC
YLL029W.S1_st	207	101	CCGTGTCCGGTACCATAGCCTAGTA
YLL031C.S1_st	147	1	GACATCGCAATGACTGTGACACCAG
YLL031C.S1_st	158	115	TGTCGGAGGACTACACAACTTCGGT
YLL032C.S1_st	190	308	CTTATTACGGTTTTCAGCATGCTGG
YLL032C.S1_st	209	137	CCTCCTCGGGTTCGGTAGTTTCCTA
YLL033W.S1_st	215	129	CTTCTCGACAAGTATGAACGGGCTT
YLL033W.S1_st	291	254	ACAACACTTTCCTATGAGGGGCACT
YLL034C.S1_st	197	133	CACGTTGTTAAAAAGTCCGCGACTG
YLL034C.S1_st	268	120	CTAACCGCGGTGATTATCTGGACTA
YLL035W.S1_st	155	249	TTACTTGTAAATGCACGGTGGAACG
YLL035W.S1_st	228	130	CAGGCGTAACCTTCCATGACAGTAA
YLL036C.S1_st	175	96	CTGTGACGGCTAAAGTGACTATACC
YLL036C.S1_st	179	126	TCTCGCGGGAGACAAACGTTTCGCT
YLL038C.S1_st	24	255	AAACCTAGGGGACCGGCTTCTTCTG
YLL038C.S1_st	199	122	CCGACGACGTTCTGCTGCCCAATGA
YLL039C.S1_st	20	131	CTTCTACCATCTTGCGACAGCCTGA
YLL039C.S1_st	258	133	TCTTCCATAGGGAGGCCTAGTTGTC
YLL040C.S1_st	131	129	ATACTAGATGCACTCCGGGTTCCTG
YLL040C.S1_st	290	309	CTTCTTGCAGCCAGGAACATGTCCT
YLL041C.S1_st	45	315	TTCTTGTCATAAACCCGGGACGGCA
YLL041C.S1_st	164	256	CCGCCATCTTTGTGCGATCGAACAT
YLL042C.S1_st	158	42	ACGTTAGCAACATACTGAGGGTCTA
YLL042C.S1_st	161	221	AATTATGGATGAGCTGTTGACGTCT
YLL043W.S1_st	89	249	TTAAATTTAGACAAGTCGCGCCGTT
YLL043W.S1_st	264	129	CTTAAACCGAGCACTAGACCCGGGT
YLL045C.S1_st	70	1	GGCGATAGCGACTTCCATTCAGATT
YLL045C.S1_st	188	122	ACGGCGATAGCGACTTCCATTCAGA
YLL046C.S1_st	158	134	CCGCTTCGGAAGTAGTTCAAACTGT
YLL046C.S1_st	194	254	CCAATTCTATCGGAGACGGTTCTTT
YLL048C.S1_st	200	253	CTTGTTAATGTTGTTCCGCGGTGTT
YLL048C.S1_st	305	125	ATGTCAAGGCTACGCTTCTAGGTTC
YLL049W.S1_st	23	3	GTAGCAGATATAAAGGTCCCAGATT
YLL049W.S1_st	265	131	CTAGTCTAAAGGAAGTTTCTGCGTT
YLL050C.S1_st	9	5	TCTACCAGATACGTAGGAGGTTCCT
YLL050C.S1_st	13	111	CTGTGACGAGGTCAGTCTAGATTCT
YLL051C.S1_st	175	249	GGCTCACCGGTAACTCCCTGGAATA
YLL051C.S1_st	261	97	CTAGTACGGTAATTCGACAGTGCTT
YLL052C.S1_st	33	230	CTGGGCTGGCCACAACTGTTACGAA
YLL052C.S1_st	154	3	TGGTACTACACCGAAACTGTTGGCT
YLL053C.S1_st	97	118	CCACAGTTGGGACGTTCTAGAGACC
YLL053C.S1_st	235	138	TGTACCGAAACTGGCCAATGTGACC
YLL054C.S1_st	64	312	CTTGGAAAACCCAAACGGTGAGTCT
YLL054C.S1_st	219	121	TAAACCACCTATGACTGCGCGACAG
YLL055W.S1_st	5	7	TCGTAACCACCCTAGGTAGCGACGT
YLL055W.S1_st	64	6	GACGTCGACGAAATGGTACCCTGTT
YLL056C.S1_st	198	127	TCTCTACCGGGTCAAAGTTCGCTTC
YLL056C.S1_st	304	118	CTACCGTCGGTGTTGTTTAGCCAGA
YLL057C.S1_st	66	116	GTCTGTACGCAAGTCCTAATGAGGT
YLL057C.S1_st	311	131	CTGTCCAACAGCTTCGGAAACGTTC
YLL058W.S1_st	136	248	CTTACTAAACGAAAATGGGCTCCTC
YLL058W.S1_st	150	256	CCCGGCTGGGGTTGTAATAATCTCA
YLL060C.S1_st	77	123	AACTACGTGAACTACCATGTGGGTG
YLL060C.S1_st	219	119	CTCTTGCGGGTATACAACGACCACT
YLL061W.S1_st	182	120	CTTTATATACATAGCCGACGTGGGC
YLL061W.S1_st	307	121	CCTCTGTGACCATGTAGTTCGCCTA
YLL062C.S1_st	75	7	TTACAACGTGCTCGTAGATGGACCG
YLL062C.S1_st	79	314	CCGAAAAAGTTTGGGGTCGACCTCT
YLL063C.S1_st	278	119	ATAAAATACGGATCTAGGAGGTCTC
YLL063C.S1_st	300	123	CGGCTACGGGCCTGTTCTGATTCCA
YLL064C.S1_x_st	48	237	ATAGAGGTTCCGAGATAGGTTCCTG
YLL064C.S1_x_st	182	130	CTAATTTCGGTCGATAGAGGTTCCG
YLL066W-B.S1_s_st	151	218	ATGCCGGAACAGATTGTGGTAGGTC
YLL066W-B.S1_s_st	159	21	GTAGGTCGTACGTTATGTCACTGTA
YLL066W-B.S1_st	15	123	ACTGTATATATATGTGGTGTGGGTG
YLL066W-B.S1_st	205	118	CTGTATATATATGTGGTGTGGGTGT
YLL066W-B.S1_x_st	45	254	ACAGTGTGGAATGGGCCGAAAGACT
YLL066W-B.S1_x_st	151	218	ATGCCGGAACAGATTGTGGTAGGTC
YLR001C.S1_st	86	107	CTCTTTATGGTAGACGCGAACGGTC
YLR001C.S1_st	151	126	GCCAGCGTCACAGTCATGGAGTATT
YLR002C.S1_st	70	314	TTTAAGCAGCTACCCGAAATGCGCG
YLR002C.S1_st	103	249	CTTGAAGACGATTTCCGAGACCTGG
YLR003C.S1_st	58	248	TTTCCTACTGTATCGGTGGCACCTT
YLR003C.S1_st	171	250	CGGCAGGAGACGGTTCAGAACTTTT
YLR004C.S1_st	232	135	ACCTTAAGTACGTTGTGGAGGCCAA
YLR004C.S1_st	243	119	CTACAAATCCCGTATGAGACGAGGT
YLR005W.S1_st	198	132	ACTTTAGGAAGTATTGACGGGTCCG
YLR005W.S1_st	278	117	CCCAATAGTCGAGTTCACCGGTATA
YLR006C.S1_st	35	314	TTTCGTGAAGAAAGACCAACATTGC
YLR006C.S1_st	113	127	TTTCTCTAAGAGAGTCCGCGGGCAC
YLR007W.S1_st	63	247	TTAAGTTCCACAGTCCACGCCGTTG
YLR007W.S1_st	96	6	CGCCAAGTAGCGATTAGTGTCTCCC
YLR008C.S1_st	95	314	ACTTTCCGCCTAAACTGGGCTTTTA
YLR008C.S1_st	294	231	ATAGGTCTTACCAAGCGTCCCAGTT
YLR009W.S1_st	97	257	TTCGAAAGTCTTTCCGACGGCCTTT
YLR009W.S1_st	246	117	CTCGACTTAGTCATAGGCTTGTTCT
YLR010C.S1_st	237	136	ATGATAGGTCCTTACTGCAAGCACT
YLR010C.S1_st	286	129	CTTAAACAGTTTAGTGGTGAACCAC
YLR011W.S1_st	148	314	CTTTTGGACGGGACCACCATTCGAT
YLR011W.S1_st	241	105	CTACTACTGCTTGACTAGGGACGCG
YLR012C.S1_st	92	246	TTCTTCAACGAACCAAGCTAGCGCA
YLR012C.S1_st	173	138	ATGTTTCTTTAGTGGATGGTCGTCA
YLR013W.S1_st	89	241	TTTCCGCAGTGGTCCTCTACAGGTG
YLR013W.S1_st	296	255	CCACTATTTTTGAAGAGGCGTTACC
YLR014C.S1_st	93	254	CTTTCTTGAGACTTAGGCCACCTTA
YLR014C.S1_st	140	253	AACGCTTAGACGCTTTTGGACAATG
YLR015W.S1_st	10	98	ATAACCGTTGTACCACTTCGAGCAC
YLR015W.S1_st	43	314	ATTTCGGCAACAATGGTGGCAAGTC
YLR016C.S1_st	122	255	TAAATCAGCCAGCACTTGACCCGGT
YLR016C.S1_st	309	279	TTGTTGCAACATTAAGGACCTCGCT
YLR017W.S1_st	11	314	ATCCAGTGCAACCAAAGCCTGTCGG
YLR017W.S1_st	245	253	CTGGCAACACACATACCTTCCGGGT
YLR018C.S1_st	263	111	CCGTATCGCCATAGTCATCGTGTAA
YLR018C.S1_st	295	118	ATACTACTTGAGTGTCAGGGGTTCC
YLR019W.S1_st	14	123	ACTGCGTAAACGTTGGTCTGGTCAT
YLR019W.S1_st	156	126	CGGTCCGCAGCTACTCAAGAACTTG
YLR020C.S1_st	73	248	TTCTGTACCAAAGGATAACGGTTCT
YLR020C.S1_st	79	123	AGACCTGCAAAATACCCGCGTACTA
YLR021W.S1_st	140	118	AGCTATAGTTGCATGGTGACCGTCC
YLR021W.S1_st	196	256	CGGCTAGGATTTCATGGGCACCATA
YLR022C.S1_st	176	117	TTAACTATCGAAGTAGCGGACCTCT
YLR022C.S1_st	314	242	TTCACTCGGTAGATCTGTTGGGCTT
YLR023C.S1_st	171	136	AATCTCTCCACGGTTGTCGGGTAAG
YLR023C.S1_st	297	128	CTCATAAAGAGACCGCGACCCACAT
YLR024C.S1_st	117	257	CCTCAAAAGAATTACTGGCCGTGTT
YLR024C.S1_st	271	115	GCGTCATACGAACAACACACCGGTT
YLR025W.S1_st	90	6	GTTACCTCAGATACCTTGTCGTCGA
YLR025W.S1_st	153	228	ATTATTACAATTACGCCGCGGATAG
YLR026C.S1_st	73	243	CGGCGCCTGAACTGGTGCATATTGT
YLR026C.S1_st	85	247	TTGACCGGAGGTACCAAGTTCTTGT
YLR027C.S1_st	108	309	AAGCATCACTTCACAGGTTGGGTGG
YLR027C.S1_st	148	294	AAATCAGTTCAACCCGTGAGGACCG
YLR028C.S1_st	1	254	CTATAGCAGATGCACCTCTTGGGTT
YLR028C.S1_st	82	249	CCACATTTCAAGTAGTGCCGAGGAA
YLR029C.S1_st	5	255	CTGGACCTTCTCTGTTTTGTGAAAC
YLR029C.S1_st	294	256	CTTCAATAGAACCAGCTGGGAGTTG
YLR030W.S1_st	99	249	TTCTTGCCAAACTGAGTCGTCGGGT
YLR030W.S1_st	256	96	CTCCGGTAACAGAGCTTTCTTATCG
YLR031W.S1_st	36	314	TTATTAGAAACGAAAGCCCATGCTC
YLR031W.S1_st	37	239	AATTCTTGAAATAGCGTCCTGTGAC
YLR032W.S1_st	305	129	CTTAACCGGTCTGTTTGTCGCAGTT
YLR032W.S1_st	316	169	ACCACCAGCGGGTCATACCTTCTAG
YLR033W.S1_st	113	311	ATTCCCGCGTTGGTCCAGCATTTGC
YLR033W.S1_st	194	132	CTCTTGAAAGCTTTACCGTGTGGTC
YLR034C.S1_st	54	128	CGTCCACGATGAAATAGTCCGGTTG
YLR034C.S1_st	128	126	ATAGTAGACATGTGAACGGCCCGTT
YLR035C.S1_st	157	315	ATTTCGAAGTCGTTTGGATGCCATT
YLR035C.S1_st	212	113	TTACTTACCACGGAGAAGTGCGGTC
YLR036C.S1_st	15	118	CTTCCATCATACAGGGTCGACACGA
YLR036C.S1_st	282	109	CGTCGATCCGACCTATACATGATGA
YLR037C.S1_st	46	121	ACCATAAGGGCGACTAGTTCAGTGA
YLR037C.S1_st	115	1	ACGGGGTCGGTGGTGATGAAATAGA
YLR037C.S1_x_st	46	121	ACCATAAGGGCGACTAGTTCAGTGA
YLR037C.S1_x_st	244	113	AGTTAACAACGACCACAGCGACGAT
YLR038C.S1_st	51	235	GAATACAGGGGATCTGACCTAGCTT
YLR038C.S1_st	240	247	TTCCCGCTTCTAAAACGAGGCACGT
YLR039C.S1_st	133	126	CGATGGCTAAGCACCCTGTACACAA
YLR039C.S1_st	158	16	ACTGTTGTGGCTAGGACTCGTATTA
YLR040C.S1_st	187	126	TTACCACGGGTACGGTTTTCGAATA
YLR040C.S1_st	225	123	TTACTGCTATGTGAACGGTCCAGGC
YLR042C.S1_st	89	122	CACATCCAAGTCAGTTCGGTACAGA
YLR042C.S1_st	146	129	CGTTATGTGGAAAGAACTGTGACCT
YLR043C.S1_st	68	7	CTTAAGCTGAGACGTTAACGAGTTC
YLR043C.S1_st	85	3	TTTTGACGGTCGCTTAAGCTGAGAC
YLR044C.S1_st	6	242	AGCGATGGTGGCCACTTACCCTGTT
YLR044C.S1_st	207	133	ACTAAGTGCCAGGTTTCCGAGTTAT
YLR045C.S1_st	102	248	TTTCAATATTTGCACGGCGACGTCA
YLR045C.S1_st	110	5	CGACGTCACTGTAGATGGGATTTCC
YLR046C.S1_st	166	131	CAACAAGTCGTTTTACCGTGCAGAT
YLR046C.S1_st	263	121	TATACTAACCCGCACAGGATGTCCG
YLR047C.S1_st	6	128	TGTTCATACCCAAGAGCGACGTCCG
YLR047C.S1_st	115	307	ATTTCACAAGAAACCGTCCGGATGT
YLR048W.S1_st	143	244	CTTGGATGCCAGTTTCTCGACAGAA
YLR048W.S1_st	183	130	CTAATCTGCGAGTCCGGTAATTCCT
YLR049C.S1_st	10	128	CGGCCTAAAAAGTCAGTCATACGCT
YLR049C.S1_st	197	257	TCGCTTGATCTGCTTCGGCCTAAAA
YLR050C.S1_st	8	251	CTTCACAGTCAATCGGAGCCACATG
YLR050C.S1_st	272	127	TTGTTCGAACAGGTACTGGGTCTTC
YLR051C.S1_st	274	129	CTTCTTGCAGAACGGATCACACCTC
YLR051C.S1_st	279	254	CCAAATGGAATGGTTTCGGTCTACT
YLR052W.S1_st	178	113	TCTGTGTAACAACGGCACCTACTGT
YLR052W.S1_st	258	225	CTGGTTCTTTGACTCCTGGGACTGA
YLR053C.S1_st	158	211	ATTGGGTAAGATACATGGCAGTCTC
YLR053C.S1_st	270	247	TTTTTAACGTTATGCTACTGGAGCC
YLR054C.S1_st	54	130	CTGCGTTCTGCAGCTTTGATAAGAC
YLR054C.S1_st	314	244	TCTAATGTTAGTGCTGGTGGCCTCA
YLR055C.S1_st	94	130	ACTGAACTTCTACGGGAGCTTTGGA
YLR055C.S1_st	225	116	GTAAATGATACACGTAGCGCCCTAT
YLR056W.S1_st	48	251	CAACGTAACCGGTTCCCAGATGGCA
YLR056W.S1_st	315	243	TGCCAGTTAAGTGGTGAGACACCCT
YLR057W.S1_st	92	127	GCTAACGACTTTATCTGCCGCTGCT
YLR057W.S1_st	316	249	TTCCACTATGACAACCTTCGAGCTT
YLR058C.S1_st	95	254	CTTTAAATGCTGACCCGACCGCTTA
YLR058C.S1_st	159	214	TTGTTCCGACATCTTAAGCGAGTTG
YLR059C.S1_st	66	241	TCTTGCAACCGCAGAACCGTCCGTT
YLR059C.S1_st	116	2	CGCGATGTAGGGTCTGTTCTTGCAA
YLR060W.S1_st	101	121	CTCCACGGTTCCAGTACAAGTCTAG
YLR060W.S1_st	140	125	ATGTTACTTGCAGTGACCCGACGGT
YLR061W.S1_st	158	1	TTCTAACGGTTCTGGAAATGGCAGC
YLR061W.S1_st	247	253	ACTTTTGCCACAGAAGCTGGGTCGA
YLR063W.S1_st	18	124	ATCTATAGCGGCTGACCAGGTGTCA
YLR063W.S1_st	84	311	AATTTGCTCTTGACACGGGGTCCGA
YLR064W.S1_st	289	134	CCTAAAAAGAATGTCTACCGCGTTC
YLR064W.S1_st	316	229	ATTAGTCGCCGAGCAATATGTCAGG
YLR065C.S1_st	264	110	ACCGCGAGTTGTTTGAGTCCGTCTA
YLR065C.S1_st	305	116	TTTGTACAAGTACGGACCGCGAGTT
YLR066W.S1_st	54	219	AGGTCTTACATAGCTTGGTCCGGAA
YLR066W.S1_st	259	132	CATCCGTTGATATGTGACTGGCACC
YLR067C.S1_st	21	130	CTCCGTCAATCTGTGTATAAACCTG
YLR067C.S1_st	104	117	CGTCAGGTCACTATTTAGAACCGGT
YLR068W.S1_st	62	129	CATACGGCATGGTCTTTTCCTTGGT
YLR068W.S1_st	85	131	CTGAGTTTCTTGTTCCTGTCCGGTC
YLR069C.S1_st	40	212	TGGCGATAACAACCACCGGCATATG
YLR069C.S1_st	137	115	CGTGTCGGCCACTAGTACCTTGGAT
YLR070C.S1_st	24	2	CGGGTATCCAAACGATCGGCCCTTT
YLR070C.S1_st	290	246	TTCTGCTAGTAACTCCCGGGCCTTA
YLR071C.S1_st	60	114	GCACCGAACGCTAGGGTCACTCTAT
YLR071C.S1_st	199	129	CTTAGACAGTTTGGGCGTTTGCGTA
YLR072W.S1_st	215	132	CATGGTCAAAGTCGTGGTCTTGCTC
YLR072W.S1_st	261	130	CTATTCGACTGCTTGGAGTACTGGG
YLR073C.S1_st	123	242	TTTCAACCTTCACGGACGCCAGACG
YLR073C.S1_st	159	10	ACGGGCACTACTTCGGATGTCTGAC
YLR074C.S1_st	35	245	TTGTCTTGGATGAGATGGCACCCGC
YLR074C.S1_st	273	96	TTCTTCAGAGACTACGACGACGCCC
YLR075W.S1_st	17	2	CTTCCGATGGCAGCTACTTAAGGGT
YLR075W.S1_st	247	116	TTCGACGAGCATAGACACGGTTGTT
YLR077W.S1_st	47	1	CGACCTTATCCAAGCCGGTTAACCG
YLR077W.S1_st	315	253	CATTATTGCTGGTACCGGTTGATCC
YLR078C.S1_st	44	129	GTCTTGAGTCAACAAACCGAGTCCT
YLR078C.S1_st	263	315	CTGATGGCAACATGGTTCCCGATGT
YLR079W.S1_st	150	93	CTGTAGTAGTAGTTAGGTCACGCCC
YLR079W.S1_st	215	229	ATCCTATAACAAAGGGTGCGTCGTT
YLR080W.S1_st	4	119	TGCACTTAGGATACCCTGTTGGGTC
YLR080W.S1_st	158	174	AAAGCTACTTGCGTTTGGACCTGTC
YLR081W.S1_st	4	5	ATACCAGTAGATGCGGAGACAACCA
YLR081W.S1_st	57	314	TTTACAAATGAAAACCCGCGACGGT
YLR082C.S1_st	73	304	AATCTCTATTGGAGCAGCGAACCCA
YLR082C.S1_st	81	311	AAAGCTCTCCTTTTGTGGCCGTCAC
YLR083C.S1_st	100	2	AGGTAGCGGCAACTCAACATAAAGT
YLR083C.S1_st	162	237	CCCACCTAAGTGCTGATAACAGAAT
YLR084C.S1_st	14	245	CTTATAATGGAGCAATGGACCGTTA
YLR084C.S1_st	186	254	ATATTCGGGTAATTTGGCGCTTAAC
YLR085C.S1_st	150	215	ATCTCTCGGAAAGGTACAACGGGCT
YLR085C.S1_st	286	254	CAAACGTTTCTGTCTAAGGATGGCT
YLR086W.S1_st	79	253	CAAAACCTTCTCATGCGATCCGCGA
YLR086W.S1_st	169	110	TTATCTACGGCGAGACCTAAAGTCT
YLR087C.S1_st	137	1	CAAGCAGCTAGGGTCCATCGTTTAT
YLR087C.S1_st	164	116	CTTGGCGTCTAGCTTCACGGAGTCT
YLR088W.S1_st	46	6	CGTTACCGAAATGACTAGCCGTGTA
YLR088W.S1_st	301	107	CTCGAGCAGCTCTTAGTGTACCTAT
YLR089C.S1_st	69	245	GTTGTAAAAACCGTGGACCAGACCT
YLR089C.S1_st	315	111	ACCTTGAGTGACCTAAGTCGGTACT
YLR090W.S1_st	158	79	CTTCGTGTCCTAAGTCGCGTAGTCT
YLR090W.S1_st	236	256	AACTTCTTGAAACTGCTGCCGCGGC
YLR091W.S1_st	53	2	TTGCGAGAACCGCTTCAAAGAGGCC
YLR091W.S1_st	97	254	CTACAAAGTAACGTGGGCCACCCTT
YLR092W.S1_st	64	254	CTCTTGCTGGGACTTAGGTACCTTT
YLR092W.S1_st	230	119	CTAGGACCAGGTACCCTTCGTGGAC
YLR093C.S1_st	119	249	CTTATGCTCAGGTTGCGATGTTTGC
YLR093C.S1_st	191	254	CCCTACGGTGGCTTCTGGTTTATTT
YLR094C.S1_st	238	122	CCGTGTTACGAGTTTGGTACGCCTT
YLR094C.S1_st	310	117	CATGTGAGTCTGCAGTTCGGTACCA
YLR095C.S1_st	13	123	ACAGTTCATCGTGTTGCGGATCATA
YLR095C.S1_st	227	136	AAGCGTGCCGTTATCTTCCAGAAGA
YLR096W.S1_st	73	249	TTCCGCCCAAGTATACACAGGTTGT
YLR096W.S1_st	220	256	ATTTCCAAGCATAGCAGCCGGATCG
YLR097C.S1_st	164	122	CAGTATACACAATAACCTCGGAGCC
YLR097C.S1_st	279	114	GTCTACTTGGATCGCGACAGCACTT
YLR098C.S1_st	29	314	ATGTTAACCTCTTCCCTAAACGGGG
YLR098C.S1_st	316	263	AATCCCTGAGATAGAGTGCCATTGC
YLR099C.S1_st	25	126	ATACGCCCGATGAACTGATGACTTA
YLR099C.S1_st	177	134	CCGATCGATGCAACTTCAGGGACTA
YLR099W-A.S1_st	142	4	ACGTCCCGTAGCTGTGTTAGTTGTC
YLR099W-A.S1_st	283	110	CTTGTTCGACGAGTTGACCCAGGAC
YLR100W.S1_st	66	130	CCAATATTTCGACGGTTACGGGGTC
YLR100W.S1_st	70	248	TTTTAAGACGGAGTTAACTGGTCCC
YLR102C.S1_st	2	7	CTGGGCTATAACTGTAGTACACGCC
YLR102C.S1_st	115	118	GACTTATGAAACTCGGTGTAGCTCC
YLR103C.S1_st	7	1	CTGCCTGGGCTAAATCTGAACATGT
YLR103C.S1_st	158	105	TTAACAACGGGTACCACGAACGGTC
YLR104W.S1_st	168	98	TAAAGCCAGTAGTAGTCGTTGTCGT
YLR104W.S1_st	283	254	ACTACCCATAAACACAGGCCTGTGG
YLR105C.S1_st	122	128	TTCTGCACCCGTAGCAACGTGTTGT
YLR105C.S1_st	285	130	CTAGACCATATTTTAAGCCGACGCT
YLR106C.S1_st	68	5	AGGTCTAGTCATACCGTTAGGCGTT
YLR106C.S1_st	206	256	TTGACCAGGCGGCACGATCTCTTTT
YLR107W.S1_st	175	254	CTCTAACTGGCTTGGTTAACGGGCT
YLR107W.S1_st	196	314	TTATCATAAGAATATCCCGTGCCTG
YLR108C.S1_st	13	110	CTGGATAGGTCTCTCCGACGTCACA
YLR108C.S1_st	174	128	CTTAGTAAGAGCAACGACATTTTCG
YLR109W.S1_st	44	248	TTCCAATAGTAATGGCCACGAGGTC
YLR109W.S1_st	145	254	CCTTTGGTTGGGTCCATGGCTACAC
YLR110C.S1_st	158	129	CTTCTGGTGCAGACAAGACTTTGAC
YLR110C.S1_st	242	111	TGACCACGACGACGATTCCGAAACG
YLR113W.S1_st	231	136	TTGGACTACGGCATCTGGAAAACCT
YLR113W.S1_st	268	116	CTACTTGGTCATCGGCTACGGTTCA
YLR114C.S1_st	179	138	ATGTAATATTTGGACTACGCCTCTG
YLR114C.S1_st	184	257	TTTTTAGGTTACTCCTCCCGCCACG
YLR115W.S1_st	29	224	ATGTGCCAAGTAGATCCTCGGTATT
YLR115W.S1_st	80	128	CTCTCGGATGGCGTTCACTTGTTAG
YLR116W.S1_st	32	117	CGCAGTGTATAAAGCTCCGTTCGAG
YLR116W.S1_st	90	247	TCATCGAAATCAAGGCCTCAAGGTC
YLR117C.S1_st	10	253	CTTGAGCTAGTTCTTTGGCAGTTCT
YLR117C.S1_st	165	257	TGGGGCTGCCTCGTTGTTGATAATC
YLR118C.S1_st	129	246	TTTAGCCACCATATCATCGAGACAG
YLR118C.S1_st	146	213	AAATGTTGTCTCTCTGGGACGGCGA
YLR119W.S1_st	53	127	TTCCAGGTAACTGAGTCGGCTACTG
YLR119W.S1_st	160	1	CTCTTTGACCGCTGGACCCTATTTG
YLR120C.S1_st	154	130	CCATTGGACTGCTGGTCATGACGTA
YLR120C.S1_st	198	126	TCCACGCGTTATGAGAAGGTCCTAT
YLR121C.S1_st	7	120	ATAGGCTGAAATGATACGTCTGGTC
YLR121C.S1_st	118	257	CATTATAAAAATGGTGGCACGCGTG
YLR125W.S1_st	51	250	CTAACCGAACTTTTTATGTGGCCAC
YLR125W.S1_st	290	247	TTTACCACTACAGCGATCGGGCTTT
YLR126C.S1_st	58	4	ACGCACAAGCTACAGGGTCTCCCTA
YLR126C.S1_st	249	133	ACGACTGCAAAGTTCCTGTGGGACT
YLR127C.S1_st	90	240	TTCTGGCGGGGTTACCTCTAACTCT
YLR127C.S1_st	203	137	CCTATAAATTTGTGAGACCGGCTAC
YLR128W.S1_st	65	125	GCTAATGCTGCTTTGACGTCGGACC
YLR128W.S1_st	313	110	CATTTCTGTGGACCGCATACGACGA
YLR129W.S1_st	102	251	CTTCACGTAATTTTAGATGGCTCCT
YLR129W.S1_st	185	314	CTTCGCGGTTATTTTGGTGTCCCAT
YLR130C.S1_st	59	113	CTGGTAGTTCTACAGAGGGTCAACC
YLR130C.S1_st	119	128	GGTCAACCGGTGTGCATAGCTCCTC
YLR131C.S1_st	114	2	CTGGTCATGCAGTTCCTTGATGGGC
YLR131C.S1_st	224	126	TCTTTATGTAGACGGGTACGCCTTT
YLR132C.S1_st	55	5	TATAGTCTTGCTCGGTTGTGGAACA
YLR132C.S1_st	159	125	GGGACAGAGTCTTACAGGGTTATTC
YLR133W.S1_st	284	255	ATGTTGATAAAACCAGCGAGACCCG
YLR133W.S1_st	293	119	ACTTATACGTCCACGGTTAGGGCGG
YLR134W.S1_st	110	122	ACCCACGATGATACCGGCGACTTCT
YLR134W.S1_st	159	175	AAGGTAACCAAAGTGTCAGCCGCGA
YLR135W.S1_st	6	120	ACTTTTCGACAAGTCGCGGCTCGGT
YLR135W.S1_st	146	6	CTGTAATAACTATGGAGACGTCGAT
YLR136C.S1_st	61	7	CTACGACGAAGTTTGTACCGCTGCT
YLR136C.S1_st	291	128	CTTAGGAGTCGAGTTGGATTCCACT
YLR137W.S1_st	99	3	CTGCGAGTTCGTTGAGTTTGTGACC
YLR137W.S1_st	105	125	CAACGTAAACCTTCATCGGCGAGAT
YLR138W.S1_st	158	190	TCTACTGCTTCTCAACGGCGGGAAT
YLR138W.S1_st	255	127	CGCATGGCGGAGGTCATCTACTTCT
YLR139C.S1_st	232	129	CTTAAAGAAGAGTTCAGTGTGACCT
YLR139C.S1_st	260	132	CTAAAGCTGGTCTGGTTAGGCCTAC
YLR141W.S1_st	168	254	ATAGCGCCTCTATTCTGGGAACGGG
YLR141W.S1_st	274	130	CTTGATCTGATAGGCGCTCTCCCGT
YLR142W.S1_st	98	242	AAAACGTGCTTAACTTCGACCGGGT
YLR142W.S1_st	158	228	TTCCGGTATCGTTTCAGCTAAGGTT
YLR143W.S1_st	222	117	CTGAGACAGTAGTTTTGTACCCGCA
YLR143W.S1_st	292	129	CTAAAGACTTAATGGATCTCCGCGA
YLR144C.S1_st	158	111	CGCTTGAATGTTGAGCCGTAGTACT
YLR144C.S1_st	220	95	TTGTAGTCGTAGAAGTACCCAGTCT
YLR145W.S1_st	167	130	CTATTGCAGATATGGTTTCGGAGAC
YLR145W.S1_st	253	127	GCCGATCGACCATACCTAGCAAGTT
YLR146C.S1_st	43	249	TTCTATATCCACGAAGGCTGCAGGT
YLR146C.S1_st	256	128	CTCATTACCACGAAAGCTACTGCTT
YLR147C.S1_st	190	120	CTACATTATCGATGTCTCGGGGTCC
YLR147C.S1_st	290	133	CCTGTATAGCAAAGAGACCTCGATT
YLR148W.S1_st	260	131	CTAAATGTCCTATGATCTCGGTCCA
YLR148W.S1_st	282	312	TCAAGTAACAAAAGGGGACACCGGT
YLR149C.S1_st	49	123	CCTCGAGGAACTAATAACCATGTCT
YLR149C.S1_st	195	116	TTCACTGCATCGAGTAGGTATGTTC
YLR150W.S1_st	275	127	CGACCATTCGGTTTCTGGCGAGTTA
YLR150W.S1_st	299	136	ACTGGCGGTGAGATCTTGACCATTC
YLR151C.S1_st	66	6	CTTATGATGTACTTCGTGGACGACC
YLR151C.S1_st	293	132	CATTAGTCTACGTTGGCTTGCCTTC
YLR152C.S1_st	175	113	ACAAGTGCAAGTATTCCGCGGACTA
YLR152C.S1_st	203	134	CTATAATTGCACCAGGTACGGCTCA
YLR153C.S1_st	108	254	CCGATCTAGACAAACCTTGGTGGTG
YLR153C.S1_st	151	129	CTTTTGCAGAGCCTTCGACGACAAC
YLR154C-H.S1_s_st	157	310	AATTGATGTCAACTAGCCTGCCCTT
YLR154C-H.S1_s_st	294	253	CTCAAAGCGCATACCAGTGGGTGAT
YLR154C.S1_st	32	316	CTCCCTTTTCAGACGCTGCGGAAGG
YLR154C.S1_st	38	118	CTCTCCCGTGACTAGCGTTGCTTAA
YLR154W-E.S1_st	49	108	CGACGCAAGAAGTAGCTACGCTCTT
YLR154W-E.S1_st	172	133	ACGCTCTTGGTTCTCTAGGCAACAA
YLR154W-F.S1_st	115	257	ATTTAAAGAAATTACTAGGAAGGCG
YLR154W-F.S1_st	282	256	AATTTAAAGAAATTACTAGGAAGGC
YLR155C.S1_s_st	36	315	TTAATACAAACATGAGGCCGATGCC
YLR155C.S1_s_st	67	246	GATTTGCTAGCATAACGGAGACCCA
YLR156W.S1_s_st	72	310	ATTCATTTGTGGTGACCGAAGGCCT
YLR156W.S1_s_st	186	106	ATGTCGTCACCCTGTCATCTCGGTA
YLR157W-C.S1_s_st	39	1	ACGTGAAACGTGCACCGCCTCGGTA
YLR157W-C.S1_s_st	288	120	CCGAAGGTATACATGCCGACGGTGT
YLR157W-C.S1_st	143	229	CTAAAGATAAGGTTGTGAAACTCTG
YLR157W-C.S1_st	207	134	ACTAAAGATAAGGTTGTGAAACTCT
YLR162W-A.S1_st	126	118	GGTTTGAGAGGACCGCTTTAAATAA
YLR162W-A.S1_st	151	250	GTCGGTTTGAGAGGACCGCTTTAAA
YLR162W.S1_st	42	128	TTTTACTGTAACGATAGGCGGCCGT
YLR162W.S1_st	255	253	CAGAAGCAATCATACTCGGGCGAGG
YLR163C.S1_st	211	120	ATTGACCCTGTCTCGGTAACCGTGT
YLR163C.S1_st	224	112	ACATCGAGACCGTTGTGTTCGCTAA
YLR164W.S1_st	125	126	TTCGTCTCGAGTCCCAAGCATGGTA
YLR164W.S1_st	196	133	CATGGTAACCTAACAGCTCGCGCCT
YLR165C.S1_st	113	5	TTGCTGTTCTCTGTACCGTCGTGAC
YLR165C.S1_st	146	121	ATACATCGATAACAGCTCAGCAGGC
YLR166C.S1_st	33	129	GTTTCGATGTAAAGGTTGTCTCTCC
YLR166C.S1_st	42	120	CCTATAGTATCCGATGGTTTGACGT
YLR167W.S1_st	191	120	AACAGGATGATGTTCCAGCTACGAC
YLR167W.S1_st	201	130	CTCTTACATCGTTGGGTTGAACACC
YLR168C.S1_st	123	3	AGTACTACTACGATCCTCCCTGGTT
YLR168C.S1_st	253	118	CTCGCCGTCTTGGTAGAATGTCGTT
YLR170C.S1_st	23	119	CCTACTGCGGGCTACAACTGTTACT
YLR170C.S1_st	191	117	CTTCATGACGTGGTACACTGGCACT
YLR172C.S1_st	38	128	TTCTCATGAAGTTTGGACGCCGTAC
YLR172C.S1_st	247	135	ACCGGGCACCGTCTGATTAGATGCT
YLR173W.S1_st	140	121	AATGCAAGCGTCGTTCTCCGGTACA
YLR173W.S1_st	182	126	TTGCTAGAAGTCGATGCCACCCGTC
YLR174W.S1_st	173	255	CCGTAGACCATGCTCGTGGCAAATT
YLR174W.S1_st	196	136	ACTGTAGACACAACTAATGGGGCCT
YLR175W.S1_st	50	243	TTCCCACTTCGGTAACGGCAACGGT
YLR175W.S1_st	118	307	CTAGGGACCAAATAACGCAATGCTT
YLR176C.S1_st	53	5	ACTCGCAATCGTTACTAGGGAGACA
YLR176C.S1_st	101	242	TTCGCGATCACGTTTCCTTCAATAG
YLR177W.S1_st	70	244	TTGTGACCTTAACAGCACCGGGGAC
YLR177W.S1_st	301	137	CCGGGGACTTGACTTAGCGAACTTT
YLR178C.S1_st	14	243	TCGGATTCCCGCACCTGAGTAGATT
YLR178C.S1_st	316	174	TTTCGCATGGTGTCCGCTTACGCAT
YLR179C.S1_st	125	125	TTGTTAGACGTTGACCAGCCACGGT
YLR179C.S1_st	159	182	AGCGAAACAACTACTGACTGGGCCT
YLR180W.S1_st	55	251	CTTGAAACTGAACTCTGGACCACAT
YLR180W.S1_st	207	254	CTGGCTCCTGAATTCTCGCGTTGAT
YLR181C.S1_st	79	242	AACTTAATACTTCTGGACGGGTGGC
YLR181C.S1_st	207	122	TTTGTTGTAGTATGCTCGGACACCT
YLR182W.S1_st	213	255	CTATGCTTTAGTTGAAGGGCGTCTT
YLR182W.S1_st	316	228	ATACGAACTACCAAACAATGTCCGG
YLR183C.S1_st	21	257	GTTCTCCCAGAATGGAAGTTTCGGT
YLR183C.S1_st	146	257	AATGCAAGCTAAAACTCGCTGCGCT
YLR185W.S1_st	123	5	CCAATAGGTCGACGATTCTGGTCTA
YLR185W.S1_st	307	137	CCATTTGCAGTGTTGTTCAGGGTGT
YLR186W.S1_st	98	315	CCTTAAGACTAGCTCCAATTGGGGT
YLR186W.S1_st	146	246	TTCTATAGCAGGTTGCCCGGACCAC
YLR187W.S1_st	47	120	ACTGGCAGGTCGGATACGTTGTTCC
YLR187W.S1_st	141	129	CGTTGTAGCCAAAGTAAGCAGCGTT
YLR188W.S1_st	14	247	CGCGCGTTAACAGGCCACCAGTTTT
YLR188W.S1_st	133	128	CTTGATTTACGCGACGAACGGCTTG
YLR189C.S1_st	102	111	CTACGACGGCAAGTGGTACCACCAA
YLR189C.S1_st	169	121	CATCTACGTTGGTTTGACTGTGGAC
YLR190W.S1_st	190	253	CTTGTCGGTCTAAGAAGAAGCCCTT
YLR190W.S1_st	214	112	ATCACGTAAGGTACTGCTGCTTGTC
YLR191W.S1_st	39	254	CCTTATGGTGGTTTCTTAAAGCGTC
YLR191W.S1_st	84	246	TTTATGAGATAGCACGATGATTCCC
YLR192C.S1_st	120	257	AGTTCTAAAGCTGGATCTACCGGGG
YLR192C.S1_st	248	116	CTGTCTCGGGATAACCTATAACTGT
YLR193C.S1_st	191	127	GTTCACCGAAGTTATACCCATAGTT
YLR193C.S1_st	304	131	CTTTAAACGCGTGTTGCTCCGACAA
YLR194C.S1_st	8	256	CCATCGCAGGCATTACAGGTTAAGA
YLR194C.S1_st	147	116	AACGGCCGTGAGTGTATCGAATACC
YLR195C.S1_st	24	316	CTAATGGCCACCGAACTTAGGGCTG
YLR195C.S1_st	255	133	ATACATCAGCTTGTCGGGCTACCTT
YLR196W.S1_st	30	99	AGTAAGCGAGGTCTGTAGCTCCATC
YLR196W.S1_st	316	158	CTACGATGCTTGTGATTCCCGGGTT
YLR197W.S1_st	231	253	CTTAACTGTTAATGAGACTCCTTGG
YLR197W.S1_st	303	122	GAGACGGTTCTTGTTCCCAGCATAA
YLR199C.S1_st	38	119	ACTGTGGCGGCTACTTTGTCATATA
YLR199C.S1_st	88	126	TTTACAGAACATCGCGGATCACTCC
YLR200W.S1_st	93	126	GGTCAACTTGTTTCACTCCGTGCAT
YLR200W.S1_st	158	213	ATCTTCTCAAATAACACCGGTCTGT
YLR201C.S1_st	16	316	TTAGCCACCCGTAAACAGCCTTGAT
YLR201C.S1_st	99	130	CTTAGAAATTTACTCGAGCCGATAG
YLR203C.S1_st	98	129	CTTAAAAGTAGGATCCACGTGCACG
YLR203C.S1_st	275	125	AGGTCAAAGAAAAGGGTCTCGTCTC
YLR204W.S1_st	227	120	CCGTTGTTCCTAGTGACCGTGTCAG
YLR204W.S1_st	267	119	ACTACTGCCGATGCCGTTGTTCCTA
YLR205C.S1_st	3	242	AAGCGGCCGCCGTTCGATTATGCTA
YLR205C.S1_st	133	96	ATCTTCTCGTGAGGTGTGCCAGTAC
YLR206W.S1_st	68	305	AAAACCATTGTGACCTCTCCGTGCA
YLR206W.S1_st	216	254	ATTTAAGAGTCCCATGTCCGATGTT
YLR207W.S1_st	57	256	CACTGCTGGTTCTCCTCCGAAGGCT
YLR207W.S1_st	277	243	TAATTACTCATGTGACCGCCGGGCA
YLR208W.S1_st	117	254	ATTACATGATCGAGAAAGGCCACCG
YLR208W.S1_st	315	131	CCCGAGGTCGATGGTAGCTTCTTCT
YLR209C.S1_st	78	227	ATCGGGACGGTCACGCAACCTGCTT
YLR209C.S1_st	85	124	TATGAACGCACCACCTATCGGGACG
YLR210W.S1_st	173	110	TAACGTTCTTGCGTAGAGCTGCGGT
YLR210W.S1_st	267	110	CGTCTACTGATACTGAAGCTTGGTT
YLR211C.S1_st	197	122	GCTAATTCTCTTGCGACCCTGTCGA
YLR211C.S1_st	294	313	TTCGGTAACTTCAAAATCCAGGCGT
YLR212C.S1_st	297	116	CATCTTGGAGCAGTCTATAGCGCAC
YLR212C.S1_st	299	119	CTATAGCGCACGATACTGGTTTAAT
YLR213C.S1_st	93	250	TTACGTTTCTAAAGGGCATCCGCGA
YLR213C.S1_st	268	138	TATCCATGGGTGTTTGCGGCTACTC
YLR214W.S1_st	61	257	ATAATGGAAAATAAGGACGCCCGGT
YLR214W.S1_st	65	1	ACGCCCGGTCGTTGCAAATTGCTGC
YLR215C.S1_st	50	4	CGACGCTATCGTGGAGGCTTCTTAC
YLR215C.S1_st	102	130	CTTGATGAGAGAGTTGTCCGTTTCC
YLR216C.S1_st	59	111	TTACGGCTTCGATGTGGTTGTCTAC
YLR216C.S1_st	145	6	CGTTCATAATCATCGGAGTAGCCTC
YLR218C.S1_st	79	4	ACACGGTACGGCTTTGTCCACTGAC
YLR218C.S1_st	178	123	ATCTCTCGCGCATTCGTGTCACCTG
YLR219W.S1_st	158	87	CTTACTTAATAGACGGCGACTCGGT
YLR219W.S1_st	315	123	CTAGGAGGGTGCTTCGTGTTCTTCA
YLR220W.S1_st	116	123	TAGAGTCCACGCTAAAGATACCCGG
YLR220W.S1_st	196	255	CCCAGATCTGCTTGGACGGCTCTTA
YLR221C.S1_st	69	255	CCCGGTAGCTTCTTGTGCAACCTCT
YLR221C.S1_st	157	254	TCGACGGGGCCTAAAGTGCTTATTT
YLR222C.S1_st	3	248	GTGCGTTTCCGTAAAGTGTTCCCAA
YLR222C.S1_st	58	242	TCTCGAAACCCGCTTAGTTCCAGAT
YLR223C.S1_st	226	116	GTATTAAGACTAGAACGGCACCTGT
YLR223C.S1_st	300	135	ATTGGCGAGGACACGTTAAGCTGTT
YLR224W.S1_st	134	248	CTTAAAAGCAGATGTTCGTAGGCCT
YLR224W.S1_st	267	121	AACTTCCGTGACCTTGCTGTGTAGA
YLR225C.S1_st	201	98	CTATATTACTCACTCGACGGGCGAA
YLR225C.S1_st	260	314	CCCGATTATGGGTTATTCCGCCGAT
YLR226W.S1_st	158	239	AAAATACCAGGTTCGACAGTGGGTC
YLR226W.S1_st	216	257	TCTAAGGGATAGCTTCATTGCGGCC
YLR227C.S1_st	125	305	CATTGACTGATGGTTGATGGATTCC
YLR227C.S1_st	241	243	TCTTTGACGCGAAACTGAGTGGATT
YLR228C.S1_st	77	248	CGCATAGTGTCCAAAATGGTGTCCT
YLR228C.S1_st	98	254	CCTAAAAGGTACAATTTCCGCGGCA
YLR229C.S1_st	19	312	AAGCCGTGATTGTGTTGCGCCAAAC
YLR229C.S1_st	169	132	CTAATGCTAGCTAACTCTGGGAACA
YLR231C.S1_st	159	86	CTGGTACCACAGTAACCGCTACGTT
YLR231C.S1_st	232	122	ATAAGCTCGGCTAAGGTCCTCGTAA
YLR233C.S1_st	86	127	TTTGTACGACGAAGTGCTCCCTCTT
YLR233C.S1_st	227	119	CTGTGGCCGCAGTATACCTTACGGT
YLR234W.S1_st	76	7	TTACTTACGGGAGCATCTGTAGCGC
YLR234W.S1_st	87	126	TTTCGGGAAGGTCGCGTCTCTTTAC
YLR237W.S1_st	26	3	TCTGGACTTCCGAGGCTGCTACTTT
YLR237W.S1_st	41	1	ATCCGCTTCCAATGTGATGGCCGGT
YLR238W.S1_st	32	246	TTGTACTGTGATCTCCGCAGGGCCC
YLR238W.S1_st	299	123	CCGCAGGGCCCGTACTTAGGATTCC
YLR239C.S1_st	202	132	AATACCTTGTTGCTGGGCTACGACA
YLR239C.S1_st	308	119	CTCGTCCGGTGATAGTCTTGCAACT
YLR240W.S1_st	62	5	TAGACCGTGTTATGACCGCCTGGAC
YLR240W.S1_st	140	248	TTGAATGATCAGTGCGGTCTACCCG
YLR241W.S1_st	24	122	ACGTATGGGAATGCGACACTCACTT
YLR241W.S1_st	257	126	GTAACTCAAGTTAAGCGCTCATGCT
YLR242C.S1_st	116	315	ATTTCACAAATGGACCTCGGGTGGT
YLR242C.S1_st	130	124	TCGAAGTTTACCCTGAGCCGTTAGT
YLR243W.S1_st	187	117	CTGACTTGGTCACGTATCGGTTGGA
YLR243W.S1_st	229	135	CAGAATGGCTTGTATCACGCGGTAA
YLR244C.S1_st	91	255	CCACACGGGCTATTTTGACAGAACT
YLR244C.S1_st	216	115	TATACTGGACCGGACTACTGACCTG
YLR245C.S1_st	48	127	CGCCGCAAACGTCCGTCAAATAGTT
YLR245C.S1_st	158	80	ATTACCGTCCGGTAGCGAGTCCTAC
YLR246W.S1_st	6	253	CATCCTATACCTCTGGTGGAGCCAG
YLR246W.S1_st	63	248	CGGGTTCGAAACATTCACGGTCTTT
YLR247C.S1_st	184	135	CCACGGCCGGACTTAAACTATTTAC
YLR247C.S1_st	232	311	CTTTTGAAATCCACGGCCGGACTTA
YLR248W.S1_st	144	120	CTAATCCGAGCGAACGACTCCTGCT
YLR248W.S1_st	278	243	TTCTATCAATGTCACCGCGGGTTCC
YLR249W.S1_st	120	245	TGACTTCTTCAGACCCGGCAGTTCC
YLR249W.S1_st	231	256	ATTCAACCAGAATCGACGGCCATGT
YLR250W.S1_st	7	8	CGTATACCTGGTACTCGTAGTCGAT
YLR250W.S1_st	48	316	CTTTGTTCAAGGGACTGGAACCGCA
YLR251W.S1_st	218	253	ACCAAAATGCCCATCGACAGCTAGT
YLR251W.S1_st	248	112	GACAGCTAGTTAACCGCAAACGCGG
YLR253W.S1_st	5	130	CTTACAGATGTCTTAGGTGAGCCCG
YLR253W.S1_st	20	121	CTCCTGAAAGGACTAGTACTGCGTT
YLR254C.S1_st	1	127	TTTCGCTAGAAGAACTCTCGGTTGT
YLR254C.S1_st	305	135	CCTCTGGGTCAACTCGCTCGAACTT
YLR256W.S1_st	21	123	TCACGGTTGCCGTCACGAAATAGCT
YLR256W.S1_st	189	120	AATAGCTGTGACTGTTCGGGTGTTC
YLR257W.S1_st	199	255	CCCACTTAGCATGGTCAGGCGTCTT
YLR257W.S1_st	309	135	CCTTTATCTAGTATGCCGCGGACTT
YLR258W.S1_st	158	27	CTCACTTAGGACGTCGACTGCTACT
YLR258W.S1_st	171	89	CTGCTACCGGGTATACGACTACTGT
YLR259C.S1_st	183	111	CTTATGTGGCTGTACAATCGGTGAC
YLR259C.S1_st	279	123	TCAACGATAACAACTACGGGGTCTT
YLR260W.S1_st	201	113	GAGCAACTGCTCCTACCGTGGTTAG
YLR260W.S1_st	249	129	CTTGCCGAACAAGAGACAGCTACCG
YLR262C-A.S1_st	156	219	GAAGTTTCTCTTCGTTTTCCGGCTA
YLR262C-A.S1_st	173	119	CTGAATCTAGGACTTCTGTAACGGA
YLR262C.S1_st	8	126	ATGTCAATACCCTATGTCGTCCAGT
YLR262C.S1_st	302	256	CCTTTGCAGGTGTTTCCGTCCGATA
YLR263W.S1_st	49	6	CTACTAGTTTGACACGCATCGTTGC
YLR263W.S1_st	81	130	CTTAGAGGGCCTTCTAGTCGAGCAA
YLR264C-A.S1_st	30	123	TAAGGTACGGTATGTCCAATCGGAG
YLR264C-A.S1_st	107	4	CTAAGCAATAAGGTACGGTATGTCC
YLR264W.S1_st	27	222	TCTGGGGTCAGTGGAATCGATTTCA
YLR264W.S1_st	243	127	CAGTCTTTACAGTTCCCAGGTCAAT
YLR265C.S1_st	230	246	TTTTTCTCGCGCAGTCTAAAGGACG
YLR265C.S1_st	263	254	CTCCGAGCTGGTTTATCGGCGCCAT
YLR266C.S1_st	83	310	AAATAAGCTATTTCGCAGGGTTCGT
YLR266C.S1_st	205	247	TTTCTCGGATAGTTGCTGGTCCTCT
YLR267W.S1_st	158	230	ATGGTTTAGACCTGGACGCCCTCTC
YLR267W.S1_st	184	116	TTTACAAGTAGGTAGGCTTAGGTCC
YLR268W.S1_st	236	120	CATCCACAGTTCGTTTAGTACAGGT
YLR268W.S1_st	261	137	AGCAAAGGTCTAACTGTGGTGTCAG
YLR270W.S1_st	31	256	ATCCATTATCATAACGGCGCCCGTT
YLR270W.S1_st	177	136	ATCAACGCTAGCAGATGTCCTGGCT
YLR271W.S1_st	29	1	GACTCCAGGCTCTTCATGATGACAA
YLR271W.S1_st	116	124	TAGGTCCGCTTCTAGGCTCTCTGAA
YLR272C.S1_st	100	129	CCGGTTTACGGATCTGTTAGGTCTG
YLR272C.S1_st	220	118	CTTCTGCAGTGACGTAATAACCTCG
YLR273C.S1_st	159	93	TGCTCTGCGGTAATGTGCTACTACT
YLR273C.S1_st	172	121	AAATCGTCCGGAGGGTATTATCTAC
YLR274W.S1_st	273	136	CCTATTCCGGAATATACGGGATCTC
YLR274W.S1_st	284	121	TCGCAGAGTCCTAGGTTAACCGCCG
YLR275W.S1_st	166	132	CTAGCAGGTTTTGTACTTGAGAGAT
YLR275W.S1_st	262	111	CTACGATACCACTGTTCTTGTGGAC
YLR276C.S1_st	2	256	ATCTTGACGAGCACCGCCTTTCTGG
YLR276C.S1_st	310	129	CTGCCGATTCAGGATGCACGTATCT
YLR277C.S1_st	85	111	TACTTACACCTAAGTCGAGGGCGGT
YLR277C.S1_st	252	115	CGGTCACAGTTCGAAAGCTCAGTAA
YLR278C.S1_st	88	242	TTTACCGAGAAGAAGCCCGCTATAT
YLR278C.S1_st	229	117	TCGTTAAGTTAAGGCCAGTCACAGT
YLR281C.S1_st	100	7	TTCTCCAGTTAGTCGTCACGGCGTC
YLR281C.S1_st	203	120	CTCTTTAAGGAAGTACCGCCGTCTC
YLR283W.S1_st	30	2	GTAGATTCTTCCTTGCGGGTCCAAA
YLR283W.S1_st	285	112	CTGTGCGTTGATTTACTCGTGGTGA
YLR284C.S1_st	33	116	GTCGTTATCCCAACTCGCGCCGTGA
YLR284C.S1_st	277	114	CGCCGTGACCATCGCAATACACTGT
YLR285C-A.S1_st	239	134	AGTTTCCTGTGACCAAATGTTTGTA
YLR285C-A.S1_st	273	111	CTTAAGCACGGGGTAGTACTGAATA
YLR285W.S1_st	186	253	CTTTGGCTACAAACTGCTTCTGCTC
YLR285W.S1_st	220	122	AAAATCTTAACCCACGACGACGACG
YLR286C.S1_st	158	141	ATAGAAGGGTTTATTGGTCACGACG
YLR286C.S1_st	161	123	TACAATACGAATACTGAGGCCGCTG
YLR287C-A.S1_s_st	43	248	TTCTCTTCTTACTTGGGTCCAGGTA
YLR287C-A.S1_s_st	304	314	CATTCTCTTCTTACTTGGGTCCAGG
YLR287C.S1_st	90	253	CTAAAAAGTCGTTTGAGCCTGCTAT
YLR287C.S1_st	158	173	ATACCCTAGGATCGTTTGTAGAATT
YLR288C.S1_st	15	256	CCTTTCAAGCAGGTGTGTACTTCAT
YLR288C.S1_st	278	133	CCTTACCTGGGAATCTGAGACACTA
YLR289W.S1_st	18	257	TCCAGCAATATGTCCGGGCTCGATT
YLR289W.S1_st	130	125	GTCAATACTGTAACGGGGTCCTTAT
YLR290C.S1_st	94	256	CCGGATAATAACACTCTGGGCCAAA
YLR290C.S1_st	170	118	CTAATCCGGTTGTCATAGGTGAGTC
YLR291C.S1_st	4	127	TTAAAGACTAATGACGAGCGCTTGC
YLR291C.S1_st	5	125	CATAGTAGGCAAACACTTACGCGGG
YLR292C.S1_st	151	1	CGACAACAACGTGATAGATGGCTTT
YLR292C.S1_st	273	256	CTCCAAATCGAAATCGGGGTCTCCT
YLR293C.S1_st	143	253	CTTGCAAGGTTTGACCGTGTCCCTA
YLR293C.S1_st	215	122	ACTACAGACCCTATGACGGCCGGTT
YLR295C.S1_st	6	312	ATTACAATTCGGAACCTTGGGTGGT
YLR295C.S1_st	306	255	AACCTTGAAGTTCCGGGTCTCCGAA
YLR297W.S1_st	58	70	AGAGGCAAGTCCGTCGTCATTACTA
YLR297W.S1_st	210	129	CTTGGTGACCTTTTGTATGAGCGAC
YLR298C.S1_st	2	127	TTTAACAATATGCTACCGAGTGGTC
YLR298C.S1_st	144	128	CGTTTGGTGCTAGTTCCTCAGGTTC
YLR299W.S1_st	49	129	AGGCCGCCGAGTTCTTAGTGATGCT
YLR299W.S1_st	95	316	CCTTTCGAAGGGGTACTAGCCATTT
YLR300W.S1_st	127	128	CTATATCGAATGACCAGACTGCTTT
YLR300W.S1_st	129	242	AACTTATCACAACCGAAGCCGCGAT
YLR301W.S1_st	114	312	CTTACCCGGAAACGGCCATGTTTGC
YLR301W.S1_st	257	120	ACCGTTGGTCAACTGGGTAGTTCTC
YLR303W.S1_st	27	314	CCAATCTTGTTAGGGGTATGCATAG
YLR303W.S1_st	243	118	CCATTGAACCGTATGTAGCAAGTAC
YLR304C.S1_st	159	315	GTTAGAACTAATTCCGGCAGCCATT
YLR304C.S1_st	212	130	CTTGTGCGACGAAACCTTGGTTCTA
YLR305C.S1_st	102	126	ATAGTTCCGTATAGATCGGCGGGCA
YLR305C.S1_st	185	126	GTTTCCGAGTGTTTACCGTAAGGCA
YLR306W.S1_st	70	305	TTTCCCTGGAACTAAGCGACCTGGA
YLR306W.S1_st	79	6	ACCAGCGGTCGAGATCTAAACGTCT
YLR307C-A.S1_st	279	118	CGATCATGATGAGTTACAGCGTCTT
YLR307C-A.S1_st	284	133	CCATCTCTGACATAGCCTCGTGCAT
YLR307W.S1_st	248	134	CCGGAGGTATGCCACGTTAACTATT
YLR307W.S1_st	302	118	CGTGCTACCACGTGCTTCTTGTCAA
YLR308W.S1_st	55	247	TTGTCAAAGAGTAACACAGCCGCCT
YLR308W.S1_st	211	135	CCAAGTCTGGAGGTATACCGCCTTA
YLR309C.S1_st	278	118	CTTAAAACTCGATGTCAGACGGTTA
YLR309C.S1_st	293	116	CGCTTATAACTAAGGAGTGGTCGCT
YLR310C.S1_st	109	315	ATCTTCGCAGAAACCTTTTACAGGG
YLR310C.S1_st	191	115	TATCTCTCGACAACGCTAGGCACTG
YLR312C-B.S1_s_st	153	227	ATTTGACCTAAATCCGCTCGTGACA
YLR312C-B.S1_s_st	295	119	CTTTCCGAGTGTCTAACGAGCGTTT
YLR312C.S1_st	89	7	AGCCCTAGGTCTAACGTCAACGCGT
YLR312C.S1_st	229	130	CTGGATTACCCGACCTCTGCTATGT
YLR312W-A.S1_st	44	251	CAATTTCTTACCAAGCGGCCGGCTC
YLR312W-A.S1_st	133	130	CTTTTTGACTTAGACGATCCTCGTG
YLR313C.S1_st	88	6	ACAAGTTCAGGCGTTCTAGTCAAAG
YLR313C.S1_st	102	3	GAAGGATACCGTGTCCCGTAAAACT
YLR314C.S1_st	148	130	CACTCTCCGGCAAGGATAGGTACCC
YLR314C.S1_st	210	254	CATTAGTTCACTCTCCGGCAAGGAT
YLR315W.S1_st	169	124	TTTATACCAAGCGAGTGGCTCACGT
YLR315W.S1_st	250	131	CATGCTTAACGAAGTCCGGTCCCTA
YLR316C.S1_st	19	112	CCGGGACTAGGTAAGAGCACACTCT
YLR316C.S1_st	271	113	GCTTTACTCGATAGCGCACGCAGCT
YLR318W.S1_st	58	113	ATCGGCATTCGAGGGTTAGTCTACT
YLR318W.S1_st	218	137	TGTCAGTCGCCAACAGGTTAATGCT
YLR319C.S1_st	125	248	CGCATCCAGAGTCGGGCGATTTTTC
YLR319C.S1_st	237	131	CTCGTTCAATACCACCGGCAGGTTA
YLR320W.S1_st	242	127	AGGTGGTACAATCTCTCGGGAAAAC
YLR320W.S1_st	305	127	GTTCGGACAACGTGACCCTTACTTT
YLR321C.S1_st	140	129	CTACTTGACCCGAGGTTAACCACGG
YLR321C.S1_st	156	129	CATCTACCGGTGAACTAAGTCCTGG
YLR323C.S1_st	14	242	CTGAGGTTTCGCCAATGAGATCTGA
YLR323C.S1_st	123	118	CTTATAGGCCTGGTGCCACGACTAC
YLR324W.S1_st	21	246	GTGATACCAAACCTCTACCCAGCTG
YLR324W.S1_st	201	136	CCAGCGCTATCGTTCTTCCGGCATA
YLR325C.S1_st	51	130	ACTTGTTCCGGCCATTCGGTAAGTC
YLR325C.S1_st	104	248	TTCTCGACTGCAATTCTGGCGGTGA
YLR326W.S1_st	36	73	CGGACCGACGTACTGTTTAGTGACA
YLR326W.S1_st	229	123	TCGTATGTGCGCGTCATGATTGCCA
YLR327C.S1_st	2	309	ATAAAGTGGGTATTGCCGTTGAAAC
YLR327C.S1_st	78	126	TTGGTGCAGTTCTCTCCTCCGATAC
YLR328W.S1_st	272	121	TAACCGGACGCTTTCTTGGAGTAGA
YLR328W.S1_st	301	122	ATACACCTGGTTTGGCTTGGACAAT
YLR329W.S1_st	11	241	TTCACCGTTGTTTCAAGCGAGCGAG
YLR329W.S1_st	65	7	CTCTCGAAGTATGCGTACGGTTTCC
YLR330W.S1_st	127	314	TTGTTGCAAAGGTTCCTCCGACGGA
YLR330W.S1_st	305	126	TTTCACAACGTCAGCTCGGTAGGTT
YLR332W.S1_st	142	248	TTCCTGCCTGAAATAACTGAGTCTA
YLR332W.S1_st	211	126	TAATCCACCATCACGTAGCAGGCGT
YLR333C.S1_st	42	124	ATGGTCTCGACGACGAAGGCTTATT
YLR333C.S1_st	142	86	ATAGATATGGTCTCGACGACGAAGG
YLR335W.S1_st	64	256	CCTGCTAGGAAGATTTCACGCGGAT
YLR335W.S1_st	185	253	CTTCCGGCGAGTAAATGCTTTCGAT
YLR336C.S1_st	91	4	ATGAGGCTACTAATAAACGCGCTAC
YLR336C.S1_st	278	131	ACCGAACCCGAAGTTTTCGACGGTT
YLR337C.S1_st	55	210	ATAAAAGATGTCCACCTAGCTGCGA
YLR337C.S1_st	278	128	CTATCGTTCTTATTACAGGGGCGGC
YLR340W.S1_st	206	133	CACAGGGTTGGTTCTAACGGTCTCC
YLR340W.S1_st	308	115	TCTTTTCATGCGACGACGACGAGGT
YLR341W.S1_st	11	312	AAACGTTCGATTTCCCAGTCATAGG
YLR341W.S1_st	284	118	CTCTCAGGAGTTTGCGTCTTAGACT
YLR342W-A.S1_st	89	243	TGCCTCGTCGAAAGCCACAGTCATT
YLR342W-A.S1_st	208	305	TTTTTGCCTCGTCGAAAGCCACAGT
YLR342W.S1_st	131	5	CTAGTACGGTTATGTCGGAAGACCT
YLR342W.S1_st	171	117	CTAAGTAACCTACCGCAACAAGTGT
YLR343W.S1_st	45	1	ATCAGGGAAAACCACGACTTAGACC
YLR343W.S1_st	67	123	ACGTCGGGGAATGTTCGCTCAGCTA
YLR344W.S1_st	171	128	AGTAATCTGCAAAGGAGGCTGTCTT
YLR344W.S1_st	314	310	ATCTGCAAAGGAGGCTGTCTTCTTT
YLR345W.S1_st	117	250	CCTTTTCTTGGGTGCTATGACGTGA
YLR345W.S1_st	295	127	CGAACGTGGACGCATCTCAATGGTT
YLR346C.S1_st	159	227	AGTTCCGACGGGTCCTTCGCCTTTA
YLR346C.S1_st	281	123	TACTAAATGAGTTCCGACGGGTCCT
YLR347C.S1_st	164	210	ATCCTCACCGGTTAACAAGTCAGTT
YLR347C.S1_st	295	129	CTACAAAGGTCTGCCGAGTTAGTTT
YLR348C.S1_st	32	236	AAACTTCTAGGAACGGCTGCGACAG
YLR348C.S1_st	67	254	CCTCTGGTAGTTGGCCGAAACTTCT
YLR350W.S1_st	122	123	ACGCATGCTGTTGGACTGGTACACC
YLR350W.S1_st	249	126	TACTTGCGATGCACCCAGCTGGTCG
YLR351C.S1_st	52	128	GTTCCCACGCAAACGGTACTAGATG
YLR351C.S1_st	75	313	TTTCACTTTGGAACTCGGGACCTCT
YLR352W.S1_st	38	129	CTGCTTATAAACGTGCTAGGGCTGA
YLR352W.S1_st	260	310	TTTCAAGCGCGAGTGCAAGTCCTTT
YLR353W.S1_st	172	135	CAGTCTGTGCCCTGTCTTGAGGTAA
YLR353W.S1_st	182	129	CTAAGTCCCTGCAAATGTCGTAGCT
YLR354C.S1_st	48	129	ACACGGCTCCGGGTTCAATGAAACT
YLR354C.S1_st	153	242	ACCTGGGACAGAGGCGATTCTTCCT
YLR355C.S1_st	120	197	AGAATGCGGCAGACCTTGCTACAGT
YLR355C.S1_st	226	254	CTACAGTGGCCATTCCGAGTGCTTT
YLR356W.S1_st	275	111	CGACGAAGGCTTGACTCGCTAAGAT
YLR356W.S1_st	303	120	CCCTTCGGACGTCGTTGGTGTCATA
YLR357W.S1_st	65	316	GAACCTAATTCTGGGAGCCGATTCA
YLR357W.S1_st	292	135	ACTCTTTCTCAGGAACGGTCCGGGT
YLR359W.S1_st	128	248	TTGACGTAGGCAAGTTACCAAGCTT
YLR359W.S1_st	210	111	TCTCTCACACGAGGAACCGATCTGT
YLR360W.S1_st	40	253	CTATAATGAATCTGTTCGGCCGCTT
YLR360W.S1_st	259	114	TCTTGACAGAGACTACAGCGTCCTG
YLR361C-A.S1_st	118	129	CTGGGTCACGTTCTAAAGGTCAACT
YLR361C-A.S1_st	168	130	CTTCTTCAGAGATTTTCCGTGGTAC
YLR361C.S1_st	34	130	CTTAGGTTCTGTGTAGGGCCTCTCT
YLR361C.S1_st	294	113	TTTAGACCGATACGATACCGCCACC
YLR362W.S1_st	132	251	CTCTCGAAGAAACGTTCCAAGGCAT
YLR362W.S1_st	226	138	TCTATGGAAGGACCCGATGCAGTCT
YLR363C.S1_st	117	256	ATCACTTCTAGGAGTTTAGGCCCTT
YLR363C.S1_st	304	127	TTAGGCCCTTTACCGGTACGTTACG
YLR363W-A.S1_st	249	122	TAAACTCTTTTCGACGGGGTAACGT
YLR363W-A.S1_st	258	130	CTTTTCGACGGGGTAACGTTAACTT
YLR364W.S1_st	32	314	TTAACTGATTTTAGCCCGAAGACGG
YLR364W.S1_st	226	131	CTAAACTTCGTTTTCCGTGAGAACT
YLR367W.S1_st	283	256	ATGCAATAAAACTGATGAAGACGCC
YLR367W.S1_st	296	129	CGTACCAATGTAACCGCTTAAGCTT
YLR368W.S1_st	216	123	ACTATATTCTCATGCGGACCGACTT
YLR368W.S1_st	219	117	CTTCAAGGGTCTCTACACTGCTACA
YLR369W.S1_st	93	247	TTTCGATGCCTACGCGATGTCCCAT
YLR369W.S1_st	262	110	CTACCATAGTAGTTGCATAGACGGC
YLR370C.S1_st	12	122	TCTAGGATTGTGACTGGCGTACCAT
YLR370C.S1_st	162	253	CTTTAATTTAGTGGGCGGCTGTCTC
YLR371W.S1_st	182	117	CTAGGCCGGCTATGTAGTAATCTCA
YLR371W.S1_st	295	136	TACTTAGGAACAATCTAGGCCGGCT
YLR372W.S1_st	92	250	CTTAGACTTCAAAGGCCGAGGCAAC
YLR372W.S1_st	151	255	CCTTCGGAAGCGTGGTTTTAATCAA
YLR373C.S1_st	89	256	ACCTAATGCTGAACCTGTGAAATGT
YLR373C.S1_st	209	138	ATAGCCTGAGATGGTATAGTTTCCT
YLR375W.S1_st	159	126	CTCTGAAGGTTAACAGTGGTCTGCC
YLR375W.S1_st	284	134	CCTACTCTATGACAGGGTTAGCCCT
YLR376C.S1_st	215	254	ATTTGGAAGCCATCGCGACGTTTTC
YLR376C.S1_st	223	117	CGATAGAACGTATTTGTAGTGCCCT
YLR377C.S1_st	48	257	CTTCCATTGTGGGAGATGACCTTGC
YLR377C.S1_st	234	110	ACGATACGGTACATGCCTAGGAGAT
YLR378C.S1_st	254	117	CTGTACCTAGCTTTAGAGGCCGTGA
YLR378C.S1_st	291	248	CTCGCCCAACCGGATGATGTAGGTT
YLR380W.S1_st	69	246	TTCTTAACCGACCTAGGCCAGCAGC
YLR380W.S1_st	159	53	AACTGACAGTGACGGGTTACCTAAC
YLR381W.S1_st	233	256	ATTTCACAAGTCAAGCCTGCTAGGA
YLR381W.S1_st	258	120	CTCTTAGAAATATAGGGTTGACGTC
YLR382C.S1_st	159	147	CTGGGGCTGGCTGAATTTACTACGT
YLR382C.S1_st	174	113	CTCAGTTTAAGTACATGTGCCGACT
YLR383W.S1_st	194	1	AAGCTGCAAAAGTACCTGGTCCAAT
YLR383W.S1_st	291	129	CCAATGTATTAAGGGAGTTTCGAGC
YLR384C.S1_st	130	257	ATGCGGAAAATACCGGTCCTTTGAC
YLR384C.S1_st	185	315	CCTCCTCTTGGGTATGCGGAAAATA
YLR385C.S1_st	127	6	ATGACGGCGCTGTATAGAGACTCTC
YLR385C.S1_st	296	127	GTCACTGACATCACCTGGACCGGTT
YLR386W.S1_st	42	250	TTAGTGGGCAAAAGTGTTCCTACGC
YLR386W.S1_st	193	135	TATAGAGCGTTTCCAGGCAATCGGT
YLR387C.S1_st	91	314	TTTCCTCCTCGCAGTCGAAAAGCGG
YLR387C.S1_st	194	127	GTAGCACGCCCGGTCTCCATGATAT
YLR388W.S1_st	167	297	AAGGGTGTGGCCAAACTAGTCTTTC
YLR388W.S1_st	180	256	GCCAAACTAGTCTTTCATGCCGAAT
YLR388W.S1_x_st	167	297	AAGGGTGTGGCCAAACTAGTCTTTC
YLR388W.S1_x_st	180	256	GCCAAACTAGTCTTTCATGCCGAAT
YLR389C.S1_st	160	125	TTGACCGGTCAACTAGCTTCTACAG
YLR389C.S1_st	302	128	CTTGTTAGTGCCATGTCGCTTGTAA
YLR390W-A.S1_st	159	22	ACGGGTTTGTTACTGCGACTACGAC
YLR390W-A.S1_st	159	139	TTGAGGCGGCAGTTCTTTACAGATC
YLR390W.S1_st	119	108	TAGCGTACGGAACACCCTCAGATGT
YLR390W.S1_st	225	114	CTTTGCAGTTCAGGTCACGTTATAC
YLR392C.S1_st	58	255	ATGAACAAATCCAGACCGTCGGTTT
YLR392C.S1_st	224	119	AATAGAGTCCCTTATCGCTTGCCGT
YLR393W.S1_st	130	129	AGCTTACAAGATCTCCGGTTACCGG
YLR393W.S1_st	130	255	GGTTACCGGTAAAAGGCAGTCCCTT
YLR394W.S1_st	29	223	TTTCGCCAGGTTAAGTTGAGTCGTT
YLR394W.S1_st	180	123	ACGGTGGAGCGAGTTCATTATGACA
YLR395C.S1_st	1	247	CTCCAGTCATGTGAAGTTTCTGCCA
YLR395C.S1_st	175	314	CCTTCTTTCTGTGGAATGCGGAATA
YLR396C.S1_st	49	104	CGGCTACCGAACTAGTTACCGTGTT
YLR396C.S1_st	312	131	ATGTCACCACATCACGGGAACTGTT
YLR397C.S1_st	129	130	CTTTAAAAGGCGTTTCGTGCGAGAC
YLR397C.S1_st	267	120	ACATCGCCGCTGCTTATCTGGACTA
YLR398C.S1_st	92	128	TTAGTACCTTTACTCGGGGCTCCGA
YLR398C.S1_st	99	215	ATAGCTGGTTTTGGTGTTGCACGAC
YLR399C.S1_st	69	304	TTTCGCGACGTGTGTTGCCCAAAAG
YLR399C.S1_st	250	117	CTCCGCGAATCGTGCACCTAGTTTC
YLR401C.S1_st	185	127	TTCACCGACTGTGGAACTCTAGGCG
YLR401C.S1_st	264	118	CTTCTCCAACTCAGCGTCGTCATAG
YLR403W.S1_st	52	248	CTTACCCGAGACGTTTCCTATTTGG
YLR403W.S1_st	286	116	CATGGTATCCAACGTGCCTGTAGTC
YLR404W.S1_st	17	120	GTCCTCTAGCTTGTTGATCCGGGTA
YLR404W.S1_st	237	127	GGCGATAACCCACGAGGACCTCCTT
YLR405W.S1_st	14	3	GGAAACTCAAGTTCGCAATGCCGCT
YLR405W.S1_st	163	133	CATCTTGATCCAGTAGCGTCGGCCG
YLR406C-A.S1_st	137	3	GTATCATATGTAGGCATGTAGGCAT
YLR406C-A.S1_st	289	312	GTATGTTAAAAAATCCTCACGGCAA
YLR406C.S1_st	23	253	CCAACGGAGACGATTCCCAGATGTT
YLR406C.S1_st	269	312	CGATTCCCAGATGTTTGGCAACAGC
YLR407W.S1_st	197	306	TTCCGCGGCAAAACATTGCGACTCT
YLR407W.S1_st	207	131	CGGCAGCATCGGAGGTTCCCATATC
YLR408C.S1_st	55	130	CTTGTCTTCGGAGCTTCTGAAACGT
YLR408C.S1_st	194	119	AGAGGCGTATCTTGTCTTCGGAGCT
YLR409C.S1_st	66	243	CTCGAATGACAAATTCCGTGTGCCA
YLR409C.S1_st	255	115	ATTTAAAGAGTGGACGACGTCACCT
YLR410W.S1_st	29	253	CTCTTCAACTTTGCAGGACGGAGCA
YLR410W.S1_st	159	129	CTTTGAGGTCGAACACAACGCATGA
YLR411W.S1_st	175	111	CGTAAATCGATCAATGAGCGGTCTC
YLR411W.S1_st	313	135	AGCGGTCTCCTCATGCAACAGTTTA
YLR412C-A.S1_st	171	1	AAGAGCTTTGCTTCCGTTCCGTTTT
YLR412C-A.S1_st	228	131	CACGGAGTCGACTCTTCCAGGGAAT
YLR412W.S1_st	18	122	TCGCTGGTGTGAATACCGACCGTTT
YLR412W.S1_st	314	117	CTTGTATGATAGCAGTGTCGCTGGT
YLR413W.S1_st	48	130	CTTCTTGTGCTTTCGGGGTAACTAC
YLR413W.S1_st	94	3	TGTACATACAGGGTCGTCACTTTCG
YLR414C.S1_st	33	121	ACCTAGTAGGTGTATTCCGGCGATT
YLR414C.S1_st	158	136	CCTCGAATACCTAAGGCACCGGTCA
YLR415C.S1_st	3	7	ATGCGCTCTTACAACGAGAAGGTAC
YLR415C.S1_st	159	233	TTAGCCCGCATGATAGTCGGTTCGG
YLR417W.S1_st	91	116	GTCCGGACTATAGAGGGTACCTTTA
YLR417W.S1_st	235	256	ATTTTTGAGAATAACCGGGAGCGTA
YLR418C.S1_st	246	254	CGCGTGCCAGCATAAAGGTTTTGTT
YLR418C.S1_st	285	246	TGTTTACCAAGTAGTCCACCGGGAG
YLR419W.S1_st	174	314	CCTTCTAAATGGCAATGGACGATGA
YLR419W.S1_st	273	131	CTCCATGATAAGTAAGTGGCCCGTA
YLR420W.S1_st	25	130	CGGTGACTGCATTTCCAACGACGGT
YLR420W.S1_st	286	110	TTAAGACCTTGTGACGTGATCGCTC
YLR421C.S1_st	118	2	ACCGCAGGTTGCCTTTTCGGCCAGC
YLR421C.S1_st	268	130	CTTCTAAGTGCAGATACATGCGGTT
YLR422W.S1_st	32	130	CTTCCCTAGTAGTGTGGAGTCCCAG
YLR422W.S1_st	85	122	ATATCAGCATGAGAGTCACTCCGGT
YLR423C.S1_st	194	257	AAATTCCACCATGTTCCGCTGCTGT
YLR423C.S1_st	306	128	CTTAAATCTACGAGTCCTGGTCCTT
YLR424W.S1_st	1	124	ATCCATGTGAGTTGACGGTATACCT
YLR424W.S1_st	126	248	CATCTTCTGATGACGGACCTTTTTC
YLR425W.S1_st	128	122	ATAATCAGCGCACGTTAGGACATCG
YLR425W.S1_st	278	313	TGAACTAAAAACAACATGGCCGCGC
YLR426W.S1_st	62	131	CTGCGGCCGGTTTCATCGTCGAATA
YLR426W.S1_st	89	314	CCTCATTCCCGGTTGAAGTGGCCTA
YLR427W.S1_st	70	121	ACAGTGTCTAAGCTGCCTAAGAGGA
YLR427W.S1_st	107	253	CCTTAAAGATACGACCCAGGTGGCT
YLR429W.S1_st	148	6	CTTCGGTCTCGGTCACAGATAGCGT
YLR429W.S1_st	272	136	ACTCTTTTGTTTCAGGGGACTCGTC
YLR430W.S1_st	121	118	CTTAGTTATGAGTTGCCGAGGACAC
YLR430W.S1_st	198	128	TTATCCTGGGAGAGAGTTGTACACC
YLR431C.S1_st	39	312	TTCGGTATTTCCCAGCTTGCGCTCA
YLR431C.S1_st	209	129	CTTGAGGTATCGCTTTCATGGTGAC
YLR432W.S1_st	300	125	GACCATGATGACTTAGAGGACCACT
YLR432W.S1_st	310	136	CCATGATGACTTAGAGGACCACTTA
YLR433C.S1_st	32	121	ACCACGAGATCGAGCACCCTGACTT
YLR433C.S1_st	35	122	CTCGTCCTTGAACTGGGTCTTAGCC
YLR435W.S1_st	70	233	ATGGCTAACGGCACCTCCAGTAGTT
YLR435W.S1_st	146	128	CGTTGTCCGTGCAAAACTCGAGCCA
YLR436C.S1_st	144	244	CGTTGTTGTCATCATTGCCGCCTAA
YLR436C.S1_st	299	311	CTTCTTCTTTAATCAGGGCCGCAAC
YLR437C.S1_st	19	247	TGTCGGCCCACAGTAATCTCTAATG
YLR437C.S1_st	229	244	TCTTGTTACAGCTGGCTCCGCAGGA
YLR438C-A.S1_st	132	2	CCTCTGTGTCACTGAGATTAGTCGT
YLR438C-A.S1_st	170	119	CCCGTGTGACGTTCGCAAGCTGAGT
YLR438W.S1_st	159	51	CTACTTCCTAGTGCCGGAGAACCGA
YLR438W.S1_st	195	254	CCACAGCTTTGGTAACGGTTCACAT
YLR439W.S1_st	158	67	ATTAAGTACGTTCGAGGCACCTCGT
YLR439W.S1_st	183	119	CTATAGGGACTACTGCTTCAGCGGA
YLR440C.S1_st	132	256	ATTCGCGGGCACTGGACCACTTTCT
YLR440C.S1_st	310	100	CGTCTACTCGTAGAACCCGGCGAAT
YLR441C.S1_st	21	4	CGAACCGACTGAATGTCCCAAGACT
YLR441C.S1_st	34	316	CTGATTCCTTCAAGTTCCTAGATGG
YLR442C.S1_st	42	313	CTGTTGGGTCCCATGTTCCGCAGTT
YLR442C.S1_st	159	16	AGCTCCTCGGGTCACGTTCGTAATA
YLR443W.S1_st	129	245	TGGTTCGGCCACATAAATGACTACG
YLR443W.S1_st	283	248	TTGCTGTCAGATGAAGCCCGCTCCG
YLR445W.S1_st	175	251	AGGCCCTTAGCATGTTTCTGGAGAG
YLR445W.S1_st	247	119	CTTCAGGGATCCGTTAGTAGACTCT
YLR446W.S1_st	173	131	CTACGGGACTCTCTTTGTAATGGCA
YLR446W.S1_st	256	116	CGTTGGCAAACTGTAAGTACCTCGT
YLR447C.S1_st	22	251	GTGACAAACCCGGACCTACTTTAGG
YLR447C.S1_st	160	256	CCGCGTTCGGGTTCTAAAGCTTCCT
YLR448W.S1_st	129	127	TGACAAAACTAGAACGATCGACCGG
YLR448W.S1_st	223	254	GCTTCTGCAACGACGGGGTTTCTTT
YLR449W.S1_st	92	242	ATTTGTTCGAAACGGGCCATAAGGA
YLR449W.S1_st	162	315	CTTTCACGATTTGGACGGCTCTTTT
YLR450W.S1_st	77	128	TTGCGCGTGCGTCGATTAAACCAGT
YLR450W.S1_st	150	6	CCGTAATCCGGTTCTAGGACGCGTC
YLR451W.S1_st	80	120	CTTCGACAGTTACTTGGAGACGGTT
YLR451W.S1_st	266	117	TTACGTCCGAGATGGTCGTCACCTT
YLR452C.S1_st	158	7	CGTAGGCGCCTTAGTCGTCGAAGTA
YLR452C.S1_st	287	137	AATCGAGTTGCCTCCGACTGTGCAA
YLR453C.S1_st	237	314	CTTTTTGGTCGCAGAAGGTGAATTC
YLR453C.S1_st	313	95	ACGGCTATAATTGTACGCGAGTTCT
YLR454W.S1_st	158	155	ATATTAAGGATGTGCCTCGGACTTC
YLR454W.S1_st	159	74	CTCTACTGCTACTACCTCGAAGGTC
YLR455W.S1_st	149	246	CTCTTAAGACTGTGGTTTGCCGGGA
YLR455W.S1_st	254	256	AAAAAACTAAACTTCCGGGATGCGC
YLR456W.S1_st	171	138	ATTACAGTACTCGTTGGGTTTGCAA
YLR456W.S1_st	316	118	CACCGCTGTACGAGCAGTTTAACAT
YLR457C.S1_st	178	133	CTCTTTAAGAAGATGTCGCCGTTTA
YLR457C.S1_st	283	128	TTATATGGTCTCTACGTCGGCAATG
YLR459W.S1_st	103	4	CGTCGGTAAGATGCGTAAGTAAAAT
YLR459W.S1_st	158	212	ATGTGCGTTAACAAAACCGCGGTTA
YLR460C.S1_st	60	316	CCTTTGTAATGAAATGGTCGGCTGA
YLR460C.S1_st	169	135	AATGGTCGGCTGAGTCTTCGATCCT
YLR461W.S1_x_st	27	127	AGGTTCCGAGATAGGTTTCTACCAT
YLR461W.S1_x_st	41	121	AGAGGTTCCGAGATAGGTTTCTACC
YLR462W.S1_x_st	20	255	AGGCCGCGTGGATAACATTCCTCAG
YLR462W.S1_x_st	212	253	AAAGGCCGCGTGGATAACATTCCTC
YLR466C-B.S1_st	204	118	CTGTATATATATGGGTGTGTGAGAG
YLR466C-B.S1_st	298	113	ACTGTATATATATGGGTGTGTGAGA
YLR466C-B.S1_x_st	44	254	ACAGTATGGAATGGGCCGAAAGACT
YLR466C-B.S1_x_st	151	218	ATGCCGGAACAGATTGTGGTAGGTC
YML001W.S1_st	3	254	CTGAGACCACAACCCTTCTGGAGGA
YML001W.S1_st	84	127	TTCTGGAGGAACTACGTGGCAATAC
YML002W.S1_st	175	310	AAACATCGAGTGCTTTCCAACCGGC
YML002W.S1_st	271	117	GTCGCATCAGAACACCGTAAACGGT
YML003W.S1_st	146	116	TCTTGCGAGCGAGGACCACTACTAG
YML003W.S1_st	203	116	CGAGCTAATTGTGTCGAACCGGTTA
YML004C.S1_st	6	315	CTGCGACCGCGGGAAACATTTCTTT
YML004C.S1_st	36	127	TATTCAACACTACTGCGACCGCGGG
YML005W.S1_st	69	249	CTTTGGCACCGTAGTTTGAAGTCAA
YML005W.S1_st	175	1	CGCCGAATTTCCGTTTGCCTAAGTT
YML006C.S1_st	56	242	TGTCACCAAGACGTCCATGCCTATT
YML006C.S1_st	93	127	GAAATAGTCTTGTCAGTCCGGGTGT
YML007C-A.S1_st	26	251	CTTTGGAGGTTATGAACGACAACGG
YML007C-A.S1_st	56	131	CACTCTTTGGAGGTTATGAACGACA
YML007W.S1_st	261	127	CCAAATACAAGGCTCGATTACCGTT
YML007W.S1_st	295	115	TTTCGGCGATTATACAGTCTGCTAC
YML008C.S1_st	39	5	ACGTTAACTCCGGTGTACAGTGCGA
YML008C.S1_st	245	315	ATCCAGATCGGGGTCTTCCAAGGTT
YML009C.S1_st	177	117	TTCGATAACAGATGTCGCCGTTCAC
YML009C.S1_st	301	116	AGGACACCACTTTGCCGTACACGAA
YML010W.S1_st	25	250	CTTACCCGGGTTCAATGCAGTCACG
YML010W.S1_st	175	128	CTCGAGGAAGCTACCACCGTTTTGT
YML011C.S1_st	80	1	CACCGTCTCTGCACCTAAAGGGCGT
YML011C.S1_st	273	133	TCTCATCTCGATAAGCTCTTGGGCT
YML012W.S1_st	41	250	GGAGCGACCCACAAACCGTTCAGTT
YML012W.S1_st	99	290	ATAGCACCGGCAAGAAATTCGTCCC
YML013W.S1_st	290	255	CCATATAAGATCACTGGGGCGTCTT
YML013W.S1_st	291	137	CCTGTTGAGCTTTGACGATGACGAT
YML014W.S1_st	59	114	TCACGTAGTGACCAGATGTTCCCTC
YML014W.S1_st	80	241	TGATAGTGAATATGGCTCTCCCGCT
YML015C.S1_st	158	225	AATAACGGGCTTGTGTAGGCACTCC
YML015C.S1_st	159	195	ATAGTTAGGCTATCGCAAGGGCTTC
YML016C.S1_st	99	248	TTACTAGAAAACACCAGGCTAGGGT
YML016C.S1_st	115	119	TGGTAATCGACGATAGCATCGGCCT
YML017W.S1_st	76	254	CATTATCTATAGCACCTCCGGGGTT
YML017W.S1_st	132	247	TTGTTAGCACCATTAGCGCCGCCTA
YML018C.S1_st	171	206	ATTGGCAGTGGCATCCTAACTCGTA
YML018C.S1_st	276	123	TAACTCGTATTGCTATGGGGATCGT
YML019W.S1_st	158	226	AATACACGGGTTTTAGAGCACACAT
YML019W.S1_st	262	79	ATGTAACACTACAGGCGTGACAGAC
YML020W.S1_st	48	247	TTTATTCGCCTAGAGACCGCCCGTG
YML020W.S1_st	140	130	CTTTGTCCAGATGGTAGACCCGTAG
YML021C.S1_st	234	129	CTCTAAATTGAGTGACCCGAAGTGT
YML021C.S1_st	255	137	AACCGATATGTTATGGGCGCCTCTC
YML022W.S1_st	166	256	CTTGTTGAGCTTCGGTTGGAAAACC
YML022W.S1_st	189	123	CGACGTCGGCCGCTTAATCAACTTG
YML023C.S1_st	65	126	CGAAAATGGCTCGTTACATCGGTTC
YML023C.S1_st	97	249	ACCCGGTTCCGCGAATTGAATCCTT
YML024W.S1_st	273	253	ACAATAGTTGCAAAGACGGGTTTCT
YML024W.S1_st	285	256	ATAGTTGCAAAGACGGGTTTCTCTG
YML025C.S1_st	158	98	CTTATAGATCGTTACCGGGTAGTCT
YML025C.S1_st	191	129	CTTGAGCTGAACTTGTCCGACCTAG
YML026C.S1_s_st	5	3	CCATTCCTGATGGTGTGAAACCGAT
YML026C.S1_s_st	57	131	CTCCAGTTGTGTGGTTCTGGTGACC
YML026C.S1_st	57	248	TTCTTCTAGTCTCGGGTGGCACCAT
YML026C.S1_st	176	243	AATTTCTTCTAGTCTCGGGTGGCAC
YML027W.S1_st	8	312	AAGAAGTGGCGACCTTTTATGCGGC
YML027W.S1_st	272	129	CTTTTTACAGGACGAGGTAGCTTCC
YML028W.S1_st	19	253	CTTATGAGGGAAAACCGTACCTGGT
YML028W.S1_st	199	138	AACAAGTAGTAGCTGGGTTTCCCAC
YML029W.S1_st	159	148	TTGTGGGGACTGCAACCTGTTAACT
YML029W.S1_st	281	137	AGTCTATGTATTAAGGTCTGGGCCA
YML030W.S1_st	59	257	TGAAGGCAACCGCACACCCAGATGT
YML030W.S1_st	152	118	GTAACCCACGAACGACTGATGTCCT
YML031W.S1_st	76	119	CTCCAGGTAGACACGTGACCCACTT
YML031W.S1_st	117	240	AAAGATCTTCACATGCGGAGTCCGT
YML032C.S1_st	60	113	CAGGTTCGTATAAGGTCGCTCACAC
YML032C.S1_st	240	214	TCTTCCTAGGGCAACATCGATTCGT
YML034W.S1_st	12	256	CTCCTTAAAAGCCAGCTGCAGGTTC
YML034W.S1_st	125	251	CTTCTTGAGCAATGAGTTTGGTACC
YML035C.S1_st	45	117	CTTCTTATGAGTCAACGTCGTGTTT
YML035C.S1_st	233	132	CTCCAAACTTACAGAGTGATAGGTG
YML036W.S1_st	94	251	CTTTAAACTTAAGGCTCACGCATGA
YML036W.S1_st	159	112	GCTCTAAAATACTGCTTCGCGAGTA
YML037C.S1_st	38	238	TTTTTAGACCGGATAGTGGACTGCT
YML037C.S1_st	301	254	TCACCTGGGCGATGTCTTTAAGCAA
YML038C.S1_st	134	250	CATAAAACCTCGTTTGCGGGCACGA
YML038C.S1_st	249	242	TTTGATGGCAGGATAGGTAACACTC
YML041C.S1_st	264	98	CTAAGACGCGACGATTTGAACTACC
YML041C.S1_st	315	127	GTTCTCTAAGAGGTCAGCCTGTCCT
YML042W.S1_st	62	245	TGTTGCCCAAACCTGACCGTATGTA
YML042W.S1_st	316	256	AATGCTCCGACGAAGGTGCTCTTTT
YML043C.S1_st	106	129	CTCAGTTCTGACATGCCGCTTCGTG
YML043C.S1_st	269	314	GTTGCCCAACCTGCTTTACGTAATG
YML046W.S1_st	33	131	CTTTCTGGCGTCTATAGGTTGTCAT
YML046W.S1_st	213	121	TCCTCCGACCAGTGTAGCCGTATTG
YML047C.S1_st	83	257	CCGCTGCTTTCGTGTTATGGCTCAA
YML047C.S1_st	109	128	CTTACTCTGGTCATCGCCTTGGGTA
YML048W.S1_st	158	232	ATTTCTGTGCAAACGCGAGAGACCC
YML048W.S1_st	228	136	AAGACCGCCGTTATTGTTGTGATGA
YML049C.S1_st	228	257	TGTTCCTTGGCACCCTACGAAATAG
YML049C.S1_st	316	123	CGATAATACGGGGACATGCATTTCA
YML050W.S1_st	180	136	GTTCCGAAGGGTTGTCCAAGTACTT
YML050W.S1_st	224	135	CCCTGGGCTGTATTAACGTCGTAAA
YML051W.S1_st	26	128	GCTACGGCCGAAGCGTCTTTAAAGT
YML051W.S1_st	87	314	CTGTTGTTCGAGGAAATCTGGGCCC
YML052W.S1_st	100	118	CTGCTAGTAGCATCACGGGTTAACC
YML052W.S1_st	314	103	CTGACGGTGACCTGGACTTCTGTAC
YML053C.S1_st	93	6	CATACGTGGTGTGATACTTGTCGGC
YML053C.S1_st	242	136	ACGGTACCGGCGCAACTGATTGTTG
YML054C-A.S1_st	131	253	CTGGGAACACGGGACCTGAGACATT
YML054C-A.S1_st	217	243	TATTACTTCTGGGAACACGGGACCT
YML054C.S1_st	49	127	GTTCCACGAAGCTCTCGCAATAGTT
YML054C.S1_st	236	123	CAACCTCATGGTTTGCTGCACGACA
YML055W.S1_st	164	257	TAGGGCCTCAACTTGGTTCGAAATC
YML055W.S1_st	201	114	AGACTTGTCGTGTTACAGGAGCTGT
YML056C.S1_st	176	256	CCACCACAGGTTTTGTAACCGGTGT
YML056C.S1_st	273	242	AACCAAGGAGGTGGCAGTACTACCC
YML057W.S1_st	78	254	CTTTATTCTAAGACCGGCAGCGGTT
YML057W.S1_st	279	96	TCTAGTGTTAAGTCCGCACAACGGT
YML058W-A.S1_st	36	122	ACGGTTGTAGTAACGGCAGCTTGCA
YML058W-A.S1_st	66	123	ACTCGTTGGCACAGTTGTTCTCACA
YML058W.S1_st	218	114	CAGATGAGTTTTGAGGTACCCGTCG
YML058W.S1_st	288	137	AACGCATGGCACTGGTACCGCCTTA
YML059C.S1_st	97	117	CGCACCTCCATGTAGTCTCGAAGCT
YML059C.S1_st	186	122	ACTCTCGCGCACCAACGGTTTGATA
YML060W.S1_st	81	254	CTCCCTGATGGTTTATAGACGCTTG
YML060W.S1_st	273	135	CCTAGTATGCGACCAACCCGGGTTC
YML061C.S1_st	102	242	TTCGGTGACCATAGTTCCCAAGTTA
YML061C.S1_st	160	310	TGCTTGGAGCACCAGTCCTATGGCT
YML062C.S1_st	115	115	TTGAAGACTTCTCTCTACCGGACGA
YML062C.S1_st	254	120	CTATCGCTAGTGAGTTCGTCCTTTG
YML063W.S1_st	4	247	GTTACCAGTCTTTTACCGTTTGAAA
YML063W.S1_st	20	1	ATTACAATGGCAATTCTGAAGGCTA
YML064C.S1_st	85	128	TTGTACGAGGGTTAACGCTGCCATC
YML064C.S1_st	311	129	CTGCCATCCCAGAAGTCACTAGTAT
YML065W.S1_st	200	119	CATGTTTGTCAAGTGTAGTGCGTGC
YML065W.S1_st	225	119	CTAGAGTTCTCGTTCTTGACCCGCT
YML066C.S1_st	255	114	ATCCTAGACTGTTGCGACGACATGT
YML066C.S1_st	303	313	ACAACCCTTTGCTGTGGCGAATAAA
YML067C.S1_st	50	233	ATTCACCAGGAACGCAATAGTCGGT
YML067C.S1_st	209	132	TAGAAGGCCTTAAGTTACCCACGGT
YML068W.S1_st	101	255	CTCATAATGAAATAGGACTCCTGGG
YML068W.S1_st	223	314	TTTTACAAGATGTTGGTCCGCCGAT
YML069W.S1_st	14	129	CTGGCATCTCAGTAACAAGGACCTC
YML069W.S1_st	149	256	CCTGTTTGAAGATGCAGTAGCTCCT
YML070W.S1_st	10	119	CTTCTAGGACCACGTCATCCGGATA
YML070W.S1_st	35	129	CTTCCTGAGTAATAGAGTCCGCCAA
YML071C.S1_st	176	127	CGAGCGGGCCCGTTAACTGTTCTCT
YML071C.S1_st	197	136	ACTGTGATCGAACAAATGCTGGCTC
YML072C.S1_st	79	115	AGTTTCGCGTAGAGGACATCAGTTC
YML072C.S1_st	89	254	ACCAACGACGCCTTTTGCAACGGTT
YML073C.S1_st	178	130	CTTCTGCAGCGACGAGATTTCTTCT
YML073C.S1_st	183	118	CATAGGTAGGCTTCTGCAGCGACGA
YML074C.S1_st	98	128	CATGATAGCCACTACCGGGTGTCCG
YML074C.S1_st	259	315	CAAAAGCTGTTCTTGTGGTCGCCAT
YML075C.S1_st	158	222	ATCGTCGGCCGGTAAACCAAGTTTC
YML075C.S1_st	268	238	AATCCACATTCTCCGGGCGTACGAT
YML076C.S1_st	87	7	GCGACATGGACTACTTTACGACGGT
YML076C.S1_st	299	120	CTATGACGGCGTTACTTGGACTTAT
YML077W.S1_st	160	135	ACCGCAGGTTATCGCGTTCACCATG
YML077W.S1_st	280	136	ATAATAGTGGCATGCTAAAGCGACT
YML078W.S1_st	134	313	ATGCCAAGGTTCAAGCGACTGCTTT
YML078W.S1_st	313	130	GTCTCGGAATACATGGCCGCTTTTC
YML079W.S1_st	16	314	ATATCTCGGCCGGTCAAAGCAATTT
YML079W.S1_st	272	313	CAAAGCAATTTCAGGGTTACGGACT
YML080W.S1_st	83	4	CGACTGCACGGTAATCTTAGACGAC
YML080W.S1_st	265	111	ACCTTGTATAGCCACGACTGCGTCA
YML081C-A.S1_st	61	115	GACCGCGGCGTCACATAATACCATA
YML081C-A.S1_st	110	249	CTTTAGGGTCTAAGCGTTTTCCACC
YML081W.S1_st	132	122	ACTACAATGGTTAGTTCGCGACCTG
YML081W.S1_st	134	4	ACGATGCTCGCCCTTAGTGATGCTC
YML082W.S1_st	152	6	ACTGCTTCTAGTACGACGCCGGAAA
YML082W.S1_st	274	126	CGCATCCGGAGCTTTCAGTCAGTTA
YML083C.S1_st	61	6	ACTCAGATAGTTACCGCCCGTGACG
YML083C.S1_st	169	133	CTCTCTGCGGAATCTTCGGGAACTA
YML085C.S1_st	159	178	TAATGTAGCTTCACCCACGGCTGAG
YML085C.S1_st	212	133	CCCACGGCTGAGTATGCGACTCCTT
YML086C.S1_st	158	48	ACCTAGTAAGATAACGCGTCCGACG
YML086C.S1_st	244	220	ATATCTAGGATCACTCAACAGGCTG
YML087C.S1_st	15	120	CTTTAGCGTTGATCTGGTGTACCGA
YML087C.S1_st	222	112	ATACTAGTCCTGTGGCGTTGTCTCA
YML088W.S1_st	159	102	ACTAGCTACGCATACCACCTCTGGA
YML088W.S1_st	185	118	CTTCTCAAAGAGTCTCGGTAGTCTG
YML091C.S1_st	191	137	AGTTGCAGCCACCTTACCGTCGTTT
YML091C.S1_st	275	129	CTTCTTTCGAAGTAGTGATCACCTT
YML092C.S1_st	203	109	TACGTTCTCCGATGTGTCAGGCCAC
YML092C.S1_st	259	314	CATAAGGTTGGCTATTTCCGGGATC
YML093W.S1_st	18	121	CTCTTAGTACTGATTCGGTCCGGTT
YML093W.S1_st	239	131	CTGCCGCCTACTAAGATGTGCCGAT
YML094W.S1_st	198	280	ATAATTTTGTCAGAGGGTTCGTCCT
YML094W.S1_st	226	127	TTTGATTTAGGGCTCGTCGACTTAC
YML095C.S1_st	78	129	CTTACCTGGCTGAGTTTCCGATGTC
YML095C.S1_st	196	129	CTTACGTCGGGAATAGATCTTTGCT
YML096W.S1_st	122	6	CTTTCTTGCGGTATAGTCGCGGTAC
YML096W.S1_st	304	113	GTCGCGGTACCCTATCACAATAAGT
YML097C.S1_st	247	305	TTTTTAGCGCATAACCCGGGACACA
YML097C.S1_st	252	119	CTATACCTGGGTTCGGACTATCTCC
YML098W.S1_st	189	315	CTTCTAAAGTTCAAACGGGAGGCAT
YML098W.S1_st	272	314	ACGGGAGGCATTTCTGGGCTATTTC
YML099C.S1_st	45	242	TTAAACCGTTCCAAAGTACCGTCCT
YML099C.S1_st	286	132	TTCTCAAATCTTCTACCCGTCGGTT
YML100W-A.S1_st	88	251	CAATAATAAGATTTCGCCCGTGGTA
YML100W-A.S1_st	280	311	AGTTTTTAGCGCAAGTCCCATTTTC
YML100W.S1_st	181	120	ATATTAAGACGAAGCCTAGGTGACC
YML100W.S1_st	192	315	TTCACCCTGAAAGGAATAGCCGTCG
YML101C.S1_st	226	119	CTTGTGTCCCAGGTAACTCGTGTGT
YML101C.S1_st	291	310	CTCCTTGCGCAACGAGCCAATTTGT
YML102W.S1_st	225	120	CAAGTTCCTATCTCGGCGGTCGCTA
YML102W.S1_st	225	122	CCTAGCACTTGTACGACGGCCACTT
YML103C.S1_st	117	315	GTTCCAAAATGGACTCTGCACGGAT
YML103C.S1_st	180	135	CCTCAAGCAGTTCCCATAGTCGTCT
YML104C.S1_st	159	46	CTCTAAGAGTACTTCGACGACCGGC
YML104C.S1_st	202	126	TTCTGAGAAGCGTCTGTGAACACCA
YML105C.S1_st	78	226	AACCGCGTCGGTGATTTAAGTTTCC
YML105C.S1_st	90	130	CTTTGAGGATTCTAATGTCGCCGTC
YML106W.S1_st	171	120	AATTGCTCCGGAAACTCTAGTAGTC
YML106W.S1_st	310	115	CTAGTAGTCATTGCGGTTCCCAGTC
YML107C.S1_st	143	128	CTTTAGTAGAGGTTTTCACAGGCAC
YML107C.S1_st	224	111	CTACTAGACCAAGTTACGTGCCGAA
YML108W.S1_st	175	298	ATGGACCAAACTATTCAAGCTACGG
YML108W.S1_st	221	128	CTACGGCTTTATACATATGGCTTGC
YML109W.S1_st	62	2	GTCTGTCACGAAAACCTAAGGGTAA
YML109W.S1_st	140	2	TAGACTTCGAATCGCTAGGGCCCTC
YML110C.S1_st	191	309	TTCCAGGATGGACATTACCCGAGCT
YML110C.S1_st	314	226	ATGTGTCAGAGGAAGCCATAGTCTT
YML111W.S1_st	128	245	CTTTTGGTACGCTTCGATTTGCTCG
YML111W.S1_st	149	255	CTTCGAGTTGGGGTTGTAATTTCTT
YML112W.S1_st	149	249	CTTTCCGGGAGGTTGCTATATGACC
YML112W.S1_st	200	257	TCAACCATGTAGCTTTCCGGGAGGT
YML113W.S1_st	79	226	AGACCGCCGGTGCACTTAAGTTTAA
YML113W.S1_st	123	255	TAGAAGTTGCCCTTTGAGACCGCCG
YML114C.S1_st	50	1	AAGCTGCGGATTACTTTTGCGGGGC
YML114C.S1_st	167	121	ACAGCTCATACGGACGCCTCTTGGA
YML115C.S1_st	34	120	CCGATACGTCTTATAGGATGCACCT
YML115C.S1_st	84	4	TTAGAGTCCTCCGTGATCGTAACCG
YML116W.S1_st	57	251	CACAATGTGGCCAAGTGCTCTGTAT
YML116W.S1_st	286	114	CATGGTTCCGTACCGACCCAGTAAC
YML117W.S1_st	37	122	ACACCGCTCGAGACTGCAGTTTGCA
YML117W.S1_st	89	114	GTCCTAGACTGCAGTACCGGGTTAT
YML118W.S1_st	99	224	AACCGATGCCATTTCACGTAGGACT
YML118W.S1_st	166	98	TATAGACTCCTACGGCACGCGTGTT
YML119W.S1_st	240	130	CTTCATCGTGATCACACCGTGGATT
YML119W.S1_st	311	235	ATTTAATGGTAGAGGTCACGTGCTT
YML120C.S1_st	22	2	ATGCCATGAAACTAAACCCGGTGCC
YML120C.S1_st	294	133	ACGGAATCGTATGGACCCTAGGCTT
YML121W.S1_st	18	300	AATTCCTTCATGAGAGGGCTGCGGT
YML121W.S1_st	32	126	TTGTTGTTGTAGATGCAGTCGCTCA
YML123C.S1_st	209	118	CTACTTTAGCTAGGACGATGCGATT
YML123C.S1_st	275	76	TAAAGACGACGTAGACCATTCCAGC
YML124C.S1_st	228	133	ACGGCTAAGAATGCGACTCCTCAAG
YML124C.S1_st	299	130	TCTCTACAGGTTTCTCGGCAGCTTG
YML125C.S1_st	35	121	CACCATGTGATAGGTAGGCTGTCTA
YML125C.S1_st	142	3	TCAAGACCGCTGCTAGTTCAGAAGC
YML126C.S1_st	56	279	AATGCCAAGGCCAAATCGACGTAGA
YML126C.S1_st	57	254	AACAAGGGTCTTCAACTGCGGCTTA
YML127W.S1_st	120	117	CTTACGAAAGTTATTGCGGCGACGA
YML127W.S1_st	313	132	GCGTTTAACAATGGACGGCACCTTA
YML128C.S1_st	64	257	TCCTGCTGAATTAGTTGAACCGGTT
YML128C.S1_st	166	126	TGCGTTACCAACAAGCCGTGACAAT
YML129C.S1_st	28	312	CTTCATGCTTGTTGTTCACTGGGTT
YML129C.S1_st	39	256	CACTGGGTTGTTTTCCGTGAACTTC
YML130C.S1_st	132	255	AGGTTCCGGGAGATTGCCATGTCAT
YML130C.S1_st	209	253	CGTCTTTATCAAGGTTCCGGGAGAT
YML131W.S1_st	94	254	CTTTGAATAGCTCCGGCGACCTCCA
YML131W.S1_st	120	129	ACTTTAGGCGATGGGAACTTCTACC
YMR001C-A.S1_st	35	247	TTCATTTAGGTTAAGTTCGCCGTCA
YMR001C-A.S1_st	124	225	AGTTCGCCGTCAAAGTTTCTTGTTA
YMR001C.S1_st	45	251	CAATGGTTCACCCAGCTGATGAGGT
YMR001C.S1_st	57	6	GTCAAGAGGCTAACCGTCTACGTCT
YMR002W.S1_st	159	4	CGGTCCTTCGACGTGCAGTTATGAT
YMR002W.S1_st	276	119	CCATACAAACGCGTCTACCGGAGGT
YMR003W.S1_st	173	136	ATCGTGGGTTTGCTTCTCGGTGAAC
YMR003W.S1_st	177	310	AATGATAACTTTGTCGGGCCACGAA
YMR004W.S1_st	28	313	CTTTATAGCCCTTGCAATAGCGGTT
YMR004W.S1_st	261	103	AGTCACCTCGTCTCATGCTGTCCTA
YMR005W.S1_st	37	297	TTTATTCGGCTGCAGGAACCCTCGT
YMR005W.S1_st	91	111	CTGTACTACAGTTCACGGACGCTTT
YMR006C.S1_st	158	108	GTTAGAGACTCCGATGACTGCCATA
YMR006C.S1_st	272	134	CCTAATGACGACCTTGCCGTGTGAT
YMR008C.S1_st	140	3	ACTGTCGTCCAGTCAGAGTCCACAT
YMR008C.S1_st	267	129	CTTACGTCGGTCACAAAATGGTTGA
YMR009W.S1_st	159	314	CTCTGACAAATTCCTGCTCGGGTTT
YMR009W.S1_st	283	118	CCTACGAAGGTGTGGTCTCTTGACC
YMR010W.S1_st	30	124	TTAGAGTCCGTGTCCGCCATTGCGA
YMR010W.S1_st	268	117	ACCCTGAGTGATCGAGTTCCTGACC
YMR011W.S1_st	65	122	GTTCCGACGGCCATTGCAGTACTAA
YMR011W.S1_st	298	247	AGAAGCGATAATCAACCCGGGGTTA
YMR012W.S1_st	217	130	CTCGTGTAGTGACATTGGGTTCCCT
YMR012W.S1_st	257	128	CTTCCTAAAGGTGGCACGTAATCTC
YMR013C.S1_st	86	253	CTTGTGGAGGGCTTTTAACACCGTA
YMR013C.S1_st	128	5	GTGTCGCCCGGTAACTAGTATAGTA
YMR013W-A.S1_st	98	255	CTAAAGGTGTAAAGTGCTGCCAGTT
YMR013W-A.S1_st	235	133	CTACTAAAGGTGTAAAGTGCTGCCA
YMR014W.S1_st	66	121	ACTCCTACTGTCACTGCTTGCGAAG
YMR014W.S1_st	251	120	CTCTCGTCTACAGTTTGCTCGGTTT
YMR015C.S1_st	103	110	TATACAGTACTAATGGAAGCGGCGA
YMR015C.S1_st	121	313	CCAGGTGTGCAAACGAATCCAGTTT
YMR016C.S1_st	49	7	CTCAGTCTCAGTAGGTTTAGTGTTC
YMR016C.S1_st	135	5	CTCGACCGCTACAGAGGTTGCTTCT
YMR017W.S1_st	131	119	CTGTCGCATAAGAATCTCTACGGGT
YMR017W.S1_st	279	255	CTTTAGCTGAACATGCCTTTGGATC
YMR018W.S1_st	104	4	CGGGTAAACCGCGTATAAGATCTTA
YMR018W.S1_st	171	121	AAATCGCTAGCGGATGTACTTATTC
YMR019W.S1_st	192	113	ATACATAATAGATGGACGTGCGTCC
YMR019W.S1_st	307	118	CCTTCGATGAGAGCCTTGACTAGTA
YMR020W.S1_st	238	113	AAATACTACAACTACGTCCGTGGCG
YMR020W.S1_st	297	126	TTGTATGATAGTACCTGCCGCGGCC
YMR021C.S1_st	116	5	AAGGACCACGCGTACTGTCAAGTCT
YMR021C.S1_st	258	134	CCTTACGTATACAGGAGGCCTATTG
YMR022W.S1_st	95	4	GTCTATGCGGTATGCGACTACCACA
YMR022W.S1_st	315	244	TATCACCGACCAGGGTTTAGCCTCT
YMR023C.S1_st	43	255	CTCTAAGAGTTTTTGCTGCATGACA
YMR023C.S1_st	74	3	CTCGCTGAATCAAAGGCTACTACTC
YMR024W.S1_st	142	130	CTTTGACCAGCGACTCAGACCATCT
YMR024W.S1_st	300	107	CTCATATTATCGACGGTAGACCCGT
YMR025W.S1_st	153	129	CTCTTTCACGAGTGGGTTAACTGGC
YMR025W.S1_st	249	116	CTGGCGGAACCGTAACTTTATAGAC
YMR026C.S1_st	213	136	CCACCTGGTGTGTTCTGTACTGATG
YMR026C.S1_st	272	132	CTACTTCTATAAGGTTCCGGCGGAA
YMR027W.S1_st	42	2	CGCTTCTAAGAAAGACCTGGTGCCT
YMR027W.S1_st	94	316	CTTTTCAAGCAGAGATCGCCATTCT
YMR028W.S1_st	94	253	CTTTGGATATTTCGAGCACTCACCC
YMR028W.S1_st	193	106	CTGCTCCTGGTGCTGGTACTACTTA
YMR029C.S1_st	239	312	CTTTTGGATTTTGGTAGGTAGCTGC
YMR029C.S1_st	244	111	CAGCATCGTCTGTAGTTGAAGAGCC
YMR030W-A.S1_st	90	243	CTTCCTGTGGAGAGGCCTAAACATT
YMR030W-A.S1_st	104	128	TTATCTTTCTATATGCGACGGCACC
YMR030W.S1_st	158	252	CCCTGCAGTTGCCTTTAGTAGGACT
YMR030W.S1_st	199	132	CATATGAAGTTTTGACTAGGTCCGC
YMR031C.S1_st	56	256	CATGACGGCGTTTTCTTCGATGGCT
YMR031C.S1_st	91	120	CTTTCTACAACGAAGACGTGCACCG
YMR032W.S1_st	111	7	CCCGCTGATAGACGATTAATGACTC
YMR032W.S1_st	315	33	CCCGTGTGCGTATCTGTTAGGTACT
YMR033W.S1_st	47	257	CTTTCCTGGCCGACGAGAAACCCTG
YMR033W.S1_st	107	255	CTCTAATATAAGAACCCACGGGTTT
YMR034C.S1_st	37	2	GTAATACAAAACACCGGGCCGATTT
YMR034C.S1_st	188	116	CTGCCTTCGCTCAGTAGAACACGTT
YMR035W.S1_st	6	254	TTATCGTTAAAGTACCCAAGGCCAT
YMR035W.S1_st	16	236	ATTTCCATGGAGATACGTCGGATGC
YMR036C.S1_st	139	128	CGTGATAGCAAGTCCAAACTCGGCG
YMR036C.S1_st	191	119	ATACGATGATTACCTGCCTGACCTA
YMR037C.S1_st	96	316	CCATGCCACGGCGAATGTTTAGTTG
YMR037C.S1_st	106	121	CACAGTTGAGTTGACCGTTACCACG
YMR038C.S1_st	76	312	TCTTTCCGCTGCAGAGGTTCCCGCA
YMR038C.S1_st	264	314	TTTGTTCACACACGCACATGGCCTT
YMR039C.S1_st	16	121	CTCTCAGTACTGAACCTCGGTGCAA
YMR039C.S1_st	122	251	CTTCCGATCCTAGGTTCTCTGGTTT
YMR040W.S1_st	152	127	CTAGTCTCACAGATGCATGGCGTTG
YMR040W.S1_st	187	132	CTCTTCCACCGACATATATGCGATG
YMR041C.S1_st	64	5	CTCGTACAGCGATGATTCCAGTGTC
YMR041C.S1_st	305	130	CTAAACCGGTGTTCTATGCGCTAAA
YMR042W.S1_st	170	137	ATTAAGACCGTTTGAGACCGGACCA
YMR042W.S1_st	314	159	TTGCGGATTCGAGCTCGGCCACCAT
YMR043W.S1_st	61	127	TTCAGTGTTAACGATCCGCCACGGT
YMR043W.S1_st	75	241	CCGCCACGGTTAGGATTAGTTTTGA
YMR044W.S1_st	208	138	ATGGTCAAGTATGGACTATGCCTTC
YMR044W.S1_st	279	131	CCAACCCGGGTGTTCTAGATAGTTA
YMR047C.S1_st	159	240	ATTACAAGCCCGGTCCTAATGGACG
YMR047C.S1_st	264	135	CAAATAGCATTTGGTGCGACGTCTC
YMR048W.S1_st	35	248	TTCTTGTACAGTGAAGGCGCCTTCT
YMR048W.S1_st	84	314	CTGTAAGTCCCATGTTCCCGGGCAA
YMR049C.S1_st	69	4	CGTGCTGGACCTAAACCGATCGTGT
YMR049C.S1_st	158	231	AGTTCTTTGACAACGGACCACGGGC
YMR052W.S1_st	171	131	CTAAGGTCTCTAATGTCGGCGAAAT
YMR052W.S1_st	275	135	CCGATTGTCTGTTCTCTGGCTAGCT
YMR053C.S1_st	156	314	TTTCGAGAGAAGTCCCTGTCCCATT
YMR053C.S1_st	205	117	CTTTATGCTGTAGGTTCGCGTCGTT
YMR054W.S1_st	104	122	AAACCCGTGATAGCAACCGCGTACG
YMR054W.S1_st	185	305	TTTTTGAGTCCCAGCGGAAACCGAC
YMR055C.S1_st	28	315	ATAACCATCTGGTGAACTGGCTGGG
YMR055C.S1_st	142	250	CTTGCCGCGGTTTGATGATCTATAA
YMR056C.S1_st	89	245	TTTAGAAAAGAGACCACCTCGCCGA
YMR056C.S1_st	249	111	TACTACTACTGAAGCCCGGTCTGGT
YMR058W.S1_st	103	256	AATAAGCTCTGAACGTGCACCTGGG
YMR058W.S1_st	291	116	TCTCAACGAGACACCGGTGACTTCC
YMR059W.S1_st	66	129	ACTCTAATGACTCTCCAGCAGGCGG
YMR059W.S1_st	202	120	ACTTTTATCGAACAGTAGCGGTGCG
YMR060C.S1_st	155	129	ACCATTGGCGTAGGCAAGTTTTGAC
YMR060C.S1_st	297	81	TTACCTCAGTCGGAGCGTTGATCGT
YMR061W.S1_st	169	128	TTATGTTTAAATGAGCTACGCGTCT
YMR061W.S1_st	286	127	TTGTCAACTCTCGTGGTTCAGTCCA
YMR062C.S1_st	84	2	CTGTGTTAAACGTACAACCGGTTGC
YMR062C.S1_st	87	3	ACAGACAGCTGAACCCTTGGCCACT
YMR063W.S1_st	149	4	CGCACGAGTTACCTTGTCATGAGTT
YMR063W.S1_st	314	123	CTGGGACGGTAGCTTGAGTTTTCAC
YMR064W.S1_st	131	249	TTAAAAACTATGGATACACGGCCGT
YMR064W.S1_st	242	312	TTTAGTGCGCGAATTCTTATGCCCG
YMR065W.S1_st	89	316	CCAGTTTTATGGCATGCAGAGCTCA
YMR065W.S1_st	238	129	CTCGAGAACGTTCCCAAGTTAAGGT
YMR066W.S1_st	28	247	TTAACACAGGTGCAAGTACTTTTCG
YMR066W.S1_st	198	257	TGTTCAATGCCTTCCGCCTCGATTA
YMR067C.S1_st	51	251	CAAACGACTCTCAGTTCAAGGGGCT
YMR067C.S1_st	111	129	ATATTGCAGCACAGCGTCAAGGACT
YMR068W.S1_st	98	248	TTCTGAGGTCATCCACACAGCGGGT
YMR068W.S1_st	110	313	CTTTTGGTTGGAACAGATGCCTGTC
YMR069W.S1_st	33	115	TTCATGTACATCGATCGCGCGTGGC
YMR069W.S1_st	129	241	ATATACTCCGCGAACCCAAGATGGC
YMR070W.S1_st	217	116	CGTCGTTGTCGAGGGCTTTTACTTC
YMR070W.S1_st	256	131	CTTTTCCGTGGATAACAGTGTGAGC
YMR071C.S1_st	274	127	CGACAGCCCGATTGCTATAGCAGTT
YMR071C.S1_st	280	281	AACAACTTTTAGACAGGGGAATCGC
YMR072W.S1_st	86	129	CTTCCGAAGGTTCTCTTGCGTCGAA
YMR072W.S1_st	119	127	GTTAAACCGATCGTGGAACAACTTC
YMR073C.S1_st	102	238	CAGCTTCAGCAGTTCTTTCGGAGAA
YMR073C.S1_st	158	2	CGACGTATACGGGTACAGCTTCAGC
YMR074C.S1_st	249	119	CTGTCCCGGGTTCGTCATCTCTGTA
YMR074C.S1_st	268	255	CTCCACTTTTAAGGCGAGGGCAACC
YMR075W.S1_st	159	203	AGCACGGCTTGCTTGATCTAAGATA
YMR075W.S1_st	300	137	ATCCGATGGTTTTATTGCCCTTGTA
YMR076C.S1_st	122	314	GTCCTCCGGGTCAATAGAAAGTTTT
YMR076C.S1_st	197	303	GAAAACGTTGCCAAGTCCTCCGGGT
YMR077C.S1_st	100	122	TAAGCGCTGCCTCCTCTCTAGTCTG
YMR077C.S1_st	147	120	CAAACGGTAGTAACGGAGTTCCTCT
YMR078C.S1_st	287	130	CTAGTCTGCTTTGGTTGGTTCGTCT
YMR078C.S1_st	303	117	CGTCTACTGACGTTAGTTTGCCAAT
YMR079W.S1_st	91	112	TCTCGACGACCAGTGGATCACCTTT
YMR079W.S1_st	159	134	CTACCGGCGGGTCATATAAAACTTC
YMR080C.S1_st	290	131	CTGACTTGCCGGTTACTTGCGAGTT
YMR080C.S1_st	312	256	CCCAGATTGGGCACGGTTTATACCA
YMR081C.S1_st	12	255	CCGCCTAAGGACAAAACTGGTGTTT
YMR081C.S1_st	119	246	TTATGCAAAGTAGGCTCGATCTGAG
YMR083W.S1_st	162	130	CTTCGATGGTTTCCACCGGGAGTAC
YMR083W.S1_st	211	253	CCAAGGAACCGGCAAGTTATACGTT
YMR084W.S1_st	222	308	AAAGGGCTACTTCACCAACGGCGTT
YMR084W.S1_st	260	129	CTATGTTCGTAACTTGAGCCCATGT
YMR085W.S1_st	171	124	AGACGAAACCTTCCGCGGAGCTTCT
YMR085W.S1_st	298	254	AGCTCCATGGGGTTTGGCATCTAAC
YMR086W.S1_st	135	3	CGACGGTCACTTCGACTTGGACGTT
YMR086W.S1_st	170	116	GTTCTAAACGCCTAAGTCTGAGTCT
YMR087W.S1_st	97	108	CTAGACGATGTCACCAACTGGATGT
YMR087W.S1_st	246	309	CTTGGCCAAAAGTTGCGGTACACCT
YMR088C.S1_st	117	244	GTAACCATTGCAAGAACCACGGAGA
YMR088C.S1_st	302	311	AAGCTCAATGAACTCTCCCGGGTTA
YMR089C.S1_st	105	6	ATGTCTTAGCAGGTTCTTACGGTAC
YMR089C.S1_st	311	126	TTCAATGATCGTACCGGTGCCGTTA
YMR090W.S1_st	6	243	TTTGCGCAGGCAATCACTCTAGTGT
YMR090W.S1_st	316	137	AATACTACGGCACCAGAAATCGCGG
YMR091C.S1_st	114	313	CTTCTGCAAAATTCCCGATAGTGGC
YMR091C.S1_st	160	119	CTTAAGAAACTTGTGTCCGGTGTAC
YMR092C.S1_st	301	313	CTAAATTTTTGTGGAGAAGCGCGTT
YMR092C.S1_st	312	119	CATTCTGACTTGAGTGGTCCGAGAC
YMR093W.S1_st	35	255	GCGTGGGCGGTCAAAATTATTCTTA
YMR093W.S1_st	282	116	CTCGCTTCGTGAGCTGTTACGGAAA
YMR094W.S1_st	24	131	CTTGGCCTGATCGACTGAAATGTTC
YMR094W.S1_st	47	315	CTTAGTTTAAAGGTCTTGGCCTGAT
YMR095C.S1_st	76	126	TTTGAGGACTCCTAGATCGGGTCAC
YMR095C.S1_st	140	1	ACGCTGCGGAATTAATAAGGGCCTC
YMR096W.S1_st	42	245	TTCCGCGGCGATACTAAGCATGGTT
YMR096W.S1_st	53	3	TTAGGACATTCCAACCGGTGACGTC
YMR097C.S1_st	195	129	CTTCGACCACAATGATCTCGGTGTT
YMR097C.S1_st	249	135	AGTTGCCGATAGCTCACCTGATTGT
YMR098C.S1_st	81	253	CCCTTCGATAGTGTGGTTGCCTTCC
YMR098C.S1_st	125	246	TTTAAGGTACCAGCGCCTACTTGCC
YMR099C.S1_st	97	3	AATAGTCTTACAGTCGCGGCTTGCC
YMR099C.S1_st	151	249	CTTCCTTAGGATGCAGCTGTTCGTG
YMR100W.S1_st	122	130	CTCTAGGTGCTTATGATGGTGTCCA
YMR100W.S1_st	162	123	AGAATCCACACGCAGTCACACGGTT
YMR101C.S1_st	8	4	CTCCGAGAGTCTGATATACGATACC
YMR101C.S1_st	79	127	TTGTTCACCCGTATCCTCCGAGAGT
YMR102C.S1_st	52	242	CGTTGCCCTGCACCTATGAGATTAT
YMR102C.S1_st	96	130	CGCTTTAGTTTGAACCGACCGGTTG
YMR104C.S1_st	30	246	TTGTCAACCCACTAAGAGGAAGCGT
YMR104C.S1_st	54	253	CTGGGTTCGTCTTCTGAGCCGCAAT
YMR105C.S1_st	43	126	ATACAGTTCGAAAGGTTACCACGTT
YMR105C.S1_st	210	115	CCGGTAAATGTTGTTCGTAGTAGGC
YMR105W-A.S1_st	44	2	CGTAAATGAAAACTTGTCGCTGTCC
YMR105W-A.S1_st	172	132	CCTCCTTTTCGTTGGACGTACCGAT
YMR106C.S1_st	148	127	TTTAACCAACTTCACGAGCCGTAGT
YMR106C.S1_st	244	255	ATGGGTGCCAAAAACAGATGTCCGT
YMR107W.S1_st	158	17	ATCCTGTGTAGTCGTTCTCTTGAAC
YMR107W.S1_st	186	135	CCCTGCGTAAGCGTCATATGCTGTT
YMR108W.S1_st	4	6	ACCCGACGAGTTGTGACCTGTACCT
YMR108W.S1_st	262	315	CTTAAGCAAAGATGGTTCCCGGGTC
YMR109W.S1_st	64	315	GTTCGCCAACCAGAGAGCCCTTTGA
YMR109W.S1_st	264	257	AGCCCTTTGAAGACCTACCGAGATT
YMR110C.S1_st	26	123	ACTCTATGGGAGGTTTATCGCGTGT
YMR110C.S1_st	184	297	ATCCTTAATGGCTGCGAGGTAAACC
YMR111C.S1_st	66	242	TCTTGCAATGTCTACGCCGGGCACT
YMR111C.S1_st	159	133	CTACGCCGGGCACTTATGAAACTTC
YMR112C.S1_st	142	255	TTACAGTTGTTCTTCCGGGATCCGG
YMR112C.S1_st	315	281	CTTGCAACCTTGTGCTGATGACGGG
YMR113W.S1_st	5	4	CTATAAATTAGAGTCCCACCGGTAC
YMR113W.S1_st	31	257	ACCCTTTTTGAACCTCGGCGACGAG
YMR114C.S1_st	7	5	TCTTACGGAACGCACGACCTTGGTC
YMR114C.S1_st	110	127	TTTCGACGACTTCGGCCTGATGCTA
YMR115W.S1_st	199	253	CTGCTGTCAGAACTTTCGCCGGTTT
YMR115W.S1_st	270	127	TTCTAAGCTAGTGATACCGGTTCCT
YMR116C.S1_st	161	116	TTGTCTATGACCAACCGACGACGGT
YMR116C.S1_st	188	124	CGACGGTGACGATGGCCATAATTCC
YMR117C.S1_st	79	315	CTTTATTATAGGTGTGGCTTGCCAA
YMR117C.S1_st	217	257	AATGGGAACCTGTTATTGGAGTCGC
YMR118C.S1_st	109	254	CCTAGTTAGCAAAATCGGCCGTGTG
YMR118C.S1_st	116	207	TTTCTACGGATTCACCAGGGTTACC
YMR119W.S1_st	158	191	AAAGTTGCTTTGAGCCCTACGGGAT
YMR119W.S1_st	216	122	AGAGAGTTATTATCACGGCCGGTGT
YMR120C.S1_st	10	127	GTTCCAACATAAAAGTCGACGGCTA
YMR120C.S1_st	195	255	CACCAAGTCTGTTGTGGGATCTCAA
YMR121C.S1_st	200	134	CCATGTTGACCTAGACGTTAGGGCA
YMR121C.S1_st	202	127	TTAGGGCAGGTATTCGTAGCACTTC
YMR122W-A.S1_st	31	126	TTTCTTGCGACGAGGTCCGTACCAA
YMR122W-A.S1_st	181	256	GGACAAAGGAGCTTCATGCCATAGT
YMR123W.S1_st	133	129	CTTTAGGTGATCATGACGGTCTGCC
YMR123W.S1_st	223	116	CGAGTAGATACGGTGTTTGCCCTTA
YMR124W.S1_st	120	92	CTTCTATCGAGAGTCGGTTTCTACT
YMR124W.S1_st	159	141	TGAAGGCGGCCTAGTTGATCACCTC
YMR125W.S1_st	280	255	TTGTAAAACCTTGCGGTTGGGAGTC
YMR125W.S1_st	300	126	CGATAAGGTGTGCTTAGGTGATCCT
YMR126C.S1_st	1	250	CTTAGATCTTCTATGCAAACGGCTG
YMR126C.S1_st	158	62	ATCGTATTCATGACAGCGTTCCGTA
YMR127C.S1_st	185	134	CCACTGGAGCGGGTAATACTATTTC
YMR127C.S1_st	196	132	CCTCCTAGAAAGGTAGCACTGACCT
YMR128W.S1_st	2	233	AACAGCTGGTACAACGGCATTCTCG
YMR128W.S1_st	39	255	CAAATAGTGGTCTTTCCCGAAGGTC
YMR129W.S1_st	118	4	CGAACGTTCCATGGATGCTCCGCTA
YMR129W.S1_st	196	121	CTAATCGTAGACTTGGCCCGTAATA
YMR130W.S1_st	158	253	CCCTTCGGTTATGATTCGTTTGACT
YMR130W.S1_st	163	315	CTAATCATTTGGTTACGCCCTGCTT
YMR131C.S1_st	31	253	ACTTAGGTGGCAAAAACGTTGGCGT
YMR131C.S1_st	51	129	CGTTCGCCACTGCTATTGCCATGTA
YMR132C.S1_st	9	254	CAAAGTGCGCCTATTCATGAGTTCA
YMR132C.S1_st	145	4	TTAGCTACTGTATGGCGTTCTTCAC
YMR133W.S1_st	95	256	GTTGCTAATATACCTCGGGGCCCTT
YMR133W.S1_st	114	249	CGTTTGACAAAACCCAGCAGGACTC
YMR134W.S1_st	4	254	TCTGGACTCAAACCATGATGGAACG
YMR134W.S1_st	229	122	TGATGGAACGCACATAACTCCGACT
YMR135C.S1_st	62	122	GTCGTAATTCGACGGGTTTAGCAAT
YMR135C.S1_st	161	124	TACAACCGTGTCCAAGTCGCCGCTG
YMR136W.S1_st	144	4	CAATGTCCAAGGTTCTGTTCTGCTA
YMR136W.S1_st	171	134	CCCTGGTATACCGTGTTCTTGAAAC
YMR137C.S1_st	50	128	CTGTACACCCTGCTTTCGAATGAGT
YMR137C.S1_st	292	305	ATGGATGGCCCACCTCAGTGTTAAA
YMR138W.S1_st	176	130	CTGTTCAGGCTCGAAGTAGCTTCCA
YMR138W.S1_st	294	132	CATAACTATTGGACGCACTGGCAGA
YMR139W.S1_st	123	120	CTGTATACCAGGAGACCGACGCATT
YMR139W.S1_st	173	243	CGCCTTGACGATAACCCGGTTGGTT
YMR140W.S1_st	97	7	CCAACTAGCTAGGTTCGGTATCGTC
YMR140W.S1_st	138	121	ATTCCTGCGGCGGTATAGTTCTCGA
YMR142C.S1_st	89	3	CGACGAATGCGGTCTTGGTAACCAT
YMR142C.S1_st	314	255	CTAATAGCAAAAGGGTTCTCTGCCA
YMR143W.S1_st	167	138	ACAGTCGACAGGGTTCACAAGTTTG
YMR143W.S1_st	270	132	ACTAGTTCCAATTACCAAGAGGTTA
YMR143W.S1_x_st	167	138	ACAGTCGACAGGGTTCACAAGTTTG
YMR143W.S1_x_st	241	254	CCACGAGCAAGGTCTAAGGTTTTTA
YMR144W.S1_st	54	314	CTTTTCAAAGTCATGGTATCTGCCT
YMR144W.S1_st	244	256	CTTTTGCGGAAGCAGCTGATGTTGC
YMR145C.S1_st	147	126	GACTAGAACGGCAACCACTTCGGTT
YMR145C.S1_st	314	128	CGAGTTCAACGGGTGGTTCTTCCAC
YMR146C.S1_st	73	255	CCAGGGAACTTGTGTCAACGGTAAT
YMR146C.S1_st	159	155	TGTTCAATACGGAGGCCACCACTTC
YMR147W.S1_st	66	2	GCGCGGTATTGCTTTAACGGGTTAA
YMR147W.S1_st	228	253	ATTTGATGACCAAGGGGTTACACCC
YMR148W.S1_st	127	3	CGGTAACGGGCAAGTAATCTCTGAT
YMR148W.S1_st	145	313	GGCTCGACTGCGGAAGAACTTTTTT
YMR149W.S1_st	173	121	AACGTTCTCCGAAGGTCTAGTGGCC
YMR149W.S1_st	223	122	ACCAACTTAAGAACACGGCGGCGTA
YMR150C.S1_st	118	120	CTTGTATGTTACGTAATGGGTACCC
YMR150C.S1_st	205	257	GTTAAAACTGTTCGGGAAGACCCTG
YMR152W.S1_st	83	251	CCAAGGGATACTGCTTCCTAGGTAG
YMR152W.S1_st	141	248	TTTTTGATGAAGTTGTAGCCGTGAC
YMR153W.S1_st	135	119	TCAGGCCGACGAGAGTTTGTTAATC
YMR153W.S1_st	267	135	AGGAAGTTTTTAGGTGCGTCCGAAC
YMR154C.S1_st	21	131	CCCGTAGCAATATGGACTAGACCTT
YMR154C.S1_st	253	130	CTAACATACGAGTTGAATGCCGGGA
YMR155W.S1_st	84	128	TTCTCGTTGACGTTTAAGGGACATC
YMR155W.S1_st	158	249	CTTCTAGGAAGAAATTCTCGGAGGT
YMR156C.S1_st	73	250	TTCCACCACAGTAGTGGCAGGGTTC
YMR156C.S1_st	130	121	AGTAACTATTACTAGGGTGCCGGCA
YMR157C.S1_st	54	3	TTTACTCGACGTCAAACAGCTAGGT
YMR157C.S1_st	115	3	ACCGATAGAAGGGTGTTCCACTCCA
YMR158C-A.S1_st	222	132	CCTTCAATCTGCTTCGACTTTACGT
YMR158C-A.S1_st	271	120	CTGCTTCGACTTTACGTTCCTAACT
YMR158W.S1_st	72	249	TTCCCTAGCTGATACCCTGGTCTGT
YMR158W.S1_st	241	117	CTAGGGTATATGCTTTAACGTCGAT
YMR159C.S1_st	220	117	CTTGTAAGGGTCGATCAACGCTCTA
YMR159C.S1_st	300	120	CTCTGTCTTCGGTACTTGTCGCTTT
YMR160W.S1_st	7	129	CTTTCAGAGCCAAGTAGTAGCCTTA
YMR160W.S1_st	158	8	AATGGCGTCGCTCTCTATGGTGTAC
YMR161W.S1_st	41	130	CTGGTGGTCTCCTGTATAAGCTGAA
YMR161W.S1_st	133	248	CTGAAAAACAAGTTGCGTCCGCCGT
YMR162C.S1_st	217	128	CTTGGTCTAATAAGTCCGTTCCGAT
YMR162C.S1_st	251	133	CCGTTCAATTAGTTCGCTGGTAGGA
YMR163C.S1_st	158	135	GTCCTCCTTACAAGACGGCCAAGTG
YMR163C.S1_st	169	255	AGTTTCCGTCTTTCAGTGGGGCAAG
YMR164C.S1_st	96	128	GTTTTACATGAAGATCGAGGTCGTG
YMR164C.S1_st	197	115	TTACGTACGCAAGCGAGGCGTTGTT
YMR165C.S1_st	128	7	AGTTCCTCTCGTAGAAGACGTCGGC
YMR165C.S1_st	131	248	TTTCGAGAGACACAGTTTCCGGCCG
YMR166C.S1_st	30	130	AGCCTGCCAGATGGTTAGACTTCCA
YMR166C.S1_st	118	5	ACATAGTTTACTGGGATGCGCCTAA
YMR167W.S1_st	102	123	CTGCTCAATTTACTGCTACGAAGGT
YMR167W.S1_st	307	126	GTCTAACCAAACTGTCTGAAGCGTT
YMR168C.S1_st	122	122	CCACTACGTTTGGTAATGCGCGCAC
YMR168C.S1_st	298	312	AAGAGAGTATTTTCCTGAGCCCAGA
YMR169C.S1_st	191	131	CATAACCATCTCTTAGTCCGCTGTG
YMR169C.S1_st	240	136	CCGCTGTGGCCGCAACTATTGATAA
YMR170C.S1_st	5	247	TGTCCTACTCTATAAACCGGGCCAA
YMR170C.S1_st	126	308	CTTCTACAATGGCAAGGAAAACCGC
YMR171C.S1_st	62	243	TTATAACGCCGACCATCATGATGTT
YMR171C.S1_st	300	133	ATACGATGGTGGTTCAATGAGCCTG
YMR172W.S1_st	145	246	TTCTTTCGAAGTGCCGCTCAGCCGA
YMR172W.S1_st	292	127	CTATAACTTCCGAGGGTGACTGCAT
YMR173W.S1_st	42	5	TGCTACTAAGTATGCCGAGGTCGTT
YMR173W.S1_st	109	2	AGTAGATTATCTCCGCCAGCATTAG
YMR174C.S1_st	206	116	CCTGCCGTTCTGATGGCTACGACTA
YMR174C.S1_st	238	110	GCTACGTTTCCATCACTCACTGCGA
YMR175W-A.S1_st	57	249	CATAAGTCAGCAGGCTTTCGGACAA
YMR175W-A.S1_st	238	111	CTACGACAACCATAAGTCAGCAGGC
YMR175W.S1_st	145	5	CATACCCAGTACTAGTCAGGCTTCC
YMR175W.S1_st	249	123	AGACCTTGTTTCTACTTGCGACCGT
YMR176W.S1_st	74	314	CTTTCAACAAGATTCGCGGTTTGCT
YMR176W.S1_st	316	110	GGGACATACCGGCAACTGTTATAGC
YMR177W.S1_st	48	6	CTACTAGGTGCGATGGATCTCTATC
YMR177W.S1_st	71	255	ATGCGCCTGTAAATTGGAACCTTCA
YMR178W.S1_st	34	122	CCGTATTTAGACTGGGACTTCGTTC
YMR178W.S1_st	180	68	CGTTCCGAACTACGTCTACGAGATT
YMR179W.S1_st	53	6	CGTTCCTGTGTTATAGCCGCTACTA
YMR179W.S1_st	299	113	CTATCATTATTACGGTGGGGTACAC
YMR180C.S1_st	72	253	CTTAGGTTCATTTACACGGGGTTCT
YMR180C.S1_st	179	129	CTTACGGTCGCTGGAATATGCATTC
YMR181C.S1_st	85	127	TACTGAGGTGAAAACGTCCGCCTTC
YMR181C.S1_st	313	129	CTACTTAAGTGATGGGTTGTTCTGC
YMR182C.S1_st	36	108	CTACAGGAATGCATCTGACGTCGTC
YMR182C.S1_st	264	115	ATCTCGAGGGAGGTCTATCGTCACT
YMR182W-A.S1_st	245	123	GGGGAGCAATTCACACGTAGTCGTT
YMR182W-A.S1_st	264	126	TTTGGCTCACGCAAAGTACGTACAT
YMR183C.S1_st	39	257	CCCAGTGTGGTTGTTCCGGCAATTC
YMR183C.S1_st	220	254	CTGTCATGTGTTAATAGGTTGGCCT
YMR184W.S1_st	229	120	CTGGAGACACACACACCGAGCTTCG
YMR184W.S1_st	299	133	ATGCGGCGGTGGTCAAAACTCCTCC
YMR185W.S1_st	32	122	CATACACGGAAGTTTAGTTGCGGTC
YMR185W.S1_st	223	241	TGGACAGAATCATAACACTCCGGTT
YMR186W.S1_st	159	6	TTTAACGATCTACGAGGTCGACGGT
YMR186W.S1_st	281	132	CCACCACGTGTTCTATTCTGGCAGT
YMR187C.S1_st	162	121	CCATGACGACGATATCCGACCAGTT
YMR187C.S1_st	297	123	CTTAACGAGGGGAAGCCTTAAATCT
YMR188C.S1_st	253	313	GCTGCTCCGGCGAAAGTTTCTCCTT
YMR188C.S1_st	292	132	CCTATACGTTGTTGGTTCGGTCATT
YMR189W.S1_st	52	254	CAATATGGGCACTTCTTCGGCGAAT
YMR189W.S1_st	224	221	ATTTAAGACCGGATGACAGCGATCT
YMR190C.S1_st	120	248	CTTAAACACTTGTCCCGGCGCCGAA
YMR190C.S1_st	277	195	TCCAGGTAGTCATTCAGCAGGTTCT
YMR191W.S1_st	66	315	CAGGTTGGTCAACGGGAATTCTTCA
YMR191W.S1_st	78	253	CAATAAATGCGTCTATGCAGAGGGC
YMR192W.S1_st	17	313	TTTTATTAGGAAACCCTCGGCCGAC
YMR192W.S1_st	156	256	CCTCGGCCGACCAGTCCTAAATTTT
YMR193W.S1_st	19	249	CCGGCTGGCCTACCTTCGAAGCAAT
YMR193W.S1_st	131	251	CTCAATAAACGGCTGCAAGGTCAGT
YMR194C-B.S1_st	111	250	CTTTGTCGCTTTCGAATGTGGTCCC
YMR194C-B.S1_st	258	254	ACCTTTTCTAAGTGCCAGTGGGACG
YMR194W.S1_st	75	130	CGACCAAACAGAGGTATGCTTTCTT
YMR194W.S1_st	158	308	AATGTTCTTTCCACGACGAAGGTTG
YMR195W.S1_st	159	128	ATTGCAGGTCCTAACAGCGTACCGG
YMR195W.S1_st	293	136	ACTTGTGTTCAAGACGGAGCCTGCT
YMR196W.S1_st	225	135	CCCAACTGTGGTGTTTCGTCGTAAA
YMR196W.S1_st	277	116	TTCTAGTAGACACCGTTGCTGGCGA
YMR197C.S1_st	51	122	ATCCGCTACGGAGTCTTGCACGATG
YMR197C.S1_st	168	63	CTGAGTCCGCTAGCACTATCTGAAA
YMR198W.S1_st	11	3	TAGCCATCATACAGGTGCCATGTCG
YMR198W.S1_st	230	111	GTCGTAATATCACCAAAGCGTCGTT
YMR199W.S1_st	109	118	CTTTCACGAACACTGTCACGGTATT
YMR199W.S1_st	237	253	CTGTTGTCACAAAAGTCATGATGGT
YMR200W.S1_st	112	119	CATCTGTTGATAAGTCGCTGGGTAC
YMR200W.S1_st	215	256	CATTCACCGTTAGGAGCATTGGGTT
YMR201C.S1_st	38	126	GGTCTCGTATAAAGTTTCCGCGGCT
YMR201C.S1_st	204	132	ACATGCTTTTACGTGGAGGAGGTCT
YMR202W.S1_st	239	133	ATAAGCCTTGGCGACAACCATGACT
YMR202W.S1_st	305	313	CTTCGGCTTCAAATGTGAGGACCAT
YMR203W.S1_st	55	129	CTACCATTGGGTAACGTTCGAGAAG
YMR203W.S1_st	162	257	ATGGTTCTAACCAACGCCAGATGTT
YMR204C.S1_st	8	120	ACTACTGCTGGAATTAATGAACGAC
YMR204C.S1_st	283	129	CTTATAAGGTTATCGTCGGGGTTCA
YMR205C.S1_st	52	127	GTTTCCAGTAAGTGACCGTTCGATG
YMR205C.S1_st	233	110	CGACTTCGAGCACGACGGCTTCTTT
YMR206W.S1_st	169	116	AGCATGCGACGCCTAAGTCTGGTCT
YMR206W.S1_st	225	129	CTGTAAGTTTCCTAGCGGAGCATGC
YMR207C.S1_st	159	1	CTTCATGCTGCTGGACAACTTTTAT
YMR207C.S1_st	237	119	CTGCTACTAAGCTAATCTGAGGTGT
YMR208W.S1_st	53	118	CTGACCGACGACAAACAATTCGCGT
YMR208W.S1_st	159	216	ATTTCCGTGGCTACTGCTCCGACAT
YMR209C.S1_st	133	5	AACTCGTTTCAACCGGTGGCGTCAT
YMR209C.S1_st	207	111	TCGCGTATAAAGTATCTATGGCGCC
YMR210W.S1_st	198	131	ACCCAGTGTTGAATGATGCGTACCA
YMR210W.S1_st	281	131	CCACCATGCGTCTTGGGAATACGTC
YMR211W.S1_st	98	122	GTGACCGTACCAATAGCCACTGTGG
YMR211W.S1_st	315	121	AGCAGCGCTTTATACCAGTGACCGT
YMR212C.S1_st	200	137	ACTCTCGGTGGCGTGGTTTTCAATC
YMR212C.S1_st	315	218	AGATATCCAAACAACGACTCCTGCG
YMR213W.S1_st	72	251	GGTTCCCGCGTGAAGGTACTTTTAT
YMR213W.S1_st	103	129	ACTAATGATGCGGATGGCTGTTCTC
YMR214W.S1_st	190	223	ATTCAATAGATCTGGGCGAGTACAT
YMR214W.S1_st	236	257	TTTCCCGGACTGAAACTGCGGCCAC
YMR215W.S1_st	72	7	CACGCTATTGTCACGGTAGTGGTTA
YMR215W.S1_st	90	241	TGTTGCCAGCGTTTCAGTCGAAGGT
YMR216C.S1_st	72	311	CTTGGCCTGCTTCCAGTAAGGATGT
YMR216C.S1_st	121	254	AGTGGTCTCCACAATGATCCGCGGG
YMR217W.S1_st	138	2	TCCTTAGGGAGTACTAGATCAGACC
YMR217W.S1_st	174	119	CTAAAGTACTGACGACTGACCAAGG
YMR218C.S1_st	92	4	AAGTACCGGTCTTTGCAACGCGTTA
YMR218C.S1_st	288	122	GATACGTAACTTTTTCGCCAGGAAC
YMR219W.S1_st	139	121	CACTCCTCGGGCTTGTAGTTCGTCA
YMR219W.S1_st	190	110	GTCTTATGCGTAGGTTCACAACTGT
YMR220W.S1_st	131	245	TGGACCACGACCACCAATACTGCGG
YMR220W.S1_st	182	128	CTTAGACCACGGCTATAGCTTGGAG
YMR221C.S1_st	158	224	CTAAAACGGGTTCGGGCACTTACTT
YMR221C.S1_st	167	104	CGCGAACAACGGTACGACTCCTATT
YMR222C.S1_st	9	129	CTTATGGCCACACGAACGCACCGAT
YMR222C.S1_st	11	254	CCCGGTGAAACACGGCTTGAGTTCT
YMR223W.S1_st	35	4	CCGTTCCAAGGTCTGTAATAAATGC
YMR223W.S1_st	276	254	ATTAGCCATAACAAAGGGTGTTCCC
YMR224C.S1_st	54	2	ACCATTACCCGATCTAAGGAAGGCC
YMR224C.S1_st	299	240	TTTTGTTTCTGAGCAGGACGACGCT
YMR225C.S1_st	60	115	GTACCCGTGCGTCTAAGTTAGCCTT
YMR225C.S1_st	142	126	TTGCGTTGCTTTGTACCCGTGCGTC
YMR226C.S1_st	119	118	CTCAGTAAGATTAACGTGGTCCCGA
YMR226C.S1_st	279	110	CACCGGGTCGACCTATAGTGAGTTC
YMR227C.S1_st	189	110	CTGCTGCCACTGTAACTTCGACGAC
YMR227C.S1_st	251	129	ACCACGCGCTTGAACTACTTCGGGG
YMR228W.S1_st	39	131	CTTTTGAAGATCGATCCGGTCCGTA
YMR228W.S1_st	298	128	TTATGACAGTACCTGAGCGACCCTG
YMR229C.S1_st	167	126	GCTTCCAAACCAACGACTACGCGGT
YMR229C.S1_st	199	133	CATTAGTATAGCTCCAACAGGCGTT
YMR230W-A.S1_st	125	118	CACAATGCTACGTCTGTACAAAACA
YMR230W-A.S1_st	162	124	AAAGTCCTACACAATGCTACGTCTG
YMR230W.S1_st	60	315	CTTTGGGTAGGGTTTCTGGAGTTTC
YMR230W.S1_st	110	297	AGGGTTTCTGGAGTTTCTTCTATGA
YMR230W.S1_x_st	110	297	AGGGTTTCTGGAGTTTCTTCTATGA
YMR230W.S1_x_st	158	207	ACTTGAACGGACTTGTGTAACAGGG
YMR231W.S1_st	142	251	CATGGGGACTTCTTAGTTTGCACAA
YMR231W.S1_st	175	127	GGGTGAAACCCGACTATGTTCTGTA
YMR232W.S1_st	59	316	CTTTTCTAACCGGAAAGGGACCTCT
YMR232W.S1_st	85	241	AATTACTGAGATATCGATGGCCGGT
YMR233W.S1_st	199	130	CCTAGACTTCTTGACGGTGCTTGCG
YMR233W.S1_st	295	314	CTGGGAACTCCAGATGCTCCTTTTC
YMR234W.S1_st	162	137	CCGTGCAGTAGAAGTTCCCGTCCAA
YMR234W.S1_st	164	121	CACGTATAAAACTTCCTCGCGGTCT
YMR235C.S1_st	79	256	TAATCCGGATTTCCACAGCGGTGCG
YMR235C.S1_st	277	130	ACTTCATAGGAAGAATGGCCGATAC
YMR236W.S1_st	65	102	CCGTGGATTCCTCGAGTACAATGTC
YMR236W.S1_st	265	134	CAAATGTTGCTGATGCGACCGTCAC
YMR237W.S1_st	159	61	AGACTGGGTCATCGGGTTAACTAAC
YMR237W.S1_st	220	116	CTAAGTCAGAGTCGTTTGAGGCTCA
YMR238W.S1_st	21	228	ATTCTTTCCACTAGCGCGACCACGG
YMR238W.S1_st	222	127	TTTGTTCACGACTCCGGCGACGTTT
YMR239C.S1_st	30	235	AAATGCGGTTTGTTTCTCGACGGTA
YMR239C.S1_st	290	125	TTTCTCGACGGTAAGGATCCTCACT
YMR240C.S1_st	11	257	CCTCGGTTGACCTTTGGACTGGTAA
YMR240C.S1_st	274	123	GGACTAGACTTTTAACGGCCGAACT
YMR241W.S1_st	71	254	CTGCTGTTCAACTTAGGCAAGCTCT
YMR241W.S1_st	242	131	CACAGTGCCCACCACAGTGAGTTCG
YMR242C.S1_st	32	255	ATAACCGGCAGCAAACGGTTGACTT
YMR242C.S1_st	234	136	ATGGTTCAATAACCGGCAGCAAACG
YMR242W-A.S1_st	70	313	TTTAAACCGCTATGGAACGGTGCCA
YMR242W-A.S1_st	163	129	CTATGGAACGGTGCCAGTCTAAAAC
YMR243C.S1_st	144	248	TTCTTCGGAAACTGTCGGTACCTTT
YMR243C.S1_st	307	85	ACTATTTAAGTACTCGAGGCGGTTC
YMR244C-A.S1_st	64	242	TCTGTAGAACCTGCGTTACCTGGGG
YMR244C-A.S1_st	223	135	TTACCTGGGGTTCTTATCGTTCTCA
YMR244W.S1_st	92	240	CGCGGTTCCGGTTGTAGCTTCAAAA
YMR244W.S1_st	114	250	CTTTGAAAACACAACAGTGGCGGTC
YMR246W.S1_st	156	251	ACTTCTTTGACGACGCCGGAAATGG
YMR246W.S1_st	316	219	ATGGCTACTACCGACCAAGGCATGG
YMR247C.S1_st	165	297	AAATGTTCACCAAAGCTAGTAGCCC
YMR247C.S1_st	277	111	CCTGGCGGACTGAAGATTACTACTA
YMR247W-A.S1_st	183	122	ATTCTCGGAAGACTCCGGTTAGACG
YMR247W-A.S1_st	274	242	AAATTACCATTCTCGGAAGACTCCG
YMR250W.S1_st	24	1	CTAAGGCGGGGATTCAGTCAATTTC
YMR250W.S1_st	167	255	TTTCGTAACTCTTGCTAAGGCGGGG
YMR251W-A.S1_st	118	314	GTTCAACAACAAAGGCGGCAGCGGA
YMR251W-A.S1_st	130	4	CGAGTTCGAGTTTCTTACGACGGGT
YMR251W.S1_st	148	248	CTTCTTATGGCAGTTCAGGCAGACC
YMR251W.S1_st	310	127	GTTCTTATATATGACCGCGGTGCTT
YMR252C.S1_st	38	245	CCCATCATCCAAGTCAGTGGGGTCG
YMR252C.S1_st	99	242	TTTACCGTGCTTGACTTATACAGGG
YMR253C.S1_st	65	2	AAACCTTGAGGGCTTAACTGGCTGA
YMR253C.S1_st	235	129	CTTCTCTTGAGATAAGGGGACTGTC
YMR255W.S1_st	179	243	AATCTTAGATATACCCGGCTACGGG
YMR255W.S1_st	301	128	CGTCTTTGGTTCAGTGTTCGCCTCA
YMR256C.S1_st	173	244	TTTGGAGATACCACCTCTGTAGGTT
YMR256C.S1_st	208	137	ATCTCCATAGTTTCGGTTCTTCCGT
YMR257C.S1_st	73	126	CTAATGAGGTCCAACGTAATCTGTT
YMR257C.S1_st	158	217	AGTTTATACAAAGGTGTGGGCACTA
YMR258C.S1_st	60	198	AAGCTGGGGCCTACGTTCTATGAAC
YMR258C.S1_st	232	130	CTTATATGAAATCGCACTCGGGTCT
YMR259C.S1_st	19	314	CTAAAATTTCTAAGGGGTGAGCCGA
YMR259C.S1_st	45	255	CCTCGTGAAGTTGTGGCTCCTAAAA
YMR260C.S1_st	78	2	ACTGCCAGGTTTCGCACTTGAATAA
YMR260C.S1_st	90	316	CCATTCTTGCTGAGACTGCCAGGTT
YMR261C.S1_st	77	227	ATCGGCGGCGACTCAAAAACTACTT
YMR261C.S1_st	239	286	AAAATGTTGTCACCGCAGTCAGGAT
YMR262W.S1_st	174	130	CTAAAACCGCTGACCGTTCCGTGTG
YMR262W.S1_st	230	255	TTCCTTTGCGAAGACCCGGTTACCG
YMR263W.S1_st	278	255	GTTAACCTGCATGGCCTGTTGGACT
YMR263W.S1_st	306	243	TCTCTGGACCGGTTGCACCACTCTT
YMR264W.S1_st	240	121	CCGAGGTGCGTCTTACGGAACTCTT
YMR264W.S1_st	262	120	ACTACTTAAGTCGAAAGGTGGACCC
YMR265C.S1_st	226	256	CTTGGGCCATTTCTATAGGGACGTG
YMR265C.S1_st	273	126	TTGTCGGACCCTTCACGTAGCATGT
YMR266W.S1_st	18	253	CTTTAAATGAGACGCACTGCATGGT
YMR266W.S1_st	280	123	TCGACAATCACGTGTTACGGGGCTT
YMR267W.S1_st	63	311	TGAAAGGACCCTAAGATCTATGCTG
YMR267W.S1_st	65	247	TTTCCCGACCATTACCACAGTGTGA
YMR268C.S1_st	130	217	AGTTTTCTGAAGAGCGTAGCGCATT
YMR268C.S1_st	182	134	CCACAGTGGTTCGAATTAGACGGTT
YMR269W.S1_st	10	118	CTTCTTGGACCTACATTCGTGACTA
YMR269W.S1_st	114	128	CTTTTCATCGAGTGGAGATATGTCC
YMR270C.S1_st	61	254	CATAGTGGTCGGTTTTTTCTGGTCA
YMR270C.S1_st	294	129	CTCAACCTGCTGACGGAGTATCTTG
YMR271C.S1_st	106	80	ACGTTGACGATAGTAAGTTAGCCTC
YMR271C.S1_st	113	316	AACTTTTGATGGCATTCCGGATACC
YMR272C.S1_st	11	127	TGTTCAACCATAAACGAGACGACGG
YMR272C.S1_st	253	123	ACCCTGCTTCAAAAACCGTGGATGA
YMR272W-B.S1_st	60	251	CAACAGGACCCTTTATAAGACACCC
YMR272W-B.S1_st	182	133	CCCTTGCATCGAAACACTCGTACTT
YMR273C.S1_st	116	236	TTCCCGGTATATGGCCGACTCAGTG
YMR273C.S1_st	265	159	AGGGGCCAAGTTAAGTGTCTGTCAC
YMR274C.S1_st	36	309	ATGTTTGAGACCATCCTTGAGGACC
YMR274C.S1_st	158	127	CTTCCGAGGTACTGTTGACAAAGGT
YMR275C.S1_st	113	253	CTTTTGGTAGAACCGCATCGCTTCT
YMR275C.S1_st	210	255	CATTGCCATCAAGTAGCAGCGGGTC
YMR276W.S1_st	87	130	CTTACTACCTGGGATTACGGCCATA
YMR276W.S1_st	214	128	CTGTACCCGAAGAAGCTAAAGCTAT
YMR277W.S1_st	106	118	CTATAAGGCCTGTGTCGATCGCTGC
YMR277W.S1_st	304	121	CCTCTGGGTCCTTGTTGTCGTATAC
YMR278W.S1_st	17	119	CTTACAGATGTGAGGACTCCCGCGC
YMR278W.S1_st	42	305	GTGATAAGCGCCCAGGCCTTGTCTT
YMR279C.S1_st	51	3	CACTGCCCGAAGGTTACGTCATAGT
YMR279C.S1_st	158	188	ATATAGACCCTCAACCCGAGCGAAG
YMR280C.S1_st	74	122	ATCTACGTAGTGAACCCAACCGAGG
YMR280C.S1_st	303	115	GTTTCTAGAGAAAGTAGCCCGTTAC
YMR281W.S1_st	42	248	CTCTTAATTTACTCAGCCGGCGAAA
YMR281W.S1_st	78	255	CATCTTATTAAGTCCGCGAAGGCGG
YMR282C.S1_st	11	109	CGTCACCATACGTAGATTCGCCGAT
YMR282C.S1_st	154	312	CTTTTGTCCGTTAAAGGGCGAACCT
YMR283C.S1_st	99	255	ACTAAAGGGTGAACTTTCCTGCGTT
YMR283C.S1_st	161	256	CCTGCGTTGCAATTGGGAAGTTCTC
YMR284W.S1_st	54	297	TGTCCCAAGGTAAGGATCTGCTTTA
YMR284W.S1_st	108	82	ATAGGATACTACTACCGAGACTTGT
YMR285C.S1_st	259	256	CTCCAAAAAACTCTTACGGCGGGCC
YMR285C.S1_st	267	308	ATTTCTAGTTGGACTCTCGGGGCAA
YMR286W.S1_st	93	5	ACACGGTGTGTGTTGCTTCTCGTAA
YMR286W.S1_st	174	235	ATCCAGCGAATAGCCACACGGTGTG
YMR287C.S1_st	124	255	AATGGTGACCCGCTTCATCGTGTTG
YMR287C.S1_st	126	309	TTCCCGATCGGCATTAAGCAGCTGC
YMR288W.S1_st	2	124	ATCAAGTAGCAGTCTGTCGCAGCTT
YMR288W.S1_st	130	247	TTTGCCACAAGAGTTCCGGTACAGT
YMR289W.S1_st	120	124	AGTTCTCTAGTAATGCGATCCCGCT
YMR289W.S1_st	181	1	ATCCTTCGGAATGGCAACCGTTGCT
YMR290C.S1_st	23	118	GATCTATAGGGACGACACCTGACCT
YMR290C.S1_st	158	69	CTAAACATGTCTACAGCGTCGATCT
YMR291W.S1_st	187	131	CTACTTGCCAACAAAGTCGTGGTGA
YMR291W.S1_st	315	137	ATACCTACCGCCCAGGAGACTTTGA
YMR292W.S1_st	159	117	CTAGTTACGGGTATTAACCAGGGTA
YMR292W.S1_st	210	257	GTTTTTAAACCACACCGGAAGTGAA
YMR293C.S1_st	136	4	TTAGGTCTGCCGGATCTAGATGACT
YMR293C.S1_st	149	250	CTCTTCTGGGGCTAACCGAATGTCC
YMR294W.S1_st	36	280	AGGCCCTATCTGAGCATCTTGACTT
YMR294W.S1_st	223	130	CTAAGTGATGGTGACAACCGCCTCT
YMR295C.S1_st	239	111	ACGACGACACTGAATGCTACGCTTG
YMR295C.S1_st	290	248	GTTCACCCACCACGAAGGTCAGTTT
YMR296C.S1_st	263	119	ACTTTTAGACGACATTGCGGCGGTA
YMR296C.S1_st	305	114	CGCTTTCACAGTTCGTCAGGTAGGA
YMR297W.S1_st	212	136	CTCCAACTGGTGATGCTTAGGACAT
YMR297W.S1_st	250	112	ACTCTCAGAAGTTACCACCGGTGTA
YMR298W.S1_st	124	243	TCTTACTATTACAAGGTGGGCAGGT
YMR298W.S1_st	154	4	GTAATAACGACTAGCGACGCCAACT
YMR299C.S1_st	221	95	CTGTGTGATGTCATACCGTCAGTCA
YMR299C.S1_st	237	121	CACCGACTTACTTGATAGGATGCGT
YMR300C.S1_st	25	310	AATTGTACCGGTTCCTTAGGCCACG
YMR300C.S1_st	45	256	CCTTCGAATTGGGATACCTCAGACT
YMR301C.S1_st	222	256	TGTTCCAAAACTGTGGTAGCAGCCC
YMR301C.S1_st	289	133	CTAGTACAAAAAACTGCTCCGGTGT
YMR302C.S1_st	12	4	ATAACTCACGCTTGGGTCAGTAAGG
YMR302C.S1_st	67	249	TTCTCGGGAGCCTTCGTCATCTGTT
YMR303C.S1_st	174	126	GGAGCGAGCCACCACTTCATAAGTA
YMR303C.S1_st	222	255	CCTTCTTAACAAATGGAGCGAGCCA
YMR304W.S1_st	136	244	AGCCTGGTTTTGTGGAAGTTTCTAC
YMR304W.S1_st	264	131	CTACTTTTGCGCTGACTGTCTGGTT
YMR305C.S1_st	245	131	CTATGAATGCCGCTTCGACAGGGTA
YMR305C.S1_st	281	254	CCACTTATGCAAAGGTGCCGGTTCA
YMR306W.S1_st	79	126	TGTTATGCCCGTACCCGACCAGATA
YMR306W.S1_st	235	119	CTATGACCAGGTTTACGAGGTAGCT
YMR307W.S1_st	7	313	CATAAAGTCGTTTGCCATGGCGGCC
YMR307W.S1_st	279	119	CATACCCATGGTTGAGACGTAGTCC
YMR308C.S1_st	29	245	TCTAACAGCTAAAAGGTCCGAGGTT
YMR308C.S1_st	242	256	ATTAGCCACAAACACGGGTTATGCG
YMR309C.S1_st	114	253	CTCTTCTGGTAGAAACAACAGCTTT
YMR309C.S1_st	173	116	CTTCAAAACGTTAGACAATAGCGTC
YMR310C.S1_st	125	247	TTTCAGTCGACCACGGCTATTTGCG
YMR310C.S1_st	251	116	CTAACCTGAGCGTCATACCGATGAT
YMR311C.S1_st	188	119	CTATAAGTGTATCTGCTCGGGTTCT
YMR311C.S1_st	251	96	ACGGTCCACCGTTTGCTACTGTAGC
YMR312W.S1_st	71	2	CTTAGGAGACTTCTGGCCAAAACGT
YMR312W.S1_st	314	158	TTCACTGCATGAGCGTTTCAAGAGG
YMR313C.S1_st	152	130	CTTTTCTGAGGGTCTAGTCGATGCC
YMR313C.S1_st	302	241	ATGACTTTACCTTGGCGACCGCAAA
YMR314W.S1_st	26	312	CAAAAATTGTCTTTCGAACGGCAGC
YMR314W.S1_st	65	254	CCCTGCTTAGGAACTGACATCTGTT
YMR315W-A.S1_st	3	5	ATAACGTCGACGATGCCGCAGGAAA
YMR315W-A.S1_st	209	306	AATAAGTGCCGGAATTCTCGAACAG
YMR315W.S1_st	31	247	TGTCCACGCACTTGCAAGGCCACGT
YMR315W.S1_st	64	245	CCAGACGGAAACCACGATGGCTTTT
YMR316W.S1_st	123	126	TTCTTGAGCCCACAGTCTCGGACGA
YMR316W.S1_st	269	138	ATGCCTCGGGTTGAATGATCGTTAC
YMR317W.S1_st	16	116	GGATGCCGTCGCTAAGTACCTTGTA
YMR317W.S1_st	290	203	TAGAAGTTGACTTTCAGGCTAGCCC
YMR318C.S1_st	39	3	ATCTAAATGGAATCAGCCGATGCTG
YMR318C.S1_st	159	247	TAATGGACAACCACTTCGGCCGCAG
YMR319C.S1_st	45	310	TCCAATGGCGAAACATGCGTGCATC
YMR319C.S1_st	137	2	CGTCACAAGCGGTGTACCTAACCAT
YMR321C.S1_s_st	159	204	CTGAACCCGCTGTTTTATTTAGGAT
YMR321C.S1_s_st	304	116	GGTTCTCTAAAGACGTCGGCAGTTC
YMR322C.S1_s_st	166	127	CGGGACCCTCAACTGCTGTAGAACT
YMR322C.S1_s_st	241	256	ATTCCGCAATCGCTCCTAGTTCTGG
YMR323W.S1_s_st	17	116	GTCCTAGCGGGCACGATATCTCCTC
YMR323W.S1_s_st	212	127	TTAGCCCGCGAAACAGCTCTAGTCT
YNL001W.S1_st	75	316	GGTGCCCGATGAATGTCCCGTAATT
YNL001W.S1_st	310	209	ATAAACTTTGACTACCTGAGGCATC
YNL002C.S1_st	109	5	CGTCGATGTCGTGGTCAATAGCTTC
YNL002C.S1_st	129	121	AGTAACAGTCTCATTCTCCAGGCGA
YNL003C.S1_st	155	6	CTAACTATGCTGTTGCGTGTACGAA
YNL003C.S1_st	197	253	CTCAAGGGCGTCTTCAGCAATTCGT
YNL004W.S1_st	219	135	CCTTTCGCATGTATTGGTGTCACTA
YNL004W.S1_st	259	120	CTCTGCTACAACTATAGGGTTACCT
YNL005C.S1_st	49	249	CGAAGGGACTTCTTACCTATGGGGT
YNL005C.S1_st	88	255	CCAGAAGGGGCTTTGTCTATCATGC
YNL006W.S1_st	27	121	CTACCAAGCTACAATCGCCGTCGTT
YNL006W.S1_st	251	111	CCGTTGTACAAGTCGCCTAGTGTGA
YNL007C.S1_st	182	111	ATACGGACCGCCGAAATCTAGTCGT
YNL007C.S1_st	307	136	TAATGTTAGGAGTTTGCCCGGCATC
YNL008C.S1_st	1	255	CAATTACCTGGCAACTGATCTAGTG
YNL008C.S1_st	39	251	CTTTATAACATTGAACCGGGACATC
YNL009W.S1_st	61	129	CTCCGACGGGTACCATGCCACTGGT
YNL009W.S1_st	181	313	TTTGCAAACTTTCGCTCCGACGGGT
YNL010W.S1_st	117	122	ACAGTAGCAACAAAGGTCGCCTTAC
YNL010W.S1_st	198	123	CGTCCACTTGTTTCTGGGCAAATGA
YNL011C.S1_st	62	121	CATAATCTACGGTGGTCTAGCGCAG
YNL011C.S1_st	270	125	GTGGTCTAGCGCAGAAGCCTATTCT
YNL012W.S1_st	262	255	TAAATATGGAACATCTGCCGCCTCT
YNL012W.S1_st	308	136	ACTGTTGATAGGTTTGCCGAGGTTC
YNL014W.S1_st	263	134	CAATTTAACCATGAGCGACGGACGT
YNL014W.S1_st	267	136	ACGTGCACCGTTTCTGGGGTAAACT
YNL015W.S1_st	74	119	CCTAAGTCAAGTAGTGCGTCCACCG
YNL015W.S1_st	163	123	AGTGCGTCCACCGAGATAACATGTG
YNL016W.S1_st	149	254	CCGTTTGAAGGGTAAAGTTCCGTCT
YNL016W.S1_st	158	21	ATACTGTGAGTACTTGTCCGGCGAC
YNL018C.S1_st	123	129	ATTACTGACATCATGGGCGTTATTA
YNL018C.S1_st	299	253	CATCATGGGCGTTATTATTATCGCG
YNL020C.S1_st	181	254	ATCCAAGAATAAGGTGTGCGCCATT
YNL020C.S1_st	285	111	GTTACGACTTTAGTTCACCGGGCTA
YNL021W.S1_st	117	3	ACGAACCAGTGTCCCTATGATCCCG
YNL021W.S1_st	123	253	CCCTGAACTGTCCTTTATGCCGTAG
YNL022C.S1_st	81	243	CTCCCAACATAGTCCCGTGATGGTT
YNL022C.S1_st	128	2	AAATAACATCTAGGCTCGACGAGGC
YNL023C.S1_st	196	138	AAGTAGGCACTTGATCGGTTTCGAA
YNL023C.S1_st	219	257	AAACCAACGACCTTTATGACGGCTT
YNL024C-A.S1_st	63	250	GTGCACAACCACTTTCCCGGTCAGG
YNL024C-A.S1_st	253	119	CTACCGGTAGTCAGTTAAATTGTCG
YNL024C.S1_st	260	255	CCATTTCAGACCTAGCGACCGCTTG
YNL024C.S1_st	285	114	CGACCGCTTGACAACACGCTCATGT
YNL025C.S1_st	27	1	ATTCACTTCGGGCATGGAATACCGG
YNL025C.S1_st	53	116	TTCCTAGTAGCAATCGTAGACGCCG
YNL026W.S1_st	75	244	TATTCAAAGTCTCACCACCCGGGTC
YNL026W.S1_st	153	255	CCAATCCGGGGTCTCTAAATATACT
YNL027W.S1_st	158	97	CTACTGTGATCGTTTCTAGAACCGT
YNL027W.S1_st	178	112	ATTCCGCAAACGTGCAGTTGTACTA
YNL029C.S1_st	90	116	GACGTCCACGTCTACAGGGTTCTTT
YNL029C.S1_st	191	132	ATTAAAACTCTAACGCGCCGATTCG
YNL031C.S1_st	158	41	ATTAGACCGACGATAAGTGCGATTC
YNL031C.S1_st	186	121	ACGATAGCCACGAAACGTTCTTAGG
YNL032W.S1_st	49	250	CTATATGGCATCGTCAAAGGGTGCT
YNL032W.S1_st	238	117	CTCATGTCTGCAAAGCGTAAAGGCT
YNL033W.S1_s_st	159	191	AAAATAGCTCTCTGGCCGGATTGGT
YNL033W.S1_s_st	228	127	TTTACAGATGAGTACTGGCAGCCTC
YNL034W.S1_s_st	58	254	CCAAAGGTCTCCTAACTCGGGATGA
YNL034W.S1_s_st	264	122	AACTCTCCCGCAAAGTCCGTGACTA
YNL034W.S1_st	122	129	ATTACTGACATGATGGGCGTTGGTA
YNL034W.S1_st	137	130	ACATGATGGGCGTTGGTATTATCGC
YNL035C.S1_st	71	315	CTTTTGCCATAACAATAGGGTGTGC
YNL035C.S1_st	75	314	CTTAGCCAAAGGTGCTCCGGTTCCT
YNL036W.S1_st	57	315	TTGACAAATCCACAGAACGGGCCGC
YNL036W.S1_st	110	130	CTTTTGGGATGACACGTTTGACGAC
YNL037C.S1_st	212	254	CTAAACGGAAACTGAAGCGGTTCTT
YNL037C.S1_st	295	113	TTGTAACCGCGACGAAACTAGCCAC
YNL038W.S1_st	34	246	TTGAAAACTTCACTGTTAGCGCGCT
YNL038W.S1_st	38	256	CATTCGTTCTTTTTGGGGACTCGTC
YNL039W.S1_st	266	133	CCAAGTATGTGTCTGGGCACCTGAC
YNL039W.S1_st	310	135	CCATGTCATCGTCTGAAGTTGCTCT
YNL040W.S1_st	24	124	TCTAATCGTGCATGGCGAAGACTTC
YNL040W.S1_st	259	228	AAGGTTAGTTAGTCGGCATTCTCCA
YNL041C.S1_st	17	241	ATGGAGTCCGCAATTGTCTACAAGT
YNL041C.S1_st	154	127	CTATACATGAATCGGGACTCCCTAT
YNL042W-B.S1_st	67	242	GTTTGTCTAACTTTCCTCTGGTCAT
YNL042W-B.S1_st	275	254	CAATAGAAAAAAGTGGTAGTCCCGC
YNL042W.S1_st	153	126	TTTATACGACGTTAGCCAAGCACTT
YNL042W.S1_st	170	245	TCCGCTTAAGGGAGACCATGTTTTA
YNL044W.S1_st	58	7	TCGCAAAAGCCTGTACGTAGTAACT
YNL044W.S1_st	84	249	CTTAGTCAATCCTCGAAATCGGGTT
YNL045W.S1_st	164	138	CTGTTCACCCAGCTTTACCGAGTTG
YNL045W.S1_st	223	255	ATCTTACTTCAAACAGGCAGGGCCA
YNL046W.S1_st	10	97	ATTGGTTGACGCCTTCGACGACGTA
YNL046W.S1_st	16	247	CACGGCCAACTTAGGGTCATGTCTT
YNL047C.S1_st	223	127	TTTAGGTTGAGTCTCGTCCCGTTCT
YNL047C.S1_st	230	304	ATTGTGGTGCAGTAGCTATGGCCTT
YNL048W.S1_st	77	226	AGCCGCCCGGGTAACAATCTATATC
YNL048W.S1_st	266	253	CAATGAGGTACCCTACGGTTGCCCT
YNL049C.S1_st	43	312	CTGGCCCGCAACAAGGTTCGCTAAT
YNL049C.S1_st	158	250	CTCCTGGTAGATAATTGCTCGGGCG
YNL050C.S1_st	90	129	CTCTGGACCAGTTTTCGTTGCACGT
YNL050C.S1_st	285	121	CCAACTTCGTAGCTGATCGGGTCGA
YNL051W.S1_st	34	3	CGGGACACCCGTTCAGCGACAATTT
YNL051W.S1_st	273	123	AACGACGATTATTTAGTGCGGAACC
YNL052W.S1_st	36	246	CGTCCGGATGATAAAAGTCACCCTG
YNL052W.S1_st	256	118	ACCCGTGTCGAATGACTCGGACTTT
YNL053W.S1_st	158	60	CTCTCTGACAAGTGTACGGACTCCT
YNL053W.S1_st	302	313	CAACAGGTTCTTGAGTGGCCCGCTT
YNL054W.S1_st	269	97	CTACACAGTCAGAGCTCACAGTTCG
YNL054W.S1_st	299	200	TTCAGGACCCAGAGCACTTCGGTTC
YNL055C.S1_st	82	243	CCACTGAATTGATACCGGGTGCTTC
YNL055C.S1_st	157	309	ATTCCGATTCCACAGGCTAAGGCCA
YNL056W.S1_st	120	242	ATGGCTCTTTGCAATAGGGACCGAA
YNL056W.S1_st	261	110	CTACCAGGTGACGTCCATATACGGT
YNL058C.S1_st	112	120	AAGTCCTAGGCAAGTGTCTGTTGTC
YNL058C.S1_st	207	106	AGATCGGTTATGCTCCTACGACGGA
YNL059C.S1_st	29	130	CACTATAAAGTTGGCTGTTACCCGC
YNL059C.S1_st	86	315	ACTTGTTGCAAGAATAATGGCCGCC
YNL061W.S1_st	87	256	ACTGAAGCGTTGGAAGCTCCTGCTT
YNL061W.S1_st	158	117	CTAGTTAGACAGTTCCACAGAGCAT
YNL062C.S1_st	105	117	GTTCCGGCTAACATACGATACCAGT
YNL062C.S1_st	159	200	ATGGATTTCTTCTTCGGGCACGTAA
YNL063W.S1_st	205	138	ACAAGCTTGGTTCCGATCGCGATCA
YNL063W.S1_st	268	121	ATAACCGACGGCTTCTGTCTGAGGA
YNL064C.S1_st	65	249	TTACACATGAGCGTCTGAAACTGGG
YNL064C.S1_st	134	128	CTAGGATCTTCAGGTACAGCTTGGT
YNL065W.S1_st	16	246	TTGCCCAACTAAGGTGTTCTGCGTC
YNL065W.S1_st	279	312	TTACCCAAGGAAGAAGTGTCCATCT
YNL066W.S1_st	94	257	CAAGAAGTTCAAGTCCGCAGCCATT
YNL066W.S1_st	293	312	TTTTGCCATCGAAGTCGCCACCGAG
YNL067W-B.S1_st	100	244	TGACCACAACAAAGGTTCTGACGTG
YNL067W-B.S1_st	189	128	GTTCTGACGTGATAATTGACCCTTA
YNL067W.S1_st	14	1	CTTAAGAGATGATTGCATTTCCTGC
YNL067W.S1_st	159	251	ACTTTAGGGTCTTCCACAATGACAG
YNL068C.S1_st	45	248	CTTCGCGATTATCCCGATCCAGTGG
YNL068C.S1_st	260	125	ATCTGCCGACTGTGGTAGTTGTTCA
YNL069C.S1_st	296	123	CGTTAACCGAAGAAAGCCAATGATT
YNL069C.S1_st	304	243	TCTTTCCAGTCTAGGCGGCTTATAA
YNL070W.S1_st	100	257	ACAAAACATAAACCCGACCCGTGTG
YNL070W.S1_st	245	135	CCGACCCGTGTGTGAAGATTATCTG
YNL071W.S1_st	66	247	TTCCTTGATCAGTTCGCACGGTCTT
YNL071W.S1_st	186	116	CTCTGTCAGGAACTTGCGATGTCGT
YNL072W.S1_st	200	255	CCACAGTTCAAATGCCAGCGGTTCT
YNL072W.S1_st	241	221	TCTGTTCAGAATACCCGACCGGGCG
YNL073W.S1_st	175	253	CTTTATGCCATACGGAGGTCATCCA
YNL073W.S1_st	207	305	TTTGATAGCCTGCACAAGGAGCTCG
YNL074C.S1_st	12	241	CTTAATCGTTGGGTCTGCGGAAATA
YNL074C.S1_st	142	288	ATTCAAGCAGAAACGCAAGTTCACG
YNL075W.S1_st	163	120	CTCTTCTAAGTATTCCTGACGGTTA
YNL075W.S1_st	253	94	CGATAAAGGTTTACGACAGTCCGAC
YNL076W.S1_st	116	122	CGCTGTAGCAAAAAGCTCCGCCGTC
YNL076W.S1_st	184	129	CTAACGGTGACCATCATTATGCGCT
YNL077W.S1_st	88	257	ATTTCGTCTTGCAAGGTGGTACCTT
YNL077W.S1_st	212	305	ATAGTTGCCACAAGCCTCGCCAAAG
YNL078W.S1_st	143	127	TCTTTAGAGTGATCGTCCCTGGGAC
YNL078W.S1_st	218	112	CTACATACGTTGGTCATCAGCAGGT
YNL079C.S1_st	26	121	CTCTCAGGCTGAACTTCCGTCTAGT
YNL079C.S1_st	121	122	CCGACTTAGGTTCGTTAACAGGCTC
YNL080C.S1_st	68	257	CCGTTTCAATAGAATGGAGCCTAGA
YNL080C.S1_st	124	129	AGTGTACAACACCATCGGCTGCTTT
YNL081C.S1_st	203	136	CCAGTAATTTTAGCGTGACCGGAGA
YNL081C.S1_st	249	314	ATACGAGCTTCAATCCCAAGATGGG
YNL082W.S1_st	159	190	TAAAGCTTTGTGACGTCCGGCACTG
YNL082W.S1_st	270	114	GTAACTACTTGAACACCACGACCTG
YNL083W.S1_st	78	250	GGACCAACATGAAGGTTACCCACGT
YNL083W.S1_st	107	123	AACTTTAAGTCCCACGTCACGCGAG
YNL084C.S1_st	57	117	GCTTCACCTGTTAGACGCACTGTTA
YNL084C.S1_st	311	115	CACTGTTACCCGTCTTGAGCTCAAG
YNL085W.S1_st	211	129	CTTGTCAAACAGCTTAGGGTATCTA
YNL085W.S1_st	224	118	ACTAGAGTAGAAATTGAAGACCGCT
YNL086W.S1_st	1	123	ATCATATTCGCGACTGCCGTGACCG
YNL086W.S1_st	121	126	TATTTGACCGACTGAATAGACGGGC
YNL087W.S1_st	33	257	ATTTCCGGCCTCAGAAACCACCGTT
YNL087W.S1_st	269	253	ACATCAGTTTGCACTTCGGCCCGAA
YNL088W.S1_st	12	257	CCTTGATAGACCACTTTCGCTGGAT
YNL088W.S1_st	144	250	CTTGTCCTGCTACATCGGTGATTTT
YNL090W.S1_st	110	4	GTACCTTACATCACGTGACTGACCA
YNL090W.S1_st	259	117	CGTAATGCTATAACAGGACTGCGTG
YNL091W.S1_st	239	116	GTAATGGGTGCAAGCTAAACGCTCT
YNL091W.S1_st	283	111	TAGCTTGAAGATAGACCCTGTCGTC
YNL092W.S1_st	190	133	CTATGATAACCGGTGCAGAACTTCG
YNL092W.S1_st	263	255	TCAACAGAGGGTAATTCCACGGCCT
YNL093W.S1_st	237	122	CCCGATACTTTCGTGGTCGACATGT
YNL093W.S1_st	280	253	CCGCTTTTTCATGGTACAGGACTTG
YNL094W.S1_st	229	304	GTTCAGATGGCATGCATGGTCCTCT
YNL094W.S1_st	315	157	AGCTTAATGTTGTTGCCGGGTACGT
YNL095C.S1_st	206	138	AAACCTTTCGGCGACACTGTGAGCA
YNL095C.S1_st	262	123	AACTCTGGCACGAGATACCGGCACT
YNL096C.S1_st	39	4	ATCAGGAAAAACAGGGTCAAGGTCG
YNL096C.S1_st	50	316	CTTCTGTACCAAAAGGGTTGACTTT
YNL097C-A.S1_st	12	130	CTTTGTTCCAAGTGTAGTCGTTTGT
YNL097C-A.S1_st	193	254	CCCTTTGTTCCAAGTGTAGTCGTTT
YNL097C.S1_st	202	118	CTATCCATGTAGATGTCGCAGGTCC
YNL097C.S1_st	305	314	ACCTGAGCTTTGAGATGGATTCCCG
YNL098C.S1_st	48	131	CATTGTGGTCACTTCGGAGGTTCTC
YNL098C.S1_st	252	120	CTACTCGTTACGACGGTTGCCATTT
YNL099C.S1_st	11	247	TTTCCAGAACCATAGTGTACGGGGT
YNL099C.S1_st	67	247	CTTCTTGGAGTTCTATGGGAGGATC
YNL100W.S1_st	192	135	ATAGGAGCTCTTTGATACATGCAGT
YNL100W.S1_st	315	32	ACCCGAGGTGTCTGTAGTGTCTTAA
YNL101W.S1_st	249	254	CCCGTTATCGGAAGGTCTCTGATTT
YNL101W.S1_st	257	254	AGCAAAGTCAATATCCTAGGGAGCG
YNL102W.S1_st	146	313	GCCGGCCTCGCAACAAGTTTTTATA
YNL102W.S1_st	159	113	ATCTCGTAAGATATTCCCGTGTGTA
YNL103W.S1_st	24	256	ATTCAGTTCATGCTGCGCACCTCTG
YNL103W.S1_st	284	129	CTTTAACGGTTCTATGCTAGGCTCG
YNL104C.S1_st	38	2	GTAAGGTAGAAACCGGCTCCAGCTT
YNL104C.S1_st	81	121	ACTCTCGGTAGAAACGGTGGTAATT
YNL106C.S1_st	18	118	CTCGTTAGAAGGACGGAATCTCTCT
YNL106C.S1_st	281	111	CCACACAGGTGATGTCTTCTAGGAC
YNL107W.S1_st	187	119	CACTCTAGGTATCTTCGCGGAGGCA
YNL107W.S1_st	194	137	ATGGGTTTGGGACACTCTAGGTATC
YNL108C.S1_st	169	123	TAATACTATCAATGGGTGCGTCGGT
YNL108C.S1_st	208	129	ATTCGGACTATCTGGGTAATAGGGC
YNL110C.S1_st	159	196	ATCTGACGGTGTACCCAAGGTGCTT
YNL110C.S1_st	225	112	ACTCGTCTCGCCATGTGTGTTCTAA
YNL111C.S1_st	134	123	ACTGCAACTGTTCTGGTCACTCGCG
YNL111C.S1_st	136	129	CTTCAACGGCTTGTGTTACCGGGTC
YNL112W.S1_st	17	126	ATACCAACGATGACTACACCGGCGG
YNL112W.S1_st	230	130	CTCTAGAATACCACCGCCAGTGGGT
YNL113W.S1_st	17	246	TGGCGCCACCTACGAGAAGTTTTTC
YNL113W.S1_st	173	135	CCTAGTGTGCGAACCTTTACGGGAA
YNL115C.S1_st	5	248	CTCGAACCGTTTGATTGGCTCCTAA
YNL115C.S1_st	62	250	ATACCAGACCCGTTTGTTGTTTGAG
YNL116W.S1_st	70	2	TGACCACCTAGTTGAATCGCAGAAT
YNL116W.S1_st	205	137	ACAAACGGGGTTGACATCTAGTTCA
YNL117W.S1_st	196	315	TTAACACAGGTGATTCCGCTGCGGG
YNL117W.S1_st	215	133	CATTGCCGACGATTAGACGACCTTT
YNL118C.S1_st	36	1	AGCGTGACTCCCACCTGGCAGTTCA
YNL118C.S1_st	102	237	TTATTTACTCGGGTTGAAGCTGCAG
YNL119W.S1_st	195	118	CTTCGGATTAACGAACTAGCGGTCT
YNL119W.S1_st	220	135	CCCACGGTCATTATCGGAGCTACAA
YNL121C.S1_st	229	137	TAAAGGTCTCCGTGGTCTTCAAGGT
YNL121C.S1_st	250	128	CTTAGGCGACTAAACCGATCTTGAT
YNL122C.S1_st	141	257	ATTGTTTGCCGTTGCTCCTCTGGTT
YNL122C.S1_st	284	246	TTTGTACCGTTATATCCGACCAGGG
YNL123W.S1_st	17	131	CTTCTCCCTGTTGTAGTGCGTGTTT
YNL123W.S1_st	53	120	ATTCGAGTCGACTACCATAAAACGG
YNL124W.S1_st	22	123	AGTTCGTGGAGGAGTCCCTTTACCA
YNL124W.S1_st	121	2	ACGATGGAGATTAGCCTTACCGAGG
YNL125C.S1_st	81	245	TATATACAAACGCAAGACCTAGGGG
YNL125C.S1_st	87	176	ACCCGGAAGCAGTTGATGACACCAC
YNL126W.S1_st	22	129	ATTCGCAACCACTAATAAGACCCGT
YNL126W.S1_st	66	250	CTTTACTGGGCCTTTGACGTTGCGT
YNL127W.S1_st	11	253	CTGTGGCATTATCAAGGTCGGTTCT
YNL127W.S1_st	234	254	CCAGTTCTTTAACGTGAGGCCCGGA
YNL128W.S1_st	17	122	CCTCGAGTCGTGAGTGCCGAACTTT
YNL128W.S1_st	147	5	TTATAGAACCTGAAGTACGCGGTCG
YNL129W.S1_st	62	314	CTTTGGAAATTCGACCCACACGGTT
YNL129W.S1_st	277	117	CTTCTATAATCACGCACGAGGGATA
YNL130C-A.S1_st	35	131	CTCAGTTGCCGTTGCTAGCAAGTTA
YNL130C-A.S1_st	182	308	TTGACGGCAAGGAAAGGACGCACAT
YNL130C.S1_st	13	127	TTTCATCGCGTTAAGAGGACCGTTC
YNL130C.S1_st	129	228	AAACCTACCCTGAGCCGAACTGTGA
YNL131W.S1_st	158	124	TAAAAGGTCTTTAGTCCGGTAGCAC
YNL131W.S1_st	175	250	AGGCCTTTGGAACGAACCTGAAACT
YNL132W.S1_st	110	126	TTGCGACGTCTTCGTGACCTGGTTT
YNL132W.S1_st	211	137	ATTTTGATAGTTCGCAGGTCTCACG
YNL133C.S1_st	167	135	CTCTGGCCGTGATCAAACCCGTCAT
YNL133C.S1_st	309	118	CCTTCAGGGACGCTCTAGTCGAATC
YNL134C.S1_st	39	129	CTTGAAAAACTGATGGTGCTACGAC
YNL134C.S1_st	128	3	ACACGGCGACTACTGAATCTGCGAT
YNL135C.S1_st	86	249	CTTAAAGGGGTCCACTACCACGGTG
YNL135C.S1_st	160	124	CACAGCCGGTTCAGTAGTTCCCAAC
YNL136W.S1_st	2	128	GTGTTCTCAAAGGTCGTCCGATGCT
YNL136W.S1_st	185	256	ATGATCGTTACTTTGGAGCGGCTTT
YNL137C.S1_st	170	104	ATAGAAAGTTCTGTACGGTGCGACA
YNL137C.S1_st	305	137	ACGGTGCGACATATGGATTCCCTAG
YNL138W-A.S1_st	131	243	CTCCTCTGGAATCATATGCACTGTG
YNL138W-A.S1_st	169	114	AGCCTGACCCTCTACTCTCGTGATG
YNL138W.S1_st	73	244	CTGCCGCCATTGTAGATAAATAGGT
YNL138W.S1_st	313	296	ATTGCAGTTGAATGGTTAGCCGCTC
YNL139C.S1_st	74	247	CTTCATCCCGTGAATCTGGGTGTCC
YNL139C.S1_st	298	120	CCACGACGGGTATCTCGGTTACTTT
YNL141W.S1_st	85	5	CGCTGGTCTGGTACGATTGATAAAC
YNL141W.S1_st	315	228	ATAAACAGGAGAGAGGTTGCACTTC
YNL142W.S1_st	44	249	TTCTTAATCCATGGCTGCGACGAGT
YNL142W.S1_st	155	250	CTTTTCTTAAGATGCGGAAGGCTGC
YNL144C.S1_st	80	316	CATTGCTAAGCTTCACCCGTGGCCG
YNL144C.S1_st	87	251	CTAATAAAAGTTTGGCCGTGACGGT
YNL145W.S1_st	57	253	CCTAGGGCGGACACAATAGCGAATT
YNL145W.S1_st	120	255	ATTAGTTCCCGGAGAAGACCCTAGG
YNL146C-A.S1_st	58	1	ATCTGAAGTTTAGCGCCACATTTTT
YNL146C-A.S1_st	266	255	CCGAAATCTGAAGTTTAGCGCCACA
YNL146W.S1_st	121	314	CCGGGAGTAGATAAAAGAGCCTTTT
YNL146W.S1_st	218	123	GTAAAGTTCTTGATGACGGTGCTAA
YNL147W.S1_st	16	123	ACGTAGTCGTTGTGAGGGTTTCCTT
YNL147W.S1_st	63	245	CTTTCGATCCAAACTGGCAGTATTC
YNL148C.S1_st	45	253	CATTGTGACAAACCCGGACACCGCG
YNL148C.S1_st	135	96	CTGCTTCGTATACGGGCTCTCGTTA
YNL149C.S1_st	113	117	TTTCTGGACTAGCTGTTCGGTCTAC
YNL149C.S1_st	248	253	CCTATGGACCTACCGTTTTGATCAG
YNL151C.S1_st	74	255	CCTAGGTTTACTTCTCCGGCGGAAA
YNL151C.S1_st	110	3	GTCTTCTACACCTACTACGCAGCTG
YNL152W.S1_st	224	128	TTCTCTATCTGGGAGTGCGGATCTA
YNL152W.S1_st	241	111	CGTAGGTACCCATGTTGCAGATGTA
YNL153C.S1_st	27	4	CGTTTCAATGGCGTGTCGAGCTTTT
YNL153C.S1_st	138	126	TTCTACTCGGGCACGTTATGTTCCA
YNL154C.S1_st	3	250	CCACGGTTACCAGTTTGATTGTTCA
YNL154C.S1_st	110	253	CTTGAATGTACCAATACCAGTGGGT
YNL155W.S1_st	60	314	CTTTTAACGATTTCCACTGGGGTTC
YNL155W.S1_st	252	129	CTCAGACAATGGACTCTCCCGGTCA
YNL156C.S1_st	202	122	TGTCACCTTGAGGAGAAACGTCCGC
YNL156C.S1_st	221	117	ACTTGACAGGTCTTTGAACGTGCTA
YNL157W.S1_st	250	134	CCTTCATATAGCTCACCTGGTGGTA
YNL157W.S1_st	266	256	CCATCATGTTCAAGTTGCGGTCACC
YNL158W.S1_st	233	122	ATAGCTCCGGTTATGGTGACTGAAC
YNL158W.S1_st	279	313	TCGTCCCGAACAACAATGGGCCCGT
YNL159C.S1_st	295	134	CTATAAACCAAGACCACCGTGCTGT
YNL159C.S1_st	309	126	GTTTCCTAATGTCCCGGTCCGCATA
YNL160W.S1_st	35	316	TTAATCACATGAGGCCACAGAAGTG
YNL160W.S1_st	232	117	CTTTAGGGTCAGCATATACGAGTTC
YNL161W.S1_st	23	257	ATCCAAGAAGGGTTGGCTACTCAAC
YNL161W.S1_st	139	250	CTTCGGCTTCTAGATTAGGCAGCTG
YNL162W-A.S1_st	1	6	ACGCCGATGGGTAAGTTAGTTTCTC
YNL162W-A.S1_st	29	2	ACTATTCGGGCTGAGGGTTCATAAA
YNL163C.S1_st	269	136	AAGCATTTGCTTGTAGACCACGTCG
YNL163C.S1_st	309	256	CCCAGGGTTGGTGTCTTCTTCTTAA
YNL164C.S1_st	47	250	CTCTGGTATTTTCAACAACGGGCGT
YNL164C.S1_st	313	103	CTGCGTCGAGCAAACGTACCTCTGC
YNL165W.S1_st	159	36	CCCGTCGAGCTGGTGTATATACGAT
YNL165W.S1_st	202	255	CTCAAACTAAGAATGTCGGCAAGGG
YNL166C.S1_st	54	249	TTAACAGGGTTAGCGAGACCTCCTT
YNL166C.S1_st	112	3	ATAGAGCCACTCGTCGTTAAGGTTA
YNL167C.S1_st	13	245	TGCTAGATTGAGTCCAGTAACCCTT
YNL167C.S1_st	162	126	ATACGCCGTATTATGGGAGTTCGAG
YNL168C.S1_st	24	3	GTAAAAATAGGGTGCGCCACACTTC
YNL168C.S1_st	224	113	GTACTATAGAGACCTTGGCCCACTA
YNL169C.S1_st	158	20	CGAGACTCGGAGTACTATGCCTTGA
YNL169C.S1_st	159	209	AGATTACCCAAAAGCACGAGACTCG
YNL172W.S1_st	35	128	TTCCTGTAAAGGTGACCACTGCGTC
YNL172W.S1_st	178	310	CCACTGCGTCATTTGTTGCAAGGAT
YNL173C.S1_st	248	135	CCGTTCCAACGCTGACTCTGAGTTT
YNL173C.S1_st	289	254	CTCTGAAGACACTTTGGTTGGCCGT
YNL175C.S1_st	276	118	CTCTCCAAGACGTCGATAACAGGGT
YNL175C.S1_st	306	129	CTTATACGATTAGTTCCTGAGGCTT
YNL176C.S1_st	62	6	AGTTCGAGTTCTGAGCCCTAGTGTC
YNL176C.S1_st	226	253	CTTTTGCTAAGGAAGACAGTGCTCT
YNL177C.S1_st	9	121	ATCTTGGAAGGCATATACGAGTCAG
YNL177C.S1_st	310	254	CCTCCGGAGCTGCAATACTTTCGAT
YNL178W.S1_st	280	126	TTTCCGAAACGGTCTACGACAGTGG
YNL178W.S1_st	298	116	CTTCAATAGTAGTCTCGATGGTCTT
YNL180C.S1_st	159	198	ACGATGGGTTCGTCCACAGGCCCTT
YNL180C.S1_st	208	135	CCACTCCATGCGATAGATGCTTGGT
YNL181W.S1_st	128	130	CTTCAAAAAGCGTTCGTCGTTCGAT
YNL181W.S1_st	140	120	ACTCTAGTTTATCGGATGCGGCGCA
YNL182C.S1_st	38	313	GTTGGGAATGTCTGAGCTTGCACCT
YNL182C.S1_st	99	126	CGGATGTTCCTCAATGCACTGTACG
YNL183C.S1_st	39	126	TGCATACTAACTAAACCGCGGGCGT
YNL183C.S1_st	198	303	ATAAACGCTTCATACTGGGTGCAGG
YNL185C.S1_st	34	309	CCTGGTTGGGCACGAAATCCTCTCA
YNL185C.S1_st	221	254	CTTTACTTTAGAGGTGGTTGGCCTA
YNL186W.S1_st	80	250	TTAGCCAAGGTAACGGTAACCGCTT
YNL186W.S1_st	117	1	CTCCGATTGAGGTTTTAGCCAAGGT
YNL187W.S1_st	17	188	AAATGCTAGCCGCTTTGGACGTCGT
YNL187W.S1_st	119	234	AAGTAATACGTCCAAGCCGCCGATT
YNL188W.S1_st	101	4	CGTCGCGGACTTGTTTACCAGTTGT
YNL188W.S1_st	124	7	CACTGATTACTGTTGCGTCGCGGAC
YNL189W.S1_st	83	2	ACCTGGTAAAGGTTATAATGCCGAC
YNL189W.S1_st	151	313	TTTCTTCGCACAACCTGGTAAAGGT
YNL190W.S1_st	133	250	ATACCAGGACCACTTTTCCGGGCAT
YNL190W.S1_st	165	135	CAATGGCGACCATCACGACGGCATC
YNL191W.S1_st	105	251	CTTCAAGTTGGGAGCGTCTTTCGTT
YNL191W.S1_st	174	311	AAAACGACATTGACTGCCTAGGTGG
YNL192W.S1_st	60	302	CCGCCTTTAAGGGAATTACTGGTCA
YNL192W.S1_st	210	133	CACGTTACCGTTTAGGCGACCCATT
YNL193W.S1_st	78	251	CTGATGAAAAGAATGTCTCCGACCT
YNL193W.S1_st	158	119	CTACGTAGAACCTTTGAGAGACCCA
YNL194C.S1_st	97	128	TCTATGTTATCTGCATGGCGGCGAG
YNL194C.S1_st	182	132	CTCCTTGCGCAGATATGACTTGTCT
YNL195C.S1_st	12	1	CTTTGGATGCGGATGCCACACCCAC
YNL195C.S1_st	150	128	CTGGTTGTACAAGGGCCACGTCCAA
YNL196C.S1_st	49	3	AGGACCCTTGCTGCGACCAGTTTGA
YNL196C.S1_st	227	115	TATTGGTACGTTGTTCGCAGCGCGA
YNL197C.S1_st	34	254	CATGGCGGGCGTTCTAATTCAAGTT
YNL197C.S1_st	35	120	CTACAGTCAAAACGTTGGTCTCGCA
YNL199C.S1_st	131	1	ACCAGGCCTGTGATTAAATTTGCGC
YNL199C.S1_st	218	122	GGAAGTTTGTCGTACCCTGGATATC
YNL200C.S1_st	136	126	TTTCAAGGACAGGACAGAGTTCTAC
YNL200C.S1_st	197	127	TTCGCTCGCGTGACTTAAGATGTTT
YNL201C.S1_st	72	316	AAGTTTTTTAAATATACGCGGCCAA
YNL201C.S1_st	217	256	CTAACTTGTGAAACTTTTACTGGGG
YNL202W.S1_st	76	250	GTTTCCGAACCTAGATGTGCCCTAT
YNL202W.S1_st	219	122	AAAGTTCCTGTACACCCGCGACGAT
YNL204C.S1_st	46	251	CATATGTTTGCCACGCTGCTCGGTT
YNL204C.S1_st	54	250	CTTCAACGTACTTTGCGGGGTAAAT
YNL206C.S1_st	32	112	CTTCGACTCTCGCTGGAAAGGCTAC
YNL206C.S1_st	85	249	CTGGAAAGGCTACCCTCACCGGTTC
YNL207W.S1_st	42	3	CTGCGGCTGATAATAAAGGTTTCCC
YNL207W.S1_st	158	177	ATAAGTTGTGGTTCTGCGGCTGATA
YNL208W.S1_st	4	253	CTTGACCACGAGGTTTGTTGCCAGT
YNL208W.S1_st	45	247	TTAGGAGTTCTTAAGCCGCCCGGTC
YNL209W.S1_st	14	131	CTTCTTGGAAGTGTTGACAGTCACT
YNL209W.S1_st	55	131	CTCTTCTTGGAAGTGTTGACAGTCA
YNL210W.S1_st	19	316	ATTGGCGGATGCATAAGAGGTTCTT
YNL210W.S1_st	179	124	TAATCGGCAGTGGTCATATCTCAGA
YNL211C.S1_st	5	250	CTTCCTCTGATCCTCTGGCGAAATT
YNL211C.S1_st	296	256	CCAAAGGTATCTAAACATGCGTTCC
YNL212W.S1_st	88	122	ATAACCGCTGAACGCTCTCATGAGA
YNL212W.S1_st	254	311	AATTATGGCCATATCCGGTCGTTCT
YNL213C.S1_st	61	4	CTGTCGTAGACTAGAACGTCTGGCC
YNL213C.S1_st	166	136	AACGTTCCGGTCTCCACCTTGGGTG
YNL214W.S1_st	204	134	ACTCAATTGTCTATCCAGGGCTCGA
YNL214W.S1_st	276	228	ATCGCGTTAACGTTTTTGCTGACCA
YNL215W.S1_st	91	5	ATGATGCTGAGCTTCGTTCTACGAC
YNL215W.S1_st	223	126	TCTTTAGGTCGACGCTTCTCGGCTT
YNL216W.S1_st	206	122	TTTGACCATGTCCTAGAAACGCTAC
YNL216W.S1_st	240	119	CATAGGTGTGCTCTAACGCCTTCGA
YNL217W.S1_st	12	129	CGTGTACCTGCCAATCGAGCGCTTG
YNL217W.S1_st	166	315	ATGCCTCTGGTGAAATCATTGCGGT
YNL218W.S1_st	60	256	TGACTGAATTTCAAGGACCTGCCGT
YNL218W.S1_st	137	253	CTCCTGGGTAACATACAACGGGCTT
YNL219C.S1_st	26	66	GTACACGACGTAAGTAGCTGCCACT
YNL219C.S1_st	76	253	CTCGTAAAATGCATGGCCTCGGTTA
YNL220W.S1_st	4	233	CTTCGATCTAAACAAGGGACTTCTG
YNL220W.S1_st	280	117	CAGTGATGACCAGCATTCGCAGCAA
YNL221C.S1_st	133	86	AATATCTAGTAGTACGCCGGTAGGC
YNL221C.S1_st	195	123	ATAGAACGTGTGATGAGCTTGCTCC
YNL222W.S1_st	127	5	CTCTGACGGACCAGATAGCTATCTA
YNL222W.S1_st	217	254	AATCGAGAATGCCTTGTCCAAGTCG
YNL223W.S1_st	158	199	GTTGATAGCCTTTACCTAGGGAGCT
YNL223W.S1_st	251	126	GTATAAGGAGTTGGCCGTCATCTTC
YNL224C.S1_st	4	255	CTGGCTCCCTCCTTGTTCGACGAAA
YNL224C.S1_st	106	123	AACTGGTTAACTACTCCGTCTCCGG
YNL225C.S1_st	71	130	CTTTCTAAGGCAACGACCGATAGTT
YNL225C.S1_st	269	122	ATACAGTTGCGCGTCCTACCTAAGG
YNL227C.S1_st	26	130	CGTAGTGATCCTCTGTTCCCGAATG
YNL227C.S1_st	45	4	GTTCCCGAATGTTTGCCTACTGCTA
YNL229C.S1_st	75	126	TTCTGGGCGCCAGTAGTTCCGTAAC
YNL229C.S1_st	214	133	CTACCGGAACCGACTTGCATCTCTT
YNL230C.S1_st	12	249	TTCTGCCGCCTAAGTTGTAACGTTT
YNL230C.S1_st	15	255	CCTCTATCAAAAGGCGTGCACTGGC
YNL231C.S1_st	58	6	GTACTACAAATAACCGGTCGAGACC
YNL231C.S1_st	313	131	CGAGACCACCTTTGGCGCGCACTTT
YNL232W.S1_st	129	257	AGTGGCCAATGTCCGCGATGTCTTT
YNL232W.S1_st	255	255	CTAAAACGGTTATTGGATGGCTTCC
YNL233W.S1_st	46	1	ATTACTGGTCCCACAGGCCAAAAGC
YNL233W.S1_st	155	3	GCGACGACCTCGATGATGTATGCCT
YNL234W.S1_st	67	121	ATACTGATGTAACGTCCTGTCCAAA
YNL234W.S1_st	87	250	CATACTAATGACGTCCCTTCCTGGG
YNL236W.S1_st	65	6	CGTCACTAAAGGGTACGCTTACGCC
YNL236W.S1_st	288	136	ACGCCAAGGCAGTGTTCTCGTCCTT
YNL237W.S1_st	146	255	AATAAAAGTGGCCTACCCGGTACAG
YNL237W.S1_st	232	254	CCAGAGGATAAATACCCGCGTTTGC
YNL238W.S1_st	114	257	TTTCAAGGGTTTACTGCGGTTGCGT
YNL238W.S1_st	190	309	CTTGAAGGCCTTAATGACTCGGGCT
YNL239W.S1_st	17	127	TTAACACCTTGATAGGACGGTAGCC
YNL239W.S1_st	155	253	CTGGGTTACCCACGAAACCGGTTTA
YNL240C.S1_st	13	246	CGGTCGCTCGAAAGGCCCAAATCTT
YNL240C.S1_st	246	127	CGTACTTGCCACCACCGGATGAGTT
YNL241C.S1_st	90	242	TTTCGCCAGCGTAGCCCACAGAAGT
YNL241C.S1_st	91	6	GTAGTACTACGCACGGCCATTCCGA
YNL242W.S1_st	132	96	TATTCTCTAGTACTCGGGTGCCGTC
YNL242W.S1_st	136	3	CTCGGGTGCCGTCATCAGTAGCTAT
YNL243W.S1_st	148	309	AAATAGCAGCGGAGGTTTCTTCACC
YNL243W.S1_st	257	135	TGTCTTCCAAACTAGAGGCGCCGTT
YNL244C.S1_st	77	297	ATTGATGCCACGTTCCACAGGGTCT
YNL244C.S1_st	296	134	CTAATAAGTCAACGTCCCACTGGTT
YNL245C.S1_st	8	249	CGTTACAGCGTTGCTCCCTTTGGCA
YNL245C.S1_st	118	245	TGATAAAGGCGAAGACCACGGCGTT
YNL246W.S1_st	165	121	CACTTCATGATACGACTCCGGGTCT
YNL246W.S1_st	284	135	ATCACTCGGGCAAGGTTAACTCACC
YNL247W.S1_st	134	5	CGGGTTCGACCGAGGTTGCTACCTA
YNL247W.S1_st	203	122	TTGCTACCTAGGGATCCGAGTAACC
YNL248C.S1_st	18	128	GTTCGACTCCGAAAACCGTAAGGTT
YNL248C.S1_st	29	257	ATGGCACTATTTCGGACCTGTCAAA
YNL249C.S1_st	138	250	CTTCGCAATAGTGTTTGAGCAGCTG
YNL249C.S1_st	263	306	TTCCCAAGAAAGTAACCGCTCAGGT
YNL250W.S1_st	227	118	CGAGATAGACTTTGTAAACCGCGTT
YNL250W.S1_st	311	293	TCTCCTGCTACAAGGCGCCCAGTTT
YNL251C.S1_st	133	6	CGTTGGATACTACGTCGTTGGCATA
YNL251C.S1_st	277	126	TTGTTTAGACCATCGTATAGCAGCT
YNL252C.S1_st	68	126	GTAAGCTCCTAAAACGAACCGACTG
YNL252C.S1_st	118	254	ATGCGGGTATCCACAAAACGTCCTG
YNL253W.S1_st	166	254	AATCGGTTAATGTTTTGGCTAGGGC
YNL253W.S1_st	180	137	GTTCCTATCCGGCTCATCTAAGTTG
YNL254C.S1_st	25	247	CTGGCAGACGCCCTTGACTTTGAGC
YNL254C.S1_st	84	297	ATGACGACCTAAAATGCCGGACTTT
YNL255C.S1_st	8	129	CAATGTGAACACCAGTTCGACCGGT
YNL255C.S1_st	142	254	ATGTTGACATTGTTTGGGCCAGTGC
YNL256W.S1_st	67	257	CCGTTTAAGATTAGCTGGGACCTGA
YNL256W.S1_st	300	254	CCCAGGTAGCGCGTTTTTTAAGTAA
YNL257C.S1_st	229	253	ACTTTTTGACAAGGTGCTGGCAGAA
YNL257C.S1_st	290	126	TTTTCGTAGTCACGGGATGACCAGT
YNL258C.S1_st	136	256	CTTGGACGACCTTTGATTTGACTTG
YNL258C.S1_st	200	136	CCTGCGGTGGTAACTCTTTGACGAT
YNL259C.S1_st	52	4	ACGAGCCCTACAAGACCACGTCAGT
YNL259C.S1_st	159	108	TTACAGCAGTACTGGACGAGCCCTA
YNL260C.S1_st	113	313	TTCTGCAAAGTTCCCGGTAACGGCC
YNL260C.S1_st	247	256	GGTTCTTCCAAAAGACCTCCCGGTC
YNL261W.S1_st	227	257	ATTCCGCCTCTCACCAAGGGATAGA
YNL261W.S1_st	255	125	TTTAGCACTACTGGAACTCTTGTCA
YNL262W.S1_st	74	249	GTTCAAACTCAGAGCACCACGGCCT
YNL262W.S1_st	159	88	CTTGAACAGTTTAGTGAGACGGTAC
YNL263C.S1_st	100	251	CGTTGAAAAACGGTGGTTCCCTACT
YNL263C.S1_st	161	118	CTTGACAACACGATACAGCCGATGT
YNL264C.S1_st	177	255	CCAGCAGTTTTGTGTCTTAGAAGGA
YNL264C.S1_st	315	230	TGTTGACATCGAGGGGTTCCACATC
YNL265C.S1_st	143	306	CTTTGCCAAACTGCGAAATGCGTCT
YNL265C.S1_st	241	237	AAATCACTGGGGAGCCCTCTATAGC
YNL267W.S1_st	152	254	CTCCGGCGTGGTAAGTTTAATTGAA
YNL267W.S1_st	292	134	TGATTTTCAAGCAAGTTCCGAGACT
YNL268W.S1_st	99	123	GTCTGTCCCACAAGGTATAGAGCCA
YNL268W.S1_st	139	129	CTAGTTGTAAAGGTGAAACCGACCC
YNL269W.S1_st	41	128	TTTGTATGTATGACACGGCGTGCCG
YNL269W.S1_st	126	116	CGGGAATACACCTCACCTCGACGGA
YNL270C.S1_st	10	126	ATAGCTATAGCTAAGACTGGCGGCC
YNL270C.S1_st	165	125	GCGAGATTAACAAGACTAGGTCCCG
YNL271C.S1_st	135	118	CGATTCTCCGAGACTGTGTGGTCAT
YNL271C.S1_st	197	134	AAGGCGGTCTTTCTCTCGGGATCAC
YNL272C.S1_st	279	112	TACTGTTAAAGCTACTACGGGTCCT
YNL272C.S1_st	289	130	AACTGCTATCCGCTGTTTTGGGTTC
YNL273W.S1_st	127	121	AAGAAACCTTCGCTCACGTCGGCTA
YNL273W.S1_st	221	308	GGTCAAACGGTTTAAACGGCGCCTT
YNL274C.S1_st	138	123	ATTGTGTCGCGCACCACGGCACTAT
YNL274C.S1_st	231	111	ACTGACTACGAAACGCAAGACCTTT
YNL275W.S1_st	119	123	AGTGTTTATGATATCGCCGGTAGCC
YNL275W.S1_st	233	310	AATGTTTATGCAAAGTCCCGGACTA
YNL277W-A.S1_st	68	131	CATTTCTACACGGTATATAACGGGG
YNL277W-A.S1_st	287	119	CCTGTCGGTCATTTCTACACGGTAT
YNL277W.S1_st	37	207	AAAACCGACTCGTGTATGGCTTCAG
YNL277W.S1_st	70	243	TCTGCAGACAGAAACCACTCCGGCT
YNL278W.S1_st	155	5	CTACTTATGCGTGTACCCGAGAGGA
YNL278W.S1_st	268	254	CCACGTTTGTTGAGCCGTTACCCAA
YNL279W.S1_st	219	88	ACCTAAGTGCTGTTCCGAGTCGACG
YNL279W.S1_st	254	128	GTAAGAACGCCACACCGAGCATGTT
YNL280C.S1_st	50	5	CTACTCGTGTTCACGGCGGACTTTA
YNL280C.S1_st	85	297	AATGAACTCACAAAGGGGACACCTT
YNL281W.S1_st	70	6	CGTACTGCTCAGACTATAAGGCTAA
YNL281W.S1_st	135	244	GCCACTGAGGTTGCATAGAGTTTCC
YNL282W.S1_st	82	3	CTCACGGTACCTATGGAAGTTCAGC
YNL282W.S1_st	158	44	TATACCTTACGACGACGACGCCACG
YNL283C.S1_st	81	112	TGAGTGACCCACTACGACTGCGATT
YNL283C.S1_st	299	122	GCGGCCCGCCGTCTCTAAGATAATA
YNL284C.S1_st	107	126	TTATCCGAAGTAAACGTTGGTCCGC
YNL284C.S1_st	207	255	TGTGGCAACCCAGATTCCCGTGTAG
YNL286W.S1_st	94	129	ACAACGTTTTAGTACTGGCCTGCAA
YNL286W.S1_st	164	134	CTAGCTTGCCACTATAAACGGTTGC
YNL287W.S1_st	92	254	CTTGTCATCGACGAATGGCCACCTT
YNL287W.S1_st	314	129	CTTCTCGATAAGTGGGATGTTCACC
YNL288W.S1_st	155	7	CTGCTAGAGCTTCGTGCGTCCGATA
YNL288W.S1_st	183	132	CTATAGCACGGCAATACGGATTCCT
YNL289W.S1_st	105	124	ATGTCGACAACTTGACCCTGGAGTC
YNL289W.S1_st	191	315	TTAATTTCGCATAAGACGGGTCCCT
YNL290W.S1_st	176	138	TCTCATGAGCTATAGGTTCCCACCG
YNL290W.S1_st	229	257	ATTCCATGCGTCACGGTTCCCAGAG
YNL291C.S1_st	127	119	CTATAAGAGGCCAGTACTGAACACT
YNL291C.S1_st	190	118	ATAGTTAAGGCTCTACGTGGTGCTG
YNL292W.S1_st	68	119	CTTATATGTCTCTTCGTGCCGGAAC
YNL292W.S1_st	235	253	CTTCTTGGTAAAGGCGACTCACTTG
YNL293W.S1_st	173	123	ACGGCTATCTCTGGTGCGAATCTTA
YNL293W.S1_st	203	131	CAGCTTTTAAACAACGGCGAGTCGC
YNL294C.S1_st	89	1	TTAGCAGGTCTTTTCGCATCCGGTG
YNL294C.S1_st	250	136	CCTCCCTTAGAGTCCTGCGTAGTTG
YNL295W.S1_st	40	249	GGGGACCGGCAAATACACTCGTTTA
YNL295W.S1_st	48	235	ATACAACAATGATCCTCGCCGCACT
YNL297C.S1_st	73	122	TACTTATGAACTAACCCGCTCGTGG
YNL297C.S1_st	174	254	CTAGTTTTAAGCTGGGAACCGTTGT
YNL298W.S1_st	61	244	CTCGGTGATACCAACCCTGTGGAAT
YNL298W.S1_st	126	128	CTGTGGAATGACCTACCGTGGACTT
YNL299W.S1_st	2	253	CTATGGGAAGCCCTGTTCTACTCTT
YNL299W.S1_st	178	127	CTCCGCGTGCTCCTATCAAGTTCTT
YNL300W.S1_st	118	88	TACTCTAGTCGTGTATGCAGCCGCG
YNL300W.S1_st	315	165	AGGCAACGCCCATACCCACGGTAGT
YNL301C.S1_s_st	9	7	ACTCTAAGTGACGACCACGGTCTCG
YNL301C.S1_s_st	233	312	GGTTCTTAGAACAGGTGGCCATCTT
YNL301C.S1_st	184	308	CTTGGCGAGGTTTTAGGCTATTGCA
YNL301C.S1_st	223	128	CGTTGTGTTTTCTAGGCCAGTATCT
YNL302C.S1_s_st	22	243	TCCAACCAAGATGTTCGCACGACGG
YNL302C.S1_s_st	269	311	CAGCTTTAGAGAGGTTTCCCACCAT
YNL302C.S1_st	225	257	TTTAGCCATAACAGCTTTAGAGAGG
YNL302C.S1_st	233	249	TTAGCCATAACAGCTTTAGAGAGGT
YNL304W.S1_st	132	123	AGTATGACACCCTGTGACGCCCTGT
YNL304W.S1_st	308	118	ACGCTTCAGGAAGGTTTCGACATAC
YNL305C.S1_st	27	315	CTAAAACCGGTTGAGATTGCTGCTG
YNL305C.S1_st	239	132	ACTAGCCTTACCCAGAGTGCCGGAA
YNL306W.S1_st	7	256	GGCCGTGCTTATCTCCTCAAGGAAA
YNL306W.S1_st	34	251	CTTCTACCTTAAGATGGCCGTGCTT
YNL307C.S1_st	172	244	TTTAGACGCTAAAACCCAGACGGTT
YNL307C.S1_st	201	137	GCCCGAGAAGCGTTGTCTCCAAACT
YNL308C.S1_st	47	248	CTGGCGTTCTCTCTAAAAGCGGCGG
YNL308C.S1_st	158	14	TACGTCTGCGGCTACCACTACTGGT
YNL309W.S1_st	262	127	CTTAAAAGGCCTGCTTAGAGAGTAC
YNL309W.S1_st	306	290	TTGCCCTAGGGCGAGTAACATCCTG
YNL310C.S1_st	206	121	TGTGTTACAGGTTCGTCCGCATGCT
YNL310C.S1_st	251	123	AGTCGCTATGATTTCGTCGTGGCCA
YNL311C.S1_st	50	255	AATAACTTCGGGCATGACGCACATT
YNL311C.S1_st	53	254	CTTGTTGAGACATTCCGCAACGGAT
YNL312W.S1_st	221	131	CTTTGACGACATGCTGGAACTGACT
YNL312W.S1_st	294	314	TTCCAATACCAAGCGTTCAGCGGGT
YNL313C.S1_st	261	119	CCACCGACGGATACTTAGTGAACCA
YNL313C.S1_st	270	115	CGAACACTTCTAAACCACCGACGGA
YNL314W.S1_st	173	111	CTTATTGGTGTCGAGGCTGCTACTC
YNL314W.S1_st	254	122	TACCCTCGTGAGAACCTGCTTCGTG
YNL315C.S1_st	45	127	CTTACCGGTACAACTTGGCCTATGT
YNL315C.S1_st	116	313	GTTACCGTCAAACAGCCTGGGGTTT
YNL316C.S1_st	113	129	CGTCTTTTTAAAGGCGTCCAGTGGA
YNL316C.S1_st	295	114	CTTTGTCGACGGGTTAACGTATTCC
YNL317W.S1_st	145	256	TCTTCTCACTTAAGCCACGCCGGGG
YNL317W.S1_st	297	130	TCTCAAGGTGTAACGGTCCAAATTC
YNL318C.S1_st	178	254	CCAAACGTTATTGTAACCCGGGTCA
YNL318C.S1_st	201	115	ACCGTAAAGTTGTCGACAGGCCTTA
YNL320W.S1_st	37	255	CATTGAGTCTTCCAAGTGGGTCGCT
YNL320W.S1_st	138	7	CTAGAGATCCACCACGATTACGAGA
YNL321W.S1_st	161	96	AGGACACAACTACGACAGGATCTTC
YNL321W.S1_st	175	137	TCCTAAGATGAAGGTCCCTCGAGAA
YNL322C.S1_st	141	127	TTGTCAAAGCGTATTACTCCGGGTC
YNL322C.S1_st	311	255	CCAAGTAGGAGGTCACATTTCTGCT
YNL323W.S1_st	75	312	TTTTGCTATGAAACGGTCGCCCACT
YNL323W.S1_st	206	129	CTATCGTGGAGGTGGTATAACCCTT
YNL325C.S1_st	46	247	TTCTGTTCCGATACAGCGGCAAGTG
YNL325C.S1_st	303	130	CTGTTAAACGTCGAAATGTCCCTAA
YNL326C.S1_st	84	130	CTGGAGTTCATGTTCTGGCTGACGA
YNL326C.S1_st	288	255	CCCAAGAAGTTACCGGTTGACCGTT
YNL327W.S1_st	59	249	TTATGCGGCTCGTGTGTTTAAATCA
YNL327W.S1_st	304	253	CTCCAAACACAGTGTACATGGCGGG
YNL328C.S1_st	46	3	ACCAAGCATTGGTGGGTCTGTCTCC
YNL328C.S1_st	147	256	TTTGGTCATGGTCCCTCCGAAACGT
YNL329C.S1_st	197	132	CTCTTATAAAGATGTGCAGCGACCA
YNL329C.S1_st	278	129	CTTCGTGATGATTCTGGTCCTGCTA
YNL330C.S1_st	144	129	CTTAGTGTGTGGATCCCTACGGCTT
YNL330C.S1_st	251	137	ACTTCTTCTAAGACGGCTCCGATTT
YNL331C.S1_st	24	254	ACCCACCGGGGCTTGTTTGTCTTAA
YNL331C.S1_st	309	123	CTGGGTCGCCATTGGTTCTTCGAAA
YNR001C.S1_st	71	7	ATGCCGAGTTGCACTTAAGCGTAAC
YNR001C.S1_st	158	183	GGTGGTAAATACTTCAACGGGGTCC
YNR002C.S1_st	29	311	TCTTGTGAAAGCCACCATGTCGGGA
YNR002C.S1_st	64	237	AAGTGTCCGCTTCAACCGCAGTGAT
YNR003C.S1_st	64	126	ATAATGTCGCCGTGTTCACCGGTTA
YNR003C.S1_st	248	108	GTGTCCTCCAGGTACCAAGTGTCTA
YNR004W.S1_st	122	248	CGCTTCTGTCAGTTAGGCCTTTAAT
YNR004W.S1_st	159	309	TTTTCAACTTCCTAGGAGGCGGACG
YNR006W.S1_st	262	253	CCGGAGTTCCGTAATGTGCAATGCT
YNR006W.S1_st	292	308	TTCCGGCGGATCAGGAGTTCTCCTT
YNR007C.S1_st	266	137	ATTACCAAGTGGTGATTCGGGACTC
YNR007C.S1_st	268	127	TTGTACACGTTTCATGCGGACGCCC
YNR008W.S1_st	55	249	TTACACAGTGTTTACCCGGGTCCCA
YNR008W.S1_st	186	130	CTCGGTCACCCAAAGAGTCTACGGG
YNR009W.S1_st	51	4	CGAGCTCGTGATGGCGTCTATACTT
YNR009W.S1_st	282	129	CGTATCGTAATGCTCCGGAAGGTTT
YNR010W.S1_st	29	248	TTTCTGATAGAATGGTTGGTCGTCG
YNR010W.S1_st	173	117	CTGCAGAACCTACTAGAAATAGCGT
YNR011C.S1_st	142	242	GTGGCCGATAGTTTGGTACCCATCC
YNR011C.S1_st	254	255	TATAACATGTTAATCCGGGGTGGCC
YNR012W.S1_st	25	2	GTGACTTCAACCATAGGCTGCATAT
YNR012W.S1_st	205	106	CAGTTTAGTATTCACCACGCCGGTA
YNR013C.S1_st	236	241	CCATGTCCAGAAGATTGAAGCCTAC
YNR013C.S1_st	238	254	CTGTTAGCAACAAAACCGGTACCCT
YNR014W.S1_st	147	314	CTTCTTTGAGCCAGCGGCAGTTCAA
YNR014W.S1_st	176	313	TCTACTTTTCCAGGCAGAGCATGCG
YNR015W.S1_st	89	257	TACAATTCGTCTTAACAGGGGCCTT
YNR015W.S1_st	281	116	CTACCTTCGCGAGTTTGTCTAGGAA
YNR016C.S1_st	115	243	TTCTTAATCTAGCACCATGGGACGA
YNR016C.S1_st	235	120	CAAACCGAGGTCTTCATGTAGTCGT
YNR017W.S1_st	36	7	ACCTTACGTACAGCTGTGGCGATCC
YNR017W.S1_st	290	239	ATCTTCCGAGTGTCCCAGACTAGGG
YNR018W.S1_st	197	135	AAGGAGGAGCCTTCTGCGTGATCTA
YNR018W.S1_st	228	115	TATTCTAGTAGTGGCCACGGACCCG
YNR019W.S1_st	31	116	ACCGAGCCATAGACGTACCCTGGTT
YNR019W.S1_st	305	110	AGCAGGGTCCCAAATAGCACTACAT
YNR020C.S1_st	87	1	TAATGACAGGGCTGACCTTCCCGCC
YNR020C.S1_st	240	126	CGAAGCGGCTATGCTCTGGCAAACT
YNR021W.S1_st	218	117	ACGCGACAAGGGGTTTTACTCTTAC
YNR021W.S1_st	282	130	CTTTAGATGCTACCCAAGTGAGTTC
YNR022C.S1_st	85	316	AGCTTCTCCAATTCTAGGGGCCAGA
YNR022C.S1_st	250	314	GGGTGTCCCAGTTCCAAGTTCAGGA
YNR023W.S1_st	142	6	ACTTACGTAACGAAGATGGAGCTTA
YNR023W.S1_st	281	128	CTTCATGGACTACAGTTGCGAGATT
YNR024W.S1_st	108	120	CCTACTGAGTCGCACCCTGGAGTTA
YNR024W.S1_st	179	254	CACTTGACGCTTTTGGACTCCCACA
YNR026C.S1_st	7	121	AGAGGCCTGAGATGTATACACCGCT
YNR026C.S1_st	301	133	CTAGTGGTTGCGTTGAAAAGCTCTT
YNR027W.S1_st	217	135	CCCGGGTGTTCTAAGGTGCTATCTA
YNR027W.S1_st	289	111	CCACTAAATTAGTCGCGGTACGAGT
YNR028W.S1_st	4	257	ATGGCGGCCCAATTTTCTAGACTAC
YNR028W.S1_st	186	313	ACAACCGAGGTTTTGAGGGCCTTCT
YNR029C.S1_st	208	132	TAACGAGCACATTAGGTTCCGCAGG
YNR029C.S1_st	274	137	CCTTTATTTAAGATAGCGTGGCTAC
YNR030W.S1_st	8	3	GTCCGCCGCTCCGAAATTGAAGAAA
YNR030W.S1_st	36	131	CTTGATGCCACACATGCCGTAGTTA
YNR031C.S1_st	45	7	AGTACATGGTACAACGACGTCCTGT
YNR031C.S1_st	79	120	CTTGAGGATACATGTACCGAGGTCT
YNR032C-A.S1_st	106	117	CTTCACGGAACGACTTCTATCACAT
YNR032C-A.S1_st	281	127	TTTTCAGTCTCACTTCACGGAACGA
YNR032W.S1_st	156	242	CCAATGATGACATACCAGCCGCGGT
YNR032W.S1_st	301	119	CTCTTTAAGGTGTGCTACCGCGGTA
YNR033W.S1_st	206	135	CCGTTTTCGGTGTGCTTAGGACTTC
YNR033W.S1_st	207	256	TTGAGCAATCGCAGCATTTCCGTGT
YNR034W-A.S1_st	35	119	ATCCAGTACGGAAGTTCTTTCGACC
YNR034W-A.S1_st	142	122	ATGTAGTCCACAGCGTTTTCAGTAG
YNR034W.S1_st	207	126	TCATAACAGTTACTCCCGCGGCGGC
YNR034W.S1_st	295	249	GTGGAAACAACATCTCCCGCGGTGT
YNR035C.S1_st	55	112	CGACGGTTACCTCTGTTGTGAAACA
YNR035C.S1_st	158	61	ATTTCGGATGTACGTGAGGTCTTAC
YNR036C.S1_st	65	8	ACTCCCGGTGCTACGAGTTCTCGTA
YNR036C.S1_st	312	132	TTGTGTACCACATGCGGGAACTCTG
YNR037C.S1_st	67	253	CCCGGTGTTTGACCCGCTCAAGCGT
YNR037C.S1_st	314	241	TGTAGCACGGTAATGGGTATTCCCT
YNR038W.S1_st	118	130	CTCTGCCATTTAGACAGGTCGGTAA
YNR038W.S1_st	219	134	CCTTTCGCGTCCGTAATGGTAGAAT
YNR039C.S1_st	115	125	ATTACTGTCGTGACTATGCTGGCGG
YNR039C.S1_st	286	122	CCGACTGATATCGTGCCACCTGGAG
YNR040W.S1_st	99	250	CTTCTGGTCAAAGATAGTGCTCCCT
YNR040W.S1_st	154	254	CTGAGCTGCGTGAATGAACAATCCT
YNR041C.S1_st	146	127	TTTAGCGTGACAATCGACAGCGGCC
YNR041C.S1_st	269	118	CCCAGGTGCGTGTTTCAGATAGTAC
YNR043W.S1_st	122	256	AAATTGAGTTCAGCCAAGTCCGGGT
YNR043W.S1_st	271	114	TCGCATAGTAGTCAACCACGGTGTG
YNR044W.S1_st	168	127	TTTCAACCAGAAGCGGTAGTACCGT
YNR044W.S1_st	175	117	CTTAGAAGTAGTAACTGAGGCTGCC
YNR045W.S1_st	145	245	TTTTATCCCTGCACCAACGCGACGA
YNR045W.S1_st	256	133	ATGAACCATGGTAAAGCGTCCGTCT
YNR046W.S1_st	159	109	ATCTGACCGGACGTCACGAGTGCCA
YNR046W.S1_st	314	127	CGATGTCTGCAGGTAACGGCTTCCA
YNR047W.S1_st	62	256	CCAAAGTGAGGTAAGTTTCCGCTAT
YNR047W.S1_st	304	122	ACGACTCTTTAGTTCTTGGCGGAGA
YNR048W.S1_st	123	6	CCTACTCTTGACGACGTAACGGGTT
YNR048W.S1_st	170	138	ATGTAAGCCGTGTTGTGAATGACCA
YNR049C.S1_st	54	310	ATACCCATGTGGAAGAAGTTTGCCC
YNR049C.S1_st	180	124	AGATCGCGCTGTGGCTCTTCTCGAA
YNR050C.S1_st	219	253	CCACCAATGTCAAGATACCGGCGAT
YNR050C.S1_st	277	312	TTACCCGACTACCTTGATGGCTTTG
YNR051C.S1_st	166	314	TTATCTCGGTGTCCAAAGGCTGCGG
YNR051C.S1_st	230	137	TAGCCTCCCTGTTGCGATCACGATT
YNR052C.S1_st	87	241	TATAAATGATGATGTCCGCCGGTCT
YNR052C.S1_st	284	123	ATGCCTAAAGCGGTTCATGGTTCCA
YNR053C.S1_st	120	126	TTAAGTCAACGATGCAGTCAAGAGT
YNR053C.S1_st	285	131	AACTAACAGGTCCATAACACGGCGG
YNR054C.S1_st	159	11	ACGGGCGCTCTTGCTATAGTCTGTC
YNR054C.S1_st	275	123	AACTGACTTGTCTAACGGGCGCTCT
YNR055C.S1_st	168	134	CATGGCGATCTGTTACCGGAACCGT
YNR055C.S1_st	292	112	CCGATCGACGTAGACCATGACTTTT
YNR056C.S1_st	46	2	ATACCCTAGATCATGGCGAAAGTTG
YNR056C.S1_st	123	241	TTTAACACAGTCGTCCGGATTGGCA
YNR057C.S1_st	88	116	TCGCCCGATCCCTGAGACTTAGTAT
YNR057C.S1_st	159	76	AGACTAACTCTGATCGCCGGTAGGT
YNR058W.S1_st	113	254	CTGTCTAGGGCTCACCAAGGTCTTT
YNR058W.S1_st	144	6	GATACCTATATGATGACGCACCGCT
YNR059W.S1_st	112	2	TATTATGGGCTACAGTCGTTCAGGG
YNR059W.S1_st	297	127	TTTGTAATGTACCTGTCGCCGAATC
YNR060W.S1_st	158	130	CTTCCGGGGTAGATCAGATTCGTTA
YNR060W.S1_st	166	119	CCTGATCTGTACGAGTTGCGCACAT
YNR061C.S1_st	189	133	CACTATGGCACCTGGCGAACCTCTG
YNR061C.S1_st	280	112	TACAGGACGAGTTCATACGGTGCCC
YNR062C.S1_st	128	123	TAACCTCGTAGGCTTCGGAACTTCG
YNR062C.S1_st	286	100	ATACCAGCGTAGATATGAACCACAC
YNR063W.S1_st	172	251	CTCCAAAGTGAGGTCTAATGGTCCA
YNR063W.S1_st	226	115	TTATAGGCTAGTCAGGTCATGTCGA
YNR064C.S1_st	32	254	AATAGGGCATGGAACTTCTAGGTCG
YNR064C.S1_st	68	233	TTGAGTGCATCAACGATAACGGCTT
YNR065C.S1_st	158	11	CTTGTTCTCGTGTGCAGTGTCTATC
YNR065C.S1_st	291	246	TTCTTCTACGAATGTCTGGGCTTGT
YNR066C.S1_st	137	111	CGAGTTCATGCCGTGCAGGTATACA
YNR066C.S1_st	242	243	TTTTCCGTGCAGATGGACGAGTTCA
YNR067C.S1_st	25	243	AACCAAGTTGCCAGTAAGTACCCGT
YNR067C.S1_st	261	133	CCCTGACCGGTTGAGTTAACGAATC
YNR068C.S1_st	63	304	ATTTGAATGAAGAACGGCTACTGCG
YNR068C.S1_st	159	136	ATTCCTGCATGTCCAAAATCGGTTA
YNR069C.S1_st	15	251	CTAGTTGATAGTGGGGATTCTCCAT
YNR069C.S1_st	268	66	CTCCGCTTAGCGAGACTAGTTGATA
YNR070W.S1_st	46	7	CGTCTAACGCGGATAACAGTCATGT
YNR070W.S1_st	123	121	CCACTACTTATGAACCGCGCGTATT
YNR071C.S1_st	17	245	TCGCGCCGCTCCATATGTGAAGTTT
YNR071C.S1_st	211	127	GTTCCAGACCTAAACGGCAAGTCGT
YNR072W.S1_s_st	58	2	GAACCCAGGGTGGAAGATCCTCTCC
YNR072W.S1_s_st	252	313	ACCCAGGGTGGAAGATCCTCTCCAT
YNR072W.S1_x_st	80	249	TTAGATCCCGGTACAGCTAAAGCTG
YNR072W.S1_x_st	251	313	CCCAGGGTGGAAGATCCTCTCCATA
YNR074C.S1_st	99	257	ATAAAGAGGTTTACACGGCCAGTTG
YNR074C.S1_st	155	257	TGACGGCCTGAGACCCAATATGTTG
YNR075C-A.S1_st	49	1	ACGGCTCCACGGAACTTTTGGGGAA
YNR075C-A.S1_st	64	2	CACGGCTCCACGGAACTTTTGGGGA
YNR075W.S1_st	2	232	ATTCCTTTGGATAGCGACGTTCGAT
YNR075W.S1_st	146	314	GGCTTCTGCGCCACGTCCAAATAAA
YOL001W.S1_st	244	313	TTTCCAACTAATACAAGAGGGCGGT
YOL001W.S1_st	255	256	AAAAATAATTGTCGGTGGTGTCAGC
YOL002C.S1_st	134	126	CTCTGGAATGTCTCGACCCGATAAA
YOL002C.S1_st	316	284	ATGGCAATCGAAACCCTAGCGCACA
YOL003C.S1_st	273	130	CCTGGTCTGAAGGAGTTTTACCGTC
YOL003C.S1_st	280	137	CGATCTTAGAAACAAGTTGAGGCCT
YOL004W.S1_st	3	128	GCCTATTAAACCTGTCGAGATGACG
YOL004W.S1_st	110	129	CTTCCGTAAGGCGTGCTCTTTGACT
YOL005C.S1_st	31	1	CCTACGGAACTTTTTGCGGACATTG
YOL005C.S1_st	223	253	CTTTTCACGACAAACGGCGAATGTT
YOL006C.S1_st	29	254	CTAAGCAACGTTCTCCCGGTAAAAT
YOL006C.S1_st	52	235	ATATATCTGGGATCTGAAAGACACC
YOL007C.S1_st	122	250	CTTGGACCACGATGGGTTTATGACC
YOL007C.S1_st	176	121	ACGTTAAGATGATAGTGACTGCCCA
YOL008W.S1_st	5	131	CTCGCCATGGTTAGTGTGATAATCC
YOL008W.S1_st	212	114	ACCTATTGTTCGGAGAGTAACGCCC
YOL009C.S1_st	161	129	CTGGAACACGACTTAATAGGGCATC
YOL009C.S1_st	210	125	AAAACTCCGCGGACACCACTACGGT
YOL010W.S1_st	17	314	AAATTTTGGTCAACTGCTCCGCCTA
YOL010W.S1_st	216	127	CGTTAACAAATGTACCAGTAGCCCT
YOL011W.S1_st	153	7	CTAGGACTTAAGTACCCGACGCAGC
YOL011W.S1_st	313	302	AAACGGAGGCCTTACACTTTGGACA
YOL012C.S1_st	80	257	CAATGGACTTTTCCGTGCGATGGCC
YOL012C.S1_st	161	136	AGGCCGCGATTTCTGTCACCAAGTA
YOL013C.S1_st	60	123	ATGTAAGAGGTTTGGTCGTCTGCAC
YOL013C.S1_st	217	138	ATTAAGACAACCCAGTTCGGCTAGT
YOL013W-B.S1_st	144	2	AGAGTCTTTTCTAGCCCGCACACCA
YOL013W-B.S1_st	179	255	CCAAGAGTCTTTTCTAGCCCGCACA
YOL014W.S1_st	8	108	TCCTTAATACGAGACAGGCTACGCG
YOL014W.S1_st	156	2	TCTTCTGCGTGTTCGGATGACCCGT
YOL015W.S1_st	108	251	CCTTGGAAGTTGCACCAGGTCTTAA
YOL015W.S1_st	159	110	CTGTAGTACAGGATCCGACTCGCAA
YOL016C.S1_st	33	119	CGACTGTCTGGTTGACGATGCCTTA
YOL016C.S1_st	78	7	CTCTAACTTAGGTCGACTGTCTGGT
YOL017W.S1_st	14	130	CTTGGTGCCACGTAATGAGCTCACT
YOL017W.S1_st	242	118	CTGCAGTAAACGCTTGTTCGAGAGT
YOL018C.S1_st	173	120	CTCTTACTACGAAACCTACTGGATG
YOL018C.S1_st	299	121	CCGGTCACGTCTCTTGTGCGATAAT
YOL019W-A.S1_st	37	131	CTTTTCCCGAATAGTGCCGTGTAGA
YOL019W-A.S1_st	283	133	CACACTTTGTTAAGCGCAGCGCACC
YOL019W.S1_st	123	243	TTATATTCCGGCATGCGACCAGTCG
YOL019W.S1_st	268	134	CACGGTGTCGTGTCTTTAGGCCATG
YOL020W.S1_st	48	241	AATATAGCTGGCACGACCATCCGGT
YOL020W.S1_st	280	129	CTTCCGAGTTCCCTTCAGAGACCTA
YOL021C.S1_st	267	131	CTGCAATGACACTACAACACCGGGT
YOL021C.S1_st	268	119	CTACCTAGGTTAATGATCGTTCGCA
YOL022C.S1_st	128	253	CTAGGCTAGTTTAACCTGGGCTCCT
YOL022C.S1_st	190	222	ATTCGTGACACGGTTCTGGCCCGAT
YOL023W.S1_st	98	130	CTTAAACGGCTCACTCCACTAGTTG
YOL023W.S1_st	263	110	CCACTAGTTGTTAGCACGACCGTAG
YOL024W.S1_st	213	132	CCTGGCACAGAACGAGCTTTGATAC
YOL024W.S1_st	238	131	CTGTCGTCGAAACCTACTTGGGGAT
YOL025W.S1_st	48	242	TCTAAAATGGGTGATAACGCGCTAT
YOL025W.S1_st	51	2	TGAGCACCGCTCGTTAAAGTTAACT
YOL026C.S1_st	43	116	TGCCGTACTACGAGCCGAAGCCGCT
YOL026C.S1_st	155	251	CTTTCTCTAAAGTTCGGGACCGTGG
YOL027C.S1_st	29	249	TTCTCAGACAATATCGATGGTGGCG
YOL027C.S1_st	54	254	CTTCGGTGGCGTTTTCTCAGACAAT
YOL028C.S1_st	75	251	CTTAACCCTCAATGGTGTCGCGGAT
YOL028C.S1_st	114	314	CTTTTGAAATTTGGTTAGCCGCGAC
YOL029C.S1_st	150	247	TTGTCACGCAACAGTGGCCTAGATT
YOL029C.S1_st	264	111	ACCTATGGACCTTCGACGTTCGTTA
YOL030W.S1_st	243	254	AGAGGCCACCCGATCAGATGCTTAT
YOL030W.S1_st	299	255	CCTTAGCGGTGGGTTGTTTCAACAC
YOL031C.S1_st	49	235	TTGCTCAAGGTTCTCTACCAGGTCT
YOL031C.S1_st	203	118	CTTTGAATAGCTGTCGTCTGTGAAC
YOL032W.S1_st	60	254	CATGGATTCGTCACTCTTTGGGTCA
YOL032W.S1_st	287	120	CTACGAGTCCCTTTGCACGGGTAGT
YOL033W.S1_st	202	114	GTAACTCCCTCGAACAGCTGCTGTA
YOL033W.S1_st	250	133	ACCTGTCAAAGTTCTCCCGTGGCTA
YOL034W.S1_st	61	245	TCTAGTGCGTCAAAACCTCGGGTTT
YOL034W.S1_st	208	127	CTCTCAACCTCGTGTGCCAAGGAGT
YOL036W.S1_st	8	7	ACCTTTAGGACCGAGTCGTCGTTGC
YOL036W.S1_st	312	95	GTCTCCCATGAGTAGCGTAGTTAGC
YOL038C-A.S1_st	32	312	GGAAGGACTCCTTTCGCCGATGTTG
YOL038C-A.S1_st	128	257	AAGGACTCCTTTCGCCGATGTTGTT
YOL038W.S1_st	144	1	ATTGCAACCTCCTAGGGCACTGCCA
YOL038W.S1_st	184	130	CTACTACTTGGGTTCGAAATGGTCT
YOL039W.S1_st	7	312	ATAACTTGCGACGACCATTGTGGGG
YOL039W.S1_st	122	127	TTTTCAACCGACGACAAGGTCGACG
YOL040C.S1_st	114	248	CTTCTAAAGCAGTTCAACCGGGGTC
YOL040C.S1_st	244	315	TTCAACCGGGGTCGATCTCAATCTT
YOL041C.S1_st	96	314	CTTTCCGCTTCCAAGGTGGGTAGAT
YOL041C.S1_st	181	133	CCGACTATCTCGGTGAAACCCGGTT
YOL042W.S1_st	61	122	TCTAGTAATTCGTCGAGGATGGCCC
YOL042W.S1_st	157	256	CGCAGATTAGTCAACCCAAATGGGT
YOL043C.S1_st	221	307	AGAGCAATGGACCTCAACCTGGATT
YOL043C.S1_st	311	253	CTCCCTTAAGAGAGCAATGGACCTC
YOL044W.S1_st	135	245	GTTTTTGCCTGAAGACGAGTGTCCA
YOL044W.S1_st	163	255	CCCGCGAAACGTTTTGTAATGGATT
YOL045W.S1_st	159	84	CTTGTTACCTGATACGACGTGGACT
YOL045W.S1_st	264	112	CCAAGCCGACGGATATAGTTCTCAC
YOL047C.S1_st	14	313	TTCCAGTGTAGCAAACCCACCGGAG
YOL047C.S1_st	158	116	CTGCACGATGTAAACCTAAGCGCGT
YOL048C.S1_st	29	315	CAAACATCTTGTGACCAGGACTGGG
YOL048C.S1_st	135	120	ATACAGACGGCCAGATGATCTCAAT
YOL049W.S1_st	244	117	CTTCTTGCAGTGACCCTACGTATAT
YOL049W.S1_st	245	314	TTCAAAGCGTTATTTCCGGGGTCTA
YOL051W.S1_st	72	6	ACTAGTGTAGTTGCCGAGACCGTTT
YOL051W.S1_st	183	128	TTCGGGCGTTCTAAGCTATCGGAGC
YOL052C-A.S1_st	123	1	CGTAGGTTGTGGTGCTCATTGCGAC
YOL052C-A.S1_st	237	257	TTACCAGTTGATGATTTGCGGCCTC
YOL052C.S1_st	35	6	CGACCTGGGTCTTACGCGATCATTC
YOL052C.S1_st	235	130	CTTTATATACAGTTGAGCCGGGTTC
YOL053W.S1_st	188	254	CTTTAGCTGGAGAAGTCTGCACTTT
YOL053W.S1_st	271	242	GCTGCTAAATGACTTGGCGTAACCA
YOL054W.S1_st	80	4	AACCCGGTCCAGTGTATTAGCATCA
YOL054W.S1_st	150	129	CTCTTGTATAGGGTGATCCGGCAAC
YOL055C.S1_st	46	315	TTGTTTAAAAACCTGGCGACGCGAT
YOL055C.S1_st	290	111	AGCGCCCATCATTTCGAGGTACGGA
YOL056W.S1_st	130	249	TTATTACAACAAGACAGATGGCGGT
YOL056W.S1_st	285	118	CGCAGACGGTCTTTCACTCAGAGAA
YOL057W.S1_st	236	134	CCTATAGATGTTTACCGGGCACGCC
YOL057W.S1_st	314	245	TCTTATACTACTTTGGGGTGTCCCA
YOL058W.S1_st	146	248	CTTGCACCAGAAGGTCAGTTCAACT
YOL058W.S1_st	210	135	CCCATTGCAGTAGTAAGACCCGTCT
YOL059W.S1_st	158	316	AATTGCCAGTTAGGCGGGTTCCCTA
YOL059W.S1_st	168	253	CTGGCCATTCAGTCGGAACCTTCGT
YOL060C.S1_st	4	46	CTAGTACGTCTCGATAGAGCGGTTC
YOL060C.S1_st	47	241	ACAAGAGGTATGAGTTGCCAGCCCA
YOL061W.S1_st	5	119	CAGCTGCTGAACCACCTATGAAGTA
YOL061W.S1_st	315	160	AGAGTCAATAACTTCCCGGGAGGTC
YOL062C.S1_st	67	1	ATAGCTTTCGGCCAAGAATGCTCCA
YOL062C.S1_st	316	283	AGGGTGGTCTGCCAAGCTACCTCAA
YOL063C.S1_st	40	250	GGGGTACCCACTATAAACGCCTGAT
YOL063C.S1_st	164	114	TCTCTCGAGCCTGTGTATGACGCCG
YOL064C.S1_st	158	89	TTCTAGACCCTGGTACGACGTCCGT
YOL064C.S1_st	198	255	CCTCAATATCGCAGTTCACCGGGTG
YOL065C.S1_st	48	123	ACCTCGAGACCGGACTAACCTGTTT
YOL065C.S1_st	114	297	ATGGTTCCAGATGTCCCTGCGGTCA
YOL066C.S1_st	14	111	CTCGGAACGACGCTATCTTAGGACC
YOL066C.S1_st	55	257	AAGCCTATGCGTTTTTGGAGAGACC
YOL067C.S1_st	136	119	CTGGCGACCGGCGTTGTTTACTACT
YOL067C.S1_st	159	8	AACCGGTTCGTCTGTCCGTGGTAAC
YOL068C.S1_st	114	254	CTGCACCGGTCAGAGCATCGATTTT
YOL068C.S1_st	118	247	TGTACTGTAAAAAACCGCTCCGGGA
YOL069W.S1_st	189	122	AGGTCGCTCCACGTTCTCAGATTAG
YOL069W.S1_st	275	131	CTCTTATTAAAGGTCGCTCCACGTT
YOL070C.S1_st	90	127	TTAGAATGATAAGACGCCGTTGCTC
YOL070C.S1_st	249	253	CTTTGCACGGGACCTCTCTGATCAT
YOL071W.S1_st	59	312	AATAGTTGAGAGTTTGTCCCAGGCG
YOL071W.S1_st	208	247	TTTCTGTGACAGCAACGTTCCGATG
YOL072W.S1_st	73	5	CACGAGGATCTCTTTGACGGGTACC
YOL072W.S1_st	123	257	CTAATTGAACCCTGAAAATGCGCGT
YOL073C.S1_st	43	313	CTATTCCCGGACAATGGCCCTAATC
YOL073C.S1_st	309	121	TACTTGGACGTTCTGGTGACCCTCA
YOL075C.S1_st	240	118	ACTGTAATCTCAACGGCGATAGGCG
YOL075C.S1_st	278	304	CTTTCCGGTCCGAAGCAGCAATTGA
YOL076W.S1_st	81	257	CCGTTGGAATTTTTGTGATCTGTCA
YOL076W.S1_st	221	314	TTTGCCTTGTTTATTCACGCGAGAA
YOL077C.S1_st	26	256	CAAAGCGGTTTGCAGCATTCTCGAG
YOL077C.S1_st	254	137	ATACCAATAGGTTCGGCGGTTTACC
YOL077W-A.S1_st	9	98	CGGTAACCCTGTAATCCTGACGATC
YOL077W-A.S1_st	116	1	CGCGTTTCGGTTTTTGTCAGCTGTA
YOL078W.S1_st	23	251	GGGCCTCCCTGCATATGTAACCGTA
YOL078W.S1_st	252	111	CCGTTTCGTCGTAAGCAGTAGTTCA
YOL080C.S1_st	158	72	AGAAGTCAGCTTCTACGAGCACGGT
YOL080C.S1_st	290	110	CAGGGCTCCCATTTCTCAGACGCAA
YOL081W.S1_st	78	247	TTGTAATGGGAGATAGTTCCACGCT
YOL081W.S1_st	244	236	TTTCTTTGGGTAAACACGTAACGCA
YOL082W.S1_st	17	227	ATGCGTGAACTAAATCTCCGGCCGA
YOL082W.S1_st	159	156	ACTTCAAATGACTGCGACCGCTATT
YOL083W.S1_st	64	241	TTTGTGCGGTTACAGTCCACGGCTT
YOL083W.S1_st	86	2	CTAGGATGATTACAAAAGGCCCGTC
YOL084W.S1_st	133	246	TTCCACGGCACGGTCATTTGCGACT
YOL084W.S1_st	164	128	GGGTAACACACCACGACATTCCTAG
YOL086C.S1_st	74	248	TTCGAAACCTGAAGAAGCGGTCTCC
YOL086C.S1_st	282	138	ACGACAAGATTTCCGGTGACTGCCA
YOL086W-A.S1_st	56	118	CTGCTACTTCTATCTCGGGTTGACT
YOL086W-A.S1_st	269	123	TTGACTTCCGATCCGACACCTAGGC
YOL087C.S1_st	19	128	TTACAGTTCGACCAACGCGGACCTT
YOL087C.S1_st	211	119	CTATCATCGCTATCGTCGGAACCTT
YOL088C.S1_st	122	1	CTTGACCAGTTTGGAGCATGATTCG
YOL088C.S1_st	195	1	CCCGGTTGAAATACATGGCTGAACG
YOL089C.S1_st	81	6	GCTAGAGCGGCTACTACCTGACTTA
YOL089C.S1_st	290	136	CCTCTATGAGAAAGGTCACCAGATC
YOL090W.S1_st	52	315	CCTCCCAAATGTACTGGGTTCGTTT
YOL090W.S1_st	234	135	ACTACCAAAACCAGATCGAACCCGT
YOL091W.S1_st	112	254	CTCGGAGGTCGCCTCATGAGCTTTT
YOL091W.S1_st	196	118	CTTGGTACACAGAAGAAGACTGCTC
YOL092W.S1_st	196	120	ACAAGGGCTTGACGTCTAGTTAACC
YOL092W.S1_st	266	127	TTCTTTACCGACGAGGAAGTAGGCT
YOL093W.S1_st	188	257	CCACCGGGGTAAGCTGTTTTCTGAT
YOL093W.S1_st	254	126	CGACCTTGGGCCCTACGCTATGTAA
YOL094C.S1_st	268	133	ACCTTGCATGAACGTTGACCGATCA
YOL094C.S1_st	277	129	CTTCGTTAGTAAAAATGTCGCCTCC
YOL095C.S1_st	82	248	GTCCGTAATGTTTGATGGCCAGGCC
YOL095C.S1_st	235	134	CCTCGTACAGGTTAAAGGGTTACCT
YOL096C.S1_st	21	129	TTCCGAGACCTCCTACAATGACCTG
YOL096C.S1_st	101	126	AAGTTCCCTAGCTAGACTGAGCGCT
YOL097C.S1_st	185	119	CTTTGACACATAGCTCTGAGACGTT
YOL097C.S1_st	227	137	ACAGGCGGCTGGATGTATCTCTTAA
YOL097W-A.S1_st	238	137	TTGGACGTTCATGACCGGACAATCG
YOL097W-A.S1_st	298	101	CTCTTACCCAGACCGTGTGACTACG
YOL098C.S1_st	172	134	ACGCCTATGAAACTTTGTCGGGACA
YOL098C.S1_st	267	133	CCTAAGTTATAAATGGCGCCGCGAC
YOL100W.S1_st	158	64	CTTGTAGTAGTAGGCCTTCTCGGTA
YOL100W.S1_st	247	315	ATTTAAACGCAGTTGTCCCATGGTT
YOL101C.S1_st	61	242	TTGAACACCGAAACCATCGCCGTAG
YOL101C.S1_st	165	124	TAGTCATCACACAACAAGGAACGGT
YOL102C.S1_st	160	129	CTTTAGTACAGGTAAATAGCGGCCC
YOL102C.S1_st	206	117	CTTAGGCCTCGTTATAGTGGTTACT
YOL103W.S1_st	102	120	CCACGACGGGTAGTATTTGAGTTTA
YOL103W.S1_st	222	118	CTGATGGACCATACTGACACCGCGA
YOL104C.S1_st	134	249	TTAATTGAGTCGGTTTACGGTGCCA
YOL104C.S1_st	198	133	CACTTTAGGAAACAGTCCGGTCGTG
YOL105C.S1_st	110	250	CATCAGGATCAAGTTTGTGGTCACC
YOL105C.S1_st	134	129	CTTTAGCGTGCTGGTTAATCTGAAC
YOL107W.S1_st	190	278	TTCCGACCTATAAGGGAATCTGCCC
YOL107W.S1_st	300	192	AACCCTTGTGGTAGCGTCTTTCATC
YOL108C.S1_st	159	199	ACGTTGGGGTCCTTTCAGCCAGTCT
YOL108C.S1_st	236	133	CTCTATGTTTGTTATGTCGGCCCTA
YOL109W.S1_st	89	253	CTTAGAAACGTTTTGTTCCCGGTTC
YOL109W.S1_st	200	126	CGACTTCGAAGATAGCTGTTGGATT
YOL110W.S1_st	40	6	CTACTCAGAGCGTCGTCGGAACTTT
YOL110W.S1_st	183	257	ATTTGAGCGGCCCTCCAGACGAAGT
YOL111C.S1_st	221	253	CTTTTCCGGAGGGTGTATTCGCTCT
YOL111C.S1_st	288	116	TCCTTGAGTGACACGGGACCCTACT
YOL112W.S1_st	32	57	ACTGGTCTATAGTCCCGGTCGTAGC
YOL112W.S1_st	152	7	CTTCTTATAGAGACGTCCGACGGAT
YOL113W.S1_st	125	254	CCACTTGGCGGAATGGATTTACTCC
YOL113W.S1_st	148	5	CAGTAGGTCTCAGTCACAGGTTCGT
YOL114C.S1_st	40	3	CTCGTGAATTGCATTGCCCGAACGG
YOL114C.S1_st	108	122	TCTTTAGACTGAAGCAGGTCCGTTC
YOL115W.S1_st	103	247	ACTTTATTGCTTGGGTGGACGATTC
YOL115W.S1_st	177	1	TTGGACTTTCACTTGGCCGGTTCTC
YOL116W.S1_st	89	130	CCTTCGAGAAATAGTTTGCCGTACC
YOL116W.S1_st	248	254	CCTGTGAGCCAAGTTGTTCGGCGTT
YOL117W.S1_st	59	253	CAAAAGGTTGTTCATGGAGCTCGAC
YOL117W.S1_st	168	128	CGTTTGACCGGAGATTGTTAGACCT
YOL119C.S1_st	7	126	AAGTTAAGTCGCAATTACCGCCGTC
YOL119C.S1_st	76	239	TTAAGAACAAGCAGCGTTATCCGCG
YOL120C.S1_st	220	88	CGTTGTGTTCTCTAGACCAGTGTCT
YOL120C.S1_st	306	120	ACCAGTGTCTTGACGAGGTTTCAGA
YOL121C.S1_st	285	134	CTAACCATAGCAGCTTTAGAGAGGT
YOL121C.S1_st	316	166	CTGTTCCATTCGATCTTCAAGGTCC
YOL122C.S1_st	249	243	CTTTAATGGCAGCTGGTATGACTTC
YOL122C.S1_st	270	116	CGTCCATGCTAAAAGTACGAGCGTG
YOL123W.S1_st	54	88	CTACTACGGTCCCAAACGGTACGGT
YOL123W.S1_st	222	134	CAATACCGATGTTGGCACTAGCGCC
YOL124C.S1_st	67	251	AGAAGGCTTTCTAATGGCTAACCGC
YOL124C.S1_st	310	133	CCACGAGTTCACTTGTAAAGCCGGT
YOL125W.S1_st	57	119	CCGTACAGACACTGATGCCGCTGAT
YOL125W.S1_st	151	3	GTCGAGTTAAAATGTACCGCTGCTA
YOL126C.S1_st	21	127	ATTAACCGCCCGTAAGACCGCTCTG
YOL126C.S1_st	301	249	TTAATAACGGAGACCACCTGCCACG
YOL127W.S1_st	130	3	TGACGACTGATGCTACGAAACCTGT
YOL127W.S1_st	199	136	CCGATGACGGCGATTCTTTCGACAG
YOL128C.S1_st	215	117	CGCTATCGCGATTGAGTGTTGACCT
YOL128C.S1_st	218	255	TTCTCCAAGCTCATACGGCCAAGTG
YOL129W.S1_st	70	256	CCGTACCGTTCGAGCTTGGCAAAAT
YOL129W.S1_st	206	126	AATAGCAGTCTACCACCACGGAAGC
YOL130W.S1_st	13	253	CGTTGTGAATTGCTCCGGCGACTTT
YOL130W.S1_st	93	241	CTCGGCCAGGAAGTTTGTTTAGTCA
YOL131W.S1_st	230	138	ATTCTATCGTGTTCTGCTTCAGGTT
YOL131W.S1_st	263	115	TTACTGCGCGTTAGTGTCAATCTCG
YOL132W.S1_st	20	126	ATAAGTGCTCCTAGTCGACAGGTGG
YOL132W.S1_st	107	127	TTTCGGACTGTAACCGTCTGGACCT
YOL133W.S1_st	204	123	TTCGAGTTTGGTTTCACGCGGTCAC
YOL133W.S1_st	305	128	GTTTCCGGTACTGCCTGTGACTATT
YOL135C.S1_st	22	124	TTTAGTCGTCATGGCTCGCAAACCC
YOL135C.S1_st	66	253	CTTCCTGGTTGACGGGCTAAATCTC
YOL136C.S1_st	209	250	GCCGTTCGTTTAATCCCTGTGGTAA
YOL136C.S1_st	316	161	AGTTACAATAATTACGCCCGCAGCA
YOL137W.S1_st	76	3	ATCGCCGTAGCAAAACCTGTCCAAA
YOL137W.S1_st	261	120	CCACCACGTCGGTAAGGTATAAACC
YOL138C.S1_st	50	245	CCAAGACTCCCACTGGTTAGAAGGT
YOL138C.S1_st	194	133	TCTTTTAATAGCGACTGGGTGGGAC
YOL139C.S1_st	68	255	CCATGTGTTTCGGTCGGCAGCTATT
YOL139C.S1_st	150	255	CTTCTGCTGAGGGTTTAATTGCCAC
YOL140W.S1_st	62	257	CCTGAAAACTAGTAATGGCGACCAT
YOL140W.S1_st	209	128	TTACGAAACTCTCAACCACTGGTGC
YOL141W.S1_st	151	130	CTACCTTTGCAGGACTAGGAACCAC
YOL141W.S1_st	272	116	GGAACTAGGCGACTCACTCTGCGAT
YOL142W.S1_st	60	5	CTTAAAGTTAAAGCGTGCGGTCAAC
YOL142W.S1_st	255	132	AAAACTGAGTTGATGTCCTGCGCTA
YOL143C.S1_st	91	313	TTTCTTACCGAAGGGAACCACAGCT
YOL143C.S1_st	210	120	TACTGACTTCTTGTTCGGGACCGGT
YOL144W.S1_st	31	2	GATCCAAACTGTAGCCGAGGGCATG
YOL144W.S1_st	300	309	CTTCATTTGCGAGGGCTTATGCTCT
YOL145C.S1_st	117	34	CTATAAGGTCCACGCTCTTCGGTAC
YOL145C.S1_st	127	312	TTTTGAGAAAGGCTGTCGCTGCTCC
YOL146W.S1_st	159	66	ACTAGAGTTACGTCTGAGCTGGCCT
YOL146W.S1_st	167	251	CTTGCGATATTTCTGGCTAGGCCAC
YOL147C.S1_st	61	2	GCTTCTCATACAACGCGATAGGCCA
YOL147C.S1_st	150	250	CTTTTATGGAGCGACCAGGTTAACC
YOL148C.S1_st	186	123	TGTTGTCGTCCGGAACCTCGTTGTT
YOL148C.S1_st	237	115	TAGTTCATCGAAACCGTCGCCGTCG
YOL149W.S1_st	10	255	CTCCTATGTGAATTGGGTGATCTCA
YOL149W.S1_st	222	121	ACCGGTATATAAACTCTCTGCAGAG
YOL151W.S1_st	43	123	TCTGATTAGCATAGCCTCCGGTCTA
YOL151W.S1_st	55	250	CTCTCAACGGTTTCACTGGGTCAAT
YOL152W.S1_st	41	313	CTGTCGGATTCCATATGGCAGCCTT
YOL152W.S1_st	42	249	CTTAAATGCAGACGAGCCTGTCATG
YOL154W.S1_st	100	3	ACGTGCAGGGATGGTACTCATACCT
YOL154W.S1_st	164	109	CTACCGAACACACGTCGATTAGGTT
YOL155C.S1_st	72	126	CATAACGGCGTCCAAACTTACGGTT
YOL155C.S1_st	249	241	TAACAGGTCAGGCTCCCATAACGGC
YOL155W-A.S1_st	169	127	TGACCGATATCAACAGCCTACCGTT
YOL155W-A.S1_st	316	176	ATTCTCACGTTGATCCGGGCTGATA
YOL156W.S1_st	158	36	ATGCTACGACTACGTTATCTAGTAC
YOL156W.S1_st	159	83	CGTTATCTAGTACTGTTATCTGGTT
YOL158C.S1_st	12	313	TTTCAGAAACATCAGCGACCCAGCG
YOL158C.S1_st	98	249	GTCGCTGAGCCGAGATCAAATCCCT
YOL159C-A.S1_st	33	127	TTGAGCTAAATAGTCCCGTCACCGA
YOL159C-A.S1_st	303	114	GTCCCGTCACCGACCTATGTCATAT
YOL159C.S1_st	24	128	CTTGGGCCGCTAGTCGTTAGAAACT
YOL159C.S1_st	169	130	CTAGATAGCTGAATATTGCCTGGAC
YOL162W.S1_st	10	241	TAAATACGCTTTTCGCTACGGGGTG
YOL162W.S1_st	20	254	CTACGGGGTGAGATAGCATTCCCTT
YOL163W.S1_st	149	3	AGGGATCACCGATGCAACGTTACGT
YOL163W.S1_st	160	301	ATTCTGACAGCAAGAAGACCCACTG
YOL164W-A.S1_st	7	123	ACAAACGATTCGAAATAGCGCCAGA
YOL164W-A.S1_st	132	257	ATGTGGGGACAACGGCAACATTACA
YOL164W.S1_st	39	6	ACTCGAGACACGACTGCGTAACCTT
YOL164W.S1_st	48	119	CTGGATGTAAGTCCCGACCGTCTGT
YOL166W-A.S1_st	82	245	GTATGCAATATGATAAAATGTGGCA
YOL166W-A.S1_st	124	1	TGTATGCAATATGATAAAATGTGGC
YOL166W-A.S1_x_st	48	4	AACCGCCGGGTTTTATAACATATTG
YOL166W-A.S1_x_st	60	126	TATAGATATAGAGTAAACCGCCGGG
YOR001W.S1_st	247	117	CTTCTATAGTCCTAGGCTCGTGTTT
YOR001W.S1_st	263	129	CGTTATAAAGGTTCTCGGCTCGGTT
YOR002W.S1_st	16	4	TAAGTGAAGGCCATCGTTTAGGTAC
YOR002W.S1_st	37	58	ACCGGGAAGATAGTCGTCGTAGTTA
YOR003W.S1_st	9	45	CTTCTACGAACAGAGTCAAGTGGTC
YOR003W.S1_st	258	132	CTATCTCGTAAGAAAAGCTTGACCC
YOR004W.S1_st	20	129	GTCCATACACCAACGAAGAGTCCTG
YOR004W.S1_st	115	244	CAATACCTTGGAGAGTCATGCCGCT
YOR005C.S1_st	212	306	TCTAAGACTCCAAGCCGCCAAAGGT
YOR005C.S1_st	216	137	TTGTCCTAACGTATGCATGGTGCAG
YOR006C.S1_st	97	253	CGAACAAAACGATAGCAGCCCTCTT
YOR006C.S1_st	110	6	ACGTGACTGACGCTGAGACATTTCT
YOR007C.S1_st	52	6	CTCGTCCACGGGTTAGATGTCTACT
YOR007C.S1_st	161	115	TTGGGTGTTAACTACGTCCGACGCG
YOR008C-A.S1_st	254	115	TCTGTCAAATGTGTCGTCGCGAACA
YOR008C-A.S1_st	316	270	ATGGCCATGATTCCAGTTACCGTCA
YOR008C.S1_st	1	7	CGTCATGATCGAGAGTTAGTGTCCT
YOR008C.S1_st	141	121	AAGTCCTAGCCGGTGTCCATGTCGA
YOR009W.S1_st	73	247	TTCTTCCATGGAGATGACGTTGACT
YOR009W.S1_st	230	256	ATGTCAATGGCATACACTGAGGCGG
YOR010C.S1_st	191	312	AACAATCCTTGAAGATGGTGGCGAC
YOR010C.S1_st	246	137	CCGGCGACGGCGGTACAATAATATT
YOR011W-A.S1_st	42	316	GAACTTCAAGAACCCTTCTCGGCTT
YOR011W-A.S1_st	299	132	TGACGAGAGAACTTCAAGAACCCTT
YOR011W.S1_st	80	126	TGTGACAACCGCTACTGAAGGACTT
YOR011W.S1_st	127	129	CTCTACCAAGGACCAGTTGGAGACT
YOR012W.S1_st	136	6	CGGACGATGTGATAGACTGCTGCTC
YOR012W.S1_st	258	116	CTTCGTGCTTCAGTACGGAGACCCT
YOR014W.S1_st	215	131	CTTTGTCAAAGTTGTGTCGTTCACT
YOR014W.S1_st	316	138	CTTTTACGGCTTCAGTAGGATGGGT
YOR016C.S1_st	28	314	ACTCATTATTGATGCCGTGAAGGGG
YOR016C.S1_st	212	118	CTACCGAGACAATAGCAGTGACTTT
YOR017W.S1_st	164	314	CTATAAGATTAAAACCGGGATGGGC
YOR017W.S1_st	225	118	CTGACGTTTGATTTGACGCGCGTAT
YOR018W.S1_st	163	118	CTTCCAGTGCGAGTAGCAGTCAAGC
YOR018W.S1_st	168	114	AGGTCCGAGCTCGTTCTCAAGGTTA
YOR019W.S1_st	213	254	CCGTGTCATAAAGGAAGCTGTTTCT
YOR019W.S1_st	300	256	AGCGGATGCAGGGTTTAGTTCAAAC
YOR020C.S1_st	126	313	TTCGACTTCAACAACGGCATCCGGG
YOR020C.S1_st	288	237	TCCGGGCCCGAAATGACTACGATTA
YOR020W-A.S1_st	137	251	CGGAACTCGGTTGTTTTTTCGCCAC
YOR020W-A.S1_st	212	129	CTTATCAAGACGGAACTCGGTTGTT
YOR021C.S1_st	90	123	CGGCCTCCTACGATGCTTTAAGCTG
YOR021C.S1_st	133	254	CCTGGGATCCCGATGTTAGCTAAAT
YOR022C.S1_st	135	247	TTAATTGGCATGTCTCTGGCGTTAC
YOR022C.S1_st	158	148	ATGTGGCCTGCAGATCTAATACGAT
YOR023C.S1_st	249	118	ACTCCCAGGACTAGGACGTCGTTTT
YOR023C.S1_st	258	122	ACTTATCGAGATGAGGGTACCTTCT
YOR025W.S1_st	107	117	CTTAGGAGAACCGTGCCGTAATATC
YOR025W.S1_st	269	255	CCACTTTTGGTAGGTAGGACACTTT
YOR026W.S1_st	56	255	CTATGAAAGTTCTGTTTGCGGCGTT
YOR026W.S1_st	88	130	CAGTATTCAAGGATATGTGCCGACC
YOR027W.S1_st	3	127	TTCATAAAACGTCGTCCGGGTTGTC
YOR027W.S1_st	253	135	ACCATAGTAGGCCTGACCGGCGATT
YOR028C.S1_st	42	254	CCTACAAGGTTTATGACGCCCGGGT
YOR028C.S1_st	229	254	TGTTTTCCGCAAATCCGTCGCAGCA
YOR030W.S1_st	50	130	CTGGTCCTCGGCTGTTTGTATAATC
YOR030W.S1_st	158	25	ATCGATGTCTGTAGTCACTGTTGCT
YOR031W.S1_st	230	120	CTGAGAACAGTAACACCCTCGTGGA
YOR031W.S1_st	233	127	TTTACACTAGTGTCGTGGCCTTCGG
YOR032C.S1_st	212	137	TCTTGACAGGGTTGCGATGCTCATC
YOR032C.S1_st	303	256	ACCTAAAATTGTTGCGTCCTCTGAA
YOR032W-A.S1_st	12	2	ACCGAAAAAGGGTTTCATCTTCCGA
YOR032W-A.S1_st	28	248	CATCTTCCGAAGAATGAGGTTGGCA
YOR033C.S1_st	220	112	CTATAAGTAGAAGTAAGTCGCCTCA
YOR033C.S1_st	315	203	TTGATGATTCAGTTCGGTTCGAGCC
YOR034C-A.S1_st	112	130	CTTATAGGAGACCATCACCACGGGA
YOR034C-A.S1_st	164	297	AAAGTTTCCACGGAGCCAGGCTACC
YOR034C.S1_st	54	129	CTCCAACTGATGATGCTCGATATGC
YOR034C.S1_st	119	120	ATCACTACATTGTCGCGGGAACACC
YOR035C.S1_st	71	128	GCTCCACATAGGCAACGACGTTCTT
YOR035C.S1_st	93	242	CTGGTCTCAAAAGTCGCCGTTAAGG
YOR036W.S1_st	33	248	TTCTCAAAGTTCCATAAGTCGCCGT
YOR036W.S1_st	134	256	CTTCCGGTACGCCATGGTTTTTGCA
YOR037W.S1_st	50	235	GAAGTTCGAAGTTTGTCCCAGGTCA
YOR037W.S1_st	202	1	CTTCGGGATGGGTATGTTTCCAGAC
YOR038C.S1_st	159	56	ATTAACGTACGCCACTATAGTCTGT
YOR038C.S1_st	311	254	CTCAATGATGTGCAATACGGTTCCT
YOR039W.S1_st	62	253	CCACCGTTCTTGATGTTGCTGAGTT
YOR039W.S1_st	90	244	TTATACTGTGTACGGGCAAATCTTG
YOR040W.S1_st	86	118	ACTTCATGGGCTATTAAACGTCGTC
YOR040W.S1_st	154	2	ACTCGTCACGTAGAAGTGTCCGCTG
YOR042W.S1_st	59	251	CGAATGGCCTCTTTGAAACGCAGTC
YOR042W.S1_st	300	134	CCTGGACGGTCTCGAATGCCTGTCT
YOR043W.S1_st	96	249	CGTCTGGTCTTCATTTGGAGGCCTC
YOR043W.S1_st	280	131	CCCTCCGTCTCGTGTTTGGAAGAGT
YOR044W.S1_st	30	125	TATTATCCGGCGTATCAGGGTCCGA
YOR044W.S1_st	206	128	CTAACGTACCTATGGAATTAACCGG
YOR045W.S1_st	98	7	AAACGATACGGTCCGCGTCGACGTC
YOR045W.S1_st	250	129	CCTGCCATACAAACGATACGGTCCG
YOR046C.S1_st	129	2	ACTAATGATGATTACAGGACCGGGC
YOR046C.S1_st	137	128	CTGCTGAAGTCTCTCCCATCTAGGT
YOR047C.S1_st	286	112	TGAAGTCTCCTCTCCCGACGGTAGA
YOR047C.S1_st	316	255	AATTTACAACGGCAGCTCCGGGTTA
YOR048C.S1_st	150	253	CCTTATCGATGTTGTCAGTTGGGCC
YOR048C.S1_st	246	132	ACAGGCTAAGTTCCACCCAGTGACG
YOR049C.S1_st	86	247	TGTGGCCCGGTACAACTAGGACTTT
YOR049C.S1_st	158	19	TTACTACCGGTAGCGATGCCAGTGA
YOR051C.S1_st	46	254	CCTACTAGGCCTGTGGACCCAAGTT
YOR051C.S1_st	114	118	ACGTAGTTATCGATTGTGGGATCCC
YOR052C.S1_st	151	248	TTCCAGTGAAAACGAGCTTTGTGTC
YOR052C.S1_st	281	246	TTGAGATCGCACTGTAGCTGCCCAG
YOR054C.S1_st	270	253	ACCCGTATTTGCCACTGTAGCCCAA
YOR054C.S1_st	315	229	ATAAGGATCGCGGAAGTTACCCATC
YOR056C.S1_st	158	107	TGAAGACACGGAGTACGCCACCTGT
YOR056C.S1_st	310	116	CTTCGTCGTATTGCAGGCGTAACCA
YOR057W.S1_st	58	119	ATTCGAAAGCGTACTCCACCTAGGT
YOR057W.S1_st	67	236	TTTCGAAATGCGACCTCGCCTAGGT
YOR058C.S1_st	61	313	TCTTACATGCTTCGGGCCTTGCGTT
YOR058C.S1_st	290	122	ACTAGATAGGGTTCTCTTGAGCGAA
YOR059C.S1_st	6	251	CTTACCGGACCCTTGGCGAATATCA
YOR059C.S1_st	177	82	TTACCTGCTCTTATGTCGACGATGA
YOR060C.S1_st	15	2	GTTCGATTAAAACCCACCGGAGGCT
YOR060C.S1_st	57	4	CGTACTCAAACTACCGGTCCAGTGG
YOR061W.S1_st	14	256	CCGCCTCAAGATGGTAGGTCCACAT
YOR061W.S1_st	127	250	ACAGCGAAGCGCAATGGTGTTCCCT
YOR062C.S1_st	48	256	TTACCGCTGCTTTGAGGAGCCTTGT
YOR062C.S1_st	56	129	CTCTCATCTGTAGCGATGGCAGCCG
YOR063W.S1_st	132	213	ATTGCCACGATGGTCGAAGCTGTCT
YOR063W.S1_st	195	126	ACAGTGGTTCCCAGTGCCAAAGCTT
YOR064C.S1_st	41	4	CGAGGGTTCCCGTTTACCATAACAT
YOR064C.S1_st	100	1	CAAGGTAATACCAACGCATCCGGAC
YOR065W.S1_st	137	249	ATTCAACAGGCTAATGTAGGGACCG
YOR065W.S1_st	143	4	TTGACCACACGGCTTGGACTTGTAC
YOR066W.S1_st	205	120	CCTACTACGATCTTGACGGAACTTT
YOR066W.S1_st	298	118	CTATCGCCGTTGCAGGTATCTGTTA
YOR067C.S1_st	114	296	ATGGTCCAGAATCGTCATGAAGGTG
YOR067C.S1_st	185	137	ATATTAGTCGAGCACCAAACGGAAT
YOR068C.S1_st	103	255	ATCAACGCCTAATGGTCGGTGGCTG
YOR068C.S1_st	193	122	CAGGCGTTTACTTCGACACCAGAGA
YOR069W.S1_st	112	117	CTTTATAGTGATCTTCGCCGGTAAC
YOR069W.S1_st	155	108	ACGTAGCTCGAAACCCTCTGTAAGA
YOR070C.S1_st	196	106	TTCTACGATGCAGCGTGACCGACAT
YOR070C.S1_st	297	255	CAATGAGGTTGTCTTGGAGCTCACC
YOR071C.S1_st	89	129	CTTTAGCAAGTGGTTTTCCTACTAC
YOR071C.S1_st	296	131	CAATCCGCTTACGATGTGTTGACCT
YOR072W-B.S1_s_st	122	242	TTTCGTACGCTCTCCGGGACCCAAG
YOR072W-B.S1_s_st	289	126	TTCGTACGCTCTCCGGGACCCAAGT
YOR072W-B.S1_st	43	305	ATAAAGGATAACCAGCCCATTGTCT
YOR072W-B.S1_st	216	253	AATAAAGGATAACCAGCCCATTGTC
YOR073W.S1_st	69	254	TTATGGGCTGCTTGGCGTTAACTCT
YOR073W.S1_st	178	129	CTTCAGCAGCAGAGTTTCCTAATAC
YOR074C.S1_st	37	127	TTTCAACAGCTGTACCTCGGTCCAC
YOR074C.S1_st	109	127	TTAGTAATACTCACGGACCTTGGGT
YOR075W.S1_st	126	257	AATTGGGTCCTCGTTGATGTTCACA
YOR075W.S1_st	273	127	TTGCTCGACGACCTTCTTGACGATT
YOR076C.S1_st	71	228	ATGGTATTAAACTGCGTGTTGCGCC
YOR076C.S1_st	174	131	CTAAGAGCCCTGATTGCTGTAGAGT
YOR077W.S1_st	78	123	AGATGTCAATAACTTCGTCGCCGTG
YOR077W.S1_st	182	116	CTGCGATCCGCGATGTTATAGGTCA
YOR078W.S1_st	158	59	CTTAGTGTCTAGTGAGTCTCCCTCC
YOR078W.S1_st	289	122	ACTACGAGGTGTTCTTCTTCCCGAA
YOR079C.S1_st	50	7	CTTAGACTCAGTAAGCGGTTGCTAC
YOR079C.S1_st	90	5	GTTTGCCAGATATGCGTACTACGAC
YOR080W.S1_st	36	4	CTAGGCTCGCGTCTTGAATCAATGA
YOR080W.S1_st	164	124	GTAGCTATTCACCAAGACGCAACTG
YOR081C.S1_st	87	127	TTTAGAAGTAAGTGCGTCGTCCCAT
YOR081C.S1_st	179	122	ATTACCTACGACTGAACGGCCCTCA
YOR083W.S1_st	7	253	CATATACTGGTATTGCTGCTGCCTG
YOR083W.S1_st	275	130	CTGTTCTGTGAAGGGCTCGACCTCT
YOR084W.S1_st	31	130	CTTCGCCTGATAGGTGTAACACCCG
YOR084W.S1_st	264	256	TGAACCAGTTGCAACTCCGAGGCCT
YOR085W.S1_st	28	292	TTGTAACCGGCGCAACCAACAGCAT
YOR085W.S1_st	148	120	CTAGTCACGGATATACAAGTTGGTT
YOR086C.S1_st	184	120	CATAAGCCACCTGATCCGTCGGAGT
YOR086C.S1_st	301	131	CCGTCGGAGTGTTTGGTATTCTTCT
YOR087W.S1_st	185	133	CCGTACTCTCGGTGGGTCAATTTCT
YOR087W.S1_st	268	256	CAATTTTTTACGTCAGGGAGGAAGC
YOR089C.S1_st	236	127	TTTATACCCTGTGACGACCCGTTCT
YOR089C.S1_st	256	256	AGGAAATAATTTCGCGCGGTGACCC
YOR090C.S1_st	14	204	ATAGCCTAAACGGACTTCAACGGTT
YOR090C.S1_st	299	103	ATACTTAGACCGTGGACACTTCCGT
YOR091W.S1_st	62	255	CCCTCAGCGAGCTCTTTGTCGGTTT
YOR091W.S1_st	302	129	CTTCCTGGTGCAGTAGCGTTTCTAA
YOR092W.S1_st	120	113	TGTAGAATACAACCTCGGCGAAGTC
YOR092W.S1_st	153	250	GTGACGTTCAATATGGGGACTCCTG
YOR093C.S1_st	186	133	GTCCCTCTCCAGCAGTTAAACTTGA
YOR093C.S1_st	256	137	ATTCAACGTGCTTAAGTGTCCCTCT
YOR094W.S1_st	39	130	CTTTTAAAACTACGATCCGGACCTA
YOR094W.S1_st	281	308	GGAATAGGCCTGTCCCAGAACAACT
YOR095C.S1_st	218	246	TTTAACATGGAAGGAGTATGCACTC
YOR095C.S1_st	238	121	CCGAGGTAACTTGTCATAGGAGCGT
YOR096W.S1_st	189	256	GAAACCGACCAAAGGTGTTCCAAGT
YOR096W.S1_st	285	126	CGGTTCTAAAACAGAGTTCGAGGTT
YOR097C.S1_st	134	242	GTTGCCAGGTAGTTCGCATCCGAAT
YOR097C.S1_st	159	218	ATGTTATCCATCACCCGGACCGTCA
YOR098C.S1_st	13	257	CCTTAATGATTATGGCGCTGGTTAC
YOR098C.S1_st	193	132	CTGTTGAAGAAAACCCGTCGGCGTC
YOR099W.S1_st	107	130	CAATCGCTGCTAGTCCCTGAAAGTA
YOR099W.S1_st	159	58	CAACGTGACACTATAGCTGATGCTA
YOR100C.S1_st	187	136	CCGTTGGAGCAGTTCTACGCCCGTT
YOR100C.S1_st	205	255	TGAAATCACTGACGCGGTTGCCTTT
YOR101W.S1_st	94	128	CAGACGCTTTGTTCGGTAGTTGCAT
YOR101W.S1_st	235	312	TACTTCTGCCCAATGCGGACCGGTT
YOR103C.S1_st	237	137	TCTGAAGATTCTCCCGTATAAAACG
YOR103C.S1_st	241	1	TTCATTGGTCGTGCAGTAGACGTCA
YOR104W.S1_st	20	256	CCACCGGGGAGATCACATACTTCTT
YOR104W.S1_st	75	246	TTAAAGCTTCCATCGTCGGGAGTCG
YOR106W.S1_st	193	117	CCTGTTGTGGTTAATGTCGACGTTC
YOR106W.S1_st	225	127	TTTCTGTAGGTAGGCGCTTGACTTC
YOR107W.S1_st	120	246	TTACTTCATGGACGGCTGCATCTGC
YOR107W.S1_st	147	246	TTTAGAAAGTTTGTCGGAAGTCCGC
YOR108W.S1_st	153	251	CTCAGTTGAGAGTTAGGCCATTCCC
YOR108W.S1_st	264	255	CCAACAGTTGTAGCTTCCGATGCCT
YOR109W.S1_st	18	313	TTTATCTGCTTAAGGTGGTGGTCCA
YOR109W.S1_st	62	7	CTGAAATCTGAGTACCGTCGGTAAC
YOR110W.S1_st	36	251	CTTCTGCAACCTGATGGCCTAAGTT
YOR110W.S1_st	59	4	GTCACAACTATAAGGGTCGCCGTTA
YOR111W.S1_st	29	251	CTTGGTCAATTGCAACAGTGGCGAC
YOR111W.S1_st	253	137	ACTTAATAAGATGGCTAGGCTAACC
YOR112W.S1_st	116	214	GATATTCATCATAGGCGCCGAGCCA
YOR112W.S1_st	163	253	CTTTTGTTGCTAGGATCGTGGTTCT
YOR113W.S1_st	139	244	CGAGGCCCACATAATTACCGCGGTT
YOR113W.S1_st	170	127	TGTATCATACTAAAGCGGCTGCGTT
YOR114W.S1_st	21	316	GGGGCCTTTGCTAATCACCGTAACT
YOR114W.S1_st	27	122	CACTCAGGATAGAATGTCGTCGCTT
YOR115C.S1_st	274	122	ACAAGTTCAGTGTTACGGCGTCATT
YOR115C.S1_st	307	128	CGCAGAAAATAGCTGTCCGGTTGTC
YOR116C.S1_st	147	129	CTCCCTGAGACAAAACGTCGATCGG
YOR116C.S1_st	157	257	AAGGCAAAACCCATAGCTTCGACGT
YOR117W.S1_st	113	312	TTACCCGTTAGAAGGCAATTTGTGC
YOR117W.S1_st	306	127	GCTACGAAAACGTGACCGGTTCCTT
YOR118W.S1_st	52	255	ATGTATGGTCCCTTGCACAGCGAAT
YOR118W.S1_st	215	118	CGACACATGTATCTGCTAGGCACCT
YOR119C.S1_st	257	116	CTGGTGCTTACATCAAGACCGTGTC
YOR119C.S1_st	271	126	TCTTCTGCCGAGTTCGCCTAGACTT
YOR120W.S1_st	110	311	TTGGGCCTGTGCAACAATAATCGAC
YOR120W.S1_st	147	257	CTTGGCCAATAGGAACTTTAACGCT
YOR122C.S1_st	55	7	CTGTTTCGACAGTAGATGAGCTCTC
YOR122C.S1_st	185	111	CAAGTTCCGAAGCTGTTAGGTCGAC
YOR123C.S1_st	40	7	CTGTCATAGCGTACTGGTTGTTCTC
YOR123C.S1_st	129	124	GTGATGGATACCTCGGAGCTCTTCT
YOR124C.S1_st	12	314	GCCAAAAATAAGTAGCGCCGCTCCG
YOR124C.S1_st	173	256	ATGCGCCTATGTCTCTTGGGAAATA
YOR125C.S1_st	81	5	CTCGTACGAGGGTTCACAGTCTTAA
YOR125C.S1_st	164	135	CCATGGCGTAACTAAAGAGGTCTTC
YOR126C.S1_st	121	7	AACCCACGGTTGCTACGTACGAGTC
YOR126C.S1_st	163	135	TGTCTACCTGACGTGAAAAGGCCTT
YOR127W.S1_st	11	130	CTTTTAGTCCAAGGGTCGATCAGTA
YOR127W.S1_st	37	312	TTCCAATGTGCCATGTCAGTGACCT
YOR128C.S1_st	158	84	CTTGCGACGCGACAACCGACAGTCT
YOR128C.S1_st	224	138	TTTACGGATCTCCACAAGGTCATCG
YOR129C.S1_st	159	44	TAACGTAGTAGTAGAAAGCGACCGC
YOR129C.S1_st	252	116	CCCGCAGTTTTTAGACGATACGATA
YOR130C.S1_st	28	298	AAAATCCCGTCATGGTCGTTTGCGA
YOR130C.S1_st	275	256	CGATCAAATCAAAACTGTGGGCACC
YOR131C.S1_st	85	313	CATGATCTTTACAGCCTCGGGGCCA
YOR131C.S1_st	300	122	AGCCTCGGGGCCATCTCTGAAAACA
YOR132W.S1_st	127	248	TTCGTGCGTCCAAGGCCAGTTCTTC
YOR132W.S1_st	158	37	CTACCCATGTTGAGAGTCCTGAGTC
YOR134W.S1_st	153	127	CGTTCGTTAAATCGCCGGTAGCATG
YOR134W.S1_st	262	106	CTTATTCCTGTGGTACGGCGTACGT
YOR136W.S1_st	4	126	ATAACAGATGATAGCGTAGTCCAGG
YOR136W.S1_st	232	120	CTCGGTAGCCGTCTGGTTCTCAATA
YOR137C.S1_st	22	131	CAGGCGACCATATCCGAACGGCTCT
YOR137C.S1_st	152	1	CGTTAGAACAACTGCTCCAAATGCT
YOR138C.S1_st	187	128	CTTCATGCGTTCACTTTGAGGCGAC
YOR138C.S1_st	195	122	ATGTAATTTAAGACGCTCTCGGCGA
YOR140W.S1_st	129	129	CTCTTCAGAGCCCAGATGTTCGAGA
YOR140W.S1_st	225	125	GTTAAGCCATGAGAGTCGTCCCTAA
YOR141C.S1_st	76	131	CATTTACGGGGACTGTTCTGACTTC
YOR141C.S1_st	242	126	CTTAGTTGTAAACCTCCGGGAGAAA
YOR142W.S1_st	136	255	TTAGAGGTCCAATGAATCCAGTTCG
YOR142W.S1_st	251	112	CACCGTAGAAAGTAGCGTCCTTGAC
YOR143C.S1_st	111	255	TTTTGACCGGTTGATCGCACCAGTG
YOR143C.S1_st	181	135	CACCAGTGGCCTTCTCAGTCGTCAT
YOR144C.S1_st	43	7	CTCTAACTAGACGACTCGCGGTGTT
YOR144C.S1_st	214	113	ATACCAAGTTGCGACTAGGCTCGTA
YOR145C.S1_st	26	2	CTCGGTAGCCAGCATAACGGCCATT
YOR145C.S1_st	288	119	CCACTGGTAAACAGCTCTCGGTAGC
YOR147W.S1_st	41	255	CCTGAACTTCTGTTGAAAGGGAGTC
YOR147W.S1_st	141	123	AGGTCATAATAGCTGTCCACTGTCA
YOR148C.S1_st	116	248	TTTTTGCTACGAGGAGACCACCTTA
YOR148C.S1_st	269	120	CTACTACGCCTTTGACGTTCGGAAA
YOR149C.S1_st	164	253	CTGTTTGAATTTGACCTGTGGAGAC
YOR149C.S1_st	192	254	CCCGATTGTCACATGAGGTAGCTTG
YOR150W.S1_st	114	126	TTTATAATGACGGAAACGGGTACTC
YOR150W.S1_st	160	117	CTGTAACCCATCTAACCGAAGTCGT
YOR151C.S1_st	66	5	CGTTCATAACTGCTCTGTCGGACAT
YOR151C.S1_st	151	7	ATACTAACGAGTACCACGACGGAGT
YOR152C.S1_st	47	256	TTGCTCTAACTCTGGGAAACATTGC
YOR152C.S1_st	154	257	TTGCCACTGGCACTTAGATGTTTCT
YOR153W.S1_st	201	1	CTGAATAAAGTAAGTCCGAGACAAC
YOR153W.S1_st	253	131	CACAATACTGATGGGGTTCACGGTA
YOR154W.S1_st	272	135	ACTTGTTGAACTTTACCGCGTGCTT
YOR154W.S1_st	312	109	CGTTTCAAGTCAGTAGAACAGTGCT
YOR155C.S1_st	263	312	TTTCAGTCCCGTCACCCATAGCAGG
YOR155C.S1_st	292	309	TTACTTCCGAACCAGGGAGCTCCTG
YOR156C.S1_st	41	316	ATAATTAAGAAAGCAATGCCGCTGC
YOR156C.S1_st	305	311	TATGCGGTGGGAATACTTTGCCTCT
YOR157C.S1_st	81	249	GTCAATGCGTCAACTAGCCCAGATT
YOR157C.S1_st	231	132	CTAACAACGTCCACATCTGGGATGC
YOR158W.S1_st	235	313	TTATTACCCGAGAAACAGTTTGCTT
YOR158W.S1_st	304	311	TTGGGGTGGAGATTACCTCGACCTT
YOR159C.S1_st	173	134	AGCTACTTCGGCACCTTTAAGGACA
YOR159C.S1_st	265	247	TTCTACACCTCTTCCCGTGCGGGAA
YOR160W.S1_st	35	280	AAGATCCGGGGCATGACTTACAACG
YOR160W.S1_st	281	247	CTTAAGTTGTCTCGAAGATCCGGGG
YOR161C-C.S1_st	31	127	TTTTTACCGAACAGTGGACTCCGTC
YOR161C-C.S1_st	227	134	CTAGTAGGGTGACCTTTTTACCGAA
YOR161C.S1_st	210	128	CTTCGGTAATCTAGGCCATGACGTT
YOR161C.S1_st	279	133	CCTTACCTGCGGGATTAGTTACTAT
YOR162C.S1_st	57	242	CTAGCGAACAAGTGCCAGCCTTTAT
YOR162C.S1_st	172	130	CTGGCTCCTTTGTACCGATCGTGTT
YOR163W.S1_st	37	129	CTGCTCGGATTAATGCTCTGCTGAC
YOR163W.S1_st	149	251	CTCTGCTGACGGGTTGCTCTTTGAA
YOR164C.S1_st	12	3	AATGAACGTGTTGTGGTAACCATCG
YOR164C.S1_st	190	279	ACTCTTTAAAGTGGGGTTCATGCTC
YOR165W.S1_st	100	253	CAATAAGTATTCAAGCCGGAGACCC
YOR165W.S1_st	202	134	CAAAATCTAGTTAAGGCGTCCGTCT
YOR166C.S1_st	75	315	CCTTCTCGAATGGTTGTCAAAACTT
YOR166C.S1_st	174	120	CTAAACGATTAGACGCACTGAGATG
YOR167C.S1_st	300	132	ACCACAGTGGGTTCAGGCACAGCTT
YOR167C.S1_st	302	312	AACAGTCTTTGCACTTCCCGGGTCA
YOR168W.S1_st	236	132	AACAGTTCTTGTCAGGTACCCAGCA
YOR168W.S1_st	236	137	CCGAAGAACTTCCTGTAGTTGGGTC
YOR171C.S1_st	97	1	AAAGGAAACCTTGGGAACGTTCACC
YOR171C.S1_st	163	256	AGGCTACTGCCTTGGTCATGGATCT
YOR172W.S1_st	20	305	AAACCTGCCGCATGTTGGAACCGAC
YOR172W.S1_st	112	213	AACAATAGTTGTAGCGGGACCTTTC
YOR173W.S1_st	127	313	TTGTTGTAAGAAATGCTCCCGCGGC
YOR173W.S1_st	210	130	CTCCGAGGCCTTACTGTTATGACAA
YOR174W.S1_st	116	312	TGTTCCCTCGACACCCTGGGTTGTT
YOR174W.S1_st	267	122	AATATACCGGGCGTCTCCTACGGGA
YOR175C.S1_st	217	120	CGTTCGAGAGGTTTGAACCCACCAT
YOR175C.S1_st	272	242	TCCTTAAAAGATTGCGACGTTCACC
YOR176W.S1_st	27	248	TTCTCAAAGGCGTTGGACAGTCTCT
YOR176W.S1_st	248	117	CTTCCGTACCGTCTAGAGCAGTTTT
YOR177C.S1_st	63	255	CTCCTTCCGGGCTTTCTACGGGTAA
YOR177C.S1_st	158	245	TTGTAAACCTCTCCAGCGAAGTCTG
YOR178C.S1_st	63	4	TAGATGAAGTAAGAGCTCGCGTCGA
YOR178C.S1_st	169	243	AAGTAGAGTCTTGGCCCGGTCATGT
YOR179C.S1_st	92	245	TGACAATTACGACCCACTGCAGCTT
YOR179C.S1_st	202	256	CTAACATTAAGCTTGGGTGATTTCC
YOR180C.S1_st	30	1	ACCTCTGATTGCCTTGGAACGGAAA
YOR180C.S1_st	148	128	GTCGTTAGAGCCAAAACAGCGTCTT
YOR181W.S1_st	22	122	TCGATGTAGTTGTAGGCCTCCGCCA
YOR181W.S1_st	105	121	CAATGGTAGCTGCTGCTCACGACGT
YOR183W.S1_st	91	316	GTCCTTTGGGCCTACTGCCGTAATT
YOR183W.S1_st	301	311	TAATTAAATGGACTGTGGCCGGCTC
YOR184W.S1_st	184	114	TATGCCACAGTAGTACCGTCCGCGG
YOR184W.S1_st	232	137	CTGCCGGAACTACTGGTCAAAGATT
YOR185C.S1_st	158	180	ATTCAAGCTACAGACCCTATGGCGT
YOR185C.S1_st	269	133	GTTCTTGCAGGGATTAACCGTATCT
YOR186W.S1_st	137	120	CTGCGTCGCAGGTATAAGGTTCTAT
YOR186W.S1_st	273	313	CCAATGAAATTCAGGCGGTATGCTC
YOR187W.S1_st	109	247	AGAGGCCATCTCCATGACACCAGTG
YOR187W.S1_st	159	47	TTCCTTAACCTGAGACGATACCGTC
YOR188W.S1_st	152	2	TCGAGTCCTCGGCTATGCAATGTGT
YOR188W.S1_st	298	311	AATGTTCCATTGAGTCGGCGGCATA
YOR189W.S1_st	70	124	AGTGGCCGACCTATTCTTCTCTGCA
YOR189W.S1_st	289	203	TATCGTTTGGACATGAAGGCACCCT
YOR190W.S1_st	141	128	TTCGTAACCAGGCATCGTCCGCTTA
YOR190W.S1_st	202	128	CTTCGGCCGAATACTGATAAACTCT
YOR191W.S1_st	39	122	CTAAGACGGTACCTGGGTCCGTTCT
YOR191W.S1_st	133	315	GCTTAAAATAGCACTGGGACTCTTT
YOR192C-C.S1_st	297	312	GTGAAAAGTTTTTGTGTGCGGCTAA
YOR192C-C.S1_st	316	269	AAAGTTTTTGTGTGCGGCTAACCAG
YOR192C.S1_st	168	115	TCTCGAGGCTACTACTTGATGGACT
YOR192C.S1_st	261	228	CTTTTCCTTAGGAGATGAAGGTCAC
YOR193W.S1_st	32	253	ACTTGAGGAATTCGATACCTTGGCT
YOR193W.S1_st	170	134	TACCTTGGCTCGGTTTCAGTGAAGC
YOR194C.S1_st	179	119	CTTGATCTACTAAGGCTGCTACTGA
YOR194C.S1_st	240	132	TTACGCCTGCATTGATCGGTCGGAT
YOR195W.S1_st	234	127	TTTATCATTGTAAGTCCGACTCGTG
YOR195W.S1_st	242	116	GTTCGTCGACAGAAGTCTTTCTCTT
YOR196C.S1_st	201	128	CTTCCGTGGTTTATGAGAACATCTC
YOR196C.S1_st	303	135	AGACCTGGGGATCATTCTAGCAGTA
YOR197W.S1_st	49	219	TTTATGTCCACGTTACAGGGTGCGG
YOR197W.S1_st	181	253	CAGCTAAAGCTTTGAGTTCCCGGTT
YOR198C.S1_st	55	126	TTTTGTAGGACGGACTGAACTCATC
YOR198C.S1_st	285	127	TTACGAAACCTCTGGTTCGGACGGT
YOR201C.S1_st	10	251	CCTGCAAATAATGTTCGGTGAATCG
YOR201C.S1_st	210	136	ATTGACTGGGAGTGTTATAGCCACG
YOR202W.S1_st	134	253	CTTGTCCGGCATGCGTCAACAGCTT
YOR202W.S1_st	294	121	AGTGTGGTGACTTCTGACGCCCTAA
YOR204W.S1_st	205	250	CTCCAGATCTATAAGGTTTGCAGTG
YOR204W.S1_st	218	136	CCACTGGCATGGGTTAGACTCTCTC
YOR205C.S1_st	65	243	TCAAGGGACATACTCTACCGGGGCC
YOR205C.S1_st	241	131	CATTTCTCAGTTCGACAGGGTCTCT
YOR206W.S1_st	15	242	ATTGGAGTTGCCGAAAGTGATTCCG
YOR206W.S1_st	56	315	GTAAAGGACTTGAACATTGTGGCCA
YOR207C.S1_st	111	243	CAGGTTCCCGACAAAACTGTGCAGT
YOR207C.S1_st	269	96	TACGTACGTTCTCGAGCACCAGGTT
YOR208W.S1_st	161	128	TTAACCAATCTAAGTACGCCGCATC
YOR208W.S1_st	261	121	TTCTAACACTGGAAGGCGTATTACC
YOR209C.S1_st	36	198	ATTGCTTCGCGTGTCTACCTGGATT
YOR209C.S1_st	251	314	AGCATTCTTCAGTCTTGGGGTCCAA
YOR210W.S1_st	128	119	CTAACAGGGTCAGTCTACAAAGAGT
YOR210W.S1_st	303	116	GTCAGTCTACAAAGAGTACGCCATT
YOR211C.S1_st	73	312	CTTTTCGATGTTCCCGCAGAGGTTT
YOR211C.S1_st	288	126	TTTCTCTGACCTCGGAACGAGCAGT
YOR212W.S1_st	179	113	TCTCAGTGACCACACGCGAGCTCAG
YOR212W.S1_st	232	123	ATACCCTATCGTCTAGAGGCAGGCG
YOR213C.S1_st	45	5	CTGATATGGCAACTACACGGAGTAC
YOR213C.S1_st	131	256	ATATCGGCTAAACGGGACCTAATTT
YOR214C.S1_st	274	256	GTTCAAATCGAAATAGGTGCCCACA
YOR214C.S1_st	298	96	TCGGCGCTCGACAACTAAGAGTTCT
YOR215C.S1_st	73	313	CTTCTTTAATGACCTGCGGGAGTTT
YOR215C.S1_st	175	245	GTTCTCCCTGCTAGACCACCGGTTT
YOR216C.S1_st	45	124	TGTCCGGCCGAACTAGAGCTTATTA
YOR216C.S1_st	243	129	CTTCGGTACTTCCTCCTGCGGAGAT
YOR217W.S1_st	150	254	CCTTCTGACGGTGGTCATTTGGACC
YOR217W.S1_st	302	248	GTTAAAGTGTCGAACCAACCCGGTT
YOR219C.S1_st	86	178	AAATTTATGCGGTACCGACAGCGCG
YOR219C.S1_st	294	254	CTCAAAATCTAGTACCCGGGCGCTT
YOR220W.S1_st	60	242	TTGAACCGTGAAAACCTCCTAGTAG
YOR220W.S1_st	291	114	CTATTCAGTCGCAGTCCGTGGTTTA
YOR221C.S1_st	256	248	TTATCGTGACACAACTCCGGGCAAG
YOR221C.S1_st	279	314	ATTCTCATAAACGAAACCGGGCCCG
YOR222W.S1_st	93	255	CATACATCTGATCGTGGGCCACCAA
YOR222W.S1_st	259	135	CACTCTTTAAGGTACGGGCATCGTT
YOR223W.S1_st	173	130	CTAGGCACCCTAAATGACTCGTTCT
YOR223W.S1_st	285	117	CGCACCGTGGTCTCGTCTTGTTGAT
YOR224C.S1_st	182	127	TTTCAGACGGCATAGCTTCGGCGTA
YOR224C.S1_st	276	255	TTACAACTTAACAAAGGGCAGCGGC
YOR226C.S1_st	62	127	TTCAGGAATCGATTACAGCCGTGTC
YOR226C.S1_st	156	118	CGGGGACGCACACCACTACACTATT
YOR227W.S1_st	76	129	CGTCTCCGGGGAACAACTTCTACTT
YOR227W.S1_st	123	7	CCTGCTTAGTAGCTACACTGGTGAC
YOR228C.S1_st	75	127	TTTCTAGGCCAACGACAACGTGCAC
YOR228C.S1_st	308	256	CCCAGGGTTGGTTAAGCTTTCGTAA
YOR229W.S1_st	15	3	GAAGTAACCGTCTCCAATGCTGCTA
YOR229W.S1_st	138	244	CGAGGCCTCCTTGAAGTCCCAGTTA
YOR230W.S1_st	5	127	GTTATAAGACTCCAAGACCCTGTGA
YOR230W.S1_st	116	251	GACTTAAGAAATGACACCCGCCGTG
YOR231W.S1_st	91	129	CTTGCCGGTAGAGGTTCTGTTTACT
YOR231W.S1_st	279	253	CCTCTTCGGCAATTGAGCGATCGGT
YOR232W.S1_st	198	122	GTTGGACTATTCCTTGGCCCATGAC
YOR232W.S1_st	214	132	CTCTCGGTCAATTCGCGCTTCTGAT
YOR233W.S1_st	56	7	CTCTGTTGCGTGGATCGATACGACT
YOR233W.S1_st	222	253	CTTTTACCAAAAGGAGCTCTCTCGT
YOR234C.S1_st	57	247	TTCTGAAAGCCACGGAGACAGTCTT
YOR234C.S1_st	216	255	TTAAGATAAACCCATTCGCATAGCG
YOR236W.S1_st	159	205	AGGCCGGGTCGACTTTCTTAAAGAA
YOR236W.S1_st	188	130	CTCAACGGGCTTTGTCTGACACTAG
YOR237W.S1_st	15	128	GTTCACCCTGTAACTAACCGCCGTT
YOR237W.S1_st	160	257	CCGGTTACCAGTCCACAAAGTTGTT
YOR238W.S1_st	99	179	ATTTTACGGTACCAGCAGCGGTTCT
YOR238W.S1_st	159	40	CTAAGTAGTCGACAGTACGGTTCCG
YOR239W.S1_st	48	313	TTAAATGGACTACCGCAGCTTGGAG
YOR239W.S1_st	173	314	ACTTGTCAAGTTGGGGTTCATGCCG
YOR241W.S1_st	137	129	CTTTCAGGTCCTCAGTAATCAGTTC
YOR241W.S1_st	303	107	TTGCGATATGCTACTTGGACGACTA
YOR242C.S1_st	16	310	AACAGAGTTCATGCGCCTCCAAGGA
YOR242C.S1_st	41	2	AACAGATATCCATGCTATGAGGCCT
YOR243C.S1_st	24	121	CTACTAGGAAGAGTTGTTAACCACT
YOR243C.S1_st	187	129	CTTCTACAGCACAATGGTAGCGGCC
YOR244W.S1_st	56	122	GATATCTCGGATAACCAGCCTGTGA
YOR244W.S1_st	190	116	GTTTCTGTGACTTATAGGACGCTAT
YOR245C.S1_st	51	116	TAGACGTAACAACAACCACCGCGAT
YOR245C.S1_st	190	127	GTTTAGGCGGTCTACTACAACAATT
YOR246C.S1_st	139	1	AACCTGTTCCAATGGGTAGCAGCCA
YOR246C.S1_st	179	121	TTCGCCGTAGCTGAACCTAGACCTG
YOR247W.S1_st	217	137	TGTTATGCAATGACAGTGGCCACGT
YOR247W.S1_st	313	256	CCAACGCAGGGTTAGTGTTTCAAAC
YOR249C.S1_st	18	113	CCGTCTCACGAACTAGTCGACATTG
YOR249C.S1_st	120	249	CTTAGTGACCTTGATCTGATGCTGG
YOR250C.S1_st	213	110	CTGAAGGGTCGTTCCGCTACTAAGA
YOR250C.S1_st	245	115	TCCCACGTAACAGCTATGCGGTAGT
YOR251C.S1_st	107	256	CTTCAAATGAACTAGGCCTCTGGTT
YOR251C.S1_st	160	255	CCGCTATGTGCGATGAAACCTTTTC
YOR252W.S1_st	187	313	TTCTCAGGTGCTTGATCGAGCCCAT
YOR252W.S1_st	226	132	CTAGTGCGGGTGTGTTCTCTCAAAT
YOR253W.S1_st	59	5	CTACATGTAAAGTGTGTCTACCGAA
YOR253W.S1_st	228	106	TTACCGCTGCTTGTTCTACGATAGA
YOR254C.S1_st	12	127	TTTCAAGCACTAAGAGGACGTCACC
YOR254C.S1_st	82	280	ATTTTTAAGGTAATCCAGTCGGACG
YOR255W.S1_st	44	256	CCAACGGTTCTTAGTGGTTCCCATA
YOR255W.S1_st	132	242	CTGCTGGTAAGGGACTCTCAATTTC
YOR256C.S1_st	4	129	CCTTAACTAACTACTGGGCGATGAA
YOR256C.S1_st	244	254	AGGCCGCCCAGATGGATTATCTAGT
YOR257W.S1_st	67	244	TTTCATCGTTACTTCCGGGACCCTA
YOR257W.S1_st	254	132	ATAAACTACTGCTGGTATGACCCTT
YOR258W.S1_st	94	106	CTACTACTGTTTCTGGGGACGACCC
YOR258W.S1_st	227	97	CTAAGATGGTGCTTGATACGTCGAC
YOR259C.S1_st	16	227	TTAGGGTAACGGTTTACTCCGGCCG
YOR259C.S1_st	130	253	CTAGGACGAAACAACTCCGGGCCAT
YOR260W.S1_st	70	3	AGGACCTCAGGTAGAACCACTGCTT
YOR260W.S1_st	204	116	CTACGGTATCATCTAGGGTTTACGG
YOR261C.S1_st	19	122	GACCCTTGTGGACTACTACTGCTTT
YOR261C.S1_st	110	115	TCTGCATGCACTAGTTCGTCGTCCA
YOR262W.S1_st	10	129	GGTCCTAGACCTAATAAACCTCGGT
YOR262W.S1_st	162	116	TTACCGATGTATAAGCCGCGTAGGC
YOR264W.S1_st	194	120	ACGGGACTGCTGTGTCTCTGAAACA
YOR264W.S1_st	294	111	TTCCGATAACGTGACGACGCCTCTG
YOR265W.S1_st	115	4	TGGTCCCATGGCTTCTACAGTCACT
YOR265W.S1_st	150	5	CTACAGTCACTACGTTCTAGGCGAT
YOR266W.S1_st	89	123	GAGGACCACCTATGTTCTTCGAAAG
YOR266W.S1_st	158	311	ATTGATGCCAGACCCAGGGAATCTC
YOR267C.S1_st	101	248	TTTCAATAATCTCGCGGACCGGTAG
YOR267C.S1_st	272	119	CTATGATTGCAGTTGTGACGACGGT
YOR268C.S1_st	67	116	ATAGAGCGTCATCGCACACGGACCA
YOR268C.S1_st	241	128	CTTAGTGTTTGTGTTCGGCCAAGAC
YOR269W.S1_st	13	256	CCTCTATGGAGATGGATGCAATTAC
YOR269W.S1_st	159	70	CTACGTTATAACACAGAGTCGCAGT
YOR270C.S1_st	80	240	AATTAAAGGCGCTACCTGCGGCTAC
YOR270C.S1_st	166	124	ATACTGCCAACGTGAAAAACGGTAC
YOR271C.S1_st	231	255	TTCCATTCAGAGAGCCACACGTTTG
YOR271C.S1_st	264	315	ATGTTGCGCCACAGGAGTTTCCATT
YOR272W.S1_st	161	127	TTCACCCATAATAGTCGCGACCAGT
YOR272W.S1_st	229	126	TGAACAATCGTACACCCAGGTCGCG
YOR273C.S1_st	184	315	CCTTTGTCTGGGAAGCTGATCTCTT
YOR273C.S1_st	227	121	CACTTTCCGATAGAGACGCGTCCTG
YOR274W.S1_st	303	127	CCGATTGGCCCTTTTGACTACTGTT
YOR274W.S1_st	316	33	ACCCTGTGCTTACGTAGAGTTTCTC
YOR275C.S1_st	72	315	CTTTCTTTTAAATTCACGGCCGTGT
YOR275C.S1_st	86	298	CATTCTTCTTATTGGGGCCGTCTTC
YOR276W.S1_st	126	3	GGCTAAGTCTACCAACCACGTGTAA
YOR276W.S1_st	216	120	CTATGGTCTCTATAACAACGCCTGT
YOR278W.S1_st	155	243	TCATGCCTATAATTCCGTACGGGTG
YOR278W.S1_st	289	240	GTAGATGCCCAACGCAGGTAGCCTG
YOR279C.S1_st	56	130	CACTCTTGTGAGGATGTTGATGACC
YOR279C.S1_st	302	130	CTGGTTTGGCAGTAAGTTCTCGTAT
YOR280C.S1_st	11	129	CTGTAACAACCAAGTAGGACCTCGG
YOR280C.S1_st	66	4	CGTAACATGCTCAGTACCGGGCTAT
YOR281C.S1_st	25	4	CTATTGCGATGATCTTGACCCACCA
YOR281C.S1_st	56	117	GTCTGACTATTACTTGGCTCTGCTA
YOR283W.S1_st	69	248	TTCTATGGAGCTAGTTAGGATGCCC
YOR283W.S1_st	104	130	CTAATGCAGTTCCTGAGGTTCGTCA
YOR284W.S1_st	135	246	TTACATTCTCCAGGTGAGTGGTCGG
YOR284W.S1_st	200	113	ACGGCATATAGTTACGGAGTTACCC
YOR285W.S1_st	111	164	AATAACACGAAGACCGTTTGCGCCC
YOR285W.S1_st	272	122	TAACCGTAGGGTTTTGGACTGTCAC
YOR286W.S1_st	73	253	ATAAGGCCACTTATCACGGGGACCG
YOR286W.S1_st	135	123	TCTAGCGGATGTAACCAGGACTCTT
YOR287C.S1_st	5	243	TATAGGGACCCGACCTTTATGGCTC
YOR287C.S1_st	10	4	CCATGGTGCTCAGGCTTTATAGGGA
YOR288C.S1_st	245	116	CTTCCAGTAAGGACTTGTCGCTGTC
YOR288C.S1_st	275	119	CACATGAGTCCACGTTCTTGAGAGC
YOR289W.S1_st	188	135	AACCCTTGAGCCTTTCGTGCCATAA
YOR289W.S1_st	266	126	TTTTGTCCGTGGTGTACATCGCGTT
YOR290C.S1_st	218	128	TTACCCGAACTAATACAGGCGTGCG
YOR290C.S1_st	276	111	CGACGCCGTTGCTCAGGATAACTAT
YOR291W.S1_st	285	311	ATATCAAAACAGACACCCAGGTGGT
YOR291W.S1_st	306	122	ACCCAGGTGGTATATCTCTCGGCTA
YOR292C.S1_st	158	146	TCCGGTAATCGATGAAAGTTTTGCC
YOR292C.S1_st	304	123	CGGATCTCTAAAGGTTCGTGGAAAA
YOR293C-A.S1_st	108	123	ACTTATAATATCAGCACGCGGCGGT
YOR293C-A.S1_st	184	136	CACGCGGCGGTAAACGTAACATTTT
YOR293W.S1_st	61	315	CTTTGGGTTGAGTTTCTGGTGTTTC
YOR293W.S1_st	288	130	CTTCTGTCTTTGTTCTAGGTGGTTA
YOR293W.S1_x_st	115	250	CTTGTGTAACAAGGTCCATGGATGT
YOR293W.S1_x_st	152	249	TTCCTAAAGTTGGTTCGGTTCGTGC
YOR294W.S1_st	14	315	TTGTTGCCTCAGACATCCACCGTGG
YOR294W.S1_st	138	255	CTCCGTAGGCCACTTACCCAAGGTT
YOR295W.S1_st	21	253	CTTTCCGGCGCGAAGCTTTCTAGAG
YOR295W.S1_st	303	111	CGATGAAACCGCTAACTCGAGTGGT
YOR296W.S1_st	3	292	ATCTCGCCAGTGAGGATGTCCTTTT
YOR296W.S1_st	187	255	CCAGCAGGAAACTGAGTTCGCCTTT
YOR297C.S1_st	30	313	CAACAGGGACATGCCATAGATGCTT
YOR297C.S1_st	81	3	TCTCCGTAGGAGAAGTCACGTCTAC
YOR298C-A.S1_st	124	251	CTTCATGCCTAGTTGGTTATGCTCC
YOR298C-A.S1_st	265	129	CGTTCTCGACCACCAAGACCGGGTT
YOR298W.S1_st	37	119	CTGCGGCGGGTACTAGCATCTATTA
YOR298W.S1_st	97	312	TCGGGTTCCACCATGCTTAGTTAGG
YOR299W.S1_st	122	120	CTCTAAAAGTAGTTCCACGCGCTCC
YOR299W.S1_st	263	118	CTTCTATACGACGACCTTGGTGGCA
YOR301W.S1_st	43	128	TTTTCGTTAGCGAGAGCTCCGGTCT
YOR301W.S1_st	58	3	ATGCCAGCACGGTAAATGTGACCCT
YOR302W.S1_st	94	105	CTGATGTATAGACTGGTGTAGACCT
YOR302W.S1_st	166	253	CTGGTGTAGACCTTTTGATCGAGGG
YOR303W.S1_st	135	243	TCAACTAGGACTCTGGGATGGTTTC
YOR303W.S1_st	153	119	ACGGTACCTAAACTGATGGCCGGTC
YOR304C-A.S1_st	100	126	GTGATTTCCTACAAGTCTCCGTTTA
YOR304C-A.S1_st	112	312	TTGACCTTCGAAGCCTCCTTGGTGT
YOR304W.S1_st	13	243	TCGTGATCTCGAAGTTGCCAAGGTT
YOR304W.S1_st	287	95	CTGTTCTTGCCACGTACTCGATAGT
YOR305W.S1_st	159	150	TCTGACTGCCCGTGAAACTGAATTA
YOR305W.S1_st	276	114	CGGGTACTACCACCGCATCTGTATT
YOR306C.S1_st	76	247	TTTACAGACGCCGTATGGGCCCTCT
YOR306C.S1_st	262	128	CTTAAAGACGATTACTGCGGATGTG
YOR307C.S1_st	19	255	ATAGGCACCGTGAGAAAACCCTTTG
YOR307C.S1_st	177	127	CATCGGGAACATCGCTAAGTACCTT
YOR308C.S1_st	138	4	CTCGTATGCCCGTGACCGTGAATAT
YOR308C.S1_st	165	131	CACAAAAGTGGTGTCCTCTGCAGCT
YOR310C.S1_st	27	131	CTTTACTGACTTCGATCCCGGATGT
YOR310C.S1_st	163	257	AGGTTTCCAACAAGCACTCCGATTC
YOR311C.S1_st	214	123	CGATGCAGTTGTTTGGACCGCTCTA
YOR311C.S1_st	302	133	TGTCGGCGGCGTTGATAACCTTCTT
YOR312C.S1_s_st	81	241	TTTGGAATATGGTTCTGTACCGACG
YOR312C.S1_s_st	177	135	TCTCAACGACGGCAGCTTTGGAATA
YOR312C.S1_st	94	2	CCAGCAGCAAATGGTTGACTTAGGC
YOR312C.S1_st	285	312	GGTTCAGTAACCAGCAGCAAATGGT
YOR313C.S1_st	2	243	CCCGGAGACAGTGGCTATCTTCAAA
YOR313C.S1_st	158	189	CTTGCGCTTTAAACCCGGAGACAGT
YOR315W.S1_st	67	117	CTTAGAGTATCAGTCAAGCAGCGCT
YOR315W.S1_st	121	257	ATTTGTCTAGCTGGAAGTTCGGTTG
YOR316C-A.S1_st	153	244	AGCGGTCGAGGCCAGAATCTTTCCC
YOR316C-A.S1_st	162	117	CTTCCGTTATATTCGACTGCTAGGC
YOR316C.S1_st	51	120	CTCTGAGGGTTCCACTAGTAGATGT
YOR316C.S1_st	233	311	CCTTGTTAAATGACTGGACCGGTTT
YOR317W.S1_st	124	239	GAAACTGCCGCTTACCTGAGGTGTT
YOR317W.S1_st	193	115	CTTGCCACTTATATAGCGTGAGCTC
YOR319W.S1_st	16	250	CAAGATGTTCGAATGGTTCCGATGC
YOR319W.S1_st	43	316	ACCATTCGAGTATTCCCTTGGGCTT
YOR320C.S1_st	11	2	ACTGGAAACCTTGAGCCACATGCGA
YOR320C.S1_st	141	227	ATGCGAAGAATGTATGTCAGGTCCC
YOR321W.S1_st	7	249	CGTTACCGGTTGGAACTTGCAGCCC
YOR321W.S1_st	246	131	ATAGGCTAGGTCAGCTTGCACTGCA
YOR322C.S1_st	43	5	CGGTGGTACAATGCTCGAGAGATAT
YOR322C.S1_st	96	7	CACAACTGTGGTGTATCGTGTTCTC
YOR323C.S1_st	15	130	CTTCCGCCTCACTGATAGGTGCGAT
YOR323C.S1_st	45	125	ACTGCCGGTCCAACGATCACTGATG
YOR324C.S1_st	49	248	CTAGAAGATAGTCCTCTCAATTGGG
YOR324C.S1_st	234	292	AATCTGCTTTACTGGTGGAACGCTT
YOR326W.S1_st	192	221	ATCTTCGGATATATGGTCGCACCAA
YOR326W.S1_st	251	118	CTTCACAAGGTACGACATCAGTGTT
YOR327C.S1_st	181	113	ATGCTAGGTATACACGGAGGTCTCC
YOR327C.S1_st	256	134	ACTTTCCGATTGTAGGTAACTCCTG
YOR328W.S1_st	101	251	CTTGGAATATACGTTAGGTGGCCCT
YOR328W.S1_st	244	122	AGACGATAGCCATCCTGACCGGTTA
YOR329C.S1_st	63	3	TCGTCTTATTAAACCACGGCTGGGT
YOR329C.S1_st	129	4	CGATCCCGTCGTTCAAGTAGTTGTC
YOR330C.S1_st	4	242	AACGGCCGTTCCTTCAGTTCGTGAT
YOR330C.S1_st	51	7	CTTGCCGTAGTAGTAGCGGTTATTC
YOR332W.S1_st	8	250	CCTTAACGGTTGTTGGCCCTGCTCA
YOR332W.S1_st	215	90	CGTTAGTAACTAGCACCTCCGTGAA
YOR334W.S1_st	108	250	CGTTTGAGGTCACACATAGGATTTT
YOR334W.S1_st	140	7	CGATGAAATACCGTCGTCGATGTGA
YOR335C.S1_st	71	122	CTGGGACTTCCAGCACAACGAGTGC
YOR335C.S1_st	300	255	CCAAGACGCGAACGGTTTTTCCACA
YOR336W.S1_st	188	121	AGAGGACCGCTACTTCTGCATGGAC
YOR336W.S1_st	293	137	ATTTATTCAAGCGTAGGAGAGGACC
YOR337W.S1_st	31	129	TCTTGCTACTGCATAGGTGTCTGGG
YOR337W.S1_st	63	253	CCACCCGTGTGGAGTTTTTGAGACT
YOR338W.S1_st	3	251	CCGCATCACTTATTACAGGGGTTCA
YOR338W.S1_st	169	257	CTTTTCAACGGCCTAATGAGTGGAG
YOR339C.S1_st	38	122	ACTCAGGTTACACCGTAGGTTTGCA
YOR339C.S1_st	210	113	TTATTGTCTAGAGGCGACTTGCGAC
YOR340C.S1_st	44	253	CTTTGTCTAGAAACCCGGTGACCCA
YOR340C.S1_st	79	254	CATGTAATTATTCACTGCGGCTGCT
YOR341W.S1_st	190	257	AATCGTTTCCAAGGTTTACGCCGAA
YOR341W.S1_st	252	130	CTCGCACTTGTTAACCTGTCAGGAA
YOR342C.S1_st	119	124	AGTTTATGAGATAGCGAGTTCCGCC
YOR342C.S1_st	143	257	CGGATCCAAGCGTTTTCCCAGCGTT
YOR344C.S1_st	5	242	ATAGGGTACCCATCGTTCACTTGTT
YOR344C.S1_st	159	60	CTGACGTCGTCTAATAGGGTACCCA
YOR346W.S1_st	76	246	TTGAAATCCACTACCTCCCGGCGTA
YOR346W.S1_st	293	130	CTAGTAAGTCCGAAGGTTTGCACCC
YOR347C.S1_st	47	254	CCTTGTGCCGTTCCGATGACAGCTT
YOR347C.S1_st	115	5	ACGTCGATGGCGTCGTTAGAACCTC
YOR348C.S1_st	44	108	CTCTAGTGACAACTGGTACCGCGTT
YOR348C.S1_st	143	255	ATAAAAGATGTTACCGGAGATGCTG
YOR349W.S1_st	125	239	AATCCACAGTGGTCCGTTGAGGTTC
YOR349W.S1_st	311	127	TTCGAGATGTTCACCGGACGGTCTT
YOR350C.S1_st	146	256	ACTATTCAAAAGCACCTCCAACGGT
YOR350C.S1_st	269	116	GTCTATTGTCTACTGCAGCCGCTTA
YOR351C.S1_st	8	242	ATGACAGCATCCGTGAGGCCTTATG
YOR351C.S1_st	194	255	ACACGTTATTGCTTCCGGGATTTGA
YOR352W.S1_st	43	2	TGCTCCCTAAAAATCTGGTACGGTT
YOR352W.S1_st	219	133	TCTCTGTAACGGGTCTAAGGGCTTT
YOR353C.S1_st	133	314	TTTAAAACTGCCTGAGCGATCGTGG
YOR353C.S1_st	159	159	ACTCTGGATTGGATCGGTTGAACCG
YOR354C.S1_st	233	224	ATTATTCGGACTGCCGTGTCACCGG
YOR354C.S1_st	311	122	ATAGTCCCACAGCTTGAACCGGCAA
YOR355W.S1_st	148	255	CTCTTAGTTTGGGTTCAAGGGTTCT
YOR355W.S1_st	151	245	TTTATGAATACAATGACGGCGACGG
YOR356W.S1_st	165	127	CGGGTCGTCCACAGATGCTTAAGCA
YOR356W.S1_st	244	121	ACAACTTAGCTCCAAGACGGGTCGT
YOR357C.S1_st	32	3	TGGACCTACGTTAGCCATCGGCCCG
YOR357C.S1_st	197	126	TGTACCTCTCGGATCAATGTCGCTT
YOR358W.S1_st	147	255	ATTAGATGGCGGTTCACCAGCTCCT
YOR358W.S1_st	223	132	CCGCCCGGTACTGGTTCGATTAGAT
YOR359W.S1_st	81	1	CGCCTTGGGGCACCTAGCTTAACTA
YOR359W.S1_st	176	254	CTCAAACTGTCTGGGGTTCGATGAT
YOR360C.S1_st	118	234	ATAAAGGCTCCGATAAGACCGGTGT
YOR360C.S1_st	183	114	TATAGTCGTGCAACCCGTATGGAGT
YOR361C.S1_st	30	4	TCGACTGTGGCGGTACTCTCTAAAC
YOR361C.S1_st	180	138	ATCACCCAGGTTTGTACGCATCTAG
YOR362C.S1_st	133	243	TTACCAGACGTGTTCAAGCAATTCC
YOR362C.S1_st	172	313	TTTGCGATGGTGACTGGTTCTCCCA
YOR363C.S1_st	167	254	AAGCTCACTTTCATTGGCACGGCGA
YOR363C.S1_st	301	248	TTTTGTAGCCACAACGACTGGGTGT
YOR365C.S1_st	85	255	CACCCAAGAGATGTTCGCGTGCCTT
YOR365C.S1_st	178	313	TACTACGCCAAATGCTTAGCCAGGG
YOR367W.S1_st	159	194	ACTTCAGTGATAGAGCAATGCGGTT
YOR367W.S1_st	230	118	CTTTCCACGTAGAGTCCGATGACTT
YOR368W.S1_st	113	2	ACGTCGATGGGTTCCTAATAGGGCC
YOR368W.S1_st	117	129	CTGGTCCATCATAAGCGGTTGACGT
YOR369C.S1_st	50	250	CTAGCTGGCACTTCCATTGCGGTCT
YOR369C.S1_st	72	313	ACTTCCAAACCGATTGCTGGGTCTT
YOR370C.S1_st	25	129	CTTCGATACCTTTACCGGGACGATT
YOR370C.S1_st	164	119	ACTTTATGTCCGATCGCCGCAACGA
YOR371C.S1_st	130	241	ATAACCGGCAGCGTCCATGATATCT
YOR371C.S1_st	230	136	ATGGCCCTGCTTTGAGAAGGACTTC
YOR372C.S1_st	158	139	TTTAAGGACTCGATGGGTTCTACCC
YOR372C.S1_st	177	126	TAAGGGAACAATCGAAGCTCTAGTC
YOR373W.S1_st	161	134	CCTCCGCGCGATAGGTTTAATGTTT
YOR373W.S1_st	229	128	TTAAGACCTCTAGTTGCCGCCGGAC
YOR374W.S1_st	10	316	CGCCCATGCCAGACCTATTTGTGAA
YOR374W.S1_st	243	130	CTTAGGTAGTTCCACCCGCTGGGTA
YOR375C.S1_st	15	253	CTTTGACCATAGTGGAGGCTTGTTC
YOR375C.S1_st	45	314	TTCGCTTCGACAAACCATGCCAGGT
YOR376W-A.S1_st	19	3	AGGGCGCTACGATTTTGTTTCAAAA
YOR376W-A.S1_st	26	257	AAACCCGCTGTCATAAAGTTCTGCT
YOR377W.S1_st	112	122	ATTACACGCTAGCACGGTAGCCCTT
YOR377W.S1_st	160	134	CCTCGGGCTACGGTTTATAAGATAT
YOR378W.S1_st	110	254	CTTGATATAACTAACGATGCCGGGG
YOR378W.S1_st	159	140	AAGGCCGGCGATGTTATTACGAATC
YOR380W.S1_st	35	7	CTATAGCCGTTGTGACGCGATAGTC
YOR380W.S1_st	160	133	ACCGCCGGCAAGTACTTAGTGGTTT
YOR381W-A.S1_st	40	316	CGTTTTCGCGAATAGAAATTCCTGG
YOR381W-A.S1_st	130	130	AGTCTTAAAATGTTCGTTTTCGCGA
YOR381W.S1_st	129	116	GTTCGGCCTCGACTACACAGATCTT
YOR381W.S1_st	238	253	CTATTGCAGAACGATGAATGCCCTC
YOR382W.S1_st	62	3	CTCGTTCACAGCCACGTAACCGGGA
YOR382W.S1_st	127	4	GCCGTCGTCGACACAGCTCACATTA
YOR383C.S1_st	43	250	TTAATAGATCAATGTGGCCACGACG
YOR383C.S1_st	236	118	CCACTTCTGAGAATGCGGTCGTCGT
YOR384W.S1_st	123	123	CGCTCATGATCGTCTTCCTGGAATA
YOR384W.S1_st	283	234	GTGAACAACGCCCAGTCTCCCGAAA
YOR385W.S1_st	20	130	CGCTCTAGATATAAGGTGAAACCTG
YOR385W.S1_st	127	311	AAGATAGGAAGATTTTGCGTCGGCC
YOR386W.S1_st	114	130	CCCTTACGGAATAGCTAACCTGTGA
YOR386W.S1_st	247	129	CATTATGTCCGTAAGGGTATCAGCT
YOR387C.S1_st	234	137	GTAGGTCAACTTCCGGCAAACAGGT
YOR387C.S1_st	253	132	AATAACATGGCGGTAGGTCAACTTC
YOR388C.S1_st	159	31	CCAAGAATACGGTGGTCTCGAATAC
YOR388C.S1_st	273	134	CCACGTATGAACCACTTATGGCGAT
YOR389W.S1_st	158	53	CTCGGACGTTCGTTGTTGTCACTAC
YOR389W.S1_st	315	133	ATTCCAAACTCGGACGTTCGTTGTT
YOR390W.S1_s_st	223	121	ACCACTATTGAGAGCCTAGGATACG
YOR390W.S1_s_st	254	129	CTAAAACGCCGTGAAACTCATGGTA
YOR394C-A.S1_st	97	6	GACTATACCGTATCCGTGTGCCTAC
YOR394C-A.S1_st	159	33	ATACCGTATCCGTGTGCCTACGATG
YOR394W.S1_s_st	192	118	CTATGAAGTTGATATACGGAAGCTC
YOR394W.S1_s_st	214	115	CTCTATGAAGTTGATATACGGAAGC
YPL001W.S1_st	36	250	TTCATAACCGTGATGGAACCTCGTT
YPL001W.S1_st	212	112	TTCGTAAACTGCTAGAAGCGCTGTC
YPL002C.S1_st	185	132	ACCTCCGCAGTAAAGAAAAGTTCTC
YPL002C.S1_st	316	135	ACGTCTCCGCAACATAACCCTAGGG
YPL003W.S1_st	81	123	CAGGTTAAGACCCTCGTTGGCCGTC
YPL003W.S1_st	171	255	ATAACGGCGGTTTTTCACTGAACAA
YPL004C.S1_st	87	254	CTCTATAGGGGCCAGTTCATCAGCT
YPL004C.S1_st	218	256	CTTAGCCGGAACCTTAGAACCTGGG
YPL005W.S1_st	224	136	CCCGTCAGGATGTCATATAGTTTCT
YPL005W.S1_st	290	128	CGTTGGACTAACGAAGGCTCCCACT
YPL006W.S1_st	74	5	TCTAGTAAATGTCACCAGGGGTCAC
YPL006W.S1_st	233	135	ACCACGAAACTACCGGGATGATCCA
YPL007C.S1_st	24	249	CTTCGCGGTTAAATGTTGCCGTGCA
YPL007C.S1_st	311	236	AATCTTTCGAAGTGCCGACTGGGAC
YPL008W.S1_st	111	119	CAACCTGCACGATATGCCGTACGTT
YPL008W.S1_st	284	116	TTACGCGTCGGACTTAAGTGCGATT
YPL009C.S1_st	119	250	CTTTATGCGGCTGGTCCTACTTTGA
YPL009C.S1_st	213	134	CTAACCGGGGTTCTTGTACTTTACT
YPL010W.S1_st	88	253	CCCAAAGCGTTTCTCGTTCAAAGTT
YPL010W.S1_st	282	135	CATTCTGAGTGTTCGTTCTAAGCCT
YPL011C.S1_st	135	257	CTTCCGGGATTGGTTTTCAGAGTTC
YPL011C.S1_st	264	128	CTATCCTACGGAAGCCGCTACTGGG
YPL012W.S1_st	58	118	GTTACGCATAGATCTCCGACACTTT
YPL012W.S1_st	308	132	CTACATCGACGGTGTTTCCCAAGTT
YPL013C.S1_st	55	228	ATTCCGCTCCCTACGATTTGGCTAG
YPL013C.S1_st	244	134	ACCCTCGTGTTGGATCGCTTTGTCA
YPL014W.S1_st	180	119	CTTACATTCGAGATGATGGTCGGAC
YPL014W.S1_st	183	135	CCGAGCAGGGTCATATAAAGTCTTA
YPL015C.S1_st	77	314	CTTTTCTATGAATGCCGGGTTCCAC
YPL015C.S1_st	158	65	CTTCGATGTCGCAGAGTTACCGGTA
YPL016W.S1_st	127	116	GGTAAACACACCAACTCGAGACTTC
YPL016W.S1_st	281	256	ACTTTTGACGGATTTGTTGCTGGGC
YPL017C.S1_st	196	306	ATCCTCTGCAATGTAACCCGGGGTA
YPL017C.S1_st	316	243	TTATCCGACATGTCCGAGGCTGCCT
YPL018W.S1_st	64	244	TAAGGGCCTGTACATGCGGTCCACT
YPL018W.S1_st	241	132	ACCGTTGTGCATTGAAGGTCTTCAC
YPL019C.S1_st	73	123	TCGTAAACCTACGTGGACACCCTGG
YPL019C.S1_st	309	136	CCTTTACTAGGTATGAGGCTGCTAT
YPL020C.S1_st	78	312	TTAAACTTGGTTAGGGTGACCCGCA
YPL020C.S1_st	132	126	CGTTGGTTTACCGATGCTGACACCT
YPL021W.S1_st	179	130	CTGTGGACCTGAAGAGTCACCTCTT
YPL021W.S1_st	280	122	ACGACAAGTCATCGGTCATAGGGCT
YPL022W.S1_st	5	249	CTGCACTCGTTGGACTGGGATCATT
YPL022W.S1_st	208	122	ATTATCGTGACGTTTCCCGGACTTC
YPL023C.S1_st	40	1	TTCGATCTGGTAATGCCCGCAGCCT
YPL023C.S1_st	226	313	CCCTTTACAATGAGCTGGTTCGGAT
YPL024W.S1_st	22	126	ACTATGACGGCCCTTGACACAAGTT
YPL024W.S1_st	128	314	TTTGTTGAACATTTACCGCCGAGGT
YPL026C.S1_st	107	119	CTATAGCTACTGCAATCACGAAGGT
YPL026C.S1_st	125	312	CTTCCCGGGAACAGAGTTCAAGGTT
YPL027W.S1_st	109	314	ACTTTCCAGAAAATGATTGCGCCGT
YPL027W.S1_st	290	311	CCTTCAAGGTAAATCCGGGACCATA
YPL028W.S1_st	311	134	CCATTCGGACTATGAGTTCAGTGCT
YPL028W.S1_st	312	117	TTAGTTGCTACCACGACGTCGGCAG
YPL029W.S1_st	93	314	TTTTTGACGCCAATGTACCGGATGT
YPL029W.S1_st	213	131	CTATAGGGTAAAAAGCTGTTCGACT
YPL030W.S1_st	75	6	TTTAGAGGCGTCCAGTTATGTCGTC
YPL030W.S1_st	89	131	ATTTCGTAAAAGGTTGCGTTCGTCA
YPL031C.S1_st	37	251	ATTGCAACACCATGGCACGAGGACT
YPL031C.S1_st	316	175	ATTACTCAGGGATACCGGGTCACAT
YPL032C.S1_st	20	120	CCGTTAAATCGAGGTCATGGTACTA
YPL032C.S1_st	305	253	CTCACTAAAACCGTCTGGTGGCTTG
YPL033C.S1_st	47	128	GTGCTACCTTATTGGAGTCTCGAAT
YPL033C.S1_st	236	313	CCATATTTGAGAAAGGTGCTACCTT
YPL034W.S1_st	247	130	CTATTTTCAGTGAGTGTGTTCGGAA
YPL034W.S1_st	251	97	CGTATGTCTCACCAAGTTACACGGA
YPL036W.S1_st	74	6	GAATACGAGGACTTGGACACTTTAC
YPL036W.S1_st	125	122	ATATAATACAGGTGCAGAGTTCGGA
YPL037C.S1_st	109	238	AAGACGGCCACGGTTGTTCCTACTG
YPL037C.S1_st	223	134	CCAGTACGTGAAGTTGTTCCAGCCA
YPL038W-A.S1_st	204	254	ACTAAAGAACTCATGTTTTCCGTTT
YPL038W-A.S1_st	316	247	TTTTCTTGTGAAAGTGTGTTCGTTC
YPL038W.S1_st	139	130	CTTTTCCATGTGAGTGAGCACGACG
YPL038W.S1_st	243	123	TCGCGTCAATATGGTCGTGGTCTTT
YPL039W.S1_st	3	221	ATAAGGGTCTATTGTCCGAACGGTG
YPL039W.S1_st	158	3	CGTCCGTTTACAATAGAGCTGCACT
YPL040C.S1_st	69	7	AGTCAAGACTGCTCGAAACGCTGTA
YPL040C.S1_st	196	257	GGCTACGCACCTTTTACCGGCAAAA
YPL041C.S1_st	244	137	ACCTGGCAACCTCGAGTACGAATTT
YPL041C.S1_st	271	314	CGGGCCGCCTAGTTGGGTTTAATCT
YPL042C.S1_st	114	119	CGATGTACCATAGTAAGGCGCCCTC
YPL042C.S1_st	314	294	ATTGGCATCTTAAGACCGGCGCCGT
YPL043W.S1_st	32	4	ACTGAATCCGTTTCCTTCTGCAGAA
YPL043W.S1_st	92	316	GTATTTTTGCGAAACTACCCGAATT
YPL045W.S1_st	117	247	TGATGTCAAACGAGTCAGCGCCTTT
YPL045W.S1_st	161	135	TCAGCGCCTTTAGTGGTTAACCAAT
YPL046C.S1_st	104	256	ATTAAACTTCATGTCGCCGCAATCG
YPL046C.S1_st	111	123	ATCTCGACGATGAACGCCGCCTGAT
YPL047W.S1_st	1	256	CCTGTAACATCGAGCCCTTTGGTGA
YPL047W.S1_st	215	91	AGGCGTTTGTCTGATCGTCGAGTAA
YPL048W.S1_st	86	256	AACCTAGGTTGATTGCTGCTGCTGT
YPL048W.S1_st	90	3	GAAAGCTACAGCGTGGTCTAACCCT
YPL049C.S1_st	6	126	ATACTAAGCGGAAACTCACCGTGGC
YPL049C.S1_st	27	130	CTAGTTCACGCTTACGGCCAGGATG
YPL050C.S1_st	43	6	GTCGTTACCGAAACCGCGCGTTACT
YPL050C.S1_st	67	126	TGTGAAGAACCCACGACACCGATCT
YPL051W.S1_st	158	221	CACCGCTGTTATGGGCAACTGTCAT
YPL051W.S1_st	159	62	ACTTCCACATGGGTAGAACTACGAC
YPL052W.S1_st	28	1	ATTGACCCAGCCACCCTTTGACTAA
YPL052W.S1_st	108	253	CTCTTCAGAACAACTTGAGCTGGCT
YPL053C.S1_st	109	3	GGTGTGTTAACCCAATAGCTACGAC
YPL053C.S1_st	252	122	ATCTTCACCAAGTACACCGCCTGTA
YPL054W.S1_st	37	253	CTCGTTCCGGTTTGATGCAATAGCT
YPL054W.S1_st	158	186	ATTCCATAGCATGTCCGGGACGTTA
YPL055C.S1_st	28	124	CTTAACGCCGAGGATTTATTGGTCA
YPL055C.S1_st	86	119	CTTCATTGTCGCTGCCGAGATCGTC
YPL056C.S1_st	261	79	AATAGTAACTGGGTGCGAACGACGC
YPL056C.S1_st	279	243	TGTGAAAACTTAAGCGCAGCGCAGC
YPL057C.S1_st	61	255	CTACCGCGTATGGATTCTTGCCCTG
YPL057C.S1_st	131	6	TCATGGTCACTATGACGGTCACGGT
YPL058C.S1_st	173	1	AAAAGGTTTGTCAAGGTCCACTGCT
YPL058C.S1_st	256	130	CTTTTACGGACGGAAGACCTCTTCT
YPL059W.S1_st	11	98	AATAATGTTCATACCGTGCGAGACC
YPL059W.S1_st	177	253	ACAAAATCTTCTGGGTCTCGATGCA
YPL060W.S1_st	59	243	TTACGAAAGCAACCCTCCGCGAGAT
YPL060W.S1_st	134	118	CGCTTTCGCGGTATAGACTGCACTT
YPL061W.S1_st	79	250	CTGTTCCGATTGAAGGTTCCACGAT
YPL061W.S1_st	158	12	CTTCAGATGGTACGTATGTGACTTC
YPL063W.S1_st	28	131	CCGTTACTGCCGTGATCCAGAGCCT
YPL063W.S1_st	82	123	AGTATTTAGACCACCGTTGACCCGT
YPL064C.S1_st	6	257	ACCCGCCGCTTTAACTTCGAAGGAG
YPL064C.S1_st	158	179	AGAAATCTCTCTAGAACCCGCCGCT
YPL065W.S1_st	159	219	ATTTATGCAGCGACTCCGGTGACCA
YPL065W.S1_st	289	116	CGTATTTAGCGCAGTGGTCCCTACT
YPL066W.S1_st	189	309	ATAATATGAGCGTTTTCCTGGGATC
YPL066W.S1_st	253	133	ACCAGTCATTCAGTTAACGGCGATT
YPL067C.S1_st	142	128	TCATGTAAGGGGTCTATTCCGGCAC
YPL067C.S1_st	302	102	ATGAGATATACGACACGCACGGTTG
YPL068C.S1_st	9	3	CTGAGAGCGGCCGAACTTTTTAAAG
YPL068C.S1_st	103	240	TTGTGTCGCAACGTTTGATGCCGCT
YPL069C.S1_st	121	247	TTTTCCGAAACGACTCCTGTAATGT
YPL069C.S1_st	148	254	CTTTCTAAAGGTTTACAGGTCGCTT
YPL070W.S1_st	30	253	CATTGGATCCACTGTAGCACTGAGG
YPL070W.S1_st	270	129	CTTCAAGCAGAGTTAATAGGTACCT
YPL071C.S1_st	211	306	ATAGATTCGACCACCTTCACCAAGG
YPL071C.S1_st	302	314	CACAAGGTGTTCATTTGCGCCGCTG
YPL072W.S1_st	7	243	CGGGACGCCATAGGAATAACCGTTT
YPL072W.S1_st	240	127	AAGGAAGTCTTCTCGTGGTCAACAG
YPL074W.S1_st	36	130	CGTCTCATGAACAGAATCCTCGTTG
YPL074W.S1_st	77	6	CACGATGACGTGTTAGCCTTCTGGC
YPL075W.S1_st	149	1	GACTCCGACGTTTAAGTTCACCATG
YPL075W.S1_st	156	113	CACTAGCACCGTATTTTGAGCCGTC
YPL076W.S1_st	204	255	AGAAAAACCGACTGGGATACCATGT
YPL076W.S1_st	308	254	CTCCGAAAGCTGGTGTTAGCTGCAT
YPL077C.S1_st	89	240	TTTAGGCAGCCTCTACTTCGATGTT
YPL077C.S1_st	251	253	CTTCATGCCGGATATTAGCTGTCTG
YPL078C.S1_st	219	1	CTATACTTCGAAGGAACGCAGTTAA
YPL078C.S1_st	251	121	CCGTTTCATAAACCGCGGTCGTATA
YPL079W.S1_st	193	137	GTTCCGGGTTCCACAACGACAGGTT
YPL079W.S1_st	205	125	TCGGTTCCGGGTTCCACAACGACAG
YPL081W.S1_st	117	7	ACGACTACTTCGACTACTCCGGCTA
YPL081W.S1_st	209	126	CGATCCAAATCGGTTCAGACAGGTG
YPL082C.S1_st	132	129	CTTATTACCGCTAAGGGTTCGTCGG
YPL082C.S1_st	254	314	GTTGCTCTGACCAAATTGACCGTTT
YPL083C.S1_st	66	254	CCTCTGTTTGAGGATGCAACTTCTA
YPL083C.S1_st	167	133	CTCCTCGCGCTTTAGAGTTTGACTT
YPL084W.S1_st	193	123	TCAACGTTTCGTCTGGCTCCTAAGT
YPL084W.S1_st	316	139	ATTCACGGCCGTCACTAAATGGAGT
YPL085W.S1_st	82	257	CCGCCGGGTTTCTGTTTCGGTGCAA
YPL085W.S1_st	253	255	AATAACTTTCAAGCCGTGGTGGTGG
YPL086C.S1_st	59	128	CTTGATCTGCCAGGTATGTACAGCT
YPL086C.S1_st	77	313	TCTTTTCTTAAGTGGAGGGTCTCCT
YPL087W.S1_st	22	256	ATGCAACAGCAGGTTTTCGGTCGTT
YPL087W.S1_st	276	127	GCCTCTTGTATAAACCGGGACGGTA
YPL088W.S1_st	29	255	CTACAACAACTTCGCCCGGTGCAAT
YPL088W.S1_st	74	313	ATTTCATGGAGCTCCTCGGGATGTT
YPL089C.S1_st	51	131	CTTTATGGCCCGACTGAGGTATGTA
YPL089C.S1_st	158	74	TCATGTATACTACGACGACGGTGGC
YPL091W.S1_st	151	118	GTAACAACCACTAAGGAGACGTCTT
YPL091W.S1_st	212	256	ATCTAATGCTCTTGCAGGGGTCGCA
YPL092W.S1_st	23	130	TTTGAGCCGAGATCTAAAATGCGCA
YPL092W.S1_st	292	113	TTTCTACGACGTACGACGGGCATTT
YPL093W.S1_st	78	4	GCACGACGAGCATTCTTGGCAATAC
YPL093W.S1_st	125	124	TCTTGTGTACAGGTGAAACCCGGTA
YPL094C.S1_st	79	257	AACTTCGGTTCGTTCCTGAAAGGCG
YPL094C.S1_st	92	253	CTTCTGGTCGAATTCAGTGCACTTT
YPL095C.S1_st	18	126	ATACGCTCTGACTGAACCCACCTGT
YPL095C.S1_st	26	313	TACCCTAAAGCATGTGTGAACCCTG
YPL096C-A.S1_st	241	126	CTCTGGTGCACTGGTTCCGAAAAAC
YPL096C-A.S1_st	279	111	ACACATAATGACGATACGGGACGCT
YPL096W.S1_st	31	251	CTTATCCACCCAAGTACAGCTGAGG
YPL096W.S1_st	87	6	GCTCGACGGGTCTCTAGTTTAGTTC
YPL097W.S1_st	103	5	CTACGACTACATGGGTTCAAGAACT
YPL097W.S1_st	229	134	AGGCCTAGCCTAAGTCTTCGCGAAA
YPL098C.S1_st	64	248	TTGTCGTCGGAAGCTTAACCCTGTT
YPL098C.S1_st	271	131	ACTTTCATCAGGTTACAGGGTAGGA
YPL099C.S1_st	113	248	TTCTCGACAAAGTTGCAGTGGCTTC
YPL099C.S1_st	201	118	CTATGACTTGACTATGCGCTAAACT
YPL100W.S1_st	59	256	CTCAACGAATCCCAAAGGTCTGCTT
YPL100W.S1_st	191	118	CTATTAAGATCGTTACCGGTGACCT
YPL101W.S1_st	51	126	TTCTAAGTTGTACCCGATCAGGTGT
YPL101W.S1_st	259	122	ACTTCCAAGTCGACGGAGCCTTGTC
YPL103C.S1_st	19	123	AGTCATAACGGGACTCACCGTGGTT
YPL103C.S1_st	158	215	ATTTCTGGCGACGATGACAGGTCTT
YPL104W.S1_st	91	246	TTTTCGAACGTATAGGCCTCATGCT
YPL104W.S1_st	181	221	AAACTATACCCTTGTGGCGGTGTGC
YPL105C.S1_st	82	2	ACTTGAGAAGCTTATGATCGTTACG
YPL105C.S1_st	313	225	ATTACTGGGGAACTCGACCTCACTT
YPL106C.S1_st	88	115	AATGGTCTTCTACGAGGTCTTCTAC
YPL106C.S1_st	132	314	GTGTGGAAACCGGATCTGCGATTTT
YPL107W.S1_st	154	244	TCCACAGGTTCACGGACGTTTTGGT
YPL107W.S1_st	251	254	CCCACTTGGTGGTTCTAGGTGTTCA
YPL108W.S1_st	50	127	CTGTCCACGAATCACCAAAGACGGT
YPL108W.S1_st	121	256	ATCTTGTTCCGGGACACGCCTGTTT
YPL109C.S1_st	118	253	ATGAAGATCTCCCATAACCTGCGGT
YPL109C.S1_st	124	307	TTCGCCCTTCGGTTTTCAGAGAACT
YPL110C.S1_st	46	257	TTTCCGGGGTGCCAACCACGTTCAC
YPL110C.S1_st	82	5	AGACGACGTCGTGGGTAAAATTTCC
YPL111W.S1_st	31	244	GCTCAGCGAGTTTACCCAAGGTCCG
YPL111W.S1_st	238	132	ACTTTCTAGACCCATAGCGGCGGAA
YPL112C.S1_st	241	123	TCCTGGTAACCGAGTTGGACGTTTC
YPL112C.S1_st	280	314	TTGCATACGGCAAGACAGGGACCCT
YPL113C.S1_st	54	255	CCAGGGCAGGTTTTCTCAGATGAAC
YPL113C.S1_st	265	122	AATTGCAACCCTCTCCGTGTACGTA
YPL115C.S1_st	47	123	TAACTTAGACCGGATCAAGGAGTGC
YPL115C.S1_st	153	257	TTCGCCCAGGTCATGTCAATAGTTT
YPL116W.S1_st	182	118	CTATGGTTCCAGTTCGTCGAGAGCA
YPL116W.S1_st	306	137	ATTTCCGATGACAGCTTGGTCGTAG
YPL117C.S1_st	77	257	ATCTCTGAAGTTTACCCAAAGTGGT
YPL117C.S1_st	193	257	AATTCCCGCGATAATGACGCCGCCA
YPL118W.S1_st	84	316	AAGTTTCCTGACATCATGGGCCATC
YPL118W.S1_st	315	245	TTCCCGTGCAGCTGGTAGTCACCCT
YPL119C-A.S1_st	215	126	CTTAACTGAGAAAGTGCGATGAACT
YPL119C-A.S1_st	316	164	ACCTTACCTATAAAACCTTCGGGAA
YPL119C.S1_st	75	124	TCTTGTCCGGCACGACCATTGTGTC
YPL119C.S1_st	302	110	CGATTGCATCGACTATAGGACCAGC
YPL120W.S1_st	57	7	CTAAGACGGACAGATGATACTACTC
YPL120W.S1_st	141	2	TTAACGTACCATCGTCAGGGTTGGA
YPL121C.S1_st	40	313	CTGTGATTATTGATAGCCCAGCCAT
YPL121C.S1_st	42	255	CCTGAACTTCTTCGGATGCTTGGTC
YPL122C.S1_st	84	1	ACCTGGGGTTGACATTCCTCGGAAA
YPL122C.S1_st	277	123	TAACTGGTTACCATAGTGACGGCTG
YPL123C.S1_st	68	2	CCAATACAGGGTTGAAAGTCCTCCT
YPL123C.S1_st	125	249	CCGCCACTGTGGATAGGTTCCTCTT
YPL124W.S1_st	250	130	CTTGCTTAGCATATACTGGTTCCGT
YPL124W.S1_st	308	255	ACCCAAAGGCTGGTTGTTCTGCATA
YPL125W.S1_st	44	314	ATTTGTTCGAAAATTGGCCTACCTA
YPL125W.S1_st	274	116	TTTTACGTGCGTACGGCCTTAGTTA
YPL126W.S1_st	90	246	TTGATTGACTAGAGCTACCGCATGG
YPL126W.S1_st	91	127	GTTAACGTATTTGACAGCAGATCCC
YPL127C.S1_st	16	305	TTTCCCTGGGCGACCACGACACTTT
YPL127C.S1_st	27	312	CTCAATCACGTTGGTTTCCCGGGGA
YPL128C.S1_st	7	88	TAGGTAACACCTACGGCGACAACGC
YPL128C.S1_st	64	8	AACGCCGGAGCTACTCGTTGTCGTC
YPL129W.S1_st	14	127	TCTGCCCGTCACGTAGATGGCACTT
YPL129W.S1_st	297	131	CTGTAAATGACTGGGTGGTAAATCT
YPL130W.S1_st	68	121	AACTGAGGATGTTGTCACCGAGAAC
YPL130W.S1_st	238	128	CTGAAACCTTGTCAACCGTTCGTGT
YPL131W.S1_st	158	86	CTTTCTCGACGAGCACAACGACGGT
YPL131W.S1_st	259	126	TTCTAGCGACGAAACCGACCAGTTG
YPL132W.S1_st	159	37	ACGTCGCCATGGTGAGATATCTCGG
YPL132W.S1_st	215	123	ATGAATATCGTATCGCGGACCACTT
YPL133C.S1_st	89	118	CTAGCACAAAAGTGGAGATACTCGT
YPL133C.S1_st	173	253	CTTGTGGCCGACTTCAACCAGTATT
YPL134C.S1_st	248	119	CTAAACGCGGTTTCCAGTACTCTGA
YPL134C.S1_st	312	113	GTATATGTCACCACGCAGGCGACCG
YPL135W.S1_st	71	314	TTTTGAAAACCTACACCGAGGCGGT
YPL135W.S1_st	187	135	CCTACTGGAACCTGCTACGCCGTTT
YPL137C.S1_st	173	127	TTAAGGTAGGCCACGACAGAATTCT
YPL137C.S1_st	299	111	CCTAGGCATCTTTGTAACGGACGTC
YPL138C.S1_st	10	124	ATGGCTTTACGCGTTCGACCTGCTA
YPL138C.S1_st	74	129	CGCTTATGGGACGAGACACCTTCTT
YPL139C.S1_st	81	109	ACCGTAAAATAGTGTGACTCCCGAC
YPL139C.S1_st	303	248	TTATAGACTGCTTAACCTCCGGCTT
YPL140C.S1_st	109	253	CTTGCAGTAAAATATACCGGGGTCT
YPL140C.S1_st	248	130	CTTATGTTCCGGTTGGTATGTCGCA
YPL141C.S1_st	180	125	TAGACTCCAGTTGTTCCGTTCGCAT
YPL141C.S1_st	210	137	ATTTCGTCGGGTTTCAGGTCTTGTA
YPL143W.S1_st	30	314	AATGAACCCATTCGCATAACGGATG
YPL143W.S1_st	280	245	TTCTAGCTTCCACAGCGATGAGGTG
YPL144W.S1_st	86	7	AGTAGCGACGGATCACTTCTAGGGA
YPL144W.S1_st	208	117	CTTCTAGGGAGATACGATCATCGTT
YPL145C.S1_st	124	311	TCTTCCGCGGGAACATGGACTTTTC
YPL145C.S1_st	251	255	CCTCCTCGTTGTGGGTGACCTTTCA
YPL146C.S1_st	77	4	GTTCTCACGGGCAATCCTTTCCATC
YPL146C.S1_st	297	313	ATTCCAGCTTTGTTCTCACGGGCAA
YPL147W.S1_st	64	127	CGTTAATGTCCGTCAACCATGGCTA
YPL147W.S1_st	274	134	CCATGGCTACTTCGTTAGTGCAGCT
YPL148C.S1_st	177	313	ATCTCTTTATAAGGGGTAAGCTGGG
YPL148C.S1_st	274	119	CATAGGTTTCATAGTTGTCGAGAGC
YPL149W.S1_st	165	137	TTCCGCCGCTATTTCGAAGGAGACT
YPL149W.S1_st	208	121	CTATTCAAGTAGTTCTGGCGCTGTA
YPL150W.S1_st	32	128	TTGTCTTAGTAAACGGGTCGCACTT
YPL150W.S1_st	158	26	CTCATACGTTAAGTGTGACTGCCTC
YPL151C.S1_st	14	121	ATAAGCGACCGCCACTGTTACCACA
YPL151C.S1_st	164	129	GTAGCTGACTACGATGCCATTCCAA
YPL152W-A.S1_st	25	256	ATCAACGGCTATGGTGCCATCTATT
YPL152W-A.S1_st	83	245	GCAGGATATCAACGGCTATGGTGCC
YPL152W.S1_st	249	297	ATTATTCCAGTTCAGTAGGCGGAGG
YPL152W.S1_st	252	137	ATATTTCAATGGCTCGCGATAACGC
YPL153C.S1_st	177	116	TTCGTACATACTTAGAGGCCGTGTT
YPL153C.S1_st	293	254	CTATAAACCATAACGGTGTGGCCTT
YPL154C.S1_st	28	123	TAACCCGGTATGCTAATGTGCGAAC
YPL154C.S1_st	165	116	TTAACCTCTCGGTACCACGGCGGTA
YPL155C.S1_st	174	123	ACTCGATGACTCTGCGGTTAACCTT
YPL155C.S1_st	185	255	ATTTCTGTAATTTCGGTGGCCGTTA
YPL156C.S1_st	140	250	CTCCAACTTCAGCTGTAGGGTCTTG
YPL156C.S1_st	160	116	TATAGCTATGATCACGACGGAACCT
YPL157W.S1_st	61	251	CCCTAGGACCTTTTTCGATCAGAGA
YPL157W.S1_st	241	312	CTTTTTGCGGGTTTCGATGCCACAC
YPL158C.S1_st	142	121	ATACGAGTCCCATGTTTAACGAGCA
YPL158C.S1_st	309	122	GTTGTCCACACCAGTTCTCCAGTAA
YPL159C.S1_st	97	248	TTTTGTTCACTCTGCGAAGTCGCCT
YPL159C.S1_st	237	312	TTTTTCCGTCGCATGGTAGCAGTTG
YPL160W.S1_st	59	1	ATACCGCGGTTTTGGCCATTCCTAT
YPL160W.S1_st	67	250	CTTTAGCAGGCATTTGATAAGTCGC
YPL161C.S1_st	168	251	CTTGCAATTGCAGGACATAACGCTA
YPL161C.S1_st	303	137	GCTTTACGAATTGCGGTCTCCTTGT
YPL162C.S1_st	56	5	CCAGTCTAAGTACCGGTTTGAAAGT
YPL162C.S1_st	302	116	ACGGAAGCACTTTGTCGACGAATAT
YPL163C.S1_st	159	9	GTAGGCGGCTACTTGTCATGACATC
YPL163C.S1_st	162	118	CTTGTCTAAAGGTGCTCGCAGTGTC
YPL164C.S1_st	92	111	ATTAATCGTTCGAGAGCGCTACGGT
YPL164C.S1_st	209	256	CCTTGAAAACAACGTGCTCTGGAGT
YPL165C.S1_st	60	3	CGTCTAGACATAGCTAATAAGGCCC
YPL165C.S1_st	168	116	CCTAGGAGTCACGTATTGTATGGCT
YPL166W.S1_st	95	218	ATAATTTACATAGGCGTTCGGGTGA
YPL166W.S1_st	96	105	CTTCGCGATTACCTGTCTAACGTTA
YPL167C.S1_st	7	250	CGTTCCTGTTGACGAAGCCCTTTCT
YPL167C.S1_st	193	119	CTACGCATAGTGGTCTTCTCAAGAA
YPL168W.S1_st	77	255	CAATAATTACGTAGACCCAGGGGTG
YPL168W.S1_st	87	253	CCCAGGGGTGGTCTATCTCAAAACT
YPL169C.S1_st	179	132	CTGACCGTTCGGACTTGACCTTAGG
YPL169C.S1_st	279	136	ATTTAGGGCATGTTGAGCTCGACGA
YPL170W.S1_st	111	256	TTGTTCACTCCTAGGTTGGCCCGAG
YPL170W.S1_st	224	115	TTGAAACGTCCGGTACTACGCAGCG
YPL171C.S1_st	171	315	AGCTTTGATAGCCAGGACTTGCCCA
YPL171C.S1_st	257	257	ATGGCAAATCTTCTCCCGGACGGTA
YPL172C.S1_st	112	251	CTAAGGCCTGAATATTTACGGACCG
YPL172C.S1_st	128	246	TTTTACGGCCTATGCAATACTGACG
YPL173W.S1_st	135	217	ATCATCGTGGACTCTACGGGGATTG
YPL173W.S1_st	307	256	CCGGATTTGGTCTGGGTTAACTACA
YPL174C.S1_st	199	310	TTTGGCAAACTTCTTATACCTCGAG
YPL174C.S1_st	208	133	AAAGTCGACCAATCTGCTCGAAGGT
YPL175W.S1_st	230	122	TTTGCACACGTTGAGAATCCGAGAC
YPL175W.S1_st	256	136	ATCTCACCGATATGGGGTCCCTACT
YPL176C.S1_st	59	250	AATAGAAGCCCGGTTTTGAGACCCA
YPL176C.S1_st	237	255	ACTGCTTCAGAAAAACCCGTGTTGT
YPL177C.S1_st	112	250	CTGTTGCGCTTATTATGGGGTCACC
YPL177C.S1_st	180	314	TTTCTTCAGTTTTAGCCGCAGGCTA
YPL178W.S1_st	200	122	TAAACGTCTCGCACAGCCGCATGGT
YPL178W.S1_st	224	127	TTCCATGGACGACGCGTTCCGATCT
YPL179W.S1_st	65	245	CTGAATGACACCTCACTGGGTCTGG
YPL179W.S1_st	217	241	AAACTTGACAATTTCGGCGCACGTA
YPL180W.S1_st	58	130	CTACCCAAGGTCGTGCTGAAACGTG
YPL180W.S1_st	119	122	AATTGAGAGACGTCGGCTGATGCTC
YPL181W.S1_st	87	257	ACTTTCTTTCGGATGCTGGTAGCTT
YPL181W.S1_st	133	313	TTAGAAGATGCCCAAGCCGCGTTCT
YPL183C.S1_st	159	79	GTTCACTGAAATAGCGACGTCGTCG
YPL183C.S1_st	183	108	ACGTCGTCGAAGAAGCTGTTATTGC
YPL183W-A.S1_st	82	310	ACAAAAACGTGTACTTTGGCAGGGG
YPL183W-A.S1_st	121	3	GTATTGCTATTGTTCCCGGACGTGT
YPL184C.S1_st	158	43	ACGTTAACGATGTAGACGCCCGCCG
YPL184C.S1_st	217	132	CTACTTGCACAGAAGTGGCTTTCGT
YPL186C.S1_st	159	138	ATTTGGGCGGCTAGTTTTGCGATTC
YPL186C.S1_st	282	131	CTCAACATGATACTCCCGGGACTCT
YPL187W.S1_st	55	253	CTTTGCCGTGTTTAAGGCCGACTTC
YPL187W.S1_st	135	250	CGTAACCAACGTCAATTTTGGGCCG
YPL188W.S1_st	14	126	TATCTACCATGAGTCGAAGGCTGCT
YPL188W.S1_st	137	254	CCAGTCCCTAAATAACACAGCGGTT
YPL189C-A.S1_st	7	4	TAACGTAAGCGTAGTCACCGGTAGC
YPL189C-A.S1_st	161	68	TTCGAAGTCGAACGAGTACTCGTCC
YPL189W.S1_st	99	256	AGATACAAGGTAAACCGCCCAGGTT
YPL189W.S1_st	243	121	CCCTAAGACCTCTCGGACCGTATGT
YPL190C.S1_st	219	127	CATACCAGCAATAGTCCGACCAGGC
YPL190C.S1_st	233	118	CTTAGTCTCGATGCCAGCGATGGTC
YPL191C.S1_st	70	254	TGGCTGAGTCAACTGGCGGAAACCT
YPL191C.S1_st	287	253	CAAAAACTTGCTTAGTGGCTGAGTC
YPL192C.S1_st	109	7	CTGTTGCGACGTAACTAATGTGACT
YPL192C.S1_st	257	137	ATTCTTCCGACACAGCGGACCATCT
YPL193W.S1_st	69	3	CTCGGTTGGATCGTAAAAGTTTCTC
YPL193W.S1_st	263	130	CTTCTACTTGACTTCTCGGTTGGAT
YPL194W.S1_st	37	3	TGTGAGACACCGACCTTGAGCTTTG
YPL194W.S1_st	48	121	ACCGGACAGGTGCATTACTCTCGTT
YPL195W.S1_st	28	255	CCTAGCGTCCTTCTCCCGTTGGAAT
YPL195W.S1_st	159	239	TTAAAACCCGTTAGCTCATTGCGTC
YPL196W.S1_st	36	244	TTACGGGTGCTCCTATGTCAACATG
YPL196W.S1_st	126	241	TTGCCTTAGAAACCTCGAATGTCGT
YPL199C.S1_st	37	254	CATTCCGTGTTGACTTTTGGCGACT
YPL199C.S1_st	232	119	CCTGTCGGAGTTCCAGTTCGAGTCT
YPL200W.S1_st	90	315	CTTCCATTGTAGTTGCAACAGGTTG
YPL200W.S1_st	274	253	AACAGGTTGGTTAACCGCTGGACCT
YPL201C.S1_st	301	134	ACCCGATGAGTCTGTAATCCCGGTT
YPL201C.S1_st	307	117	CTCGTTGTAGAGATGCCTTGTCGCA
YPL202C.S1_st	111	253	CTTGAAAACTGTCTTGGATGTGGTC
YPL202C.S1_st	237	133	ACCTTTGTCTGCGAGGAATACCTCT
YPL203W.S1_st	107	249	GGCTGCAGCACCTAGATGATTCGTT
YPL203W.S1_st	191	257	AAATGTTTCGCCAAGGTCCCTGTAG
YPL204W.S1_st	70	253	CTTCGTTTCCCTGGAGGAGTAGCTT
YPL204W.S1_st	183	138	ACCGATGTTGGTCCCGATGAGTCAT
YPL206C.S1_st	85	312	TTTTTTCAAACAACGCGGGTCAGAC
YPL206C.S1_st	214	122	ATACGCTACCAGTATGGCACCGCTT
YPL207W.S1_st	29	256	GTAACTTCAATTTCCGCGGTGCAAA
YPL207W.S1_st	241	297	AATGTAATGCTGAACCGACGGCTTG
YPL208W.S1_st	297	119	AATGACCTGGTGGACGTTGACTACT
YPL208W.S1_st	301	114	TGTGCTAAACTCTCGGGCAAACGTC
YPL209C.S1_st	47	242	ACCGCAAACTTGATGACTGGCCACG
YPL209C.S1_st	289	131	CTATCTTACGCGGAACCTCTGCATT
YPL210C.S1_st	12	254	CTCTGTCCAGATGAATATCCGGTTT
YPL210C.S1_st	13	130	CTTAGCTTCCGAAATGAGTCTCTCT
YPL211W.S1_st	249	131	CAGTTCTTTGTACGTTGGGTGACCA
YPL211W.S1_st	258	315	ACAAAAGCTTTTTGAGCGGCCGATA
YPL212C.S1_st	254	134	CTATTTAGCCCTGGACGACACGTTT
YPL212C.S1_st	290	120	CTAAAGGTAGTTCTAAGTGCCGGTC
YPL213W.S1_st	119	248	TTACTCGAAAGGTTCCGTCCGCCTG
YPL213W.S1_st	176	128	CTCGCGGGTCCTGCAACTTCTTAGA
YPL214C.S1_st	59	3	GTCCTGACAACGACAAACGTGCCCA
YPL214C.S1_st	193	116	CTTCTACCGGGTTAAGGATAGTACC
YPL215W.S1_st	158	30	ACTACCATGTGAACGCTGTCGACAG
YPL215W.S1_st	274	128	GTCTGTCTCTCAAACGGTGTCCATT
YPL216W.S1_st	117	248	TTTCTGCATCGAGTGGAACCTCTTA
YPL216W.S1_st	314	136	AGTCCGATACCCTATTCAAGAGTTG
YPL217C.S1_st	3	122	ATTCTAGTACCATAGGACAGGCGCA
YPL217C.S1_st	94	249	CTTTCTTATGAAGCGGGTCTTACCA
YPL218W.S1_st	242	130	CCAAGTCTCTACACAACCGAAGGGA
YPL218W.S1_st	272	104	AGCTACGACGACTGGGACTTTCTAA
YPL219W.S1_st	87	312	TTTTTCTGACGACTGGTTTGACCTT
YPL219W.S1_st	224	130	CTTCGTGATAGATTCAAGGCACTCT
YPL221W.S1_st	160	126	TTGACCCGTCAAAGTTCGCGTCGCG
YPL221W.S1_st	169	254	ATTGTCGTTCAGTATGGGGCCACAG
YPL222W.S1_st	123	119	CTTTACCCTACAGTGAGACGCCGGT
YPL222W.S1_st	196	313	TCTTCCAGAAACTGCGATTGCCGCT
YPL223C.S1_st	27	249	GTTCCAGCATGTTCTCCACGAGTTT
YPL223C.S1_st	117	128	GTTAGGAGATTATAGCCGTCGCCAT
YPL224C.S1_st	19	127	TTTGCGGACCGTAGTAGCACAACTG
YPL224C.S1_st	307	131	CAGCGATTGTGTTGTCCGTTGATTA
YPL225W.S1_st	91	253	CTTTGGCGACTATTGAACCTTCTAT
YPL225W.S1_st	104	121	ACAACTCCTGTCTGCGAAGTCGGCT
YPL226W.S1_st	56	248	TTCTTCGACGTTCGGCTTGCAGCAG
YPL226W.S1_st	65	248	TTTCCCGAGACGTGTTCAACTGGTT
YPL227C.S1_st	36	5	CGGCTACGACTACCACGATCATTCA
YPL227C.S1_st	104	5	AGTAGAAGCCGTAGTCCAGATAGTT
YPL228W.S1_st	107	251	CATGGACTGTTGCTAGGCGGTCTTT
YPL228W.S1_st	302	122	ATAGGTGCGTTTCTGGTTCCAAAAA
YPL229W.S1_st	80	109	ATGAGAAATCGTCTAGCAGAGTCGT
YPL229W.S1_st	260	126	TACCTATCCGACTGGCGACTTGTTT
YPL230W.S1_st	51	254	CAGAAGGAGCTTCTTACCGCCGTTT
YPL230W.S1_st	138	127	TTCTAAGACGGCTGAAAGTTCGTGC
YPL231W.S1_st	154	251	CTCTTTCAGAGATTGCCACCGCAGC
YPL231W.S1_st	296	120	GGAATCCGCCACCACGACGTAACTT
YPL232W.S1_st	140	122	TTCTGACGAGAACGCCTTCAGGTCC
YPL232W.S1_st	290	308	ATCTTGTCCCACAGCCAGTATGGCT
YPL233W.S1_st	118	6	CGGGAAACTGGAACTGGACTTACTC
YPL233W.S1_st	278	132	CTCTTAGCCGCAAGAAGTTCGATCT
YPL234C.S1_st	141	1	AGCGGCCATATCCATGAAAGTTCGG
YPL234C.S1_st	159	248	CAGTCCATAACCATAGCGGCCATAT
YPL235W.S1_st	16	120	CTTCAACTTGACAGTAGGCTACGGA
YPL235W.S1_st	32	250	CCTTCTACTCAAACGGGGTTAGCAG
YPL236C.S1_st	170	136	TCATTAACCACTGGAGCCGAGGACG
YPL236C.S1_st	286	136	ACTTTGCCGCTACGAGGATCTTCTG
YPL237W.S1_st	180	255	AGCGTCTTAATCCATGCAGGCCAAG
YPL237W.S1_st	213	117	CTGTCGTCACATCTGCGCAAACTCT
YPL239W.S1_st	119	254	ATGACCTCTGCCAAAGAGCGCGTTT
YPL239W.S1_st	261	66	ACCGACGACGGTTGCCAGTATATCT
YPL240C.S1_st	36	257	CTGAAGGCCGAAGTCAAACCTGCTT
YPL240C.S1_st	210	256	ACTTTGACGAAACAACTGAAGGCCG
YPL241C.S1_st	6	130	CGTAAAAGTTGCGTTCGTGAGCCCT
YPL241C.S1_st	159	232	TTGCATGCCTCGAACGCTTACGCGG
YPL242C.S1_st	147	250	CTCGCCAGGATTTAAGGGTCTATAT
YPL242C.S1_st	288	198	AAGCCTTTACTTGGTGTCGAATCTA
YPL243W.S1_st	43	238	AATAAAGACTTATGCCCGACGGACT
YPL243W.S1_st	154	126	CGAGATATACACCTGCGAATGGCTT
YPL244C.S1_st	137	248	TTCTCACATGCAAAGGTCGTTACCC
YPL244C.S1_st	302	127	CTTAGTGAACCCTTCGTGAGTTGTT
YPL245W.S1_st	158	244	TTTCAAGCGACCCTAGCGATATGAG
YPL245W.S1_st	240	125	CGACATACTGCTATCCCGGCCAAAG
YPL246C.S1_st	291	255	CAAATTGTTCTAGTGAGGTGGTCCT
YPL246C.S1_st	296	114	CTTTGCGTACCCTGACACATGTGTC
YPL247C.S1_st	41	127	TTTGTTGTAACGTACCTCCGGGGTC
YPL247C.S1_st	239	135	AGACCTCGGTGACGCCCATGATATT
YPL249C-A.S1_st	280	246	GATGTTCTTCCCACGACGGAGGTTG
YPL249C-A.S1_st	310	131	CTAGCTAAACTAGTCTTTGAGGCCA
YPL249C.S1_st	102	121	CTCCGCGTCTTCGATCTTGTGCTGA
YPL249C.S1_st	208	136	CCTGCGCAGTGATGGTTTCCGTCTA
YPL250C.S1_st	52	123	ATGGGCTAACAGCTACTCAGTCTTA
YPL250C.S1_st	77	253	CTTAAATTGCCGTTGCGGCGGTCAC
YPL252C.S1_st	48	315	CTTTTAACAATGAGCCCGACCTGTG
YPL252C.S1_st	66	122	ACGGGACGGCCTTGGACTTCTACTA
YPL253C.S1_st	168	136	TTCGCTACCGTTGTTACTGGGGCAT
YPL253C.S1_st	210	123	TTCCTTAGTACGCTCTGGGGATAAC
YPL254W.S1_st	164	115	TTTACCGACGACTATTTGCGCTACG
YPL254W.S1_st	215	125	GTTATAACTGCTGAACGGCCTGAAG
YPL255W.S1_st	152	239	GGTGAAGATCCCTTGCCGACATAGT
YPL255W.S1_st	201	107	CTCGTCGCACTCGTTAAGGTGTCCT
YPL256C.S1_st	80	122	ATGGTTAAACCAGTCGTCGTCAGTT
YPL256C.S1_st	187	254	CTATTGTCGCAAAAGTCGGCCTTAT
YPL257W.S1_st	106	114	CTTCATACTGTTCGAGACGGCTCAA
YPL257W.S1_st	250	254	CCCAGTTGGAGGTTACATGAGCTTA
YPL258C.S1_st	36	119	ACCTGGCGGCGAGATCTTATACTTA
YPL258C.S1_st	41	6	GTACCACGGTGCTTCGATACGAACT
YPL259C.S1_st	67	256	TCTCTATAACTATGGCCAGGGCCTG
YPL259C.S1_st	68	315	CTTTAAGTGACATTCCGGTTCCGGG
YPL260W.S1_st	214	117	CTTAGTCCGTATCTGAGCTTGAGTT
YPL260W.S1_st	215	127	TTAACCGAAGTAACCTGTTGGACTC
YPL262W.S1_st	75	1	ATATTCTATGAATCCCAGGCCCGGT
YPL262W.S1_st	288	112	GTAACAGCTTACATCGCCACGAGAT
YPL263C.S1_st	139	5	TTTGTTCGCGTCTACCTCTAAGGTC
YPL263C.S1_st	149	128	GTCGTTGAACACATCACCCGCTGAG
YPL264C.S1_st	60	247	TTTTGCAACACCGATGACGGCTCGA
YPL264C.S1_st	95	131	ACCAATGATGACAACACCGTCGGGA
YPL265W.S1_st	69	247	TTTTAAACGAATACAGCGAGGACCG
YPL265W.S1_st	178	128	TTCGGACGGCACGAGTTCCCTAACT
YPL266W.S1_st	94	315	CTTCCTCTGGCTGAATCCGCTGTTT
YPL266W.S1_st	158	113	TTCCCAAGATACGTGCTACAGCAGT
YPL267W.S1_st	244	116	CTGTGTCTGATACGTGATTCCGCTT
YPL267W.S1_st	305	118	CTACTCTGATATGGTGACTGCAACG
YPL268W.S1_st	127	7	CTAACTTACTATGTAGCGGTTCGTC
YPL268W.S1_st	312	120	AAGTATGGCTACTGCTCGGCTGTTA
YPL269W.S1_st	14	2	GGTAAAAAACTAGGCCTCAGCGGTT
YPL269W.S1_st	96	313	TATCGTTTCCAAAAGGTCTGAGGCG
YPL270W.S1_st	80	130	CTTGTAGAGGACTTTCTGCGCCGTT
YPL270W.S1_st	195	98	CTGATAACAATCGTAGCGCGTGTCC
YPL271W.S1_st	67	122	AGACGGACCTCCTTTCGACCATATA
YPL271W.S1_st	183	116	CTTACACCGGCGAGTCCGATAGGCA
YPL272C.S1_st	45	245	TAACTACTGCTTGAAAGGCGGTTGC
YPL272C.S1_st	189	1	GAGAGCAATTCCTAAAGTCGCCATG
YPL273W.S1_st	159	14	ATGTCCGCTGATACCACGACTCGGT
YPL273W.S1_st	179	131	CTCTCTGCCGTGATGGTACCTTCTT
YPL274W.S1_st	7	3	CTCCTGCTCCAGAAGTGAACCGAAA
YPL274W.S1_st	275	312	CCACTTTATATGCATAGCCGGCGGG
YPL277C.S1_s_st	274	136	CCTTCAGCCTAAACTACGGTGCGTT
YPL277C.S1_s_st	284	314	ATCCATGGATCACTCGCCCTATTTG
YPL277C.S1_st	142	256	ATTATAGCTTCCTTCTTCCAACCGG
YPL277C.S1_st	168	1	GATGGCATTATAGCTTCCTTCTTCC
YPL278C.S1_s_st	99	251	CTTGGTCCAAGGGTGTTACTCCCTA
YPL278C.S1_s_st	103	248	TTCTTACAGCTTTGCCGAGCGAGGT
YPL279C.S1_st	91	206	GAAAAGGTGCCTATAAGGTTAACAC
YPL279C.S1_st	163	138	AGGTGCCTATAAGGTTAACACTTGA
YPR001W.S1_st	110	251	CTAGGGGCCAATACCCGTGCGTCAA
YPR001W.S1_st	147	2	CTTCACGCAACTCACTGGGCATAGA
YPR002W.S1_st	139	254	CTCTCGGGACTATTTCAGCTGGAAT
YPR002W.S1_st	159	30	CTTAAGGTACGCGTTTGACGACATC
YPR003C.S1_st	102	128	TTATCTAAGAAGTCGGCGGGTTCAC
YPR003C.S1_st	228	119	CTTGAGAGACCTACAACTCCCGTGT
YPR004C.S1_st	131	3	ATCCACGGTGTTCTCGAAGACAACT
YPR004C.S1_st	158	106	TTACAGCGACTGATACCCAACGTTC
YPR005C.S1_st	196	130	CTCTCTACGGGAAAGTTACCAGTTT
YPR005C.S1_st	277	298	AATTTTGCGGATAGGGATTCTCACC
YPR006C.S1_st	90	125	GGATCAAAGTTAACCTCGCGAGTGC
YPR006C.S1_st	252	94	CTATAGTACTGTGTGGTCGATACCA
YPR007C.S1_st	207	118	CTCTCAGCCCGGTAGACTTGTCTTA
YPR007C.S1_st	270	256	AACAGCCTTCTTGTTGCGCGAGGTT
YPR008W.S1_st	260	115	TTACGGCATCGTTCGTTAGAGCTGC
YPR008W.S1_st	278	136	ACTACCTGGGAAGTTTGGATCGACT
YPR009W.S1_st	8	118	CTTTGACGGACTGCACTACCCGTGT
YPR009W.S1_st	214	136	CCAACGGGTTGTCTCATGTGACTTA
YPR010C.S1_st	129	254	CCAAGATAAAACTGGTGCGTTGTCT
YPR010C.S1_st	223	113	CTGAGACTCGATAGGCGTTACCCAT
YPR011C.S1_st	209	112	CTATGTGCTCACAGACCCTACGCGA
YPR011C.S1_st	292	130	CTAAAGTTCAAGAGCGTTACCCGCC
YPR013C.S1_st	234	256	ACCTTTTTAAACAAGCTCCGGGAGT
YPR013C.S1_st	279	128	CTATCCGGTTTTAGTCAGGGTGGAC
YPR015C.S1_st	3	119	CGTTGACGCGCGACACCATTTCGAT
YPR015C.S1_st	132	4	GACGTAGTCTGTCTCCTAGGGCATA
YPR016C.S1_st	98	256	ATGTTCAAGGAAACCACCGACCATG
YPR016C.S1_st	158	206	ATGTCCAGACCTATGATGTCGGGGT
YPR017C.S1_st	86	5	CTCGTCCACGTGTCGCTTAAGTTCA
YPR017C.S1_st	122	126	TGTCTTGATACGCTCTACGATGGGG
YPR018W.S1_st	100	248	TTGTCACTAAACCTACCGGATGGGA
YPR018W.S1_st	157	126	CTGCCCGGTTAGCTAGGTAAGTTTC
YPR019W.S1_st	5	126	ATACTAAGCAAACCGACTCCGCGTG
YPR019W.S1_st	299	129	TTATTAGTGGCTCCGGCGATTCTGA
YPR020W.S1_st	36	254	CAGCCACGGCTCTAAAGTTTTGTCT
YPR020W.S1_st	113	296	ATATGATACCATTTCAGCCACGGCT
YPR021C.S1_st	34	256	TTTGTACCCTCGAAAATTGACGGCC
YPR021C.S1_st	281	121	AAAACATAGCTACTGCTGCGTCCGT
YPR022C.S1_st	144	243	CGATGACCCTAAATCCCGCGCTTAA
YPR022C.S1_st	185	120	CTAGGACACTAATGATCTGGGATAC
YPR023C.S1_st	111	6	CTCGACTAGAGCAGATGATGTTACC
YPR023C.S1_st	294	312	TTCTTAACCTTAGCGGTCCCAGGGT
YPR024W.S1_st	86	122	ACACCCAGACTGAACGTTTCGCGGT
YPR024W.S1_st	158	63	ACTCGATGTATCTGAACGCGTTCCA
YPR025C.S1_st	95	251	CTTCTAACATTTGGAGGCTCATGAC
YPR025C.S1_st	271	123	TAAAGGGTCGTCTCTTCCATCGGTC
YPR026W.S1_st	133	253	CTTCGTTCAGCGTTGGTCAGCAATT
YPR026W.S1_st	242	132	CCTATTGCACGGTCACTCGGGTTCA
YPR027C.S1_st	79	246	TTAACCCTGCCAAGACGACATCCGA
YPR027C.S1_st	158	68	CATCCGAAGTGACGAGTACCCTCTC
YPR028W.S1_st	197	116	TTTGACCACCGCGATCTTACTAGAT
YPR028W.S1_st	300	131	CATCGGGGTAACTGGCTGTCTATAT
YPR029C.S1_st	44	117	CTTACTGTAACGAGTCCACGGGTTT
YPR029C.S1_st	61	5	AGTTAGTTAGTAAGCAGCCGTCACC
YPR030W.S1_st	13	249	TTCGTGCGGGGAACTCCTGACTTCT
YPR030W.S1_st	117	239	TAGAAACTTGTCCTCTGGCGCCGGT
YPR031W.S1_st	27	316	CAAAACCTTTGAGATGGGCCACGTA
YPR031W.S1_st	158	94	CTAAAACGGTTACTAGTCGAGCTTC
YPR032W.S1_st	105	128	TTGCTGATACGATGGCGGTACCCTC
YPR032W.S1_st	214	119	CCGCACTTATCTGGACGTAGGTTTA
YPR033C.S1_st	45	129	AGTCTTAAGCAACCACAGCCGAGAT
YPR033C.S1_st	62	120	CCGGTTTAGACGTCTTCTGCGCAGT
YPR034W.S1_st	29	250	TTCCTCGACAGTTAGTCCAAGGGCG
YPR034W.S1_st	195	231	TCCGGCCGCGATCATATTTAAGTTA
YPR035W.S1_st	78	316	CCTTGCCACGGCCAACAGTGCGATT
YPR035W.S1_st	214	135	CCACAGCGGTTGTCTCCATCGAGTT
YPR036W-A.S1_st	6	6	CTACTGGACTTAGACCGATAACGGT
YPR036W-A.S1_st	200	121	AAAACCTACGGAGACGAAGTTCGGC
YPR036W.S1_st	70	251	CTTATGCAGCGGCTTAACCTGAGGT
YPR036W.S1_st	85	130	CTGCAAGAGCTGTTCTGACCGCCGT
YPR037C.S1_st	193	253	CCATTTGCGCACAGAGAGCTCTTCC
YPR037C.S1_st	260	119	CCCTACGGTGTAAGTGTTGTTCCAC
YPR040W.S1_st	298	131	CTGACCTGGATGTGATGCGCCATAT
YPR040W.S1_st	304	255	CCTATTGCTAGTTTTCGACGGGGAA
YPR041W.S1_st	47	117	CTTCGGTAATCTCGAGCACGGTTCC
YPR041W.S1_st	61	1	TAGGTTTTTCCAAGCATCCCGACGA
YPR042C.S1_st	102	6	TAGTAGCATTTGTCGTAGGAGTCCC
YPR042C.S1_st	224	255	TGTTCACCACATGAGGCCTTTAGTT
YPR043W.S1_st	216	111	GGCAGTTCTCTCCACGACGACCATA
YPR043W.S1_st	270	228	AACCTTTAGGTTGTTGTGCGATCTA
YPR045C.S1_st	7	254	CTACAATTGGCTTCTGATAGGCAGC
YPR045C.S1_st	15	197	CCTTTAGAACCTCCTGCTTGTACAG
YPR046W.S1_st	81	256	ATCTGACAACCTCTTTGGCCTGTTA
YPR046W.S1_st	309	131	CTAACGAAATGTCTATGTGAGGCCT
YPR047W.S1_st	22	253	CCTGGCGCGGGAGTACCCTTTATCT
YPR047W.S1_st	267	96	CGCTTACCGAGCTTGAGACGCCTAC
YPR048W.S1_st	36	313	TTGGATACTAAGAACAGCCTGGCCC
YPR048W.S1_st	311	136	CCATTTTACGGATAGGTTCAGTCTA
YPR049C.S1_st	12	312	TCCCGAGTCAAACCAAAGTCCAGTG
YPR049C.S1_st	231	130	CTTGTAAAGCATCGTCTATCGGGGA
YPR051W.S1_st	183	115	CTTACGATCGGCATCTCAGGTGTAT
YPR051W.S1_st	281	255	CCATAAAGAACTTGGTTACCGGGCT
YPR052C.S1_st	23	121	CTATAGTGTAAACCTGTTCAGCCGT
YPR052C.S1_st	187	312	CTTCCTGGGTTTACGGGGATTCTCC
YPR054W.S1_st	132	315	GTTTCAGAACCCATGAGGACTATTT
YPR054W.S1_st	296	119	ATATCCCGCGGACTCGACGAAGAAA
YPR055W.S1_st	145	130	CTTAATGGCGTAACAAGACAGCTTC
YPR055W.S1_st	246	119	CTTACGACAGGTATGACGTTTGCTT
YPR056W.S1_st	37	5	ATCGTCCACGGTACAGTCGACCCGA
YPR056W.S1_st	283	312	TCCGATGAACAAGAATGCACGCCCT
YPR057W.S1_st	28	257	ATGACCATGTATGTGGGCTTTCTCA
YPR057W.S1_st	158	121	ACTTACAACTCTATGGTCGGCGCCA
YPR058W.S1_st	111	312	GTTCCGGAACGATGCACCAAATTGT
YPR058W.S1_st	283	119	CCTAAGCGAACGTTTGTGTCTGACC
YPR060C.S1_st	45	121	CCTATAGGGCGATATGTGTTTCGAC
YPR060C.S1_st	240	116	CGACTTCGGTTCAAGGTTAGCCTAT
YPR061C.S1_st	125	6	GTCCTCAGAGACTCGTTCCGGCTTA
YPR061C.S1_st	228	255	CTTCCCTGACGCAACAATCGGTTTT
YPR062W.S1_st	254	253	CTAAAGTTTTCCCTAGGCGGTGTGA
YPR062W.S1_st	275	121	GTAACGGATACTCCTCCGCCGGAAT
YPR063C.S1_st	269	127	TTTATCGAGTTGGTAGCAGATCGCC
YPR063C.S1_st	288	117	CTTCTGTAGTAGCAACGGATATTCC
YPR065W.S1_st	71	243	TTGACGCTGTAGAAGAGGACCCTTT
YPR065W.S1_st	313	122	TCACCTGATGGAAACTGCGTACTAT
YPR066W.S1_st	181	255	ATGTCAAAGTTCAAGCTCGCCAATG
YPR066W.S1_st	195	117	CTTGGAGCAGCGAAGTAGTTACTCT
YPR067W.S1_st	224	254	CCTCGGCAACTAGTGTGGCTTTTCT
YPR067W.S1_st	284	132	CCTAGACCAGTGATTCCTCGGCAAC
YPR068C.S1_st	147	115	GCTCGCGTGTATAAGGATGAACCTC
YPR068C.S1_st	214	131	CTTTTCAATAGGAGCTCGCGTGTAT
YPR069C.S1_st	107	257	AACAAGATGGTTGGACCCGTCGGTT
YPR069C.S1_st	126	6	TCGGTGATGCACTTTAGAGACTACT
YPR070W.S1_st	70	179	ATTCGGATCATTTGGACTTAGCAGC
YPR070W.S1_st	99	7	CTAGTACCACATGACGTTCCGTGAT
YPR071W.S1_st	42	117	TTACTACTACATAACGGCGGCAATC
YPR071W.S1_st	56	6	TCTACGAGAGCGACGTTATGTTCTT
YPR072W.S1_st	177	115	TCTAAGAGATCTACGGCTAAGCGGT
YPR072W.S1_st	258	85	GTTGTTCCATCTAGCGACGACCATA
YPR073C.S1_st	128	6	CCGTGACACGTCTGGTAATAACTTC
YPR073C.S1_st	215	121	TGAAGACATCTAGTGGTTACCGCCT
YPR074C.S1_st	15	129	CTTCGACGATTCTGAAACCGGCGTT
YPR074C.S1_st	302	301	ATCACCGATGACCAAGGCTTCACAG
YPR075C.S1_st	21	124	TCAGCGTGACTCTCGGGCAAACTCC
YPR075C.S1_st	52	5	CCGCCTACTAGAAAGTGTGTACCGT
YPR078C.S1_st	35	313	ATTTGAGACAAAACACGGGCTTGGT
YPR078C.S1_st	315	161	CTTTCGTAATAATCGCCCGGAGGAA
YPR079W.S1_st	70	122	TGGAGTATCTCCTGCCCAGAGCGAC
YPR079W.S1_st	241	130	CCGTATTCTGATGCCAGTAGGGGTA
YPR081C.S1_st	143	249	CTCCTAGAGCGTCCGAAATGCATTT
YPR081C.S1_st	144	255	ATAGCTTATTGCTACCGAAGGGGCG
YPR082C.S1_st	195	119	ACAACGGAGTTAACGCATGCCCTAC
YPR082C.S1_st	195	131	CTTTGATATAAGTCTCCACGGTCCT
YPR083W.S1_st	90	256	CCACCAGGCCATAGCTTTAGAATAT
YPR083W.S1_st	293	126	AACCTTAGTGTTAGCGTTTGCGACT
YPR084W.S1_st	28	4	AGTACTTGAGCGTTCGGGTTACAAC
YPR084W.S1_st	96	5	CAAATGTCGGACTCTGTAGATACCT
YPR085C.S1_st	125	123	ATTTTACGGGTTCGAGTGACTCTCA
YPR085C.S1_st	263	126	TGTTGGACCAGCACTCACTATCGAG
YPR086W.S1_st	28	316	ACAGAAACCTATTGAATGGCCCGCA
YPR086W.S1_st	316	143	ACCCGAATGGCTACGTTCAGTGATG
YPR088C.S1_st	124	126	GTTTGTACGGCCCATACGGTTTGTA
YPR088C.S1_st	253	110	ACGGCTTATACGGACCATACGGTTT
YPR089W.S1_st	10	2	CTATAGAGCCTGATTGAGCCCATGG
YPR089W.S1_st	305	123	GGTCCGTCATAGGTTCTGCTACAAA
YPR091C.S1_st	9	248	ACTCTTAAAAGGTCAAGGTGGCAGC
YPR091C.S1_st	306	135	CCACTAGGGGTACACTTTCGAAGTT
YPR093C.S1_st	84	122	ATTCGGACATAACGGTTCTGACGCT
YPR093C.S1_st	155	125	TTGAACGATCGATGCTAAGGTCCTT
YPR094W.S1_st	221	122	AAGATAACAACCCTCACGACGGCGA
YPR094W.S1_st	221	133	CCTAGAATTTGGAACCGTCGTTATC
YPR095C.S1_st	177	123	ATTTGGCGTATTCTGTCGACCGACA
YPR095C.S1_st	251	119	CTTCACTGAGCGTTCGTCCGACTTT
YPR097W.S1_st	165	126	GTCGAGACCTAGAAAACCTGAACCT
YPR097W.S1_st	212	132	CTCTAGAGTTCAAAAGCGTGTCCTT
YPR098C.S1_st	39	124	TTACAAACGCCCTACGAACGCATGC
YPR098C.S1_st	188	256	AACAACGGGACCTGGGTATTTCAAT
YPR100W.S1_st	158	90	CATATACCAGCGGAGACGTACGACG
YPR100W.S1_st	226	117	CCTCGTAAGCACAAAGGTACGTCTT
YPR101W.S1_st	17	315	TTTTCTCTCGGACAAGTAGGGCTTT
YPR101W.S1_st	102	255	ACCTATGTGAAGATGGCGTTTGCCA
YPR102C.S1_st	172	136	CAGACGGTTTCGAGTTTTGGGATAC
YPR102C.S1_st	287	129	ACGGTTTCGAGTTTTGGGATACGCA
YPR103W.S1_st	35	126	TCCTTGCATATAGACAGCGTCGGCG
YPR103W.S1_st	298	122	AGCGTCGGCGTAGGTTCTAAAATTC
YPR104C.S1_st	27	128	GCCGCCGACGAAGAGTTTTACAACT
YPR104C.S1_st	231	119	CCTTCGCCGCTATTATCGTCGTGAT
YPR105C.S1_st	173	129	CTTGACTCGGAAAAGTAGCCGTTAT
YPR105C.S1_st	235	131	GCTAATAAGACGTCCAAGCTTGGTT
YPR106W.S1_st	123	117	CGTCGTACTCGGAATGTTGCTTGAA
YPR106W.S1_st	236	119	CAATCACAGCGTACCTAGGAGAGGT
YPR107C.S1_st	91	131	CTCTTCCGGGATTTAGTACAGGCTC
YPR107C.S1_st	141	253	ACAGAAGAAGTCGTTTTTGCCCATG
YPR108W-A.S1_st	275	118	CTCTTCAGCCGACGTTTAAAGGTAC
YPR108W-A.S1_st	285	248	GCAATCAAGTTAAGACTGTCCACCG
YPR108W.S1_st	97	126	CGTAGCCAGTGTCCAAATAAGTGAG
YPR108W.S1_st	173	118	CTGAAACAGCGACTTTAGATACCGT
YPR109W.S1_st	247	127	GTCTACTAGCCTCTTGCCGATGGTT
YPR109W.S1_st	274	203	ACTTGGGGACTCACCATCGCTCGGT
YPR110C.S1_st	111	111	CATCTTTCGCGACCACGGTACTGTG
YPR110C.S1_st	315	159	AATCGATTCGATTCCGGACCAGTTC
YPR111W.S1_st	153	311	TTCTTCCGGGGCATGACTCCTATCT
YPR111W.S1_st	308	127	CGTCCAATAAAGCTACTGAAGTGTT
YPR112C.S1_st	62	316	CCCTGCCATTAGCTGCCGGTATTCT
YPR112C.S1_st	149	126	CCACAGGTAAATGACCCGGCGTCTA
YPR113W.S1_st	158	181	CACGGCAAGACCTGTACCAATGGCT
YPR113W.S1_st	268	123	ATGACCTACGCGATCTGCCTTGGTA
YPR114W.S1_st	128	116	GATGGTACCACAGACACCGACGTTT
YPR114W.S1_st	274	254	ACAATGCTGAAAATGGTCCACGCGT
YPR115W.S1_st	294	117	AGTTTTGACGTCACCGAGAGCGTTT
YPR115W.S1_st	315	110	AGGCCGTTCGCGCATAAGTCTATCA
YPR116W.S1_st	13	254	CTTTCACCATGGTAGTTGACCGTTT
YPR116W.S1_st	108	114	ACCTTAAATGGACCTACGGCTGTTA
YPR117W.S1_st	51	257	ATTTCGGTAAAATGGGACAATGCTC
YPR117W.S1_st	218	129	ATTAAGTAAAATATCGAGGTGCGTG
YPR118W.S1_st	185	312	CACCTTCTTGCATTGGGACTCCTTA
YPR118W.S1_st	189	135	CGGTTAGTGACCTTTCCAGCCATAA
YPR119W.S1_st	76	5	GTAAAGCGTAGTCTCTGTCTGCCAC
YPR119W.S1_st	268	312	TTTCTTCTTGAACGCGGGCACACAG
YPR120C.S1_st	9	126	ATGCGAATATAGTGACTGCCGCGCC
YPR120C.S1_st	192	126	CTGCCGCGCCGAAGATTTTTGCTGT
YPR121W.S1_st	61	131	CTGGCGGCGGTACCTTATGCTTACT
YPR121W.S1_st	163	314	CTTTGATTAAAGACCTGGCGGCGGT
YPR122W.S1_st	111	315	CTTCAAAAGTTCGAGCCTTGGCAAC
YPR122W.S1_st	158	66	ATTACTAGTGTTCAGGTTACCGTCT
YPR124W.S1_st	51	247	TTACACCATCTGTAGGGCTTGGGTC
YPR124W.S1_st	130	119	CTCGCGCTGTAGGAACTCTTAAGGT
YPR125W.S1_st	69	2	CGTACTGTGGTTCGGATAGCCTCTT
YPR125W.S1_st	200	114	AACTTTTGTCGTACGCGGAGGTCTC
YPR127W.S1_st	109	257	TTCAAGGCCTTATGTCACCGCGGTT
YPR127W.S1_st	246	129	CAGTTTGCGACTATAGGGACTCCCA
YPR128C.S1_st	249	128	CGTTGGGAACTAACAGCGATTTCGT
YPR128C.S1_st	264	116	TTGTCAGGTAAGACGTCTCAGACGG
YPR129W.S1_st	68	244	TTCTAAAGTGAGATCTCCGGAGCCA
YPR129W.S1_st	130	242	AACTGTGGAAACCTGTTCGAAGACG
YPR131C.S1_st	270	131	CACTGTCATCGAGGTTCTAAGGCGG
YPR131C.S1_st	292	120	ATTGAGTCGACTTCTACCCATAGGT
YPR132W.S1_st	226	134	ACTTGAGGCGATCTTTCAACGCACA
YPR132W.S1_st	273	138	AACTTGAGGCGATCTTTCAACGCAC
YPR133C.S1_st	43	122	TCAGGTTCGCACAGCTTCGAGTTGA
YPR133C.S1_st	285	122	CGTCGAAATTTGCTAGATGGTCACT
YPR133W-A.S1_st	88	215	AGTTGTCCTTCAGAGGCTTCTCCTC
YPR133W-A.S1_st	302	309	CTCTTTTGGAACTTTGTCCGGCGAA
YPR134W.S1_st	269	128	CTTGTAAGATGTGGTAGTCAGCCCT
YPR134W.S1_st	271	138	ACTCCTTGGGTGAGATTGGTGCTAC
YPR135W.S1_st	50	247	TTTAACCTCGACTGTGGCTTCGCCT
YPR135W.S1_st	245	118	CTATCTCGTGAATGACGTCGGCAAT
YPR137W.S1_st	4	248	GTGCCTTTCTTAACGGGTACCATAA
YPR137W.S1_st	314	116	TGTGTCTGAGCCATCTACCTAACGT
YPR138C.S1_st	40	120	CTCAGTGACTCCTTCGGCTTCGTAA
YPR138C.S1_st	207	138	ATAATCGACTTGTGCCATAGCGGCC
YPR139C.S1_st	173	126	GTAGGAGCGGCCACCCAATCTATAT
YPR139C.S1_st	216	112	ATACCGGTGCTCCATCGTCTCGATA
YPR140W.S1_st	192	121	CTAATCGGCGACTTGACTCTCGGGT
YPR140W.S1_st	251	256	CTTCGCCAAGTTGTGGTGCCTTCCA
YPR141C.S1_st	227	127	TTTAATTCTAGGTGGCGATCGTGTC
YPR141C.S1_st	313	121	CCTCGTGTGAGCATACCGTGTGATT
YPR143W.S1_st	65	256	CCTAAATCAATTTCGACGGCGTCCT
YPR143W.S1_st	85	257	CCTTCCTGGGGTAGTACCGATCTTT
YPR144C.S1_st	134	127	TCTGTGGACTGGTTCACCGCTTGAA
YPR144C.S1_st	214	137	CTTCGCAGTAGGGTTCCATTGCAGA
YPR145W.S1_st	78	130	CTTCCGTAAGCTGTGGTGTCCTCTT
YPR145W.S1_st	257	255	AACAAGGGAGTTTTCTGGCACCGAC
YPR147C.S1_st	46	314	ATTGTTTGACCAACCGAGGCATGTT
YPR147C.S1_st	53	7	CTACCTGTAAGTGTGGAGACTCTAC
YPR148C.S1_st	62	315	CTTTGCGGAAGATGGCTCCTACTTT
YPR148C.S1_st	83	5	CCAGGTACTGGACGCGTTTTTTCAC
YPR149W.S1_st	159	135	CCGTACCGGTGATCAAAACAAGTGT
YPR149W.S1_st	296	314	CTAATGAGTTCCAAGGCCATGGTCT
YPR151C.S1_st	181	134	CCACTTGGGGTATTCCGTCGTTGTA
YPR151C.S1_st	308	122	TTTCTTCCTGAGTGTCGTCTGACCA
YPR152C.S1_st	17	4	CTAACGGATGCCCTAGTGCTTGCTC
YPR152C.S1_st	316	260	CTCCAGCCCGGTAGTTCGGCCAAAT
YPR153W.S1_st	114	1	CTATACATTGCGGTTTTAAGGGGAG
YPR153W.S1_st	141	122	AAGTTCCGAACTGCTGACCATGTCA
YPR154W.S1_st	70	4	CGTCCGCGATCATAACCCAGTCTAT
YPR154W.S1_st	270	123	TCGAACGGCCGTTTTACCCTAGGAC
YPR155C.S1_st	262	256	TAAGATTTGTTCCACGCCTGCGGCT
YPR155C.S1_st	264	235	CGCCTGCGGCTACTCCTTGTGAATT
YPR156C.S1_st	9	305	TTTCCAAACTCTGTATTCAATAGGT
YPR156C.S1_st	217	255	GTTTCCAAACTCTGTATTCAATAGG
YPR157W.S1_st	87	249	CTTAAAGACCTTACCACCGACGGGG
YPR157W.S1_st	143	75	ACGATTAATACGTAGGCGACCCGTC
YPR158W.S1_st	106	130	CGAATGTCTTACTATCGCGGCAATT
YPR158W.S1_st	110	117	ATCCCAAAGTTGTAGAGTGTTAGTC
YPR159C-A.S1_st	158	142	CTAAAATGGTGATTTGGTGAACGCG
YPR159C-A.S1_st	313	243	AATGGTGATTTGGTGAACGCGAACA
YPR159W.S1_st	177	122	ACGATTTCGGAATGTAGGACTACCA
YPR159W.S1_st	224	257	TTCTACGACCAATGTGCAAGGGATT
YPR160W.S1_st	6	249	CTGTCATAATTCATGGTGCCGCTAA
YPR160W.S1_st	71	245	TTTCTCACAGGACTCGCAACGTTTG
YPR161C.S1_st	129	117	GTCGTCGGGGACGTCCTCAATTATC
YPR161C.S1_st	264	254	CCCGGAGTCAGTTCTATGGTCCCAT
YPR162C.S1_st	159	146	TGGCACCGAGGATGATGTTTACACC
YPR162C.S1_st	258	314	AAAAATGGCTCTTTAGTCGGCAACC
YPR163C.S1_st	135	4	CTACGCCGTCAACTTTTCGATGTCC
YPR163C.S1_st	222	137	CCTCACGTCGGTCTCCAAGGTTGAA
YPR164W.S1_st	88	5	CGGCTCGGCGGTGATATCATATACT
YPR164W.S1_st	134	93	TGTCCGTCGGATGGTCTACTTATAC
YPR165W.S1_st	237	313	CTCTTTGCTGGGTGTTTGGTAACTT
YPR165W.S1_st	251	128	TCTAACCGCGTTGGCCTATGATGCT
YPR166C.S1_st	86	313	ATATTTTTGGTTCGATGGTGGTCCC
YPR166C.S1_st	306	110	GTGGTCCCAAATAGTTACGAGCGTA
YPR167C.S1_st	95	3	TTAAGTACTTCGGTCGGCTAAGCGC
YPR167C.S1_st	303	131	CTAGTTAACCTGCAAGCTCGTCCAA
YPR168W.S1_st	242	123	TCCCTTACTAGTGGTTGAACGTTTC
YPR168W.S1_st	313	127	CGTTCTTGACCGGTGATGAGTTCTG
YPR169W.S1_st	78	249	GCGAACAGCCCGAGAGTTTCCTTCT
YPR169W.S1_st	270	312	ACAATGGCAGACCTTTGGCTTATTC
YPR171W.S1_st	82	308	CTTATTGGACTTCTTTGCCGGTGGT
YPR171W.S1_st	238	313	CTTCTTTTGAAGGTTGTGCGCACAT
YPR172W.S1_st	84	315	CCTCTTGGGATTCCAGCGGGACAAC
YPR172W.S1_st	113	126	GTTTATACAAGTGCACCGGTGGACA
YPR173C.S1_st	109	71	CGAGAGGTCCACTACTACCGCGGTA
YPR173C.S1_st	180	120	CTGTGAGGTACGCATAACTGGTTCC
YPR174C.S1_st	172	254	CTCCCGAGTTGTTGTGCGCAAACCT
YPR174C.S1_st	254	135	ACTCCTAAGCCAAGGCGTGCGACTT
YPR175W.S1_st	1	126	CTGTTACCAAGAAACGCTGTGATGA
YPR175W.S1_st	241	253	CCTCATGCAAGGTAGGAGTTTCTTT
YPR176C.S1_st	41	131	CTGGGACGACATCTGAAACATGAGT
YPR176C.S1_st	60	6	ATACAGGATTACGACTTAGGGTACG
YPR178W.S1_st	158	76	CCACTACTGTGAGCGTCCTGTGAGT
YPR178W.S1_st	165	97	CTCTGAAACCCTACGCAGTTGTGTA
YPR179C.S1_st	158	203	ATCACCCTGTCAATAGCTTCTGCTA
YPR179C.S1_st	211	131	CTACCGGGTTCCACTTTGTAATAGT
YPR180W.S1_st	35	5	CGACATCGCGTCCTACAGTAATTGT
YPR180W.S1_st	175	118	TCTTGACGATATCCGGTGACTTGCT
YPR181C.S1_st	163	127	CCGCGCGCCTCCTAGATGTTAACAG
YPR181C.S1_st	266	129	CTTCGGCCACCAAGAGTTCGGTCTA
YPR182W.S1_st	158	192	TATCTCCATGCGAGCACAGGTGCCT
YPR182W.S1_st	306	134	ACCAGTTGGTAGCACATCCGCAGTT
YPR183W.S1_st	115	312	ACTCGCCCAAGAAGCCAGATGTTTT
YPR183W.S1_st	172	253	CCCTGTAGTTGAGCGTTCCAAAGTT
YPR184W.S1_st	131	236	TTTGGTCAGGTGCAACAGTCTTACG
YPR184W.S1_st	147	4	TCATACGTTACTGAGTTCGGGGTGC
YPR185W.S1_st	265	119	CTCTCATGAAGTATAGTGGTGCTGT
YPR185W.S1_st	289	110	GCTCTTACAGAGTTCCGCGGTTACG
YPR186C.S1_st	143	130	CTTTGCGTCAGTCGCCCACTGTTTA
YPR186C.S1_st	204	119	CCTTATCGTTTGTGAGCTTACTCGT
YPR187W.S1_st	18	131	CTACCACTTTGTTGGCTACGGTTGC
YPR187W.S1_st	102	243	GTAGCAATGACCACCATTACCGGGT
YPR188C.S1_st	152	250	GTTACTGTGGTCATGGCGCCTTCAA
YPR188C.S1_st	210	226	AAATGATGTTTAGTCGTTCGCTGGC
YPR189W.S1_st	33	3	CGGGAACCTTGCAATGACGTCACTT
YPR189W.S1_st	171	126	ATGACGTCACTTCCGCGATTTGCTT
YPR190C.S1_st	83	7	CAAGGTTCTTGTCGGCTATCTAGTC
YPR190C.S1_st	152	5	CTATCTAGTCGTAGTTCCCGTCAAA
YPR191W.S1_st	139	248	TTAAGTTGATACATCGGCAGCCACT
YPR191W.S1_st	265	132	CTATTTAAGTGACTGCCGCCGGATA
YPR192W.S1_st	230	257	ATGCAATGGCGACTTTTCCGACGGT
YPR192W.S1_st	292	220	AAGGACCTCTACAAGCCGTGGCGAT
YPR193C.S1_st	8	257	GCGCCCGCCGTTTGATTAGGTTAAA
YPR193C.S1_st	309	127	CTTCGACTATTTGACCCGTGTGGTT
YPR194C.S1_st	26	316	AAATAGCCGTCCGAAAAGTTGCCCG
YPR194C.S1_st	140	128	TTATGTCAAGGCATACGACCACGGC
YPR196W.S1_st	228	132	CTACGGAATCGATGGTTGTCACAAT
YPR196W.S1_st	271	111	CTCGGTATGAGAATGCCTATGTATC
YPR198W.S1_st	101	249	TTGCAATAATTCGAGGGTCCACGTC
YPR198W.S1_st	116	257	ACTGCAAAAAATGACGCGGAATCCT
YPR199C.S1_st	21	229	TTTCTTAACATGTCACGGCAGTGGC
YPR199C.S1_st	315	128	CGTCCCAAAGGTAGGTTCTGTCATA
YPR200C.S1_st	9	214	AAAGTATTGCAGATCCGTTGAGTTC
YPR200C.S1_st	234	130	CTATAAAGTAACATGACCCAGGTTC
YPR201W.S1_st	60	4	GTTATCGACGTTGTAAACCCGGCAA
YPR201W.S1_st	193	255	CCGTTATCAGCGCTCCTAGGAATTT
