row_index	cell	split
0	1_Glutamine	train
1	2_Glutamine	train
2	3_Glutamine	train
3	4_Glutamine	train
4	5_Glutamine	train
5	6_Glutamine	validation
6	7_Glutamine	train
7	8_Glutamine	train
8	9_Glutamine	train
9	10_Glutamine	train
10	11_Glutamine	train
11	12_Glutamine	train
12	13_Glutamine	train
13	14_Glutamine	train
14	15_Glutamine	train
15	16_Glutamine	train
16	17_Glutamine	train
17	18_Glutamine	train
18	19_Glutamine	train
19	20_Glutamine	train
20	21_Glutamine	train
21	22_Glutamine	train
22	23_Glutamine	train
23	24_Glutamine	train
24	25_Glutamine	train
25	26_Glutamine	train
26	27_Glutamine	train
27	28_Glutamine	train
28	29_Glutamine	train
29	30_Glutamine	train
30	31_Glutamine	train
31	32_Glutamine	train
32	33_Glutamine	train
33	34_Glutamine	train
34	35_Glutamine	train
35	36_Glutamine	train
36	37_Glutamine	train
37	38_Glutamine	train
38	39_Glutamine	train
39	40_Glutamine	train
40	41_Glutamine	train
41	42_Glutamine	train
42	43_Glutamine	train
43	44_Glutamine	train
44	45_Glutamine	train
45	46_Glutamine	train
46	47_Glutamine	train
47	48_Glutamine	train
48	49_Glutamine	train
49	50_Glutamine	train
50	51_Glutamine	train
51	52_Glutamine	train
52	53_Glutamine	train
53	54_Glutamine	train
54	55_Glutamine	train
55	56_Glutamine	train
56	57_Glutamine	train
57	58_Glutamine	train
58	59_Glutamine	train
59	60_Glutamine	train
60	61_Glutamine	train
61	62_Glutamine	train
62	63_Glutamine	train
63	64_Glutamine	train
64	65_Glutamine	train
65	66_Glutamine	train
66	67_Glutamine	train
67	68_Glutamine	train
68	69_Glutamine	train
69	70_Glutamine	train
70	71_Glutamine	train
71	72_Glutamine	train
72	73_Glutamine	validation
73	74_Glutamine	train
74	75_Glutamine	train
75	76_Glutamine	train
76	77_Glutamine	train
77	78_Glutamine	train
78	79_Glutamine	train
79	80_Glutamine	train
80	81_Glutamine	train
81	82_Glutamine	train
82	83_Glutamine	train
83	84_Glutamine	train
84	85_Glutamine	train
85	86_Glutamine	train
86	87_Glutamine	train
87	88_Glutamine	train
88	89_Glutamine	train
89	90_Glutamine	train
90	91_Glutamine	validation
91	92_Glutamine	train
92	93_Glutamine	train
93	94_Glutamine	train
94	95_Glutamine	train
95	96_Glutamine	train
96	97_Glutamine	train
97	98_Glutamine	train
98	99_Glutamine	train
99	100_Glutamine	train
100	101_Glutamine	train
101	102_Glutamine	train
102	103_Glutamine	train
103	104_Glutamine	train
104	105_Glutamine	train
105	106_Glutamine	validation
106	107_Glutamine	train
107	108_Glutamine	train
108	109_Glutamine	train
109	110_Glutamine	train
110	111_Glutamine	train
111	112_Glutamine	train
112	113_Glutamine	train
113	114_Glutamine	train
114	115_Glutamine	train
115	116_Glutamine	train
116	117_Glutamine	train
117	118_Glutamine	train
118	119_Glutamine	train
119	120_Glutamine	train
120	121_Glutamine	train
121	122_Glutamine	train
122	123_Glutamine	train
123	124_Glutamine	train
124	125_Glutamine	train
125	126_Glutamine	train
126	127_Glutamine	train
127	128_Glutamine	train
128	129_Glutamine	train
129	130_Glutamine	train
130	131_Glutamine	train
131	132_Glutamine	train
132	133_Glutamine	train
133	134_Glutamine	train
134	135_Glutamine	train
135	136_Glutamine	train
136	137_Glutamine	train
137	138_Glutamine	train
138	139_Glutamine	train
139	140_Glutamine	train
140	141_Glutamine	train
141	142_Glutamine	train
142	143_Glutamine	train
143	144_Glutamine	validation
144	145_Glutamine	train
145	146_Glutamine	train
146	147_Glutamine	train
147	148_Glutamine	train
148	149_Glutamine	train
149	150_Glutamine	train
150	151_Glutamine	train
151	152_Glutamine	train
152	153_Glutamine	train
153	154_Glutamine	train
154	155_Glutamine	train
155	156_Glutamine	train
156	157_Glutamine	train
157	158_Glutamine	train
158	159_Glutamine	train
159	160_Glutamine	train
160	161_Glutamine	train
161	162_Glutamine	train
162	163_Glutamine	train
163	164_Glutamine	train
164	165_Glutamine	train
165	166_Glutamine	train
166	167_Glutamine	train
167	168_Glutamine	train
168	169_Glutamine	train
169	170_Glutamine	train
170	171_Glutamine	train
171	172_Glutamine	train
172	173_Glutamine	train
173	174_Glutamine	train
174	175_Glutamine	train
175	176_Glutamine	train
176	177_Glutamine	train
177	178_Glutamine	train
178	179_Glutamine	train
179	180_Glutamine	train
180	181_Glutamine	train
181	182_Glutamine	train
182	183_Glutamine	train
183	184_Glutamine	train
184	185_Glutamine	train
185	186_Glutamine	train
186	187_Glutamine	train
187	188_Glutamine	train
188	189_Glutamine	train
189	190_Glutamine	train
190	191_Glutamine	train
191	192_Glutamine	train
192	193_Glutamine	train
193	194_Glutamine	train
194	195_Glutamine	validation
195	196_Glutamine	train
196	197_Glutamine	train
197	198_Glutamine	train
198	199_Glutamine	train
199	200_Glutamine	train
200	201_Glutamine	train
201	202_Glutamine	train
202	203_Glutamine	train
203	204_Glutamine	train
204	205_Glutamine	train
205	206_Glutamine	train
206	207_Glutamine	train
207	208_Glutamine	train
208	209_Glutamine	train
209	210_Glutamine	train
210	211_Glutamine	train
211	212_Glutamine	train
212	213_Glutamine	train
213	214_Glutamine	train
214	215_Glutamine	train
215	216_Glutamine	train
216	217_Glutamine	train
217	218_Glutamine	train
218	219_Glutamine	validation
219	220_Glutamine	train
220	221_Glutamine	train
221	222_Glutamine	train
222	223_Glutamine	train
223	224_Glutamine	train
224	225_Glutamine	train
225	226_Glutamine	validation
226	227_Glutamine	train
227	228_Glutamine	train
228	229_Glutamine	train
229	230_Glutamine	train
230	231_Glutamine	train
231	232_Glutamine	train
232	233_Glutamine	train
233	234_Glutamine	train
234	235_Glutamine	train
235	236_Glutamine	train
236	237_Glutamine	train
237	238_Glutamine	train
238	239_Glutamine	train
239	240_Glutamine	train
240	241_Glutamine	train
241	242_Glutamine	train
242	243_Glutamine	train
243	244_Glutamine	train
244	245_Glutamine	train
245	246_Glutamine	train
246	247_Glutamine	train
247	248_Glutamine	train
248	249_Glutamine	train
249	250_Glutamine	train
250	251_Glutamine	train
251	252_Glutamine	train
252	253_Glutamine	train
253	254_Glutamine	train
254	255_Glutamine	train
255	256_Glutamine	train
256	257_Glutamine	train
257	258_Glutamine	train
258	259_Glutamine	train
259	260_Glutamine	train
260	261_Glutamine	train
261	262_Glutamine	train
262	263_Glutamine	train
263	264_Glutamine	train
264	265_Glutamine	train
265	266_Glutamine	train
266	267_Glutamine	train
267	268_Glutamine	train
268	269_Glutamine	train
269	270_Glutamine	train
270	271_Glutamine	train
271	272_Glutamine	train
272	273_Glutamine	train
273	274_Glutamine	train
274	275_Glutamine	train
275	276_Glutamine	train
276	277_Glutamine	train
277	278_Glutamine	train
278	279_Glutamine	train
279	280_Glutamine	train
280	281_Glutamine	train
281	282_Glutamine	train
282	283_Glutamine	train
283	284_Glutamine	train
284	285_Glutamine	train
285	286_Glutamine	train
286	287_Glutamine	validation
287	288_Glutamine	train
288	289_Glutamine	train
289	290_Glutamine	train
290	291_Glutamine	train
291	292_Glutamine	train
292	293_Glutamine	train
293	294_Glutamine	train
294	295_Glutamine	train
295	296_Glutamine	train
296	297_Glutamine	train
297	298_Glutamine	train
298	299_Glutamine	train
299	300_Glutamine	train
300	301_Glutamine	train
301	302_Glutamine	train
302	303_Glutamine	train
303	304_Glutamine	train
304	305_Glutamine	train
305	306_Glutamine	train
306	307_Glutamine	train
307	308_Glutamine	train
308	309_Glutamine	train
309	310_Glutamine	train
310	311_Glutamine	train
311	312_Glutamine	train
312	313_Glutamine	train
313	314_Glutamine	train
314	315_Glutamine	train
315	316_Glutamine	train
316	317_Glutamine	train
317	318_Glutamine	train
318	319_Glutamine	train
319	320_Glutamine	train
320	321_Glutamine	train
321	322_Glutamine	train
322	323_Glutamine	train
323	324_Glutamine	train
324	325_Glutamine	train
325	326_Glutamine	train
326	327_Glutamine	train
327	328_Glutamine	train
328	329_Glutamine	train
329	330_Glutamine	train
330	331_Glutamine	train
331	332_Glutamine	train
332	333_Glutamine	train
333	334_Glutamine	train
334	335_Glutamine	train
335	336_Glutamine	train
336	337_Glutamine	train
337	338_Glutamine	train
338	339_Glutamine	train
339	340_Glutamine	train
340	341_Glutamine	train
341	342_Glutamine	train
342	343_Glutamine	train
343	344_Glutamine	train
344	345_Glutamine	train
345	346_Glutamine	train
346	347_Glutamine	train
347	348_Glutamine	train
348	349_Glutamine	train
349	350_Glutamine	train
350	351_Glutamine	train
351	352_Glutamine	train
352	353_Glutamine	train
353	354_Glutamine	train
354	355_Glutamine	train
355	356_Glutamine	validation
356	357_Glutamine	validation
357	358_Glutamine	train
358	359_Glutamine	train
359	360_Glutamine	train
360	361_Glutamine	train
361	362_Glutamine	train
362	363_Glutamine	train
363	364_Glutamine	validation
364	365_Glutamine	train
365	366_Glutamine	train
366	367_Glutamine	train
367	368_Glutamine	train
368	369_Glutamine	train
369	370_Glutamine	train
370	371_Glutamine	train
371	372_Glutamine	train
372	373_Glutamine	train
373	374_Glutamine	train
374	375_Glutamine	train
375	376_Glutamine	train
376	377_Glutamine	train
377	378_Glutamine	train
378	379_Glutamine	train
379	380_Glutamine	train
380	381_Glutamine	train
381	382_Glutamine	train
382	383_Glutamine	train
383	384_Glutamine	train
384	385_Glutamine	train
385	386_Glutamine	train
386	387_Glutamine	train
387	388_Glutamine	train
388	389_Glutamine	train
389	390_Glutamine	train
390	391_Glutamine	train
391	392_Glutamine	train
392	393_Glutamine	train
393	394_Glutamine	train
394	395_Glutamine	train
395	396_Glutamine	train
396	397_Glutamine	train
397	398_Glutamine	train
398	399_Glutamine	train
399	400_Glutamine	train
400	401_Glutamine	train
401	402_Glutamine	train
402	403_Glutamine	train
403	404_Glutamine	train
404	405_Glutamine	train
405	406_Glutamine	train
406	407_Glutamine	train
407	408_Glutamine	train
408	409_Glutamine	train
409	410_Glutamine	train
410	411_Glutamine	train
411	412_Glutamine	train
412	413_Glutamine	validation
413	414_Glutamine	train
414	415_Glutamine	train
415	416_Glutamine	train
416	417_Glutamine	train
417	418_Glutamine	train
418	419_Glutamine	train
419	420_Glutamine	train
420	421_Glutamine	train
421	422_Glutamine	train
422	423_Glutamine	train
423	424_Glutamine	train
424	425_Glutamine	train
425	426_Glutamine	train
426	427_Glutamine	train
427	428_Glutamine	train
428	429_Glutamine	train
429	430_Glutamine	train
430	431_Glutamine	train
431	432_Glutamine	train
432	433_Glutamine	train
433	434_Glutamine	train
434	435_Glutamine	train
435	436_Glutamine	train
436	437_Glutamine	train
437	438_Glutamine	train
438	439_Glutamine	train
439	440_Glutamine	train
440	441_Glutamine	train
441	442_Glutamine	train
442	443_Glutamine	train
443	444_Glutamine	train
444	445_Glutamine	train
445	446_Glutamine	train
446	447_Glutamine	train
447	448_Glutamine	train
448	449_Glutamine	train
449	450_Glutamine	train
450	451_Glutamine	train
451	452_Glutamine	train
452	453_Glutamine	train
453	454_Glutamine	train
454	455_Glutamine	train
455	456_Glutamine	train
456	457_Glutamine	train
457	458_Glutamine	train
458	459_Glutamine	validation
459	460_Glutamine	train
460	461_Glutamine	train
461	462_Glutamine	train
462	463_Glutamine	validation
463	464_Glutamine	train
464	465_Glutamine	train
465	466_Glutamine	train
466	467_Glutamine	train
467	468_Glutamine	train
468	469_Glutamine	train
469	470_Glutamine	train
470	471_Glutamine	train
471	472_Glutamine	train
472	473_Glutamine	train
473	474_Glutamine	train
474	475_Glutamine	train
475	476_Glutamine	train
476	477_Glutamine	train
477	478_Glutamine	train
478	479_Glutamine	train
479	480_Glutamine	train
480	481_Glutamine	train
481	482_Glutamine	train
482	483_Glutamine	train
483	484_Glutamine	train
484	485_Glutamine	train
485	486_Glutamine	train
486	487_Glutamine	train
487	488_Glutamine	train
488	489_Glutamine	train
489	490_Glutamine	train
490	491_Glutamine	train
491	492_Glutamine	train
492	493_Glutamine	train
493	494_Glutamine	train
494	495_Glutamine	train
495	496_Glutamine	train
496	497_Glutamine	train
497	498_Glutamine	train
498	499_Glutamine	train
499	500_Glutamine	train
500	501_Glutamine	train
501	502_Glutamine	train
502	503_Glutamine	train
503	504_Glutamine	validation
504	505_Glutamine	train
505	506_Glutamine	train
506	507_Glutamine	train
507	508_Glutamine	train
508	509_Glutamine	train
509	510_Glutamine	train
510	511_Glutamine	train
511	512_Glutamine	train
512	513_Glutamine	train
513	514_Glutamine	train
514	515_Glutamine	train
515	516_Glutamine	train
516	517_Glutamine	train
517	518_Glutamine	train
518	519_Glutamine	train
519	520_Glutamine	train
520	521_Glutamine	train
521	522_Glutamine	train
522	523_Glutamine	train
523	524_Glutamine	train
524	525_Glutamine	train
525	526_Glutamine	train
526	527_Glutamine	train
527	528_Glutamine	train
528	529_Glutamine	train
529	530_Glutamine	train
530	531_Glutamine	train
531	532_Glutamine	train
532	533_Glutamine	train
533	534_Glutamine	train
534	535_Glutamine	train
535	536_Glutamine	train
536	537_Glutamine	train
537	538_Glutamine	train
538	539_Glutamine	train
539	540_Glutamine	train
540	541_Glutamine	train
541	542_Glutamine	train
542	543_Glutamine	train
543	544_Glutamine	train
544	545_Glutamine	train
545	546_Glutamine	train
546	547_Glutamine	train
547	548_Glutamine	train
548	549_Glutamine	train
549	550_Glutamine	train
550	551_Glutamine	validation
551	552_Glutamine	train
552	553_Glutamine	train
553	554_Glutamine	train
554	555_Glutamine	train
555	556_Glutamine	train
556	557_Glutamine	train
557	558_Glutamine	train
558	559_Glutamine	train
559	560_Glutamine	train
560	561_Glutamine	train
561	562_Glutamine	train
562	563_Glutamine	train
563	564_Glutamine	train
564	565_Glutamine	train
565	566_Glutamine	train
566	567_Glutamine	train
567	568_Glutamine	train
568	569_Glutamine	train
569	570_Glutamine	train
570	571_Glutamine	train
571	572_Glutamine	train
572	573_Glutamine	train
573	574_Glutamine	train
574	575_Glutamine	train
575	576_Glutamine	train
576	577_Glutamine	train
577	578_Glutamine	train
578	579_Glutamine	train
579	580_Glutamine	train
580	581_Glutamine	train
581	582_Glutamine	train
582	583_Glutamine	train
583	584_Glutamine	train
584	585_Glutamine	train
585	586_Glutamine	train
586	587_Glutamine	train
587	588_Glutamine	train
588	589_Glutamine	train
589	590_Glutamine	train
590	591_Glutamine	train
591	592_Glutamine	train
592	593_Glutamine	train
593	594_Glutamine	train
594	595_Glutamine	train
595	596_Glutamine	train
596	597_Glutamine	train
597	598_Glutamine	train
598	599_Glutamine	train
599	600_Glutamine	train
600	601_Glutamine	train
601	602_Glutamine	train
602	603_Glutamine	train
603	604_Glutamine	train
604	605_Glutamine	train
605	606_Glutamine	train
606	607_Glutamine	train
607	608_Glutamine	train
608	609_Glutamine	train
609	610_Glutamine	train
610	611_Glutamine	train
611	612_Glutamine	train
612	613_Glutamine	train
613	614_Glutamine	train
614	615_Glutamine	train
615	616_Glutamine	train
616	617_Glutamine	train
617	618_Glutamine	train
618	619_Glutamine	train
619	620_Glutamine	train
620	621_Glutamine	train
621	622_Glutamine	train
622	623_Glutamine	train
623	624_Glutamine	train
624	625_Glutamine	validation
625	626_Glutamine	train
626	627_Glutamine	train
627	628_Glutamine	train
628	629_Glutamine	train
629	630_Glutamine	train
630	631_Glutamine	validation
631	632_Glutamine	train
632	633_Glutamine	validation
633	634_Glutamine	train
634	635_Glutamine	train
635	636_Glutamine	train
636	637_Glutamine	train
637	638_Glutamine	train
638	639_Glutamine	train
639	640_Glutamine	train
640	641_Glutamine	train
641	642_Glutamine	train
642	643_Glutamine	train
643	644_Glutamine	train
644	645_Glutamine	train
645	646_Glutamine	train
646	647_Glutamine	train
647	648_Glutamine	train
648	649_Glutamine	train
649	650_Glutamine	train
650	651_Glutamine	train
651	652_Glutamine	validation
652	653_Glutamine	train
653	654_Glutamine	train
654	655_Glutamine	train
655	656_Glutamine	train
656	657_Glutamine	validation
657	658_Glutamine	train
658	659_Glutamine	train
659	660_Glutamine	train
660	661_Glutamine	train
661	662_Glutamine	train
662	663_Glutamine	validation
663	664_Glutamine	train
664	665_Glutamine	train
665	666_Glutamine	train
666	667_Glutamine	train
667	668_Glutamine	validation
668	669_Glutamine	train
669	670_Glutamine	train
670	671_Glutamine	train
671	672_Glutamine	train
672	673_Glutamine	train
673	674_Glutamine	validation
674	675_Glutamine	train
675	676_Glutamine	train
676	677_Glutamine	train
677	678_Glutamine	train
678	679_Glutamine	train
679	680_Glutamine	train
680	681_Glutamine	train
681	682_Glutamine	train
682	683_Glutamine	train
683	684_Glutamine	train
684	685_Glutamine	train
685	686_Glutamine	train
686	687_Glutamine	train
687	688_Glutamine	train
688	689_Glutamine	train
689	690_Glutamine	train
690	691_Glutamine	train
691	692_Glutamine	train
692	693_Glutamine	train
693	694_Glutamine	train
694	695_Glutamine	train
695	696_Glutamine	validation
696	697_Glutamine	train
697	698_Glutamine	train
698	699_Glutamine	train
699	700_Glutamine	validation
700	701_Glutamine	train
701	702_Glutamine	train
702	703_Glutamine	train
703	704_Glutamine	train
704	705_Glutamine	train
705	706_Glutamine	train
706	707_Glutamine	validation
707	708_Glutamine	train
708	709_Glutamine	train
709	710_Glutamine	train
710	711_Glutamine	train
711	712_Glutamine	train
712	713_Glutamine	train
713	714_Glutamine	train
714	715_Glutamine	train
715	716_Glutamine	train
716	717_Glutamine	train
717	718_Glutamine	train
718	719_Glutamine	train
719	720_Glutamine	validation
720	721_Glutamine	train
721	722_Glutamine	train
722	723_Glutamine	train
723	724_Glutamine	train
724	725_Glutamine	train
725	726_Glutamine	train
726	727_Glutamine	train
727	728_Glutamine	train
728	729_Glutamine	train
729	730_Glutamine	validation
730	731_Glutamine	train
731	732_Glutamine	train
732	733_Glutamine	train
733	734_Glutamine	train
734	735_Glutamine	train
735	736_Glutamine	train
736	737_Glutamine	train
737	738_Glutamine	train
738	739_Glutamine	train
739	740_Glutamine	train
740	741_Glutamine	train
741	742_Glutamine	train
742	743_Glutamine	validation
743	744_Glutamine	validation
744	745_Glutamine	train
745	746_Glutamine	train
746	747_Glutamine	train
747	748_Glutamine	train
748	749_Glutamine	train
749	750_Glutamine	validation
750	751_Glutamine	train
751	752_Glutamine	train
752	753_Glutamine	train
753	754_Glutamine	train
754	755_Glutamine	train
755	756_Glutamine	train
756	757_Glutamine	train
757	758_Glutamine	train
758	759_Glutamine	train
759	760_Glutamine	train
760	761_Glutamine	train
761	762_Glutamine	train
762	763_Glutamine	train
763	764_Glutamine	train
764	765_Glutamine	train
765	766_Glutamine	train
766	767_Glutamine	train
767	768_Glutamine	train
768	769_Glutamine	train
769	770_Glutamine	train
770	771_Glutamine	train
771	772_Glutamine	train
772	773_Glutamine	train
773	774_Glutamine	train
774	775_Glutamine	train
775	776_Glutamine	train
776	777_Glutamine	train
777	778_Glutamine	train
778	779_Glutamine	train
779	780_Glutamine	train
780	781_Glutamine	train
781	782_Glutamine	train
782	783_Glutamine	train
783	784_Glutamine	train
784	785_Glutamine	train
785	786_Glutamine	train
786	787_Glutamine	train
787	788_Glutamine	train
788	789_Glutamine	validation
789	790_Glutamine	train
790	791_Glutamine	train
791	792_Glutamine	train
792	793_Glutamine	train
793	794_Glutamine	train
794	795_Glutamine	train
795	796_Glutamine	train
796	797_Glutamine	train
797	798_Glutamine	train
798	799_Glutamine	train
799	800_Glutamine	train
800	801_Glutamine	train
801	802_Glutamine	train
802	803_Glutamine	train
803	804_Glutamine	train
804	805_Glutamine	train
805	806_Glutamine	train
806	807_Glutamine	train
807	808_Glutamine	train
808	809_Glutamine	train
809	810_Glutamine	validation
810	811_Glutamine	train
811	812_Glutamine	train
812	813_Glutamine	train
813	814_Glutamine	train
814	815_Glutamine	train
815	816_Glutamine	train
816	817_Glutamine	train
817	818_Glutamine	train
818	819_Glutamine	train
819	820_Glutamine	train
820	821_Glutamine	train
821	822_Glutamine	train
822	823_Glutamine	train
823	824_Glutamine	train
824	825_Glutamine	train
825	826_Glutamine	train
826	827_Glutamine	train
827	828_Glutamine	train
828	829_Glutamine	train
829	830_Glutamine	train
830	831_Glutamine	train
831	832_Glutamine	train
832	833_Glutamine	train
833	834_Glutamine	validation
834	835_Glutamine	train
835	836_Glutamine	validation
836	837_Glutamine	train
837	838_Glutamine	train
838	839_Glutamine	train
839	840_Glutamine	train
840	841_Glutamine	train
841	842_Glutamine	train
842	843_Glutamine	train
843	844_Glutamine	train
844	845_Glutamine	train
845	846_Glutamine	train
846	847_Glutamine	train
847	848_Glutamine	train
848	849_Glutamine	train
849	850_Glutamine	train
850	851_Glutamine	train
851	852_Glutamine	train
852	853_Glutamine	train
853	854_Glutamine	train
854	855_Glutamine	train
855	856_Glutamine	train
856	857_Glutamine	train
857	858_Glutamine	validation
858	859_Glutamine	train
859	860_Glutamine	train
860	861_Glutamine	train
861	862_Glutamine	train
862	863_Glutamine	train
863	864_Glutamine	train
864	865_Glutamine	validation
865	866_Glutamine	train
866	867_Glutamine	train
867	868_Glutamine	train
868	869_Glutamine	train
869	870_Glutamine	train
870	871_Glutamine	train
871	872_Glutamine	train
872	873_Glutamine	train
873	874_Glutamine	train
874	875_Glutamine	train
875	876_Glutamine	train
876	877_Glutamine	train
877	878_Glutamine	train
878	879_Glutamine	train
879	880_Glutamine	train
880	881_Glutamine	train
881	882_Glutamine	train
882	883_Glutamine	train
883	884_Glutamine	train
884	885_Glutamine	train
885	886_Glutamine	train
886	887_Glutamine	train
887	888_Glutamine	train
888	889_Glutamine	train
889	890_Glutamine	train
890	891_Glutamine	train
891	892_Glutamine	train
892	893_Glutamine	train
893	894_Glutamine	train
894	895_Glutamine	train
895	896_Glutamine	train
896	897_Glutamine	train
897	898_Glutamine	train
898	899_Glutamine	train
899	900_Glutamine	train
900	901_Glutamine	train
901	902_Glutamine	train
902	903_Glutamine	validation
903	904_Glutamine	train
904	905_Glutamine	train
905	906_Glutamine	train
906	907_Glutamine	train
907	908_Glutamine	train
908	909_Glutamine	train
909	910_Glutamine	validation
910	911_Glutamine	train
911	912_Glutamine	train
912	913_Glutamine	train
913	914_Glutamine	train
914	915_Glutamine	train
915	916_Glutamine	validation
916	917_Glutamine	train
917	918_Glutamine	train
918	919_Glutamine	train
919	920_Glutamine	train
920	921_Glutamine	train
921	922_Glutamine	train
922	923_Glutamine	train
923	924_Glutamine	train
924	925_Glutamine	train
925	926_Glutamine	validation
926	927_Glutamine	train
927	928_Glutamine	train
928	929_Glutamine	validation
929	930_Glutamine	train
930	931_Glutamine	train
931	932_Glutamine	train
932	933_Glutamine	train
933	934_Glutamine	train
934	935_Glutamine	train
935	936_Glutamine	train
936	937_Glutamine	train
937	938_Glutamine	validation
938	939_Glutamine	train
939	940_Glutamine	train
940	941_Glutamine	train
941	942_Glutamine	train
942	943_Glutamine	train
943	944_Glutamine	train
944	945_Glutamine	train
945	946_Glutamine	validation
946	947_Glutamine	train
947	948_Glutamine	train
948	949_Glutamine	train
949	950_Glutamine	validation
950	951_Glutamine	train
951	952_Glutamine	validation
952	953_Glutamine	train
953	954_Glutamine	train
954	955_Glutamine	train
955	956_Glutamine	train
956	957_Glutamine	train
957	958_Glutamine	train
958	959_Glutamine	train
959	960_Glutamine	train
960	961_Glutamine	train
961	962_Glutamine	train
962	963_Glutamine	train
963	964_Glutamine	train
964	965_Glutamine	train
965	966_Glutamine	train
966	967_Glutamine	train
967	968_Glutamine	train
968	969_Glutamine	validation
969	970_Glutamine	train
970	971_Glutamine	train
971	972_Glutamine	train
972	973_Glutamine	train
973	974_Glutamine	train
974	975_Glutamine	validation
975	976_Glutamine	train
976	977_Glutamine	train
977	978_Glutamine	train
978	979_Glutamine	train
979	980_Glutamine	train
980	981_Glutamine	train
981	982_Glutamine	train
982	983_Glutamine	train
983	984_Glutamine	train
984	985_Glutamine	train
985	986_Glutamine	train
986	987_Glutamine	train
987	988_Glutamine	train
988	989_Glutamine	train
989	990_Glutamine	train
990	991_Glutamine	train
991	992_Glutamine	train
992	993_Glutamine	train
993	994_Glutamine	train
994	995_Glutamine	train
995	996_Glutamine	train
996	997_Glutamine	train
997	998_Glutamine	train
998	999_Glutamine	train
999	1000_Glutamine	train
1000	1001_Glutamine	train
1001	1002_Glutamine	train
1002	1003_Glutamine	train
1003	1004_Glutamine	validation
1004	1005_Glutamine	train
1005	1006_Glutamine	train
1006	1007_Glutamine	train
1007	1008_Glutamine	train
1008	1009_Glutamine	train
1009	1010_Glutamine	train
1010	1011_Glutamine	train
1011	1012_Glutamine	train
1012	1013_Glutamine	train
1013	1014_Glutamine	train
1014	1015_Glutamine	train
1015	1016_Glutamine	train
1016	1017_Glutamine	train
1017	1018_Glutamine	train
1018	1019_Glutamine	train
1019	1020_Glutamine	train
1020	1021_Glutamine	train
1021	1022_Glutamine	train
1022	1023_Glutamine	train
1023	1024_Glutamine	train
1024	1025_Glutamine	train
1025	1026_Glutamine	train
1026	1027_Glutamine	train
1027	1028_Glutamine	train
1028	1029_Glutamine	train
1029	1030_Glutamine	train
1030	1031_Glutamine	train
1031	1032_Glutamine	train
1032	1033_Glutamine	train
1033	1034_Glutamine	train
1034	1035_Glutamine	train
1035	1036_Glutamine	train
1036	1037_Glutamine	train
1037	1038_Glutamine	train
1038	1039_Glutamine	train
1039	1040_Glutamine	train
1040	1041_Glutamine	validation
1041	1042_Glutamine	train
1042	1043_Glutamine	train
1043	1044_Glutamine	train
1044	1045_Glutamine	train
1045	1046_Glutamine	train
1046	1047_Glutamine	train
1047	1048_Glutamine	train
1048	1049_Glutamine	train
1049	1050_Glutamine	train
1050	1051_Glutamine	train
1051	1052_Glutamine	train
1052	1053_Glutamine	validation
1053	1054_Glutamine	train
1054	1055_Glutamine	train
1055	1056_Glutamine	train
1056	1057_Glutamine	train
1057	1058_Glutamine	train
1058	1059_Glutamine	train
1059	1060_Glutamine	train
1060	1061_Glutamine	train
1061	1062_Glutamine	train
1062	1063_Glutamine	train
1063	1064_Glutamine	train
1064	1065_Glutamine	train
1065	1066_Glutamine	train
1066	1067_Glutamine	train
1067	1068_Glutamine	train
1068	1069_Glutamine	train
1069	1070_Glutamine	train
1070	1071_Glutamine	train
1071	1072_Glutamine	train
1072	1073_Glutamine	train
1073	1074_Glutamine	train
1074	1075_Glutamine	train
1075	1076_Glutamine	train
1076	1077_Glutamine	train
1077	1078_Glutamine	train
1078	1079_Glutamine	train
1079	1080_Glutamine	train
1080	1081_Glutamine	train
1081	1082_Glutamine	train
1082	1083_Glutamine	train
1083	1084_Glutamine	train
1084	1085_Glutamine	train
1085	1086_Glutamine	train
1086	1087_Glutamine	train
1087	1088_Glutamine	train
1088	1089_Glutamine	train
1089	1090_Glutamine	train
1090	1091_Glutamine	train
1091	1092_Glutamine	train
1092	1093_Glutamine	train
1093	1094_Glutamine	validation
1094	1095_Glutamine	train
1095	1096_Glutamine	train
1096	1097_Glutamine	train
1097	1098_Glutamine	train
1098	1099_Glutamine	train
1099	1100_Glutamine	train
1100	1101_Glutamine	train
1101	1102_Glutamine	train
1102	1103_Glutamine	train
1103	1104_Glutamine	train
1104	1105_Glutamine	train
1105	1106_Glutamine	train
1106	1107_Glutamine	train
1107	1108_Glutamine	train
1108	1109_Glutamine	train
1109	1110_Glutamine	train
1110	1111_Glutamine	train
1111	1112_Glutamine	train
1112	1113_Glutamine	train
1113	1114_Glutamine	train
1114	1115_Glutamine	train
1115	1116_Glutamine	train
1116	1117_Glutamine	train
1117	1118_Glutamine	train
1118	1119_Glutamine	train
1119	1120_Glutamine	train
1120	1121_Glutamine	train
1121	1122_Glutamine	train
1122	1123_Glutamine	train
1123	1124_Glutamine	train
1124	1125_Glutamine	train
1125	1126_Glutamine	train
1126	1127_Glutamine	train
1127	1128_Glutamine	train
1128	1129_Glutamine	train
1129	1130_Glutamine	train
1130	1131_Glutamine	train
1131	1132_Glutamine	train
1132	1133_Glutamine	train
1133	1134_Glutamine	train
1134	1135_Glutamine	train
1135	1136_Glutamine	train
1136	1137_Glutamine	train
1137	1138_Glutamine	train
1138	1139_Glutamine	train
1139	1140_Glutamine	train
1140	1141_Glutamine	train
1141	1142_Glutamine	train
1142	1143_Glutamine	train
1143	1144_Glutamine	train
1144	1145_Glutamine	train
1145	1146_Glutamine	train
1146	1147_Glutamine	train
1147	1148_Glutamine	validation
1148	1149_Glutamine	train
1149	1150_Glutamine	train
1150	1151_Glutamine	validation
1151	1152_Glutamine	train
1152	1153_Glutamine	train
1153	1154_Glutamine	train
1154	1155_Glutamine	train
1155	1156_Glutamine	train
1156	1157_Glutamine	train
1157	1158_Glutamine	train
1158	1159_Glutamine	train
1159	1160_Glutamine	train
1160	1161_Glutamine	train
1161	1162_Glutamine	train
1162	1163_Glutamine	validation
1163	1164_Glutamine	train
1164	1165_Glutamine	train
1165	1166_Glutamine	train
1166	1167_Glutamine	validation
1167	1168_Glutamine	train
1168	1169_Glutamine	train
1169	1170_Glutamine	train
1170	1171_Glutamine	train
1171	1172_Glutamine	train
1172	1173_Glutamine	train
1173	1174_Glutamine	train
1174	1175_Glutamine	train
1175	1176_Glutamine	train
1176	1177_Glutamine	train
1177	1178_Glutamine	train
1178	1179_Glutamine	train
1179	1180_Glutamine	train
1180	1181_Glutamine	train
1181	1182_Glutamine	train
1182	1183_Glutamine	train
1183	1184_Glutamine	train
1184	1185_Glutamine	train
1185	1186_Glutamine	train
1186	1187_Glutamine	train
1187	1188_Glutamine	train
1188	1189_Glutamine	train
1189	1190_Glutamine	train
1190	1191_Glutamine	train
1191	1192_Glutamine	train
1192	1193_Glutamine	train
1193	1194_Glutamine	train
1194	1195_Glutamine	train
1195	1196_Glutamine	train
1196	1197_Glutamine	validation
1197	1198_Glutamine	train
1198	1199_Glutamine	validation
1199	1200_Glutamine	train
1200	1201_Glutamine	train
1201	1202_Glutamine	train
1202	1203_Glutamine	train
1203	1204_Glutamine	train
1204	1205_Glutamine	train
1205	1206_Glutamine	train
1206	1207_Glutamine	train
1207	1208_Glutamine	validation
1208	1209_Glutamine	train
1209	1210_Glutamine	train
1210	1211_Glutamine	train
1211	1212_Glutamine	train
1212	1213_Glutamine	train
1213	1214_Glutamine	train
1214	1215_Glutamine	train
1215	1216_Glutamine	train
1216	1217_Glutamine	train
1217	1218_Glutamine	train
1218	1219_Glutamine	train
1219	1220_Glutamine	train
1220	1221_Glutamine	train
1221	1222_Glutamine	train
1222	1223_Glutamine	train
1223	1224_Glutamine	train
1224	1225_Glutamine	train
1225	1226_Glutamine	train
1226	1227_Glutamine	train
1227	1228_Glutamine	train
1228	1229_Glutamine	train
1229	1230_Glutamine	train
1230	1231_Glutamine	train
1231	1232_Glutamine	train
1232	1233_Glutamine	train
1233	1234_Glutamine	train
1234	1235_Glutamine	train
1235	1236_Glutamine	train
1236	1237_Glutamine	validation
1237	1238_Glutamine	train
1238	1239_Glutamine	train
1239	1240_Glutamine	train
1240	1241_Glutamine	train
1241	1242_Glutamine	train
1242	1243_Glutamine	train
1243	1244_Glutamine	train
1244	1245_Glutamine	train
1245	1246_Glutamine	train
1246	1247_Glutamine	train
1247	1248_Glutamine	train
1248	1249_Glutamine	train
1249	1250_Glutamine	train
1250	1251_Glutamine	train
1251	1252_Glutamine	validation
1252	1253_Glutamine	train
1253	1254_Glutamine	train
1254	1255_Glutamine	train
1255	1256_Glutamine	train
1256	1257_Glutamine	train
1257	1258_Glutamine	train
1258	1259_Glutamine	train
1259	1260_Glutamine	train
1260	1261_Glutamine	train
1261	1262_Glutamine	train
1262	1263_Glutamine	train
1263	1264_Glutamine	train
1264	1265_Glutamine	train
1265	1266_Glutamine	train
1266	1267_Glutamine	train
1267	1268_Glutamine	train
1268	1269_Glutamine	train
1269	1270_Glutamine	train
1270	1271_Glutamine	train
1271	1272_Glutamine	train
1272	1273_Glutamine	train
1273	1274_Glutamine	train
1274	1275_Glutamine	validation
1275	1276_Glutamine	validation
1276	1277_Glutamine	train
1277	1278_Glutamine	train
1278	1279_Glutamine	train
1279	1280_Glutamine	train
1280	1281_Glutamine	train
1281	1282_Glutamine	train
1282	1283_Glutamine	train
1283	1284_Glutamine	train
1284	1285_Glutamine	train
1285	1286_Glutamine	train
1286	1287_Glutamine	train
1287	1288_Glutamine	train
1288	1289_Glutamine	train
1289	1290_Glutamine	train
1290	1291_Glutamine	validation
1291	1292_Glutamine	train
1292	1293_Glutamine	train
1293	1294_Glutamine	train
1294	1295_Glutamine	train
1295	1296_Glutamine	train
1296	1297_Glutamine	validation
1297	1298_Glutamine	train
1298	1299_Glutamine	train
1299	1300_Glutamine	train
1300	1301_Glutamine	train
1301	1302_Glutamine	train
1302	1303_Glutamine	train
1303	1304_Glutamine	train
1304	1305_Glutamine	train
1305	1306_Glutamine	train
1306	1307_Glutamine	train
1307	1308_Glutamine	train
1308	1309_Glutamine	train
1309	1310_Glutamine	train
1310	1311_Glutamine	train
1311	1312_Glutamine	train
1312	1313_Glutamine	train
1313	1314_Glutamine	train
1314	1315_Glutamine	train
1315	1316_Glutamine	train
1316	1317_Glutamine	train
1317	1318_Glutamine	train
1318	1319_Glutamine	train
1319	1320_Glutamine	train
1320	1321_Glutamine	train
1321	1322_Glutamine	train
1322	1323_Glutamine	train
1323	1324_Glutamine	train
1324	1325_Glutamine	train
1325	1326_Glutamine	train
1326	1327_Glutamine	train
1327	1328_Glutamine	train
1328	1329_Glutamine	train
1329	1330_Glutamine	train
1330	1331_Glutamine	train
1331	1332_Glutamine	train
1332	1333_Glutamine	train
1333	1334_Glutamine	train
1334	1335_Glutamine	train
1335	1336_Glutamine	train
1336	1337_Glutamine	train
1337	1338_Glutamine	train
1338	1339_Glutamine	train
1339	1340_Glutamine	train
1340	1341_Glutamine	train
1341	1342_Glutamine	train
1342	1343_Glutamine	train
1343	1344_Glutamine	train
1344	1345_Glutamine	train
1345	1346_Glutamine	train
1346	1347_Glutamine	train
1347	1348_Glutamine	train
1348	1349_Glutamine	train
1349	1350_Glutamine	train
1350	1351_Glutamine	train
1351	1352_Glutamine	train
1352	1353_Glutamine	train
1353	1354_Glutamine	train
1354	1355_Glutamine	train
1355	1356_Glutamine	train
1356	1357_Glutamine	validation
1357	1358_Glutamine	train
1358	1359_Glutamine	train
1359	1360_Glutamine	train
1360	1361_Glutamine	validation
1361	1362_Glutamine	train
1362	1363_Glutamine	train
1363	1364_Glutamine	train
1364	1365_Glutamine	train
1365	1366_Glutamine	train
1366	1367_Glutamine	train
1367	1368_Glutamine	train
1368	1369_Glutamine	train
1369	1370_Glutamine	train
1370	1371_Glutamine	train
1371	1372_Glutamine	train
1372	1373_Glutamine	train
1373	1374_Glutamine	train
1374	1375_Glutamine	train
1375	1376_Glutamine	train
1376	1377_Glutamine	train
1377	1378_Glutamine	train
1378	1379_Glutamine	train
1379	1380_Glutamine	train
1380	1381_Glutamine	train
1381	1382_Glutamine	train
1382	1383_Glutamine	train
1383	1384_Glutamine	train
1384	1385_Glutamine	train
1385	1386_Glutamine	train
1386	1387_Glutamine	train
1387	1388_Glutamine	train
1388	1389_Glutamine	train
1389	1390_Glutamine	train
1390	1391_Glutamine	train
1391	1392_Glutamine	train
1392	1393_Glutamine	train
1393	1394_Glutamine	train
1394	1395_Glutamine	train
1395	1396_Glutamine	train
1396	1397_Glutamine	train
1397	1398_Glutamine	train
1398	1399_Glutamine	train
1399	1400_Glutamine	train
1400	1401_Glutamine	train
1401	1402_Glutamine	validation
1402	1403_Glutamine	train
1403	1404_Glutamine	validation
1404	1405_Glutamine	train
1405	1406_Glutamine	train
1406	1407_Glutamine	train
1407	1408_Glutamine	train
1408	1409_Glutamine	train
1409	1410_Glutamine	train
1410	1411_Glutamine	train
1411	1412_Glutamine	train
1412	1413_Glutamine	train
1413	1414_Glutamine	train
1414	1415_Glutamine	train
1415	1416_Glutamine	train
1416	1417_Glutamine	validation
1417	1418_Glutamine	train
1418	1419_Glutamine	train
1419	1420_Glutamine	train
1420	1421_Glutamine	validation
1421	1422_Glutamine	train
1422	1423_Glutamine	train
1423	1424_Glutamine	train
1424	1425_Glutamine	train
1425	1426_Glutamine	train
1426	1427_Glutamine	train
1427	1428_Glutamine	train
1428	1429_Glutamine	validation
1429	1430_Glutamine	train
1430	1431_Glutamine	train
1431	1432_Glutamine	train
1432	1433_Glutamine	train
1433	1434_Glutamine	train
1434	1435_Glutamine	train
1435	1436_Glutamine	train
1436	1437_Glutamine	train
1437	1438_Glutamine	train
1438	1439_Glutamine	train
1439	1440_Glutamine	train
1440	1441_Glutamine	train
1441	1442_Glutamine	train
1442	1443_Glutamine	train
1443	1444_Glutamine	train
1444	1445_Glutamine	train
1445	1446_Glutamine	train
1446	1447_Glutamine	train
1447	1448_Glutamine	validation
1448	1449_Glutamine	train
1449	1450_Glutamine	train
1450	1451_Glutamine	train
1451	1452_Glutamine	train
1452	1453_Glutamine	train
1453	1454_Glutamine	train
1454	1455_Glutamine	train
1455	1456_Glutamine	train
1456	1457_Glutamine	train
1457	1458_Glutamine	train
1458	1459_Glutamine	train
1459	1460_Glutamine	train
1460	1461_Glutamine	train
1461	1462_Glutamine	train
1462	1463_Glutamine	train
1463	1464_Glutamine	train
1464	1465_Glutamine	train
1465	1466_Glutamine	train
1466	1467_Glutamine	train
1467	1468_Glutamine	train
1468	1469_Glutamine	train
1469	1470_Glutamine	train
1470	1471_Glutamine	train
1471	1472_Glutamine	train
1472	1473_Glutamine	train
1473	1474_Glutamine	train
1474	1475_Glutamine	train
1475	1476_Glutamine	train
1476	1477_Glutamine	train
1477	1478_Glutamine	train
1478	1479_Glutamine	train
1479	1480_Glutamine	train
1480	1481_Glutamine	train
1481	1482_Glutamine	train
1482	1483_Glutamine	train
1483	1484_Glutamine	train
1484	1485_Glutamine	train
1485	1486_Glutamine	train
1486	1487_Glutamine	train
1487	1488_Glutamine	train
1488	1489_Glutamine	train
1489	1490_Glutamine	train
1490	1491_Glutamine	train
1491	1492_Glutamine	train
1492	1493_Glutamine	train
1493	1494_Glutamine	train
1494	1495_Glutamine	train
1495	1496_Glutamine	train
1496	1497_Glutamine	train
1497	1498_Glutamine	train
1498	1499_Glutamine	validation
1499	1500_Glutamine	train
1500	1501_Glutamine	train
1501	1502_Glutamine	validation
1502	1503_Glutamine	train
1503	1504_Glutamine	train
1504	1505_Glutamine	train
1505	1506_Glutamine	train
1506	1507_Glutamine	train
1507	1508_Glutamine	train
1508	1509_Glutamine	train
1509	1510_Glutamine	train
1510	1511_Glutamine	train
1511	1512_Glutamine	train
1512	1513_Glutamine	train
1513	1514_Glutamine	train
1514	1515_Glutamine	train
1515	1516_Glutamine	train
1516	1517_Glutamine	train
1517	1518_Glutamine	train
1518	1519_Glutamine	train
1519	1520_Glutamine	train
1520	1521_Glutamine	train
1521	1522_Glutamine	train
1522	1523_Glutamine	train
1523	1524_Glutamine	train
1524	1525_Glutamine	train
1525	1526_Glutamine	train
1526	1527_Glutamine	train
1527	1528_Glutamine	train
1528	1529_Glutamine	train
1529	1530_Glutamine	train
1530	1531_Glutamine	train
1531	1532_Glutamine	train
1532	1533_Glutamine	train
1533	1534_Glutamine	train
1534	1535_Glutamine	train
1535	1536_Glutamine	train
1536	1537_Glutamine	train
1537	1538_Glutamine	train
1538	1539_Glutamine	train
1539	1540_Glutamine	train
1540	1541_Glutamine	train
1541	1542_Glutamine	train
1542	1543_Glutamine	train
1543	1544_Glutamine	train
1544	1545_Glutamine	train
1545	1546_Glutamine	train
1546	1547_Glutamine	train
1547	1548_Glutamine	train
1548	1549_Glutamine	train
1549	1550_Glutamine	train
1550	1551_Glutamine	train
1551	1552_Glutamine	train
1552	1553_Glutamine	train
1553	1554_Glutamine	train
1554	1555_Glutamine	train
1555	1556_Glutamine	train
1556	1557_Glutamine	train
1557	1558_Glutamine	train
1558	1559_Glutamine	train
1559	1560_Glutamine	train
1560	1561_Glutamine	train
1561	1562_Glutamine	train
1562	1563_Glutamine	train
1563	1564_Glutamine	train
1564	1565_Glutamine	train
1565	1566_Glutamine	train
1566	1567_Glutamine	train
1567	1568_Glutamine	train
1568	1569_Glutamine	train
1569	1570_Glutamine	train
1570	1571_Glutamine	train
1571	1572_Glutamine	train
1572	1573_Glutamine	train
1573	1574_Glutamine	train
1574	1575_Glutamine	train
1575	1576_Glutamine	train
1576	1577_Glutamine	validation
1577	1578_Glutamine	train
1578	1579_Glutamine	train
1579	1580_Glutamine	train
1580	1581_Glutamine	train
1581	1582_Glutamine	train
1582	1583_Glutamine	validation
1583	1584_Glutamine	train
1584	1585_Glutamine	train
1585	1586_Glutamine	train
1586	1587_Glutamine	train
1587	1588_Glutamine	train
1588	1589_Glutamine	train
1589	1590_Glutamine	train
1590	1591_Glutamine	train
1591	1592_Glutamine	train
1592	1593_Glutamine	validation
1593	1594_Glutamine	train
1594	1595_Glutamine	train
1595	1596_Glutamine	train
1596	1597_Glutamine	train
1597	1598_Glutamine	train
1598	1599_Glutamine	train
1599	1600_Glutamine	validation
1600	1601_Glutamine	train
1601	1602_Glutamine	train
1602	1603_Glutamine	train
1603	1604_Glutamine	train
1604	1605_Glutamine	train
1605	1606_Glutamine	train
1606	1607_Glutamine	train
1607	1608_Glutamine	train
1608	1609_Glutamine	train
1609	1610_Glutamine	train
1610	1611_Glutamine	train
1611	1612_Glutamine	train
1612	1613_Glutamine	train
1613	1614_Glutamine	train
1614	1615_Glutamine	train
1615	1616_Glutamine	train
1616	1617_Glutamine	train
1617	1618_Glutamine	train
1618	1619_Glutamine	train
1619	1620_Glutamine	train
1620	1621_Glutamine	train
1621	1622_Glutamine	train
1622	1623_Glutamine	train
1623	1624_Glutamine	train
1624	1625_Glutamine	train
1625	1626_Glutamine	train
1626	1627_Glutamine	train
1627	1628_Glutamine	train
1628	1629_Glutamine	train
1629	1630_Glutamine	validation
1630	1631_Glutamine	train
1631	1632_Glutamine	train
1632	1633_Glutamine	train
1633	1634_Glutamine	train
1634	1635_Glutamine	train
1635	1636_Glutamine	train
1636	1637_Glutamine	train
1637	1638_Glutamine	train
1638	1639_Glutamine	train
1639	1640_Glutamine	train
1640	1641_Glutamine	train
1641	1642_Glutamine	train
1642	1643_Glutamine	train
1643	1644_Glutamine	train
1644	1_Proline	train
1645	2_Proline	train
1646	3_Proline	train
1647	4_Proline	train
1648	5_Proline	train
1649	6_Proline	train
1650	7_Proline	train
1651	8_Proline	train
1652	9_Proline	train
1653	10_Proline	train
1654	11_Proline	train
1655	12_Proline	train
1656	13_Proline	train
1657	14_Proline	train
1658	15_Proline	train
1659	16_Proline	train
1660	17_Proline	train
1661	18_Proline	train
1662	19_Proline	train
1663	20_Proline	train
1664	21_Proline	train
1665	22_Proline	train
1666	23_Proline	train
1667	24_Proline	validation
1668	25_Proline	train
1669	26_Proline	train
1670	27_Proline	train
1671	28_Proline	train
1672	29_Proline	train
1673	30_Proline	train
1674	31_Proline	train
1675	32_Proline	train
1676	33_Proline	train
1677	34_Proline	train
1678	35_Proline	train
1679	36_Proline	train
1680	37_Proline	train
1681	38_Proline	train
1682	39_Proline	validation
1683	40_Proline	train
1684	41_Proline	train
1685	42_Proline	train
1686	43_Proline	train
1687	44_Proline	train
1688	45_Proline	train
1689	46_Proline	train
1690	47_Proline	train
1691	48_Proline	train
1692	49_Proline	train
1693	50_Proline	train
1694	51_Proline	train
1695	52_Proline	train
1696	53_Proline	train
1697	54_Proline	validation
1698	55_Proline	train
1699	56_Proline	train
1700	57_Proline	train
1701	58_Proline	train
1702	59_Proline	train
1703	60_Proline	train
1704	61_Proline	train
1705	62_Proline	train
1706	63_Proline	train
1707	64_Proline	train
1708	65_Proline	train
1709	66_Proline	train
1710	67_Proline	train
1711	68_Proline	train
1712	69_Proline	train
1713	70_Proline	train
1714	71_Proline	validation
1715	72_Proline	train
1716	73_Proline	train
1717	74_Proline	train
1718	75_Proline	train
1719	76_Proline	train
1720	77_Proline	train
1721	78_Proline	train
1722	79_Proline	train
1723	80_Proline	train
1724	81_Proline	train
1725	82_Proline	train
1726	83_Proline	train
1727	84_Proline	train
1728	85_Proline	train
1729	86_Proline	train
1730	87_Proline	train
1731	88_Proline	train
1732	89_Proline	train
1733	90_Proline	train
1734	91_Proline	train
1735	92_Proline	train
1736	93_Proline	train
1737	94_Proline	train
1738	95_Proline	train
1739	96_Proline	train
1740	97_Proline	train
1741	98_Proline	validation
1742	99_Proline	train
1743	100_Proline	validation
1744	101_Proline	train
1745	102_Proline	train
1746	103_Proline	train
1747	104_Proline	train
1748	105_Proline	train
1749	106_Proline	train
1750	107_Proline	validation
1751	108_Proline	train
1752	109_Proline	train
1753	110_Proline	train
1754	111_Proline	train
1755	112_Proline	train
1756	113_Proline	train
1757	114_Proline	validation
1758	115_Proline	train
1759	116_Proline	train
1760	117_Proline	train
1761	118_Proline	train
1762	119_Proline	train
1763	120_Proline	train
1764	121_Proline	train
1765	122_Proline	train
1766	123_Proline	train
1767	124_Proline	train
1768	125_Proline	validation
1769	126_Proline	train
1770	127_Proline	train
1771	128_Proline	train
1772	129_Proline	train
1773	130_Proline	train
1774	131_Proline	train
1775	132_Proline	train
1776	133_Proline	train
1777	134_Proline	train
1778	135_Proline	train
1779	136_Proline	train
1780	137_Proline	train
1781	138_Proline	train
1782	139_Proline	train
1783	140_Proline	train
1784	141_Proline	train
1785	142_Proline	train
1786	143_Proline	train
1787	144_Proline	train
1788	145_Proline	train
1789	146_Proline	train
1790	147_Proline	train
1791	148_Proline	train
1792	149_Proline	train
1793	150_Proline	train
1794	151_Proline	train
1795	152_Proline	train
1796	153_Proline	train
1797	154_Proline	train
1798	155_Proline	train
1799	156_Proline	train
1800	157_Proline	train
1801	158_Proline	train
1802	159_Proline	validation
1803	160_Proline	train
1804	161_Proline	train
1805	162_Proline	train
1806	163_Proline	train
1807	164_Proline	train
1808	165_Proline	train
1809	166_Proline	train
1810	167_Proline	train
1811	168_Proline	train
1812	169_Proline	train
1813	170_Proline	train
1814	171_Proline	train
1815	172_Proline	train
1816	173_Proline	train
1817	174_Proline	train
1818	175_Proline	train
1819	176_Proline	train
1820	177_Proline	train
1821	178_Proline	train
1822	179_Proline	train
1823	180_Proline	train
1824	181_Proline	train
1825	182_Proline	train
1826	183_Proline	train
1827	184_Proline	train
1828	185_Proline	train
1829	186_Proline	train
1830	187_Proline	train
1831	188_Proline	train
1832	189_Proline	train
1833	190_Proline	train
1834	191_Proline	train
1835	192_Proline	train
1836	193_Proline	train
1837	194_Proline	train
1838	195_Proline	train
1839	196_Proline	train
1840	197_Proline	train
1841	198_Proline	validation
1842	199_Proline	train
1843	200_Proline	train
1844	201_Proline	train
1845	202_Proline	train
1846	203_Proline	validation
1847	204_Proline	validation
1848	205_Proline	train
1849	206_Proline	train
1850	207_Proline	train
1851	208_Proline	train
1852	209_Proline	train
1853	210_Proline	train
1854	211_Proline	train
1855	212_Proline	train
1856	213_Proline	train
1857	214_Proline	train
1858	215_Proline	train
1859	216_Proline	validation
1860	217_Proline	validation
1861	218_Proline	train
1862	219_Proline	train
1863	220_Proline	train
1864	221_Proline	train
1865	222_Proline	train
1866	223_Proline	train
1867	224_Proline	train
1868	225_Proline	train
1869	226_Proline	train
1870	227_Proline	train
1871	228_Proline	train
1872	229_Proline	train
1873	230_Proline	train
1874	231_Proline	train
1875	232_Proline	train
1876	233_Proline	train
1877	234_Proline	train
1878	235_Proline	train
1879	236_Proline	train
1880	237_Proline	train
1881	238_Proline	train
1882	239_Proline	train
1883	240_Proline	train
1884	241_Proline	train
1885	242_Proline	train
1886	243_Proline	train
1887	244_Proline	train
1888	245_Proline	train
1889	246_Proline	train
1890	247_Proline	train
1891	248_Proline	train
1892	249_Proline	train
1893	250_Proline	train
1894	251_Proline	train
1895	252_Proline	train
1896	253_Proline	train
1897	254_Proline	train
1898	255_Proline	train
1899	256_Proline	train
1900	257_Proline	train
1901	258_Proline	train
1902	259_Proline	train
1903	260_Proline	train
1904	261_Proline	train
1905	262_Proline	train
1906	263_Proline	train
1907	264_Proline	train
1908	265_Proline	train
1909	266_Proline	train
1910	267_Proline	train
1911	268_Proline	train
1912	269_Proline	train
1913	270_Proline	train
1914	271_Proline	train
1915	272_Proline	train
1916	273_Proline	train
1917	274_Proline	validation
1918	275_Proline	train
1919	276_Proline	train
1920	277_Proline	train
1921	278_Proline	train
1922	279_Proline	train
1923	280_Proline	train
1924	281_Proline	validation
1925	282_Proline	train
1926	283_Proline	train
1927	284_Proline	train
1928	285_Proline	train
1929	286_Proline	validation
1930	287_Proline	train
1931	288_Proline	train
1932	289_Proline	train
1933	290_Proline	train
1934	291_Proline	train
1935	292_Proline	train
1936	293_Proline	train
1937	294_Proline	train
1938	295_Proline	train
1939	296_Proline	train
1940	297_Proline	train
1941	298_Proline	validation
1942	299_Proline	train
1943	300_Proline	train
1944	301_Proline	train
1945	302_Proline	train
1946	303_Proline	train
1947	304_Proline	train
1948	305_Proline	train
1949	306_Proline	train
1950	307_Proline	train
1951	308_Proline	train
1952	309_Proline	train
1953	310_Proline	train
1954	311_Proline	train
1955	312_Proline	train
1956	313_Proline	validation
1957	314_Proline	train
1958	315_Proline	train
1959	316_Proline	train
1960	317_Proline	train
1961	318_Proline	train
1962	319_Proline	validation
1963	320_Proline	train
1964	321_Proline	train
1965	322_Proline	validation
1966	323_Proline	train
1967	324_Proline	train
1968	325_Proline	train
1969	326_Proline	train
1970	327_Proline	train
1971	328_Proline	train
1972	329_Proline	train
1973	330_Proline	train
1974	331_Proline	train
1975	332_Proline	train
1976	333_Proline	train
1977	334_Proline	train
1978	335_Proline	train
1979	336_Proline	train
1980	337_Proline	train
1981	338_Proline	train
1982	339_Proline	train
1983	340_Proline	train
1984	341_Proline	train
1985	342_Proline	train
1986	343_Proline	train
1987	344_Proline	train
1988	345_Proline	train
1989	346_Proline	train
1990	347_Proline	train
1991	348_Proline	train
1992	349_Proline	train
1993	350_Proline	train
1994	351_Proline	train
1995	352_Proline	train
1996	353_Proline	train
1997	354_Proline	train
1998	355_Proline	train
1999	356_Proline	train
2000	357_Proline	train
2001	358_Proline	train
2002	359_Proline	train
2003	360_Proline	train
2004	361_Proline	validation
2005	362_Proline	train
2006	363_Proline	train
2007	364_Proline	train
2008	365_Proline	train
2009	366_Proline	train
2010	367_Proline	train
2011	368_Proline	train
2012	369_Proline	train
2013	370_Proline	train
2014	371_Proline	train
2015	372_Proline	train
2016	373_Proline	train
2017	374_Proline	train
2018	375_Proline	train
2019	376_Proline	train
2020	377_Proline	train
2021	378_Proline	train
2022	379_Proline	train
2023	380_Proline	validation
2024	381_Proline	train
2025	382_Proline	train
2026	383_Proline	train
2027	384_Proline	train
2028	385_Proline	train
2029	386_Proline	train
2030	387_Proline	train
2031	388_Proline	train
2032	389_Proline	train
2033	390_Proline	train
2034	391_Proline	train
2035	392_Proline	train
2036	393_Proline	train
2037	394_Proline	validation
2038	395_Proline	train
2039	396_Proline	train
2040	397_Proline	train
2041	398_Proline	train
2042	399_Proline	train
2043	400_Proline	train
2044	401_Proline	train
2045	402_Proline	train
2046	403_Proline	train
2047	404_Proline	train
2048	405_Proline	train
2049	406_Proline	train
2050	407_Proline	train
2051	408_Proline	train
2052	409_Proline	train
2053	410_Proline	train
2054	411_Proline	train
2055	412_Proline	train
2056	413_Proline	train
2057	414_Proline	train
2058	415_Proline	validation
2059	416_Proline	train
2060	417_Proline	train
2061	418_Proline	train
2062	419_Proline	train
2063	420_Proline	train
2064	421_Proline	train
2065	422_Proline	train
2066	423_Proline	train
2067	424_Proline	train
2068	425_Proline	train
2069	426_Proline	train
2070	427_Proline	train
2071	428_Proline	train
2072	429_Proline	train
2073	430_Proline	train
2074	431_Proline	train
2075	432_Proline	train
2076	433_Proline	train
2077	434_Proline	train
2078	435_Proline	train
2079	436_Proline	train
2080	437_Proline	train
2081	438_Proline	train
2082	439_Proline	train
2083	440_Proline	train
2084	441_Proline	train
2085	442_Proline	train
2086	443_Proline	train
2087	444_Proline	train
2088	445_Proline	train
2089	446_Proline	train
2090	447_Proline	train
2091	448_Proline	train
2092	449_Proline	train
2093	450_Proline	train
2094	451_Proline	train
2095	452_Proline	train
2096	453_Proline	train
2097	454_Proline	train
2098	455_Proline	train
2099	456_Proline	train
2100	457_Proline	train
2101	458_Proline	train
2102	459_Proline	train
2103	460_Proline	train
2104	461_Proline	train
2105	462_Proline	train
2106	463_Proline	train
2107	464_Proline	train
2108	465_Proline	train
2109	466_Proline	train
2110	467_Proline	validation
2111	468_Proline	train
2112	469_Proline	train
2113	470_Proline	train
2114	471_Proline	train
2115	472_Proline	train
2116	473_Proline	train
2117	474_Proline	train
2118	475_Proline	train
2119	476_Proline	train
2120	477_Proline	train
2121	478_Proline	train
2122	479_Proline	train
2123	480_Proline	train
2124	481_Proline	train
2125	482_Proline	train
2126	483_Proline	train
2127	484_Proline	train
2128	485_Proline	train
2129	486_Proline	train
2130	487_Proline	train
2131	488_Proline	validation
2132	489_Proline	train
2133	490_Proline	train
2134	491_Proline	train
2135	492_Proline	train
2136	493_Proline	train
2137	494_Proline	train
2138	495_Proline	train
2139	496_Proline	train
2140	497_Proline	train
2141	498_Proline	train
2142	499_Proline	train
2143	500_Proline	train
2144	501_Proline	train
2145	502_Proline	train
2146	503_Proline	train
2147	504_Proline	train
2148	505_Proline	train
2149	506_Proline	train
2150	507_Proline	train
2151	508_Proline	train
2152	509_Proline	train
2153	510_Proline	train
2154	511_Proline	train
2155	512_Proline	train
2156	513_Proline	train
2157	514_Proline	train
2158	515_Proline	validation
2159	516_Proline	train
2160	517_Proline	train
2161	518_Proline	train
2162	519_Proline	train
2163	520_Proline	train
2164	521_Proline	train
2165	522_Proline	validation
2166	523_Proline	train
2167	524_Proline	train
2168	525_Proline	train
2169	526_Proline	train
2170	527_Proline	train
2171	528_Proline	train
2172	529_Proline	train
2173	530_Proline	train
2174	531_Proline	train
2175	532_Proline	train
2176	533_Proline	train
2177	534_Proline	train
2178	535_Proline	train
2179	536_Proline	train
2180	537_Proline	train
2181	538_Proline	train
2182	539_Proline	train
2183	540_Proline	train
2184	541_Proline	train
2185	542_Proline	train
2186	543_Proline	train
2187	544_Proline	train
2188	545_Proline	train
2189	546_Proline	train
2190	547_Proline	train
2191	548_Proline	train
2192	549_Proline	train
2193	550_Proline	train
2194	551_Proline	train
2195	552_Proline	train
2196	553_Proline	train
2197	554_Proline	train
2198	555_Proline	train
2199	556_Proline	train
2200	557_Proline	train
2201	558_Proline	train
2202	559_Proline	train
2203	560_Proline	train
2204	561_Proline	train
2205	562_Proline	train
2206	563_Proline	train
2207	564_Proline	train
2208	565_Proline	train
2209	566_Proline	train
2210	567_Proline	train
2211	568_Proline	train
2212	569_Proline	train
2213	570_Proline	train
2214	571_Proline	train
2215	572_Proline	train
2216	573_Proline	train
2217	574_Proline	train
2218	575_Proline	train
2219	576_Proline	train
2220	577_Proline	train
2221	578_Proline	train
2222	579_Proline	train
2223	580_Proline	train
2224	581_Proline	train
2225	582_Proline	train
2226	583_Proline	train
2227	584_Proline	train
2228	585_Proline	train
2229	586_Proline	train
2230	587_Proline	train
2231	588_Proline	train
2232	589_Proline	train
2233	590_Proline	train
2234	591_Proline	train
2235	592_Proline	train
2236	593_Proline	train
2237	594_Proline	train
2238	595_Proline	train
2239	596_Proline	train
2240	597_Proline	train
2241	598_Proline	train
2242	599_Proline	train
2243	600_Proline	train
2244	601_Proline	train
2245	602_Proline	train
2246	603_Proline	train
2247	604_Proline	train
2248	605_Proline	train
2249	606_Proline	train
2250	607_Proline	train
2251	608_Proline	train
2252	609_Proline	train
2253	610_Proline	train
2254	611_Proline	train
2255	612_Proline	train
2256	613_Proline	train
2257	614_Proline	train
2258	615_Proline	train
2259	616_Proline	train
2260	617_Proline	train
2261	618_Proline	train
2262	619_Proline	train
2263	620_Proline	train
2264	621_Proline	train
2265	622_Proline	train
2266	623_Proline	train
2267	624_Proline	train
2268	625_Proline	train
2269	626_Proline	train
2270	627_Proline	train
2271	628_Proline	train
2272	629_Proline	train
2273	630_Proline	train
2274	631_Proline	train
2275	632_Proline	train
2276	633_Proline	train
2277	634_Proline	train
2278	635_Proline	train
2279	636_Proline	train
2280	637_Proline	train
2281	638_Proline	train
2282	639_Proline	train
2283	640_Proline	train
2284	641_Proline	train
2285	642_Proline	train
2286	643_Proline	train
2287	644_Proline	train
2288	645_Proline	train
2289	646_Proline	train
2290	647_Proline	train
2291	648_Proline	train
2292	649_Proline	train
2293	650_Proline	train
2294	651_Proline	train
2295	652_Proline	train
2296	653_Proline	train
2297	654_Proline	train
2298	655_Proline	train
2299	656_Proline	train
2300	657_Proline	train
2301	658_Proline	train
2302	659_Proline	train
2303	660_Proline	train
2304	661_Proline	train
2305	662_Proline	train
2306	663_Proline	train
2307	664_Proline	train
2308	665_Proline	train
2309	666_Proline	train
2310	667_Proline	train
2311	668_Proline	train
2312	669_Proline	train
2313	670_Proline	train
2314	671_Proline	train
2315	672_Proline	train
2316	673_Proline	train
2317	674_Proline	train
2318	675_Proline	train
2319	676_Proline	train
2320	677_Proline	train
2321	678_Proline	train
2322	679_Proline	train
2323	680_Proline	train
2324	681_Proline	train
2325	682_Proline	train
2326	683_Proline	train
2327	684_Proline	train
2328	685_Proline	train
2329	686_Proline	train
2330	687_Proline	train
2331	688_Proline	validation
2332	689_Proline	train
2333	690_Proline	validation
2334	691_Proline	train
2335	692_Proline	train
2336	693_Proline	train
2337	694_Proline	train
2338	695_Proline	train
2339	696_Proline	train
2340	697_Proline	train
2341	698_Proline	train
2342	699_Proline	train
2343	700_Proline	train
2344	701_Proline	train
2345	702_Proline	train
2346	703_Proline	train
2347	704_Proline	train
2348	705_Proline	train
2349	706_Proline	train
2350	707_Proline	train
2351	708_Proline	train
2352	709_Proline	validation
2353	710_Proline	train
2354	711_Proline	train
2355	712_Proline	train
2356	713_Proline	train
2357	714_Proline	train
2358	715_Proline	train
2359	716_Proline	train
2360	717_Proline	train
2361	718_Proline	train
2362	719_Proline	train
2363	720_Proline	train
2364	721_Proline	train
2365	722_Proline	train
2366	723_Proline	validation
2367	724_Proline	train
2368	725_Proline	train
2369	726_Proline	train
2370	727_Proline	train
2371	728_Proline	validation
2372	729_Proline	train
2373	730_Proline	train
2374	731_Proline	train
2375	732_Proline	train
2376	733_Proline	train
2377	734_Proline	train
2378	735_Proline	train
2379	736_Proline	train
2380	737_Proline	train
2381	738_Proline	train
2382	739_Proline	train
2383	740_Proline	validation
2384	741_Proline	train
2385	742_Proline	train
2386	743_Proline	train
2387	744_Proline	train
2388	745_Proline	train
2389	746_Proline	train
2390	747_Proline	train
2391	748_Proline	train
2392	749_Proline	train
2393	750_Proline	train
2394	751_Proline	train
2395	752_Proline	train
2396	753_Proline	train
2397	754_Proline	train
2398	755_Proline	train
2399	756_Proline	train
2400	757_Proline	train
2401	758_Proline	train
2402	759_Proline	train
2403	760_Proline	train
2404	761_Proline	train
2405	762_Proline	train
2406	763_Proline	train
2407	764_Proline	train
2408	765_Proline	train
2409	766_Proline	train
2410	767_Proline	train
2411	768_Proline	train
2412	769_Proline	train
2413	770_Proline	train
2414	771_Proline	train
2415	772_Proline	train
2416	773_Proline	train
2417	774_Proline	train
2418	775_Proline	train
2419	776_Proline	train
2420	777_Proline	train
2421	778_Proline	train
2422	779_Proline	train
2423	780_Proline	train
2424	781_Proline	train
2425	782_Proline	train
2426	783_Proline	train
2427	784_Proline	train
2428	785_Proline	train
2429	786_Proline	train
2430	787_Proline	train
2431	788_Proline	train
2432	789_Proline	train
2433	790_Proline	train
2434	791_Proline	train
2435	792_Proline	train
2436	793_Proline	train
2437	794_Proline	validation
2438	795_Proline	train
2439	796_Proline	train
2440	797_Proline	train
2441	798_Proline	train
2442	799_Proline	train
2443	800_Proline	train
2444	801_Proline	train
2445	802_Proline	train
2446	803_Proline	train
2447	804_Proline	train
2448	805_Proline	train
2449	806_Proline	train
2450	807_Proline	train
2451	808_Proline	train
2452	809_Proline	train
2453	810_Proline	train
2454	811_Proline	train
2455	812_Proline	train
2456	813_Proline	train
2457	814_Proline	train
2458	815_Proline	train
2459	816_Proline	train
2460	817_Proline	validation
2461	818_Proline	train
2462	819_Proline	train
2463	820_Proline	train
2464	821_Proline	train
2465	822_Proline	train
2466	823_Proline	train
2467	824_Proline	train
2468	825_Proline	train
2469	826_Proline	train
2470	827_Proline	train
2471	828_Proline	train
2472	829_Proline	train
2473	830_Proline	train
2474	831_Proline	train
2475	832_Proline	train
2476	833_Proline	validation
2477	834_Proline	train
2478	835_Proline	train
2479	836_Proline	train
2480	837_Proline	train
2481	838_Proline	train
2482	839_Proline	validation
2483	840_Proline	train
2484	841_Proline	train
2485	842_Proline	train
2486	843_Proline	train
2487	844_Proline	train
2488	845_Proline	train
2489	846_Proline	train
2490	847_Proline	train
2491	848_Proline	train
2492	849_Proline	train
2493	850_Proline	train
2494	851_Proline	train
2495	852_Proline	validation
2496	853_Proline	train
2497	1_AmmoniumSulfate	train
2498	2_AmmoniumSulfate	train
2499	3_AmmoniumSulfate	train
2500	4_AmmoniumSulfate	train
2501	5_AmmoniumSulfate	train
2502	6_AmmoniumSulfate	train
2503	7_AmmoniumSulfate	train
2504	8_AmmoniumSulfate	train
2505	9_AmmoniumSulfate	train
2506	10_AmmoniumSulfate	train
2507	11_AmmoniumSulfate	train
2508	12_AmmoniumSulfate	train
2509	13_AmmoniumSulfate	train
2510	14_AmmoniumSulfate	train
2511	15_AmmoniumSulfate	train
2512	16_AmmoniumSulfate	train
2513	17_AmmoniumSulfate	train
2514	18_AmmoniumSulfate	train
2515	19_AmmoniumSulfate	train
2516	20_AmmoniumSulfate	train
2517	21_AmmoniumSulfate	train
2518	22_AmmoniumSulfate	train
2519	23_AmmoniumSulfate	train
2520	24_AmmoniumSulfate	train
2521	25_AmmoniumSulfate	train
2522	26_AmmoniumSulfate	train
2523	27_AmmoniumSulfate	train
2524	28_AmmoniumSulfate	train
2525	29_AmmoniumSulfate	train
2526	30_AmmoniumSulfate	train
2527	31_AmmoniumSulfate	train
2528	32_AmmoniumSulfate	train
2529	33_AmmoniumSulfate	train
2530	34_AmmoniumSulfate	train
2531	35_AmmoniumSulfate	train
2532	36_AmmoniumSulfate	train
2533	37_AmmoniumSulfate	train
2534	38_AmmoniumSulfate	train
2535	39_AmmoniumSulfate	train
2536	40_AmmoniumSulfate	train
2537	41_AmmoniumSulfate	train
2538	42_AmmoniumSulfate	validation
2539	43_AmmoniumSulfate	train
2540	44_AmmoniumSulfate	train
2541	45_AmmoniumSulfate	train
2542	46_AmmoniumSulfate	train
2543	47_AmmoniumSulfate	train
2544	48_AmmoniumSulfate	train
2545	49_AmmoniumSulfate	train
2546	50_AmmoniumSulfate	train
2547	51_AmmoniumSulfate	train
2548	52_AmmoniumSulfate	train
2549	53_AmmoniumSulfate	train
2550	54_AmmoniumSulfate	train
2551	55_AmmoniumSulfate	train
2552	56_AmmoniumSulfate	train
2553	57_AmmoniumSulfate	train
2554	58_AmmoniumSulfate	train
2555	59_AmmoniumSulfate	train
2556	60_AmmoniumSulfate	train
2557	61_AmmoniumSulfate	train
2558	62_AmmoniumSulfate	train
2559	63_AmmoniumSulfate	train
2560	64_AmmoniumSulfate	train
2561	65_AmmoniumSulfate	train
2562	66_AmmoniumSulfate	train
2563	67_AmmoniumSulfate	train
2564	68_AmmoniumSulfate	train
2565	69_AmmoniumSulfate	train
2566	70_AmmoniumSulfate	train
2567	71_AmmoniumSulfate	train
2568	72_AmmoniumSulfate	train
2569	73_AmmoniumSulfate	train
2570	74_AmmoniumSulfate	train
2571	75_AmmoniumSulfate	train
2572	76_AmmoniumSulfate	train
2573	77_AmmoniumSulfate	train
2574	78_AmmoniumSulfate	train
2575	79_AmmoniumSulfate	train
2576	80_AmmoniumSulfate	train
2577	81_AmmoniumSulfate	train
2578	82_AmmoniumSulfate	train
2579	83_AmmoniumSulfate	train
2580	84_AmmoniumSulfate	train
2581	85_AmmoniumSulfate	train
2582	86_AmmoniumSulfate	train
2583	87_AmmoniumSulfate	train
2584	88_AmmoniumSulfate	train
2585	89_AmmoniumSulfate	train
2586	90_AmmoniumSulfate	train
2587	91_AmmoniumSulfate	train
2588	92_AmmoniumSulfate	train
2589	93_AmmoniumSulfate	train
2590	94_AmmoniumSulfate	train
2591	95_AmmoniumSulfate	train
2592	96_AmmoniumSulfate	train
2593	97_AmmoniumSulfate	train
2594	98_AmmoniumSulfate	train
2595	99_AmmoniumSulfate	train
2596	100_AmmoniumSulfate	train
2597	101_AmmoniumSulfate	train
2598	102_AmmoniumSulfate	validation
2599	103_AmmoniumSulfate	train
2600	104_AmmoniumSulfate	train
2601	105_AmmoniumSulfate	train
2602	106_AmmoniumSulfate	train
2603	107_AmmoniumSulfate	train
2604	108_AmmoniumSulfate	train
2605	109_AmmoniumSulfate	train
2606	110_AmmoniumSulfate	train
2607	111_AmmoniumSulfate	train
2608	112_AmmoniumSulfate	train
2609	113_AmmoniumSulfate	train
2610	114_AmmoniumSulfate	train
2611	115_AmmoniumSulfate	train
2612	116_AmmoniumSulfate	train
2613	117_AmmoniumSulfate	train
2614	118_AmmoniumSulfate	train
2615	119_AmmoniumSulfate	train
2616	120_AmmoniumSulfate	train
2617	121_AmmoniumSulfate	train
2618	122_AmmoniumSulfate	train
2619	123_AmmoniumSulfate	train
2620	124_AmmoniumSulfate	validation
2621	125_AmmoniumSulfate	train
2622	126_AmmoniumSulfate	train
2623	127_AmmoniumSulfate	train
2624	128_AmmoniumSulfate	train
2625	129_AmmoniumSulfate	train
2626	130_AmmoniumSulfate	train
2627	131_AmmoniumSulfate	train
2628	132_AmmoniumSulfate	train
2629	133_AmmoniumSulfate	train
2630	134_AmmoniumSulfate	train
2631	135_AmmoniumSulfate	train
2632	136_AmmoniumSulfate	validation
2633	137_AmmoniumSulfate	train
2634	138_AmmoniumSulfate	train
2635	139_AmmoniumSulfate	train
2636	140_AmmoniumSulfate	train
2637	141_AmmoniumSulfate	train
2638	142_AmmoniumSulfate	train
2639	143_AmmoniumSulfate	train
2640	144_AmmoniumSulfate	train
2641	145_AmmoniumSulfate	train
2642	146_AmmoniumSulfate	train
2643	147_AmmoniumSulfate	train
2644	148_AmmoniumSulfate	train
2645	149_AmmoniumSulfate	train
2646	150_AmmoniumSulfate	train
2647	151_AmmoniumSulfate	train
2648	152_AmmoniumSulfate	train
2649	153_AmmoniumSulfate	train
2650	154_AmmoniumSulfate	train
2651	155_AmmoniumSulfate	train
2652	156_AmmoniumSulfate	train
2653	157_AmmoniumSulfate	validation
2654	158_AmmoniumSulfate	train
2655	159_AmmoniumSulfate	validation
2656	160_AmmoniumSulfate	train
2657	161_AmmoniumSulfate	train
2658	162_AmmoniumSulfate	train
2659	163_AmmoniumSulfate	train
2660	164_AmmoniumSulfate	train
2661	165_AmmoniumSulfate	train
2662	166_AmmoniumSulfate	train
2663	167_AmmoniumSulfate	train
2664	168_AmmoniumSulfate	train
2665	169_AmmoniumSulfate	train
2666	170_AmmoniumSulfate	train
2667	171_AmmoniumSulfate	train
2668	172_AmmoniumSulfate	train
2669	173_AmmoniumSulfate	train
2670	174_AmmoniumSulfate	train
2671	175_AmmoniumSulfate	train
2672	176_AmmoniumSulfate	train
2673	177_AmmoniumSulfate	train
2674	178_AmmoniumSulfate	train
2675	179_AmmoniumSulfate	validation
2676	180_AmmoniumSulfate	train
2677	181_AmmoniumSulfate	train
2678	182_AmmoniumSulfate	train
2679	183_AmmoniumSulfate	train
2680	184_AmmoniumSulfate	train
2681	185_AmmoniumSulfate	train
2682	186_AmmoniumSulfate	train
2683	187_AmmoniumSulfate	train
2684	188_AmmoniumSulfate	train
2685	189_AmmoniumSulfate	train
2686	190_AmmoniumSulfate	train
2687	191_AmmoniumSulfate	train
2688	192_AmmoniumSulfate	train
2689	193_AmmoniumSulfate	train
2690	194_AmmoniumSulfate	validation
2691	195_AmmoniumSulfate	validation
2692	196_AmmoniumSulfate	train
2693	197_AmmoniumSulfate	train
2694	198_AmmoniumSulfate	train
2695	199_AmmoniumSulfate	train
2696	200_AmmoniumSulfate	train
2697	201_AmmoniumSulfate	train
2698	202_AmmoniumSulfate	train
2699	203_AmmoniumSulfate	train
2700	204_AmmoniumSulfate	train
2701	205_AmmoniumSulfate	train
2702	206_AmmoniumSulfate	train
2703	207_AmmoniumSulfate	train
2704	208_AmmoniumSulfate	train
2705	209_AmmoniumSulfate	train
2706	210_AmmoniumSulfate	train
2707	211_AmmoniumSulfate	train
2708	212_AmmoniumSulfate	train
2709	213_AmmoniumSulfate	train
2710	214_AmmoniumSulfate	train
2711	215_AmmoniumSulfate	train
2712	216_AmmoniumSulfate	train
2713	217_AmmoniumSulfate	train
2714	218_AmmoniumSulfate	train
2715	219_AmmoniumSulfate	train
2716	220_AmmoniumSulfate	train
2717	221_AmmoniumSulfate	train
2718	222_AmmoniumSulfate	train
2719	223_AmmoniumSulfate	train
2720	224_AmmoniumSulfate	train
2721	225_AmmoniumSulfate	train
2722	226_AmmoniumSulfate	train
2723	227_AmmoniumSulfate	train
2724	228_AmmoniumSulfate	train
2725	229_AmmoniumSulfate	validation
2726	230_AmmoniumSulfate	train
2727	231_AmmoniumSulfate	train
2728	232_AmmoniumSulfate	train
2729	233_AmmoniumSulfate	train
2730	234_AmmoniumSulfate	train
2731	235_AmmoniumSulfate	train
2732	236_AmmoniumSulfate	train
2733	237_AmmoniumSulfate	train
2734	238_AmmoniumSulfate	train
2735	239_AmmoniumSulfate	train
2736	240_AmmoniumSulfate	train
2737	241_AmmoniumSulfate	train
2738	242_AmmoniumSulfate	train
2739	243_AmmoniumSulfate	train
2740	244_AmmoniumSulfate	train
2741	245_AmmoniumSulfate	train
2742	246_AmmoniumSulfate	train
2743	247_AmmoniumSulfate	train
2744	248_AmmoniumSulfate	train
2745	249_AmmoniumSulfate	train
2746	250_AmmoniumSulfate	train
2747	251_AmmoniumSulfate	train
2748	252_AmmoniumSulfate	train
2749	253_AmmoniumSulfate	train
2750	254_AmmoniumSulfate	train
2751	255_AmmoniumSulfate	train
2752	256_AmmoniumSulfate	train
2753	257_AmmoniumSulfate	train
2754	258_AmmoniumSulfate	train
2755	259_AmmoniumSulfate	train
2756	260_AmmoniumSulfate	train
2757	261_AmmoniumSulfate	train
2758	262_AmmoniumSulfate	train
2759	263_AmmoniumSulfate	train
2760	264_AmmoniumSulfate	train
2761	265_AmmoniumSulfate	train
2762	266_AmmoniumSulfate	train
2763	267_AmmoniumSulfate	train
2764	268_AmmoniumSulfate	train
2765	269_AmmoniumSulfate	train
2766	270_AmmoniumSulfate	train
2767	271_AmmoniumSulfate	train
2768	272_AmmoniumSulfate	train
2769	273_AmmoniumSulfate	train
2770	274_AmmoniumSulfate	train
2771	275_AmmoniumSulfate	train
2772	276_AmmoniumSulfate	train
2773	277_AmmoniumSulfate	train
2774	278_AmmoniumSulfate	train
2775	279_AmmoniumSulfate	train
2776	280_AmmoniumSulfate	train
2777	281_AmmoniumSulfate	train
2778	282_AmmoniumSulfate	train
2779	283_AmmoniumSulfate	train
2780	284_AmmoniumSulfate	train
2781	285_AmmoniumSulfate	train
2782	286_AmmoniumSulfate	train
2783	287_AmmoniumSulfate	train
2784	288_AmmoniumSulfate	train
2785	289_AmmoniumSulfate	train
2786	290_AmmoniumSulfate	validation
2787	291_AmmoniumSulfate	train
2788	292_AmmoniumSulfate	train
2789	293_AmmoniumSulfate	train
2790	294_AmmoniumSulfate	train
2791	295_AmmoniumSulfate	train
2792	296_AmmoniumSulfate	train
2793	297_AmmoniumSulfate	train
2794	298_AmmoniumSulfate	train
2795	299_AmmoniumSulfate	train
2796	300_AmmoniumSulfate	train
2797	301_AmmoniumSulfate	train
2798	302_AmmoniumSulfate	train
2799	303_AmmoniumSulfate	train
2800	304_AmmoniumSulfate	train
2801	305_AmmoniumSulfate	train
2802	306_AmmoniumSulfate	train
2803	307_AmmoniumSulfate	validation
2804	308_AmmoniumSulfate	validation
2805	309_AmmoniumSulfate	train
2806	310_AmmoniumSulfate	train
2807	311_AmmoniumSulfate	train
2808	312_AmmoniumSulfate	train
2809	313_AmmoniumSulfate	train
2810	314_AmmoniumSulfate	train
2811	315_AmmoniumSulfate	train
2812	316_AmmoniumSulfate	train
2813	317_AmmoniumSulfate	train
2814	318_AmmoniumSulfate	train
2815	319_AmmoniumSulfate	train
2816	320_AmmoniumSulfate	train
2817	321_AmmoniumSulfate	train
2818	322_AmmoniumSulfate	train
2819	323_AmmoniumSulfate	train
2820	324_AmmoniumSulfate	validation
2821	325_AmmoniumSulfate	train
2822	326_AmmoniumSulfate	validation
2823	327_AmmoniumSulfate	train
2824	328_AmmoniumSulfate	validation
2825	329_AmmoniumSulfate	train
2826	330_AmmoniumSulfate	train
2827	331_AmmoniumSulfate	train
2828	332_AmmoniumSulfate	train
2829	333_AmmoniumSulfate	train
2830	334_AmmoniumSulfate	validation
2831	335_AmmoniumSulfate	train
2832	336_AmmoniumSulfate	train
2833	337_AmmoniumSulfate	train
2834	338_AmmoniumSulfate	validation
2835	339_AmmoniumSulfate	train
2836	340_AmmoniumSulfate	train
2837	341_AmmoniumSulfate	train
2838	342_AmmoniumSulfate	train
2839	343_AmmoniumSulfate	train
2840	344_AmmoniumSulfate	train
2841	345_AmmoniumSulfate	train
2842	346_AmmoniumSulfate	train
2843	347_AmmoniumSulfate	train
2844	348_AmmoniumSulfate	train
2845	349_AmmoniumSulfate	train
2846	350_AmmoniumSulfate	validation
2847	351_AmmoniumSulfate	train
2848	352_AmmoniumSulfate	train
2849	353_AmmoniumSulfate	train
2850	354_AmmoniumSulfate	train
2851	355_AmmoniumSulfate	train
2852	356_AmmoniumSulfate	train
2853	357_AmmoniumSulfate	train
2854	358_AmmoniumSulfate	train
2855	359_AmmoniumSulfate	train
2856	360_AmmoniumSulfate	train
2857	361_AmmoniumSulfate	train
2858	362_AmmoniumSulfate	train
2859	363_AmmoniumSulfate	train
2860	364_AmmoniumSulfate	train
2861	365_AmmoniumSulfate	train
2862	366_AmmoniumSulfate	train
2863	367_AmmoniumSulfate	train
2864	368_AmmoniumSulfate	train
2865	369_AmmoniumSulfate	train
2866	370_AmmoniumSulfate	train
2867	371_AmmoniumSulfate	train
2868	372_AmmoniumSulfate	train
2869	373_AmmoniumSulfate	train
2870	374_AmmoniumSulfate	train
2871	375_AmmoniumSulfate	train
2872	376_AmmoniumSulfate	train
2873	377_AmmoniumSulfate	train
2874	378_AmmoniumSulfate	train
2875	379_AmmoniumSulfate	train
2876	380_AmmoniumSulfate	train
2877	381_AmmoniumSulfate	validation
2878	382_AmmoniumSulfate	train
2879	383_AmmoniumSulfate	train
2880	384_AmmoniumSulfate	train
2881	385_AmmoniumSulfate	train
2882	386_AmmoniumSulfate	train
2883	387_AmmoniumSulfate	train
2884	388_AmmoniumSulfate	train
2885	389_AmmoniumSulfate	train
2886	390_AmmoniumSulfate	train
2887	391_AmmoniumSulfate	train
2888	392_AmmoniumSulfate	validation
2889	393_AmmoniumSulfate	train
2890	394_AmmoniumSulfate	train
2891	395_AmmoniumSulfate	train
2892	396_AmmoniumSulfate	train
2893	397_AmmoniumSulfate	train
2894	398_AmmoniumSulfate	train
2895	399_AmmoniumSulfate	train
2896	400_AmmoniumSulfate	train
2897	401_AmmoniumSulfate	train
2898	402_AmmoniumSulfate	train
2899	403_AmmoniumSulfate	train
2900	404_AmmoniumSulfate	train
2901	405_AmmoniumSulfate	train
2902	406_AmmoniumSulfate	train
2903	407_AmmoniumSulfate	train
2904	408_AmmoniumSulfate	train
2905	409_AmmoniumSulfate	train
2906	410_AmmoniumSulfate	train
2907	411_AmmoniumSulfate	train
2908	412_AmmoniumSulfate	train
2909	413_AmmoniumSulfate	train
2910	414_AmmoniumSulfate	train
2911	415_AmmoniumSulfate	validation
2912	416_AmmoniumSulfate	train
2913	417_AmmoniumSulfate	train
2914	418_AmmoniumSulfate	train
2915	419_AmmoniumSulfate	train
2916	420_AmmoniumSulfate	train
2917	421_AmmoniumSulfate	train
2918	422_AmmoniumSulfate	train
2919	423_AmmoniumSulfate	train
2920	424_AmmoniumSulfate	train
2921	425_AmmoniumSulfate	train
2922	426_AmmoniumSulfate	train
2923	427_AmmoniumSulfate	train
2924	428_AmmoniumSulfate	train
2925	429_AmmoniumSulfate	train
2926	430_AmmoniumSulfate	train
2927	431_AmmoniumSulfate	train
2928	432_AmmoniumSulfate	train
2929	433_AmmoniumSulfate	train
2930	434_AmmoniumSulfate	train
2931	435_AmmoniumSulfate	train
2932	436_AmmoniumSulfate	train
2933	437_AmmoniumSulfate	train
2934	438_AmmoniumSulfate	train
2935	439_AmmoniumSulfate	train
2936	440_AmmoniumSulfate	train
2937	441_AmmoniumSulfate	train
2938	442_AmmoniumSulfate	train
2939	443_AmmoniumSulfate	train
2940	444_AmmoniumSulfate	train
2941	445_AmmoniumSulfate	train
2942	446_AmmoniumSulfate	train
2943	447_AmmoniumSulfate	train
2944	448_AmmoniumSulfate	train
2945	449_AmmoniumSulfate	train
2946	450_AmmoniumSulfate	train
2947	451_AmmoniumSulfate	train
2948	452_AmmoniumSulfate	train
2949	453_AmmoniumSulfate	validation
2950	454_AmmoniumSulfate	train
2951	455_AmmoniumSulfate	train
2952	456_AmmoniumSulfate	train
2953	457_AmmoniumSulfate	train
2954	458_AmmoniumSulfate	train
2955	459_AmmoniumSulfate	train
2956	460_AmmoniumSulfate	train
2957	461_AmmoniumSulfate	train
2958	462_AmmoniumSulfate	train
2959	463_AmmoniumSulfate	train
2960	464_AmmoniumSulfate	train
2961	465_AmmoniumSulfate	train
2962	466_AmmoniumSulfate	train
2963	467_AmmoniumSulfate	train
2964	468_AmmoniumSulfate	validation
2965	469_AmmoniumSulfate	train
2966	470_AmmoniumSulfate	train
2967	471_AmmoniumSulfate	train
2968	472_AmmoniumSulfate	train
2969	473_AmmoniumSulfate	train
2970	474_AmmoniumSulfate	validation
2971	475_AmmoniumSulfate	train
2972	476_AmmoniumSulfate	train
2973	477_AmmoniumSulfate	train
2974	478_AmmoniumSulfate	train
2975	479_AmmoniumSulfate	train
2976	480_AmmoniumSulfate	train
2977	481_AmmoniumSulfate	train
2978	482_AmmoniumSulfate	train
2979	483_AmmoniumSulfate	train
2980	484_AmmoniumSulfate	train
2981	485_AmmoniumSulfate	train
2982	486_AmmoniumSulfate	train
2983	487_AmmoniumSulfate	train
2984	488_AmmoniumSulfate	train
2985	489_AmmoniumSulfate	train
2986	490_AmmoniumSulfate	train
2987	491_AmmoniumSulfate	train
2988	492_AmmoniumSulfate	train
2989	493_AmmoniumSulfate	train
2990	494_AmmoniumSulfate	train
2991	495_AmmoniumSulfate	train
2992	496_AmmoniumSulfate	train
2993	497_AmmoniumSulfate	train
2994	498_AmmoniumSulfate	train
2995	499_AmmoniumSulfate	train
2996	500_AmmoniumSulfate	train
2997	501_AmmoniumSulfate	train
2998	502_AmmoniumSulfate	train
2999	503_AmmoniumSulfate	train
3000	504_AmmoniumSulfate	train
3001	505_AmmoniumSulfate	train
3002	506_AmmoniumSulfate	train
3003	507_AmmoniumSulfate	train
3004	508_AmmoniumSulfate	train
3005	509_AmmoniumSulfate	train
3006	510_AmmoniumSulfate	train
3007	511_AmmoniumSulfate	train
3008	512_AmmoniumSulfate	train
3009	513_AmmoniumSulfate	train
3010	514_AmmoniumSulfate	train
3011	515_AmmoniumSulfate	train
3012	516_AmmoniumSulfate	train
3013	517_AmmoniumSulfate	train
3014	518_AmmoniumSulfate	train
3015	519_AmmoniumSulfate	train
3016	520_AmmoniumSulfate	train
3017	521_AmmoniumSulfate	train
3018	522_AmmoniumSulfate	train
3019	523_AmmoniumSulfate	train
3020	524_AmmoniumSulfate	train
3021	525_AmmoniumSulfate	train
3022	526_AmmoniumSulfate	train
3023	527_AmmoniumSulfate	train
3024	528_AmmoniumSulfate	train
3025	529_AmmoniumSulfate	train
3026	530_AmmoniumSulfate	train
3027	531_AmmoniumSulfate	train
3028	532_AmmoniumSulfate	train
3029	533_AmmoniumSulfate	train
3030	534_AmmoniumSulfate	train
3031	535_AmmoniumSulfate	train
3032	536_AmmoniumSulfate	train
3033	537_AmmoniumSulfate	train
3034	538_AmmoniumSulfate	train
3035	539_AmmoniumSulfate	train
3036	540_AmmoniumSulfate	validation
3037	541_AmmoniumSulfate	train
3038	542_AmmoniumSulfate	train
3039	543_AmmoniumSulfate	train
3040	544_AmmoniumSulfate	train
3041	545_AmmoniumSulfate	train
3042	546_AmmoniumSulfate	train
3043	547_AmmoniumSulfate	train
3044	548_AmmoniumSulfate	train
3045	549_AmmoniumSulfate	train
3046	550_AmmoniumSulfate	train
3047	551_AmmoniumSulfate	train
3048	552_AmmoniumSulfate	train
3049	553_AmmoniumSulfate	train
3050	554_AmmoniumSulfate	train
3051	555_AmmoniumSulfate	train
3052	556_AmmoniumSulfate	train
3053	557_AmmoniumSulfate	train
3054	558_AmmoniumSulfate	train
3055	559_AmmoniumSulfate	train
3056	560_AmmoniumSulfate	train
3057	561_AmmoniumSulfate	train
3058	562_AmmoniumSulfate	train
3059	563_AmmoniumSulfate	validation
3060	564_AmmoniumSulfate	train
3061	565_AmmoniumSulfate	train
3062	566_AmmoniumSulfate	train
3063	567_AmmoniumSulfate	train
3064	568_AmmoniumSulfate	train
3065	569_AmmoniumSulfate	train
3066	570_AmmoniumSulfate	train
3067	571_AmmoniumSulfate	train
3068	572_AmmoniumSulfate	train
3069	573_AmmoniumSulfate	train
3070	574_AmmoniumSulfate	train
3071	575_AmmoniumSulfate	train
3072	576_AmmoniumSulfate	train
3073	577_AmmoniumSulfate	train
3074	578_AmmoniumSulfate	train
3075	579_AmmoniumSulfate	train
3076	580_AmmoniumSulfate	train
3077	581_AmmoniumSulfate	train
3078	582_AmmoniumSulfate	train
3079	583_AmmoniumSulfate	train
3080	584_AmmoniumSulfate	train
3081	585_AmmoniumSulfate	train
3082	586_AmmoniumSulfate	train
3083	587_AmmoniumSulfate	validation
3084	588_AmmoniumSulfate	train
3085	589_AmmoniumSulfate	train
3086	590_AmmoniumSulfate	train
3087	591_AmmoniumSulfate	train
3088	592_AmmoniumSulfate	train
3089	593_AmmoniumSulfate	train
3090	594_AmmoniumSulfate	train
3091	595_AmmoniumSulfate	train
3092	596_AmmoniumSulfate	train
3093	597_AmmoniumSulfate	train
3094	598_AmmoniumSulfate	train
3095	599_AmmoniumSulfate	train
3096	600_AmmoniumSulfate	validation
3097	601_AmmoniumSulfate	train
3098	602_AmmoniumSulfate	train
3099	603_AmmoniumSulfate	train
3100	604_AmmoniumSulfate	train
3101	605_AmmoniumSulfate	train
3102	606_AmmoniumSulfate	train
3103	607_AmmoniumSulfate	train
3104	608_AmmoniumSulfate	train
3105	609_AmmoniumSulfate	train
3106	610_AmmoniumSulfate	train
3107	611_AmmoniumSulfate	train
3108	612_AmmoniumSulfate	train
3109	613_AmmoniumSulfate	train
3110	614_AmmoniumSulfate	train
3111	615_AmmoniumSulfate	train
3112	616_AmmoniumSulfate	train
3113	617_AmmoniumSulfate	train
3114	618_AmmoniumSulfate	train
3115	619_AmmoniumSulfate	train
3116	620_AmmoniumSulfate	train
3117	621_AmmoniumSulfate	train
3118	622_AmmoniumSulfate	train
3119	623_AmmoniumSulfate	train
3120	624_AmmoniumSulfate	train
3121	625_AmmoniumSulfate	train
3122	626_AmmoniumSulfate	train
3123	627_AmmoniumSulfate	train
3124	628_AmmoniumSulfate	train
3125	629_AmmoniumSulfate	train
3126	630_AmmoniumSulfate	train
3127	631_AmmoniumSulfate	train
3128	632_AmmoniumSulfate	train
3129	633_AmmoniumSulfate	train
3130	634_AmmoniumSulfate	train
3131	635_AmmoniumSulfate	train
3132	636_AmmoniumSulfate	train
3133	637_AmmoniumSulfate	train
3134	638_AmmoniumSulfate	train
3135	639_AmmoniumSulfate	train
3136	640_AmmoniumSulfate	train
3137	641_AmmoniumSulfate	train
3138	642_AmmoniumSulfate	train
3139	643_AmmoniumSulfate	train
3140	644_AmmoniumSulfate	train
3141	645_AmmoniumSulfate	train
3142	646_AmmoniumSulfate	train
3143	647_AmmoniumSulfate	train
3144	648_AmmoniumSulfate	train
3145	649_AmmoniumSulfate	train
3146	650_AmmoniumSulfate	train
3147	651_AmmoniumSulfate	train
3148	652_AmmoniumSulfate	train
3149	653_AmmoniumSulfate	train
3150	654_AmmoniumSulfate	train
3151	655_AmmoniumSulfate	train
3152	656_AmmoniumSulfate	train
3153	657_AmmoniumSulfate	validation
3154	658_AmmoniumSulfate	train
3155	659_AmmoniumSulfate	train
3156	660_AmmoniumSulfate	train
3157	661_AmmoniumSulfate	validation
3158	662_AmmoniumSulfate	train
3159	663_AmmoniumSulfate	train
3160	664_AmmoniumSulfate	train
3161	665_AmmoniumSulfate	train
3162	666_AmmoniumSulfate	train
3163	667_AmmoniumSulfate	train
3164	668_AmmoniumSulfate	train
3165	669_AmmoniumSulfate	train
3166	670_AmmoniumSulfate	train
3167	671_AmmoniumSulfate	train
3168	672_AmmoniumSulfate	train
3169	673_AmmoniumSulfate	train
3170	674_AmmoniumSulfate	train
3171	675_AmmoniumSulfate	train
3172	676_AmmoniumSulfate	train
3173	677_AmmoniumSulfate	train
3174	678_AmmoniumSulfate	train
3175	679_AmmoniumSulfate	train
3176	680_AmmoniumSulfate	train
3177	681_AmmoniumSulfate	train
3178	682_AmmoniumSulfate	train
3179	683_AmmoniumSulfate	train
3180	684_AmmoniumSulfate	train
3181	685_AmmoniumSulfate	train
3182	686_AmmoniumSulfate	train
3183	687_AmmoniumSulfate	train
3184	688_AmmoniumSulfate	train
3185	689_AmmoniumSulfate	train
3186	690_AmmoniumSulfate	train
3187	691_AmmoniumSulfate	train
3188	692_AmmoniumSulfate	train
3189	693_AmmoniumSulfate	train
3190	694_AmmoniumSulfate	train
3191	695_AmmoniumSulfate	train
3192	696_AmmoniumSulfate	train
3193	697_AmmoniumSulfate	validation
3194	698_AmmoniumSulfate	train
3195	699_AmmoniumSulfate	train
3196	700_AmmoniumSulfate	train
3197	701_AmmoniumSulfate	train
3198	702_AmmoniumSulfate	train
3199	703_AmmoniumSulfate	train
3200	704_AmmoniumSulfate	train
3201	705_AmmoniumSulfate	train
3202	706_AmmoniumSulfate	train
3203	707_AmmoniumSulfate	train
3204	708_AmmoniumSulfate	train
3205	709_AmmoniumSulfate	train
3206	710_AmmoniumSulfate	train
3207	711_AmmoniumSulfate	train
3208	712_AmmoniumSulfate	train
3209	713_AmmoniumSulfate	train
3210	714_AmmoniumSulfate	train
3211	715_AmmoniumSulfate	train
3212	716_AmmoniumSulfate	train
3213	717_AmmoniumSulfate	train
3214	718_AmmoniumSulfate	train
3215	719_AmmoniumSulfate	train
3216	720_AmmoniumSulfate	train
3217	721_AmmoniumSulfate	validation
3218	722_AmmoniumSulfate	train
3219	723_AmmoniumSulfate	train
3220	724_AmmoniumSulfate	train
3221	725_AmmoniumSulfate	train
3222	726_AmmoniumSulfate	train
3223	727_AmmoniumSulfate	train
3224	728_AmmoniumSulfate	train
3225	729_AmmoniumSulfate	train
3226	730_AmmoniumSulfate	train
3227	731_AmmoniumSulfate	train
3228	732_AmmoniumSulfate	train
3229	733_AmmoniumSulfate	train
3230	734_AmmoniumSulfate	train
3231	735_AmmoniumSulfate	train
3232	736_AmmoniumSulfate	train
3233	737_AmmoniumSulfate	train
3234	738_AmmoniumSulfate	train
3235	739_AmmoniumSulfate	train
3236	740_AmmoniumSulfate	train
3237	741_AmmoniumSulfate	train
3238	742_AmmoniumSulfate	train
3239	743_AmmoniumSulfate	train
3240	744_AmmoniumSulfate	train
3241	745_AmmoniumSulfate	train
3242	746_AmmoniumSulfate	validation
3243	747_AmmoniumSulfate	train
3244	748_AmmoniumSulfate	train
3245	749_AmmoniumSulfate	train
3246	750_AmmoniumSulfate	train
3247	751_AmmoniumSulfate	train
3248	752_AmmoniumSulfate	train
3249	753_AmmoniumSulfate	train
3250	754_AmmoniumSulfate	train
3251	755_AmmoniumSulfate	train
3252	756_AmmoniumSulfate	train
3253	757_AmmoniumSulfate	train
3254	758_AmmoniumSulfate	train
3255	759_AmmoniumSulfate	train
3256	760_AmmoniumSulfate	train
3257	761_AmmoniumSulfate	train
3258	762_AmmoniumSulfate	train
3259	763_AmmoniumSulfate	train
3260	764_AmmoniumSulfate	train
3261	765_AmmoniumSulfate	train
3262	766_AmmoniumSulfate	train
3263	767_AmmoniumSulfate	train
3264	768_AmmoniumSulfate	train
3265	769_AmmoniumSulfate	train
3266	770_AmmoniumSulfate	train
3267	771_AmmoniumSulfate	train
3268	772_AmmoniumSulfate	train
3269	773_AmmoniumSulfate	train
3270	774_AmmoniumSulfate	train
3271	775_AmmoniumSulfate	train
3272	776_AmmoniumSulfate	train
3273	777_AmmoniumSulfate	train
3274	778_AmmoniumSulfate	train
3275	779_AmmoniumSulfate	train
3276	780_AmmoniumSulfate	train
3277	781_AmmoniumSulfate	train
3278	782_AmmoniumSulfate	train
3279	783_AmmoniumSulfate	train
3280	784_AmmoniumSulfate	validation
3281	785_AmmoniumSulfate	train
3282	786_AmmoniumSulfate	train
3283	787_AmmoniumSulfate	train
3284	788_AmmoniumSulfate	train
3285	789_AmmoniumSulfate	train
3286	790_AmmoniumSulfate	train
3287	791_AmmoniumSulfate	train
3288	792_AmmoniumSulfate	validation
3289	793_AmmoniumSulfate	train
3290	794_AmmoniumSulfate	train
3291	795_AmmoniumSulfate	train
3292	796_AmmoniumSulfate	train
3293	797_AmmoniumSulfate	train
3294	798_AmmoniumSulfate	train
3295	799_AmmoniumSulfate	train
3296	800_AmmoniumSulfate	train
3297	801_AmmoniumSulfate	train
3298	802_AmmoniumSulfate	train
3299	803_AmmoniumSulfate	train
3300	804_AmmoniumSulfate	train
3301	805_AmmoniumSulfate	train
3302	806_AmmoniumSulfate	train
3303	807_AmmoniumSulfate	train
3304	808_AmmoniumSulfate	train
3305	809_AmmoniumSulfate	train
3306	810_AmmoniumSulfate	train
3307	811_AmmoniumSulfate	train
3308	812_AmmoniumSulfate	train
3309	813_AmmoniumSulfate	train
3310	814_AmmoniumSulfate	train
3311	815_AmmoniumSulfate	train
3312	816_AmmoniumSulfate	train
3313	817_AmmoniumSulfate	train
3314	818_AmmoniumSulfate	train
3315	819_AmmoniumSulfate	train
3316	820_AmmoniumSulfate	train
3317	821_AmmoniumSulfate	train
3318	822_AmmoniumSulfate	train
3319	823_AmmoniumSulfate	train
3320	824_AmmoniumSulfate	train
3321	825_AmmoniumSulfate	train
3322	826_AmmoniumSulfate	train
3323	827_AmmoniumSulfate	train
3324	828_AmmoniumSulfate	train
3325	829_AmmoniumSulfate	train
3326	830_AmmoniumSulfate	train
3327	831_AmmoniumSulfate	train
3328	832_AmmoniumSulfate	train
3329	833_AmmoniumSulfate	train
3330	834_AmmoniumSulfate	train
3331	835_AmmoniumSulfate	train
3332	836_AmmoniumSulfate	train
3333	837_AmmoniumSulfate	train
3334	838_AmmoniumSulfate	train
3335	839_AmmoniumSulfate	train
3336	840_AmmoniumSulfate	train
3337	841_AmmoniumSulfate	train
3338	842_AmmoniumSulfate	train
3339	843_AmmoniumSulfate	train
3340	844_AmmoniumSulfate	train
3341	845_AmmoniumSulfate	train
3342	846_AmmoniumSulfate	train
3343	847_AmmoniumSulfate	train
3344	848_AmmoniumSulfate	train
3345	849_AmmoniumSulfate	train
3346	850_AmmoniumSulfate	train
3347	851_AmmoniumSulfate	train
3348	852_AmmoniumSulfate	train
3349	853_AmmoniumSulfate	train
3350	854_AmmoniumSulfate	train
3351	855_AmmoniumSulfate	train
3352	856_AmmoniumSulfate	train
3353	857_AmmoniumSulfate	train
3354	858_AmmoniumSulfate	train
3355	859_AmmoniumSulfate	train
3356	860_AmmoniumSulfate	train
3357	861_AmmoniumSulfate	train
3358	862_AmmoniumSulfate	train
3359	863_AmmoniumSulfate	validation
3360	864_AmmoniumSulfate	train
3361	865_AmmoniumSulfate	train
3362	866_AmmoniumSulfate	train
3363	867_AmmoniumSulfate	train
3364	868_AmmoniumSulfate	train
3365	869_AmmoniumSulfate	train
3366	870_AmmoniumSulfate	train
3367	871_AmmoniumSulfate	train
3368	872_AmmoniumSulfate	train
3369	873_AmmoniumSulfate	train
3370	874_AmmoniumSulfate	train
3371	875_AmmoniumSulfate	train
3372	876_AmmoniumSulfate	train
3373	877_AmmoniumSulfate	train
3374	878_AmmoniumSulfate	train
3375	879_AmmoniumSulfate	train
3376	880_AmmoniumSulfate	train
3377	881_AmmoniumSulfate	train
3378	882_AmmoniumSulfate	train
3379	883_AmmoniumSulfate	train
3380	884_AmmoniumSulfate	train
3381	885_AmmoniumSulfate	train
3382	886_AmmoniumSulfate	train
3383	887_AmmoniumSulfate	train
3384	888_AmmoniumSulfate	train
3385	889_AmmoniumSulfate	train
3386	890_AmmoniumSulfate	train
3387	891_AmmoniumSulfate	train
3388	892_AmmoniumSulfate	train
3389	893_AmmoniumSulfate	train
3390	894_AmmoniumSulfate	train
3391	895_AmmoniumSulfate	train
3392	896_AmmoniumSulfate	train
3393	897_AmmoniumSulfate	validation
3394	898_AmmoniumSulfate	train
3395	899_AmmoniumSulfate	train
3396	900_AmmoniumSulfate	train
3397	901_AmmoniumSulfate	train
3398	902_AmmoniumSulfate	train
3399	903_AmmoniumSulfate	train
3400	904_AmmoniumSulfate	train
3401	905_AmmoniumSulfate	train
3402	906_AmmoniumSulfate	train
3403	907_AmmoniumSulfate	train
3404	908_AmmoniumSulfate	train
3405	909_AmmoniumSulfate	train
3406	910_AmmoniumSulfate	train
3407	911_AmmoniumSulfate	validation
3408	912_AmmoniumSulfate	train
3409	913_AmmoniumSulfate	train
3410	914_AmmoniumSulfate	train
3411	915_AmmoniumSulfate	train
3412	916_AmmoniumSulfate	train
3413	917_AmmoniumSulfate	train
3414	918_AmmoniumSulfate	train
3415	919_AmmoniumSulfate	train
3416	920_AmmoniumSulfate	train
3417	921_AmmoniumSulfate	train
3418	922_AmmoniumSulfate	train
3419	923_AmmoniumSulfate	train
3420	924_AmmoniumSulfate	train
3421	925_AmmoniumSulfate	train
3422	926_AmmoniumSulfate	train
3423	927_AmmoniumSulfate	train
3424	928_AmmoniumSulfate	train
3425	929_AmmoniumSulfate	train
3426	930_AmmoniumSulfate	train
3427	931_AmmoniumSulfate	train
3428	932_AmmoniumSulfate	train
3429	933_AmmoniumSulfate	train
3430	934_AmmoniumSulfate	train
3431	935_AmmoniumSulfate	train
3432	936_AmmoniumSulfate	train
3433	937_AmmoniumSulfate	train
3434	938_AmmoniumSulfate	train
3435	939_AmmoniumSulfate	train
3436	940_AmmoniumSulfate	validation
3437	941_AmmoniumSulfate	train
3438	942_AmmoniumSulfate	train
3439	943_AmmoniumSulfate	train
3440	944_AmmoniumSulfate	train
3441	945_AmmoniumSulfate	train
3442	946_AmmoniumSulfate	train
3443	947_AmmoniumSulfate	train
3444	948_AmmoniumSulfate	train
3445	949_AmmoniumSulfate	train
3446	950_AmmoniumSulfate	train
3447	951_AmmoniumSulfate	train
3448	952_AmmoniumSulfate	train
3449	953_AmmoniumSulfate	train
3450	954_AmmoniumSulfate	train
3451	955_AmmoniumSulfate	train
3452	956_AmmoniumSulfate	train
3453	957_AmmoniumSulfate	train
3454	958_AmmoniumSulfate	train
3455	959_AmmoniumSulfate	train
3456	960_AmmoniumSulfate	train
3457	961_AmmoniumSulfate	train
3458	962_AmmoniumSulfate	train
3459	963_AmmoniumSulfate	train
3460	964_AmmoniumSulfate	train
3461	965_AmmoniumSulfate	train
3462	966_AmmoniumSulfate	train
3463	967_AmmoniumSulfate	train
3464	968_AmmoniumSulfate	train
3465	969_AmmoniumSulfate	train
3466	970_AmmoniumSulfate	train
3467	971_AmmoniumSulfate	train
3468	972_AmmoniumSulfate	train
3469	973_AmmoniumSulfate	train
3470	974_AmmoniumSulfate	train
3471	975_AmmoniumSulfate	train
3472	976_AmmoniumSulfate	train
3473	977_AmmoniumSulfate	train
3474	978_AmmoniumSulfate	train
3475	979_AmmoniumSulfate	validation
3476	980_AmmoniumSulfate	train
3477	981_AmmoniumSulfate	train
3478	982_AmmoniumSulfate	train
3479	983_AmmoniumSulfate	train
3480	984_AmmoniumSulfate	train
3481	985_AmmoniumSulfate	validation
3482	986_AmmoniumSulfate	train
3483	987_AmmoniumSulfate	train
3484	988_AmmoniumSulfate	train
3485	989_AmmoniumSulfate	train
3486	990_AmmoniumSulfate	validation
3487	991_AmmoniumSulfate	train
3488	992_AmmoniumSulfate	train
3489	993_AmmoniumSulfate	train
3490	994_AmmoniumSulfate	train
3491	995_AmmoniumSulfate	train
3492	996_AmmoniumSulfate	train
3493	997_AmmoniumSulfate	train
3494	998_AmmoniumSulfate	train
3495	999_AmmoniumSulfate	train
3496	1000_AmmoniumSulfate	train
3497	1001_AmmoniumSulfate	train
3498	1002_AmmoniumSulfate	train
3499	1003_AmmoniumSulfate	train
3500	1004_AmmoniumSulfate	train
3501	1005_AmmoniumSulfate	train
3502	1006_AmmoniumSulfate	train
3503	1007_AmmoniumSulfate	train
3504	1008_AmmoniumSulfate	train
3505	1009_AmmoniumSulfate	train
3506	1010_AmmoniumSulfate	train
3507	1011_AmmoniumSulfate	train
3508	1012_AmmoniumSulfate	train
3509	1013_AmmoniumSulfate	train
3510	1014_AmmoniumSulfate	train
3511	1015_AmmoniumSulfate	train
3512	1016_AmmoniumSulfate	train
3513	1017_AmmoniumSulfate	train
3514	1018_AmmoniumSulfate	validation
3515	1019_AmmoniumSulfate	validation
3516	1020_AmmoniumSulfate	train
3517	1021_AmmoniumSulfate	train
3518	1022_AmmoniumSulfate	train
3519	1023_AmmoniumSulfate	train
3520	1024_AmmoniumSulfate	train
3521	1025_AmmoniumSulfate	train
3522	1026_AmmoniumSulfate	train
3523	1027_AmmoniumSulfate	train
3524	1028_AmmoniumSulfate	train
3525	1029_AmmoniumSulfate	train
3526	1030_AmmoniumSulfate	train
3527	1031_AmmoniumSulfate	train
3528	1032_AmmoniumSulfate	train
3529	1033_AmmoniumSulfate	train
3530	1034_AmmoniumSulfate	train
3531	1035_AmmoniumSulfate	train
3532	1036_AmmoniumSulfate	train
3533	1037_AmmoniumSulfate	train
3534	1038_AmmoniumSulfate	train
3535	1039_AmmoniumSulfate	train
3536	1040_AmmoniumSulfate	train
3537	1041_AmmoniumSulfate	train
3538	1042_AmmoniumSulfate	train
3539	1043_AmmoniumSulfate	train
3540	1044_AmmoniumSulfate	train
3541	1045_AmmoniumSulfate	train
3542	1046_AmmoniumSulfate	train
3543	1047_AmmoniumSulfate	train
3544	1048_AmmoniumSulfate	train
3545	1049_AmmoniumSulfate	train
3546	1050_AmmoniumSulfate	train
3547	1051_AmmoniumSulfate	train
3548	1052_AmmoniumSulfate	train
3549	1053_AmmoniumSulfate	train
3550	1054_AmmoniumSulfate	train
3551	1055_AmmoniumSulfate	train
3552	1056_AmmoniumSulfate	train
3553	1057_AmmoniumSulfate	train
3554	1058_AmmoniumSulfate	train
3555	1059_AmmoniumSulfate	train
3556	1060_AmmoniumSulfate	train
3557	1061_AmmoniumSulfate	validation
3558	1062_AmmoniumSulfate	train
3559	1063_AmmoniumSulfate	train
3560	1064_AmmoniumSulfate	validation
3561	1065_AmmoniumSulfate	train
3562	1066_AmmoniumSulfate	train
3563	1067_AmmoniumSulfate	validation
3564	1068_AmmoniumSulfate	train
3565	1069_AmmoniumSulfate	train
3566	1070_AmmoniumSulfate	train
3567	1071_AmmoniumSulfate	train
3568	1072_AmmoniumSulfate	train
3569	1073_AmmoniumSulfate	train
3570	1074_AmmoniumSulfate	train
3571	1075_AmmoniumSulfate	train
3572	1076_AmmoniumSulfate	train
3573	1077_AmmoniumSulfate	train
3574	1078_AmmoniumSulfate	train
3575	1079_AmmoniumSulfate	train
3576	1080_AmmoniumSulfate	train
3577	1081_AmmoniumSulfate	train
3578	1082_AmmoniumSulfate	train
3579	1083_AmmoniumSulfate	train
3580	1084_AmmoniumSulfate	train
3581	1085_AmmoniumSulfate	train
3582	1086_AmmoniumSulfate	train
3583	1087_AmmoniumSulfate	train
3584	1088_AmmoniumSulfate	train
3585	1089_AmmoniumSulfate	train
3586	1090_AmmoniumSulfate	train
3587	1091_AmmoniumSulfate	train
3588	1092_AmmoniumSulfate	train
3589	1093_AmmoniumSulfate	train
3590	1094_AmmoniumSulfate	train
3591	1095_AmmoniumSulfate	train
3592	1096_AmmoniumSulfate	train
3593	1097_AmmoniumSulfate	train
3594	1098_AmmoniumSulfate	train
3595	1099_AmmoniumSulfate	train
3596	1100_AmmoniumSulfate	train
3597	1101_AmmoniumSulfate	train
3598	1102_AmmoniumSulfate	train
3599	1103_AmmoniumSulfate	train
3600	1104_AmmoniumSulfate	train
3601	1105_AmmoniumSulfate	train
3602	1106_AmmoniumSulfate	train
3603	1107_AmmoniumSulfate	train
3604	1108_AmmoniumSulfate	train
3605	1109_AmmoniumSulfate	train
3606	1110_AmmoniumSulfate	train
3607	1111_AmmoniumSulfate	train
3608	1_Urea	train
3609	2_Urea	train
3610	3_Urea	validation
3611	4_Urea	validation
3612	5_Urea	train
3613	6_Urea	train
3614	7_Urea	train
3615	8_Urea	train
3616	9_Urea	train
3617	10_Urea	train
3618	11_Urea	train
3619	12_Urea	train
3620	13_Urea	train
3621	14_Urea	train
3622	15_Urea	train
3623	16_Urea	train
3624	17_Urea	train
3625	18_Urea	train
3626	19_Urea	train
3627	20_Urea	train
3628	21_Urea	train
3629	22_Urea	train
3630	23_Urea	train
3631	24_Urea	validation
3632	25_Urea	train
3633	26_Urea	train
3634	27_Urea	train
3635	28_Urea	train
3636	29_Urea	train
3637	30_Urea	train
3638	31_Urea	train
3639	32_Urea	train
3640	33_Urea	train
3641	34_Urea	train
3642	35_Urea	train
3643	36_Urea	train
3644	37_Urea	train
3645	38_Urea	train
3646	39_Urea	train
3647	40_Urea	train
3648	41_Urea	train
3649	42_Urea	train
3650	43_Urea	train
3651	44_Urea	train
3652	45_Urea	train
3653	46_Urea	train
3654	47_Urea	train
3655	48_Urea	train
3656	49_Urea	train
3657	50_Urea	train
3658	51_Urea	train
3659	52_Urea	train
3660	53_Urea	train
3661	54_Urea	train
3662	55_Urea	train
3663	56_Urea	train
3664	57_Urea	train
3665	58_Urea	train
3666	59_Urea	train
3667	60_Urea	train
3668	61_Urea	train
3669	62_Urea	train
3670	63_Urea	train
3671	64_Urea	train
3672	65_Urea	train
3673	66_Urea	train
3674	67_Urea	train
3675	68_Urea	train
3676	69_Urea	validation
3677	70_Urea	train
3678	71_Urea	train
3679	72_Urea	train
3680	73_Urea	train
3681	74_Urea	train
3682	75_Urea	validation
3683	76_Urea	train
3684	77_Urea	train
3685	78_Urea	train
3686	79_Urea	train
3687	80_Urea	train
3688	81_Urea	train
3689	82_Urea	train
3690	83_Urea	train
3691	84_Urea	train
3692	85_Urea	train
3693	86_Urea	train
3694	87_Urea	train
3695	88_Urea	train
3696	89_Urea	train
3697	90_Urea	train
3698	91_Urea	train
3699	92_Urea	train
3700	93_Urea	train
3701	94_Urea	train
3702	95_Urea	train
3703	96_Urea	train
3704	97_Urea	train
3705	98_Urea	train
3706	99_Urea	train
3707	100_Urea	train
3708	101_Urea	train
3709	102_Urea	validation
3710	103_Urea	validation
3711	104_Urea	train
3712	105_Urea	train
3713	106_Urea	train
3714	107_Urea	validation
3715	108_Urea	train
3716	109_Urea	train
3717	110_Urea	train
3718	111_Urea	train
3719	112_Urea	train
3720	113_Urea	train
3721	114_Urea	train
3722	115_Urea	train
3723	116_Urea	train
3724	117_Urea	train
3725	118_Urea	train
3726	119_Urea	train
3727	120_Urea	train
3728	121_Urea	train
3729	122_Urea	train
3730	123_Urea	train
3731	124_Urea	train
3732	125_Urea	train
3733	126_Urea	train
3734	127_Urea	train
3735	128_Urea	train
3736	129_Urea	train
3737	130_Urea	train
3738	131_Urea	train
3739	132_Urea	train
3740	133_Urea	train
3741	134_Urea	train
3742	135_Urea	train
3743	136_Urea	train
3744	137_Urea	train
3745	138_Urea	train
3746	139_Urea	train
3747	140_Urea	train
3748	141_Urea	train
3749	142_Urea	train
3750	143_Urea	train
3751	144_Urea	train
3752	145_Urea	train
3753	146_Urea	train
3754	147_Urea	train
3755	148_Urea	train
3756	149_Urea	train
3757	150_Urea	train
3758	151_Urea	train
3759	152_Urea	train
3760	153_Urea	train
3761	154_Urea	train
3762	155_Urea	train
3763	156_Urea	train
3764	157_Urea	train
3765	158_Urea	train
3766	159_Urea	train
3767	160_Urea	train
3768	161_Urea	train
3769	162_Urea	train
3770	163_Urea	train
3771	164_Urea	train
3772	165_Urea	train
3773	166_Urea	train
3774	167_Urea	train
3775	168_Urea	train
3776	169_Urea	train
3777	170_Urea	validation
3778	171_Urea	train
3779	172_Urea	train
3780	173_Urea	train
3781	174_Urea	train
3782	175_Urea	train
3783	176_Urea	train
3784	177_Urea	train
3785	178_Urea	train
3786	179_Urea	train
3787	180_Urea	train
3788	181_Urea	train
3789	182_Urea	train
3790	183_Urea	train
3791	184_Urea	train
3792	185_Urea	train
3793	186_Urea	train
3794	187_Urea	train
3795	188_Urea	train
3796	189_Urea	train
3797	190_Urea	train
3798	191_Urea	train
3799	192_Urea	train
3800	193_Urea	train
3801	194_Urea	train
3802	195_Urea	train
3803	196_Urea	train
3804	197_Urea	train
3805	198_Urea	train
3806	199_Urea	train
3807	200_Urea	train
3808	201_Urea	train
3809	202_Urea	train
3810	203_Urea	train
3811	204_Urea	train
3812	205_Urea	train
3813	206_Urea	train
3814	207_Urea	train
3815	208_Urea	train
3816	209_Urea	train
3817	210_Urea	train
3818	211_Urea	train
3819	212_Urea	train
3820	213_Urea	train
3821	214_Urea	train
3822	215_Urea	train
3823	216_Urea	train
3824	217_Urea	train
3825	218_Urea	train
3826	219_Urea	train
3827	220_Urea	train
3828	221_Urea	train
3829	222_Urea	train
3830	223_Urea	train
3831	224_Urea	train
3832	225_Urea	train
3833	226_Urea	train
3834	227_Urea	train
3835	228_Urea	train
3836	229_Urea	train
3837	230_Urea	validation
3838	231_Urea	train
3839	232_Urea	train
3840	233_Urea	train
3841	234_Urea	train
3842	235_Urea	train
3843	236_Urea	train
3844	237_Urea	train
3845	238_Urea	train
3846	239_Urea	train
3847	240_Urea	train
3848	241_Urea	train
3849	242_Urea	train
3850	243_Urea	train
3851	244_Urea	train
3852	245_Urea	train
3853	246_Urea	train
3854	247_Urea	train
3855	248_Urea	train
3856	249_Urea	train
3857	250_Urea	train
3858	251_Urea	train
3859	252_Urea	train
3860	253_Urea	train
3861	254_Urea	train
3862	255_Urea	train
3863	256_Urea	train
3864	257_Urea	train
3865	258_Urea	train
3866	259_Urea	train
3867	260_Urea	train
3868	261_Urea	train
3869	262_Urea	train
3870	263_Urea	train
3871	264_Urea	train
3872	265_Urea	train
3873	266_Urea	train
3874	267_Urea	train
3875	268_Urea	train
3876	269_Urea	train
3877	270_Urea	train
3878	271_Urea	train
3879	272_Urea	train
3880	273_Urea	train
3881	274_Urea	train
3882	275_Urea	train
3883	276_Urea	train
3884	277_Urea	train
3885	278_Urea	train
3886	279_Urea	train
3887	280_Urea	train
3888	281_Urea	train
3889	282_Urea	train
3890	283_Urea	train
3891	284_Urea	train
3892	285_Urea	train
3893	286_Urea	train
3894	287_Urea	train
3895	288_Urea	train
3896	289_Urea	train
3897	290_Urea	train
3898	291_Urea	train
3899	292_Urea	train
3900	293_Urea	train
3901	294_Urea	train
3902	295_Urea	train
3903	296_Urea	train
3904	297_Urea	train
3905	298_Urea	train
3906	299_Urea	train
3907	300_Urea	train
3908	301_Urea	train
3909	302_Urea	train
3910	303_Urea	train
3911	304_Urea	train
3912	305_Urea	train
3913	306_Urea	train
3914	307_Urea	validation
3915	308_Urea	train
3916	309_Urea	train
3917	310_Urea	train
3918	311_Urea	validation
3919	312_Urea	train
3920	313_Urea	train
3921	314_Urea	train
3922	315_Urea	train
3923	316_Urea	train
3924	317_Urea	train
3925	318_Urea	train
3926	319_Urea	train
3927	320_Urea	train
3928	321_Urea	train
3929	322_Urea	train
3930	323_Urea	train
3931	324_Urea	train
3932	325_Urea	train
3933	326_Urea	train
3934	327_Urea	train
3935	328_Urea	train
3936	329_Urea	train
3937	330_Urea	train
3938	331_Urea	train
3939	332_Urea	train
3940	333_Urea	validation
3941	334_Urea	train
3942	335_Urea	train
3943	336_Urea	train
3944	337_Urea	train
3945	338_Urea	train
3946	339_Urea	train
3947	340_Urea	train
3948	341_Urea	train
3949	342_Urea	train
3950	343_Urea	train
3951	344_Urea	train
3952	345_Urea	train
3953	346_Urea	train
3954	347_Urea	train
3955	348_Urea	train
3956	349_Urea	train
3957	350_Urea	train
3958	351_Urea	train
3959	352_Urea	train
3960	353_Urea	train
3961	354_Urea	train
3962	355_Urea	train
3963	356_Urea	train
3964	357_Urea	train
3965	358_Urea	train
3966	359_Urea	train
3967	360_Urea	train
3968	361_Urea	train
3969	362_Urea	train
3970	363_Urea	train
3971	364_Urea	train
3972	365_Urea	train
3973	366_Urea	train
3974	367_Urea	train
3975	368_Urea	train
3976	369_Urea	train
3977	370_Urea	train
3978	371_Urea	train
3979	372_Urea	train
3980	373_Urea	validation
3981	374_Urea	train
3982	375_Urea	train
3983	376_Urea	train
3984	377_Urea	train
3985	378_Urea	train
3986	379_Urea	train
3987	380_Urea	train
3988	381_Urea	train
3989	382_Urea	train
3990	383_Urea	train
3991	384_Urea	train
3992	385_Urea	train
3993	386_Urea	train
3994	387_Urea	train
3995	388_Urea	train
3996	389_Urea	train
3997	390_Urea	train
3998	391_Urea	train
3999	392_Urea	train
4000	393_Urea	train
4001	394_Urea	train
4002	395_Urea	train
4003	396_Urea	train
4004	397_Urea	train
4005	398_Urea	train
4006	399_Urea	train
4007	400_Urea	train
4008	401_Urea	train
4009	402_Urea	train
4010	403_Urea	train
4011	404_Urea	train
4012	405_Urea	train
4013	406_Urea	train
4014	407_Urea	train
4015	408_Urea	train
4016	409_Urea	train
4017	410_Urea	train
4018	411_Urea	train
4019	412_Urea	train
4020	413_Urea	train
4021	414_Urea	train
4022	415_Urea	train
4023	416_Urea	train
4024	417_Urea	train
4025	418_Urea	train
4026	419_Urea	train
4027	420_Urea	train
4028	421_Urea	train
4029	422_Urea	train
4030	423_Urea	train
4031	424_Urea	train
4032	425_Urea	train
4033	426_Urea	validation
4034	427_Urea	train
4035	428_Urea	train
4036	429_Urea	train
4037	430_Urea	train
4038	431_Urea	train
4039	432_Urea	validation
4040	433_Urea	train
4041	434_Urea	train
4042	435_Urea	train
4043	436_Urea	validation
4044	437_Urea	train
4045	438_Urea	train
4046	439_Urea	validation
4047	440_Urea	train
4048	441_Urea	validation
4049	442_Urea	train
4050	443_Urea	validation
4051	444_Urea	train
4052	445_Urea	train
4053	446_Urea	train
4054	447_Urea	train
4055	448_Urea	train
4056	449_Urea	train
4057	450_Urea	train
4058	451_Urea	train
4059	452_Urea	train
4060	453_Urea	train
4061	454_Urea	train
4062	455_Urea	train
4063	456_Urea	train
4064	457_Urea	train
4065	458_Urea	train
4066	459_Urea	train
4067	460_Urea	train
4068	461_Urea	train
4069	462_Urea	train
4070	463_Urea	train
4071	464_Urea	train
4072	465_Urea	validation
4073	466_Urea	train
4074	467_Urea	train
4075	468_Urea	train
4076	469_Urea	train
4077	470_Urea	train
4078	471_Urea	train
4079	472_Urea	train
4080	473_Urea	train
4081	474_Urea	train
4082	475_Urea	train
4083	476_Urea	train
4084	477_Urea	train
4085	478_Urea	train
4086	479_Urea	train
4087	480_Urea	train
4088	481_Urea	train
4089	482_Urea	train
4090	483_Urea	train
4091	484_Urea	train
4092	485_Urea	train
4093	486_Urea	train
4094	487_Urea	train
4095	488_Urea	train
4096	489_Urea	train
4097	490_Urea	train
4098	491_Urea	train
4099	492_Urea	train
4100	493_Urea	train
4101	494_Urea	train
4102	495_Urea	train
4103	496_Urea	train
4104	497_Urea	train
4105	498_Urea	train
4106	499_Urea	train
4107	500_Urea	train
4108	501_Urea	train
4109	502_Urea	train
4110	503_Urea	train
4111	504_Urea	train
4112	505_Urea	train
4113	506_Urea	train
4114	507_Urea	train
4115	508_Urea	train
4116	509_Urea	train
4117	510_Urea	train
4118	511_Urea	train
4119	512_Urea	train
4120	513_Urea	train
4121	514_Urea	train
4122	515_Urea	train
4123	516_Urea	train
4124	517_Urea	train
4125	518_Urea	train
4126	519_Urea	train
4127	520_Urea	train
4128	521_Urea	train
4129	522_Urea	train
4130	523_Urea	train
4131	524_Urea	validation
4132	525_Urea	train
4133	526_Urea	train
4134	527_Urea	train
4135	528_Urea	train
4136	529_Urea	train
4137	530_Urea	train
4138	531_Urea	train
4139	532_Urea	train
4140	533_Urea	train
4141	534_Urea	train
4142	535_Urea	train
4143	536_Urea	train
4144	537_Urea	train
4145	538_Urea	train
4146	539_Urea	train
4147	540_Urea	train
4148	541_Urea	train
4149	542_Urea	train
4150	543_Urea	train
4151	544_Urea	train
4152	545_Urea	train
4153	546_Urea	train
4154	547_Urea	train
4155	548_Urea	train
4156	549_Urea	train
4157	550_Urea	train
4158	551_Urea	train
4159	552_Urea	train
4160	553_Urea	train
4161	554_Urea	train
4162	555_Urea	train
4163	556_Urea	train
4164	557_Urea	train
4165	558_Urea	train
4166	559_Urea	train
4167	560_Urea	train
4168	561_Urea	train
4169	562_Urea	train
4170	563_Urea	train
4171	564_Urea	train
4172	565_Urea	train
4173	566_Urea	train
4174	567_Urea	train
4175	568_Urea	train
4176	569_Urea	train
4177	570_Urea	train
4178	571_Urea	train
4179	572_Urea	train
4180	573_Urea	train
4181	574_Urea	train
4182	575_Urea	train
4183	576_Urea	train
4184	577_Urea	train
4185	578_Urea	train
4186	579_Urea	train
4187	580_Urea	train
4188	581_Urea	train
4189	582_Urea	train
4190	583_Urea	train
4191	584_Urea	train
4192	585_Urea	train
4193	586_Urea	train
4194	587_Urea	train
4195	588_Urea	train
4196	589_Urea	train
4197	590_Urea	train
4198	591_Urea	validation
4199	592_Urea	train
4200	593_Urea	train
4201	594_Urea	train
4202	595_Urea	train
4203	596_Urea	train
4204	597_Urea	train
4205	598_Urea	train
4206	599_Urea	train
4207	600_Urea	train
4208	601_Urea	train
4209	602_Urea	train
4210	603_Urea	train
4211	604_Urea	train
4212	605_Urea	train
4213	606_Urea	train
4214	607_Urea	train
4215	608_Urea	train
4216	609_Urea	validation
4217	610_Urea	validation
4218	611_Urea	train
4219	612_Urea	train
4220	613_Urea	train
4221	614_Urea	train
4222	615_Urea	train
4223	616_Urea	train
4224	617_Urea	train
4225	618_Urea	train
4226	619_Urea	train
4227	620_Urea	train
4228	621_Urea	train
4229	622_Urea	train
4230	623_Urea	train
4231	624_Urea	train
4232	625_Urea	train
4233	626_Urea	train
4234	627_Urea	train
4235	628_Urea	train
4236	629_Urea	train
4237	630_Urea	train
4238	631_Urea	train
4239	632_Urea	train
4240	633_Urea	train
4241	634_Urea	train
4242	635_Urea	train
4243	636_Urea	train
4244	637_Urea	train
4245	638_Urea	train
4246	639_Urea	train
4247	640_Urea	train
4248	641_Urea	train
4249	642_Urea	train
4250	643_Urea	train
4251	644_Urea	train
4252	645_Urea	train
4253	646_Urea	train
4254	647_Urea	train
4255	648_Urea	train
4256	649_Urea	train
4257	650_Urea	train
4258	651_Urea	train
4259	652_Urea	train
4260	653_Urea	train
4261	654_Urea	train
4262	655_Urea	train
4263	656_Urea	train
4264	657_Urea	train
4265	658_Urea	train
4266	659_Urea	train
4267	660_Urea	train
4268	661_Urea	train
4269	662_Urea	train
4270	663_Urea	train
4271	664_Urea	train
4272	665_Urea	train
4273	666_Urea	train
4274	667_Urea	train
4275	668_Urea	train
4276	669_Urea	train
4277	670_Urea	train
4278	671_Urea	train
4279	672_Urea	train
4280	673_Urea	train
4281	674_Urea	train
4282	675_Urea	train
4283	676_Urea	train
4284	677_Urea	train
4285	678_Urea	train
4286	679_Urea	train
4287	680_Urea	train
4288	681_Urea	train
4289	682_Urea	train
4290	683_Urea	train
4291	684_Urea	train
4292	685_Urea	train
4293	686_Urea	train
4294	687_Urea	train
4295	688_Urea	train
4296	689_Urea	validation
4297	690_Urea	train
4298	691_Urea	train
4299	692_Urea	train
4300	693_Urea	train
4301	694_Urea	train
4302	695_Urea	train
4303	696_Urea	train
4304	697_Urea	train
4305	698_Urea	train
4306	699_Urea	train
4307	700_Urea	train
4308	701_Urea	train
4309	702_Urea	train
4310	703_Urea	train
4311	704_Urea	train
4312	705_Urea	train
4313	706_Urea	validation
4314	707_Urea	train
4315	708_Urea	train
4316	709_Urea	train
4317	710_Urea	train
4318	711_Urea	train
4319	712_Urea	train
4320	713_Urea	train
4321	714_Urea	train
4322	715_Urea	train
4323	716_Urea	train
4324	717_Urea	train
4325	718_Urea	train
4326	719_Urea	train
4327	720_Urea	train
4328	721_Urea	train
4329	722_Urea	train
4330	723_Urea	train
4331	724_Urea	train
4332	725_Urea	train
4333	726_Urea	train
4334	727_Urea	train
4335	728_Urea	train
4336	729_Urea	validation
4337	730_Urea	train
4338	731_Urea	train
4339	732_Urea	validation
4340	733_Urea	validation
4341	734_Urea	train
4342	735_Urea	train
4343	736_Urea	train
4344	737_Urea	train
4345	738_Urea	train
4346	739_Urea	train
4347	740_Urea	train
4348	741_Urea	train
4349	742_Urea	train
4350	743_Urea	train
4351	744_Urea	train
4352	745_Urea	train
4353	746_Urea	train
4354	747_Urea	train
4355	748_Urea	train
4356	749_Urea	train
4357	750_Urea	train
4358	751_Urea	train
4359	752_Urea	train
4360	753_Urea	train
4361	754_Urea	validation
4362	755_Urea	validation
4363	756_Urea	train
4364	757_Urea	train
4365	758_Urea	train
4366	759_Urea	train
4367	760_Urea	train
4368	761_Urea	train
4369	762_Urea	train
4370	763_Urea	train
4371	764_Urea	train
4372	765_Urea	train
4373	766_Urea	train
4374	767_Urea	validation
4375	768_Urea	train
4376	769_Urea	train
4377	770_Urea	train
4378	771_Urea	train
4379	772_Urea	train
4380	773_Urea	train
4381	774_Urea	train
4382	775_Urea	train
4383	776_Urea	train
4384	777_Urea	train
4385	778_Urea	train
4386	779_Urea	train
4387	780_Urea	train
4388	781_Urea	train
4389	782_Urea	train
4390	783_Urea	train
4391	784_Urea	train
4392	785_Urea	train
4393	786_Urea	train
4394	787_Urea	train
4395	788_Urea	train
4396	789_Urea	train
4397	790_Urea	train
4398	791_Urea	validation
4399	792_Urea	train
4400	793_Urea	train
4401	794_Urea	train
4402	795_Urea	train
4403	796_Urea	train
4404	797_Urea	train
4405	798_Urea	train
4406	799_Urea	train
4407	800_Urea	train
4408	801_Urea	train
4409	802_Urea	train
4410	803_Urea	train
4411	804_Urea	train
4412	805_Urea	train
4413	806_Urea	validation
4414	807_Urea	train
4415	808_Urea	train
4416	809_Urea	train
4417	810_Urea	train
4418	811_Urea	train
4419	812_Urea	train
4420	813_Urea	train
4421	814_Urea	train
4422	815_Urea	train
4423	816_Urea	train
4424	817_Urea	train
4425	818_Urea	train
4426	819_Urea	validation
4427	820_Urea	train
4428	821_Urea	train
4429	822_Urea	train
4430	823_Urea	train
4431	824_Urea	train
4432	825_Urea	train
4433	826_Urea	train
4434	827_Urea	train
4435	828_Urea	train
4436	829_Urea	train
4437	830_Urea	train
4438	831_Urea	train
4439	832_Urea	train
4440	833_Urea	train
4441	834_Urea	train
4442	835_Urea	train
4443	836_Urea	train
4444	837_Urea	train
4445	838_Urea	train
4446	839_Urea	train
4447	840_Urea	train
4448	841_Urea	train
4449	842_Urea	train
4450	843_Urea	train
4451	844_Urea	train
4452	845_Urea	train
4453	846_Urea	train
4454	847_Urea	train
4455	848_Urea	train
4456	849_Urea	train
4457	850_Urea	train
4458	851_Urea	train
4459	852_Urea	train
4460	853_Urea	validation
4461	854_Urea	train
4462	855_Urea	train
4463	856_Urea	train
4464	857_Urea	train
4465	858_Urea	train
4466	859_Urea	train
4467	860_Urea	train
4468	861_Urea	train
4469	862_Urea	train
4470	863_Urea	train
4471	864_Urea	train
4472	865_Urea	train
4473	866_Urea	train
4474	867_Urea	validation
4475	868_Urea	train
4476	869_Urea	train
4477	870_Urea	train
4478	871_Urea	train
4479	872_Urea	train
4480	873_Urea	train
4481	874_Urea	train
4482	875_Urea	train
4483	876_Urea	train
4484	877_Urea	train
4485	878_Urea	train
4486	879_Urea	train
4487	880_Urea	validation
4488	881_Urea	train
4489	882_Urea	train
4490	883_Urea	train
4491	884_Urea	train
4492	885_Urea	train
4493	886_Urea	train
4494	887_Urea	train
4495	888_Urea	train
4496	889_Urea	train
4497	890_Urea	train
4498	891_Urea	train
4499	892_Urea	train
4500	893_Urea	train
4501	894_Urea	validation
4502	895_Urea	train
4503	896_Urea	train
4504	897_Urea	train
4505	898_Urea	train
4506	899_Urea	train
4507	900_Urea	train
4508	901_Urea	train
4509	902_Urea	train
4510	903_Urea	train
4511	904_Urea	train
4512	905_Urea	train
4513	906_Urea	train
4514	907_Urea	train
4515	908_Urea	train
4516	909_Urea	train
4517	910_Urea	train
4518	911_Urea	train
4519	912_Urea	train
4520	913_Urea	train
4521	914_Urea	train
4522	915_Urea	train
4523	916_Urea	train
4524	917_Urea	train
4525	918_Urea	train
4526	919_Urea	train
4527	920_Urea	train
4528	921_Urea	train
4529	922_Urea	train
4530	923_Urea	train
4531	924_Urea	train
4532	925_Urea	train
4533	926_Urea	train
4534	927_Urea	train
4535	928_Urea	train
4536	929_Urea	train
4537	930_Urea	train
4538	931_Urea	train
4539	932_Urea	train
4540	933_Urea	train
4541	934_Urea	train
4542	935_Urea	train
4543	936_Urea	train
4544	937_Urea	train
4545	938_Urea	train
4546	939_Urea	train
4547	940_Urea	train
4548	941_Urea	train
4549	942_Urea	train
4550	943_Urea	train
4551	944_Urea	train
4552	945_Urea	train
4553	946_Urea	train
4554	947_Urea	train
4555	948_Urea	train
4556	949_Urea	train
4557	950_Urea	train
4558	951_Urea	train
4559	952_Urea	train
4560	953_Urea	train
4561	954_Urea	validation
4562	955_Urea	validation
4563	956_Urea	train
4564	957_Urea	train
4565	958_Urea	train
4566	959_Urea	train
4567	960_Urea	train
4568	961_Urea	train
4569	962_Urea	train
4570	963_Urea	validation
4571	964_Urea	train
4572	965_Urea	train
4573	966_Urea	train
4574	967_Urea	train
4575	968_Urea	validation
4576	969_Urea	train
4577	970_Urea	train
4578	971_Urea	train
4579	972_Urea	train
4580	973_Urea	train
4581	974_Urea	train
4582	975_Urea	train
4583	976_Urea	train
4584	977_Urea	train
4585	978_Urea	train
4586	979_Urea	train
4587	980_Urea	train
4588	981_Urea	train
4589	982_Urea	train
4590	983_Urea	train
4591	984_Urea	train
4592	985_Urea	validation
4593	986_Urea	train
4594	987_Urea	train
4595	988_Urea	train
4596	989_Urea	train
4597	990_Urea	train
4598	991_Urea	validation
4599	992_Urea	train
4600	1_YPD	train
4601	2_YPD	train
4602	3_YPD	train
4603	4_YPD	train
4604	5_YPD	train
4605	6_YPD	train
4606	7_YPD	train
4607	8_YPD	train
4608	9_YPD	train
4609	10_YPD	train
4610	11_YPD	train
4611	12_YPD	train
4612	13_YPD	train
4613	14_YPD	train
4614	15_YPD	train
4615	16_YPD	train
4616	17_YPD	train
4617	18_YPD	train
4618	19_YPD	train
4619	20_YPD	train
4620	21_YPD	train
4621	22_YPD	train
4622	23_YPD	train
4623	24_YPD	train
4624	25_YPD	train
4625	26_YPD	train
4626	27_YPD	train
4627	28_YPD	train
4628	29_YPD	train
4629	30_YPD	train
4630	31_YPD	train
4631	32_YPD	train
4632	33_YPD	train
4633	34_YPD	train
4634	35_YPD	train
4635	36_YPD	train
4636	37_YPD	train
4637	38_YPD	train
4638	39_YPD	train
4639	40_YPD	train
4640	41_YPD	train
4641	42_YPD	train
4642	43_YPD	train
4643	44_YPD	train
4644	45_YPD	train
4645	46_YPD	train
4646	47_YPD	train
4647	48_YPD	train
4648	49_YPD	train
4649	50_YPD	train
4650	51_YPD	train
4651	52_YPD	train
4652	53_YPD	train
4653	54_YPD	train
4654	55_YPD	validation
4655	56_YPD	train
4656	57_YPD	train
4657	58_YPD	train
4658	59_YPD	train
4659	60_YPD	train
4660	61_YPD	train
4661	62_YPD	train
4662	63_YPD	train
4663	64_YPD	train
4664	65_YPD	train
4665	66_YPD	train
4666	67_YPD	train
4667	68_YPD	train
4668	69_YPD	train
4669	70_YPD	train
4670	71_YPD	validation
4671	72_YPD	train
4672	73_YPD	train
4673	74_YPD	train
4674	75_YPD	train
4675	76_YPD	train
4676	77_YPD	train
4677	78_YPD	train
4678	79_YPD	train
4679	80_YPD	train
4680	81_YPD	train
4681	82_YPD	train
4682	83_YPD	train
4683	84_YPD	train
4684	85_YPD	validation
4685	86_YPD	train
4686	87_YPD	train
4687	88_YPD	train
4688	89_YPD	train
4689	90_YPD	train
4690	91_YPD	train
4691	92_YPD	train
4692	93_YPD	train
4693	94_YPD	train
4694	95_YPD	train
4695	96_YPD	train
4696	97_YPD	validation
4697	98_YPD	train
4698	99_YPD	train
4699	100_YPD	train
4700	101_YPD	train
4701	102_YPD	train
4702	103_YPD	train
4703	104_YPD	train
4704	105_YPD	train
4705	106_YPD	train
4706	107_YPD	train
4707	108_YPD	train
4708	109_YPD	train
4709	110_YPD	train
4710	111_YPD	train
4711	112_YPD	train
4712	113_YPD	train
4713	114_YPD	train
4714	115_YPD	train
4715	116_YPD	train
4716	117_YPD	train
4717	118_YPD	train
4718	119_YPD	train
4719	120_YPD	train
4720	121_YPD	train
4721	122_YPD	train
4722	123_YPD	train
4723	124_YPD	train
4724	125_YPD	train
4725	126_YPD	train
4726	127_YPD	train
4727	128_YPD	train
4728	129_YPD	train
4729	130_YPD	train
4730	131_YPD	train
4731	132_YPD	train
4732	133_YPD	train
4733	134_YPD	train
4734	135_YPD	train
4735	136_YPD	train
4736	137_YPD	train
4737	138_YPD	train
4738	139_YPD	train
4739	140_YPD	train
4740	141_YPD	train
4741	142_YPD	train
4742	143_YPD	train
4743	144_YPD	train
4744	145_YPD	validation
4745	146_YPD	train
4746	147_YPD	train
4747	148_YPD	train
4748	149_YPD	train
4749	150_YPD	train
4750	151_YPD	train
4751	152_YPD	train
4752	153_YPD	train
4753	154_YPD	train
4754	155_YPD	train
4755	156_YPD	train
4756	157_YPD	validation
4757	158_YPD	train
4758	159_YPD	train
4759	160_YPD	train
4760	161_YPD	train
4761	162_YPD	train
4762	163_YPD	train
4763	164_YPD	train
4764	165_YPD	validation
4765	166_YPD	train
4766	167_YPD	train
4767	168_YPD	train
4768	169_YPD	train
4769	170_YPD	train
4770	171_YPD	validation
4771	172_YPD	train
4772	173_YPD	validation
4773	174_YPD	train
4774	175_YPD	train
4775	176_YPD	train
4776	177_YPD	train
4777	178_YPD	train
4778	179_YPD	train
4779	180_YPD	train
4780	181_YPD	validation
4781	182_YPD	train
4782	183_YPD	train
4783	184_YPD	train
4784	185_YPD	train
4785	186_YPD	train
4786	187_YPD	train
4787	188_YPD	train
4788	189_YPD	train
4789	190_YPD	train
4790	191_YPD	validation
4791	192_YPD	train
4792	193_YPD	train
4793	194_YPD	train
4794	195_YPD	train
4795	196_YPD	train
4796	197_YPD	train
4797	198_YPD	train
4798	199_YPD	train
4799	200_YPD	train
4800	201_YPD	train
4801	202_YPD	train
4802	203_YPD	train
4803	204_YPD	train
4804	205_YPD	train
4805	206_YPD	train
4806	207_YPD	train
4807	208_YPD	train
4808	209_YPD	train
4809	210_YPD	train
4810	211_YPD	train
4811	212_YPD	train
4812	213_YPD	train
4813	214_YPD	train
4814	215_YPD	train
4815	216_YPD	train
4816	217_YPD	train
4817	218_YPD	validation
4818	219_YPD	train
4819	220_YPD	train
4820	221_YPD	train
4821	222_YPD	train
4822	223_YPD	train
4823	224_YPD	validation
4824	225_YPD	train
4825	226_YPD	train
4826	227_YPD	train
4827	228_YPD	train
4828	229_YPD	train
4829	230_YPD	train
4830	231_YPD	train
4831	232_YPD	train
4832	233_YPD	train
4833	234_YPD	train
4834	235_YPD	train
4835	236_YPD	train
4836	237_YPD	train
4837	238_YPD	train
4838	239_YPD	train
4839	240_YPD	train
4840	241_YPD	train
4841	242_YPD	train
4842	243_YPD	train
4843	244_YPD	train
4844	245_YPD	train
4845	246_YPD	train
4846	247_YPD	train
4847	248_YPD	validation
4848	249_YPD	train
4849	250_YPD	train
4850	251_YPD	train
4851	252_YPD	train
4852	253_YPD	train
4853	254_YPD	train
4854	255_YPD	train
4855	256_YPD	train
4856	257_YPD	train
4857	258_YPD	train
4858	259_YPD	train
4859	260_YPD	train
4860	261_YPD	train
4861	262_YPD	train
4862	263_YPD	train
4863	264_YPD	train
4864	265_YPD	train
4865	266_YPD	train
4866	267_YPD	train
4867	268_YPD	train
4868	269_YPD	train
4869	270_YPD	train
4870	271_YPD	train
4871	272_YPD	train
4872	273_YPD	train
4873	274_YPD	train
4874	275_YPD	train
4875	276_YPD	train
4876	277_YPD	train
4877	278_YPD	train
4878	279_YPD	train
4879	280_YPD	validation
4880	281_YPD	train
4881	282_YPD	train
4882	283_YPD	train
4883	284_YPD	train
4884	285_YPD	train
4885	286_YPD	train
4886	287_YPD	train
4887	288_YPD	train
4888	289_YPD	train
4889	290_YPD	train
4890	291_YPD	train
4891	292_YPD	train
4892	293_YPD	train
4893	294_YPD	train
4894	295_YPD	train
4895	296_YPD	train
4896	297_YPD	train
4897	298_YPD	train
4898	299_YPD	validation
4899	300_YPD	train
4900	301_YPD	train
4901	302_YPD	train
4902	303_YPD	train
4903	304_YPD	train
4904	305_YPD	train
4905	306_YPD	train
4906	307_YPD	validation
4907	308_YPD	train
4908	309_YPD	train
4909	310_YPD	train
4910	311_YPD	train
4911	312_YPD	train
4912	313_YPD	train
4913	314_YPD	train
4914	315_YPD	train
4915	316_YPD	train
4916	317_YPD	train
4917	318_YPD	validation
4918	319_YPD	train
4919	320_YPD	train
4920	321_YPD	train
4921	322_YPD	train
4922	323_YPD	train
4923	324_YPD	train
4924	325_YPD	train
4925	326_YPD	train
4926	327_YPD	train
4927	328_YPD	train
4928	329_YPD	train
4929	330_YPD	train
4930	331_YPD	train
4931	332_YPD	train
4932	333_YPD	train
4933	334_YPD	train
4934	335_YPD	train
4935	336_YPD	train
4936	337_YPD	train
4937	338_YPD	train
4938	339_YPD	train
4939	340_YPD	train
4940	341_YPD	train
4941	342_YPD	validation
4942	343_YPD	validation
4943	344_YPD	train
4944	345_YPD	train
4945	346_YPD	train
4946	347_YPD	train
4947	348_YPD	train
4948	349_YPD	train
4949	350_YPD	train
4950	351_YPD	train
4951	352_YPD	train
4952	353_YPD	train
4953	354_YPD	train
4954	355_YPD	train
4955	356_YPD	train
4956	357_YPD	validation
4957	358_YPD	train
4958	359_YPD	train
4959	360_YPD	train
4960	361_YPD	train
4961	362_YPD	train
4962	363_YPD	train
4963	364_YPD	train
4964	365_YPD	train
4965	366_YPD	train
4966	367_YPD	train
4967	368_YPD	train
4968	369_YPD	train
4969	370_YPD	train
4970	371_YPD	train
4971	372_YPD	train
4972	373_YPD	train
4973	374_YPD	train
4974	375_YPD	train
4975	376_YPD	train
4976	377_YPD	train
4977	378_YPD	train
4978	379_YPD	train
4979	380_YPD	train
4980	381_YPD	train
4981	382_YPD	train
4982	383_YPD	train
4983	384_YPD	train
4984	385_YPD	train
4985	386_YPD	train
4986	387_YPD	train
4987	388_YPD	train
4988	389_YPD	validation
4989	390_YPD	train
4990	391_YPD	train
4991	392_YPD	train
4992	393_YPD	train
4993	394_YPD	train
4994	395_YPD	train
4995	396_YPD	train
4996	397_YPD	train
4997	398_YPD	train
4998	399_YPD	train
4999	400_YPD	train
5000	401_YPD	train
5001	402_YPD	train
5002	403_YPD	train
5003	404_YPD	train
5004	405_YPD	train
5005	406_YPD	train
5006	407_YPD	train
5007	408_YPD	train
5008	409_YPD	train
5009	410_YPD	train
5010	411_YPD	train
5011	412_YPD	train
5012	413_YPD	train
5013	414_YPD	train
5014	415_YPD	train
5015	416_YPD	train
5016	417_YPD	train
5017	418_YPD	train
5018	419_YPD	train
5019	420_YPD	train
5020	421_YPD	train
5021	422_YPD	train
5022	423_YPD	train
5023	424_YPD	train
5024	425_YPD	train
5025	426_YPD	train
5026	427_YPD	train
5027	428_YPD	train
5028	429_YPD	train
5029	430_YPD	train
5030	431_YPD	train
5031	432_YPD	train
5032	433_YPD	train
5033	434_YPD	train
5034	435_YPD	train
5035	436_YPD	train
5036	437_YPD	train
5037	438_YPD	train
5038	439_YPD	train
5039	440_YPD	train
5040	441_YPD	train
5041	442_YPD	train
5042	443_YPD	train
5043	444_YPD	train
5044	445_YPD	train
5045	446_YPD	train
5046	447_YPD	train
5047	448_YPD	train
5048	449_YPD	train
5049	450_YPD	train
5050	451_YPD	train
5051	452_YPD	train
5052	453_YPD	train
5053	454_YPD	train
5054	455_YPD	train
5055	456_YPD	train
5056	457_YPD	train
5057	458_YPD	train
5058	459_YPD	train
5059	460_YPD	train
5060	461_YPD	train
5061	462_YPD	train
5062	463_YPD	train
5063	464_YPD	validation
5064	465_YPD	validation
5065	466_YPD	train
5066	467_YPD	train
5067	468_YPD	train
5068	469_YPD	train
5069	470_YPD	train
5070	471_YPD	validation
5071	472_YPD	train
5072	473_YPD	train
5073	474_YPD	train
5074	475_YPD	train
5075	476_YPD	train
5076	477_YPD	train
5077	478_YPD	train
5078	479_YPD	train
5079	480_YPD	train
5080	481_YPD	train
5081	482_YPD	train
5082	483_YPD	train
5083	484_YPD	train
5084	485_YPD	train
5085	486_YPD	train
5086	487_YPD	train
5087	488_YPD	train
5088	489_YPD	train
5089	490_YPD	train
5090	491_YPD	train
5091	492_YPD	train
5092	493_YPD	train
5093	494_YPD	validation
5094	495_YPD	train
5095	496_YPD	train
5096	497_YPD	train
5097	498_YPD	train
5098	499_YPD	train
5099	500_YPD	train
5100	501_YPD	train
5101	502_YPD	train
5102	503_YPD	train
5103	504_YPD	train
5104	505_YPD	train
5105	506_YPD	train
5106	507_YPD	train
5107	508_YPD	train
5108	509_YPD	train
5109	510_YPD	train
5110	511_YPD	train
5111	512_YPD	train
5112	513_YPD	train
5113	514_YPD	train
5114	515_YPD	train
5115	516_YPD	train
5116	517_YPD	train
5117	518_YPD	train
5118	519_YPD	train
5119	520_YPD	train
5120	521_YPD	train
5121	522_YPD	validation
5122	523_YPD	train
5123	524_YPD	train
5124	525_YPD	train
5125	526_YPD	train
5126	527_YPD	train
5127	528_YPD	train
5128	529_YPD	train
5129	530_YPD	train
5130	531_YPD	train
5131	532_YPD	train
5132	533_YPD	train
5133	534_YPD	train
5134	535_YPD	train
5135	536_YPD	train
5136	537_YPD	train
5137	538_YPD	train
5138	539_YPD	train
5139	540_YPD	train
5140	541_YPD	train
5141	542_YPD	validation
5142	543_YPD	train
5143	544_YPD	train
5144	545_YPD	train
5145	546_YPD	train
5146	547_YPD	train
5147	548_YPD	train
5148	549_YPD	train
5149	550_YPD	train
5150	551_YPD	train
5151	552_YPD	train
5152	553_YPD	train
5153	554_YPD	train
5154	555_YPD	train
5155	556_YPD	train
5156	557_YPD	train
5157	558_YPD	validation
5158	559_YPD	train
5159	560_YPD	train
5160	561_YPD	train
5161	562_YPD	train
5162	563_YPD	train
5163	564_YPD	train
5164	565_YPD	validation
5165	566_YPD	train
5166	567_YPD	train
5167	568_YPD	train
5168	569_YPD	train
5169	570_YPD	train
5170	571_YPD	train
5171	572_YPD	train
5172	573_YPD	train
5173	574_YPD	validation
5174	575_YPD	train
5175	576_YPD	train
5176	577_YPD	validation
5177	578_YPD	train
5178	579_YPD	validation
5179	580_YPD	train
5180	581_YPD	train
5181	582_YPD	train
5182	583_YPD	train
5183	584_YPD	train
5184	585_YPD	validation
5185	586_YPD	train
5186	587_YPD	train
5187	588_YPD	train
5188	589_YPD	train
5189	590_YPD	train
5190	591_YPD	train
5191	592_YPD	train
5192	593_YPD	train
5193	594_YPD	train
5194	595_YPD	train
5195	596_YPD	train
5196	597_YPD	train
5197	598_YPD	train
5198	599_YPD	validation
5199	600_YPD	validation
5200	601_YPD	validation
5201	602_YPD	validation
5202	603_YPD	train
5203	604_YPD	train
5204	605_YPD	train
5205	606_YPD	train
5206	607_YPD	train
5207	608_YPD	train
5208	609_YPD	train
5209	610_YPD	train
5210	611_YPD	train
5211	612_YPD	train
5212	613_YPD	train
5213	614_YPD	train
5214	615_YPD	train
5215	616_YPD	train
5216	617_YPD	train
5217	618_YPD	train
5218	619_YPD	train
5219	620_YPD	train
5220	621_YPD	train
5221	622_YPD	train
5222	623_YPD	train
5223	624_YPD	train
5224	625_YPD	train
5225	626_YPD	train
5226	627_YPD	train
5227	628_YPD	train
5228	629_YPD	train
5229	630_YPD	train
5230	631_YPD	train
5231	632_YPD	train
5232	633_YPD	train
5233	634_YPD	train
5234	635_YPD	train
5235	636_YPD	train
5236	637_YPD	train
5237	638_YPD	train
5238	639_YPD	train
5239	640_YPD	train
5240	641_YPD	train
5241	642_YPD	train
5242	643_YPD	train
5243	644_YPD	train
5244	645_YPD	train
5245	646_YPD	train
5246	647_YPD	train
5247	648_YPD	train
5248	649_YPD	train
5249	650_YPD	validation
5250	651_YPD	train
5251	652_YPD	train
5252	653_YPD	validation
5253	654_YPD	train
5254	655_YPD	train
5255	656_YPD	train
5256	657_YPD	train
5257	658_YPD	train
5258	659_YPD	train
5259	660_YPD	train
5260	661_YPD	train
5261	662_YPD	train
5262	663_YPD	train
5263	664_YPD	train
5264	665_YPD	validation
5265	666_YPD	train
5266	667_YPD	train
5267	668_YPD	train
5268	669_YPD	train
5269	670_YPD	train
5270	671_YPD	train
5271	672_YPD	validation
5272	673_YPD	train
5273	674_YPD	train
5274	675_YPD	train
5275	676_YPD	train
5276	677_YPD	train
5277	678_YPD	train
5278	679_YPD	train
5279	680_YPD	train
5280	681_YPD	train
5281	682_YPD	train
5282	683_YPD	train
5283	684_YPD	train
5284	685_YPD	train
5285	686_YPD	train
5286	687_YPD	train
5287	688_YPD	train
5288	689_YPD	train
5289	690_YPD	train
5290	691_YPD	train
5291	692_YPD	train
5292	693_YPD	train
5293	694_YPD	train
5294	695_YPD	train
5295	696_YPD	train
5296	697_YPD	train
5297	698_YPD	train
5298	699_YPD	train
5299	700_YPD	train
5300	701_YPD	train
5301	702_YPD	train
5302	703_YPD	train
5303	704_YPD	train
5304	705_YPD	train
5305	706_YPD	train
5306	707_YPD	train
5307	708_YPD	train
5308	709_YPD	train
5309	710_YPD	train
5310	711_YPD	train
5311	712_YPD	train
5312	713_YPD	train
5313	714_YPD	train
5314	715_YPD	train
5315	716_YPD	train
5316	717_YPD	train
5317	718_YPD	train
5318	719_YPD	train
5319	720_YPD	train
5320	721_YPD	train
5321	722_YPD	train
5322	723_YPD	train
5323	724_YPD	train
5324	725_YPD	train
5325	726_YPD	train
5326	727_YPD	train
5327	728_YPD	train
5328	729_YPD	train
5329	730_YPD	train
5330	731_YPD	train
5331	732_YPD	train
5332	733_YPD	train
5333	734_YPD	train
5334	735_YPD	train
5335	736_YPD	train
5336	737_YPD	train
5337	738_YPD	train
5338	739_YPD	train
5339	740_YPD	train
5340	741_YPD	train
5341	742_YPD	train
5342	743_YPD	train
5343	744_YPD	train
5344	745_YPD	train
5345	746_YPD	train
5346	747_YPD	train
5347	748_YPD	train
5348	749_YPD	train
5349	750_YPD	train
5350	751_YPD	train
5351	752_YPD	train
5352	753_YPD	train
5353	754_YPD	train
5354	755_YPD	train
5355	756_YPD	train
5356	757_YPD	train
5357	758_YPD	validation
5358	759_YPD	train
5359	760_YPD	train
5360	761_YPD	train
5361	762_YPD	train
5362	763_YPD	train
5363	764_YPD	train
5364	765_YPD	train
5365	766_YPD	train
5366	767_YPD	train
5367	768_YPD	train
5368	769_YPD	train
5369	770_YPD	train
5370	771_YPD	train
5371	772_YPD	train
5372	773_YPD	train
5373	774_YPD	train
5374	775_YPD	train
5375	776_YPD	train
5376	777_YPD	train
5377	778_YPD	train
5378	779_YPD	train
5379	780_YPD	train
5380	781_YPD	train
5381	782_YPD	train
5382	783_YPD	train
5383	784_YPD	train
5384	785_YPD	train
5385	786_YPD	train
5386	787_YPD	train
5387	788_YPD	validation
5388	789_YPD	train
5389	790_YPD	train
5390	791_YPD	train
5391	792_YPD	validation
5392	793_YPD	train
5393	794_YPD	train
5394	795_YPD	validation
5395	796_YPD	train
5396	797_YPD	train
5397	798_YPD	train
5398	799_YPD	train
5399	800_YPD	train
5400	801_YPD	train
5401	802_YPD	train
5402	803_YPD	validation
5403	804_YPD	train
5404	805_YPD	train
5405	806_YPD	train
5406	807_YPD	train
5407	808_YPD	train
5408	809_YPD	train
5409	810_YPD	train
5410	811_YPD	train
5411	812_YPD	train
5412	813_YPD	train
5413	814_YPD	train
5414	815_YPD	train
5415	816_YPD	train
5416	817_YPD	train
5417	818_YPD	train
5418	819_YPD	train
5419	820_YPD	train
5420	821_YPD	train
5421	822_YPD	train
5422	823_YPD	train
5423	824_YPD	train
5424	825_YPD	train
5425	826_YPD	train
5426	827_YPD	train
5427	828_YPD	train
5428	829_YPD	train
5429	830_YPD	train
5430	831_YPD	train
5431	832_YPD	train
5432	833_YPD	train
5433	834_YPD	train
5434	835_YPD	train
5435	836_YPD	train
5436	837_YPD	train
5437	838_YPD	train
5438	839_YPD	train
5439	840_YPD	validation
5440	841_YPD	train
5441	842_YPD	train
5442	843_YPD	validation
5443	844_YPD	train
5444	845_YPD	train
5445	846_YPD	validation
5446	847_YPD	train
5447	848_YPD	train
5448	849_YPD	train
5449	850_YPD	validation
5450	851_YPD	train
5451	852_YPD	train
5452	853_YPD	train
5453	854_YPD	train
5454	855_YPD	train
5455	856_YPD	train
5456	857_YPD	validation
5457	858_YPD	train
5458	859_YPD	train
5459	860_YPD	train
5460	861_YPD	train
5461	862_YPD	train
5462	863_YPD	train
5463	864_YPD	train
5464	865_YPD	train
5465	866_YPD	train
5466	867_YPD	train
5467	868_YPD	train
5468	869_YPD	train
5469	870_YPD	train
5470	871_YPD	train
5471	872_YPD	train
5472	873_YPD	train
5473	874_YPD	train
5474	875_YPD	train
5475	876_YPD	train
5476	877_YPD	train
5477	878_YPD	train
5478	879_YPD	train
5479	880_YPD	train
5480	881_YPD	train
5481	882_YPD	train
5482	883_YPD	train
5483	884_YPD	train
5484	885_YPD	train
5485	886_YPD	train
5486	887_YPD	train
5487	888_YPD	train
5488	889_YPD	train
5489	890_YPD	train
5490	891_YPD	train
5491	892_YPD	train
5492	893_YPD	train
5493	894_YPD	train
5494	895_YPD	train
5495	896_YPD	train
5496	897_YPD	train
5497	898_YPD	train
5498	899_YPD	train
5499	900_YPD	train
5500	901_YPD	train
5501	902_YPD	train
5502	903_YPD	train
5503	904_YPD	train
5504	905_YPD	train
5505	906_YPD	train
5506	907_YPD	train
5507	908_YPD	train
5508	909_YPD	train
5509	910_YPD	train
5510	911_YPD	train
5511	912_YPD	train
5512	913_YPD	train
5513	914_YPD	train
5514	915_YPD	train
5515	916_YPD	train
5516	917_YPD	train
5517	918_YPD	train
5518	919_YPD	train
5519	920_YPD	train
5520	921_YPD	train
5521	922_YPD	train
5522	923_YPD	train
5523	924_YPD	train
5524	925_YPD	train
5525	926_YPD	train
5526	927_YPD	train
5527	928_YPD	train
5528	929_YPD	validation
5529	930_YPD	train
5530	931_YPD	train
5531	932_YPD	train
5532	933_YPD	train
5533	934_YPD	train
5534	935_YPD	train
5535	936_YPD	train
5536	937_YPD	train
5537	938_YPD	train
5538	939_YPD	train
5539	940_YPD	train
5540	941_YPD	train
5541	942_YPD	train
5542	943_YPD	train
5543	944_YPD	train
5544	945_YPD	train
5545	946_YPD	train
5546	947_YPD	train
5547	948_YPD	train
5548	949_YPD	train
5549	950_YPD	train
5550	951_YPD	train
5551	952_YPD	train
5552	953_YPD	train
5553	954_YPD	train
5554	955_YPD	train
5555	956_YPD	train
5556	957_YPD	train
5557	958_YPD	train
5558	959_YPD	train
5559	960_YPD	train
5560	961_YPD	train
5561	962_YPD	train
5562	963_YPD	train
5563	964_YPD	train
5564	965_YPD	train
5565	966_YPD	train
5566	967_YPD	train
5567	968_YPD	train
5568	969_YPD	validation
5569	970_YPD	train
5570	971_YPD	train
5571	972_YPD	train
5572	973_YPD	train
5573	974_YPD	validation
5574	975_YPD	train
5575	976_YPD	train
5576	977_YPD	train
5577	978_YPD	train
5578	979_YPD	train
5579	980_YPD	train
5580	981_YPD	train
5581	982_YPD	train
5582	983_YPD	train
5583	984_YPD	train
5584	985_YPD	train
5585	986_YPD	train
5586	987_YPD	train
5587	988_YPD	train
5588	989_YPD	train
5589	990_YPD	train
5590	991_YPD	train
5591	992_YPD	train
5592	993_YPD	train
5593	994_YPD	train
5594	995_YPD	train
5595	996_YPD	validation
5596	997_YPD	train
5597	998_YPD	train
5598	999_YPD	train
5599	1000_YPD	train
5600	1001_YPD	train
5601	1002_YPD	train
5602	1003_YPD	train
5603	1004_YPD	train
5604	1005_YPD	train
5605	1006_YPD	train
5606	1007_YPD	validation
5607	1008_YPD	train
5608	1009_YPD	train
5609	1010_YPD	train
5610	1011_YPD	train
5611	1012_YPD	train
5612	1013_YPD	train
5613	1014_YPD	validation
5614	1015_YPD	train
5615	1016_YPD	train
5616	1017_YPD	train
5617	1018_YPD	train
5618	1019_YPD	train
5619	1020_YPD	train
5620	1021_YPD	train
5621	1022_YPD	train
5622	1023_YPD	train
5623	1024_YPD	train
5624	1025_YPD	train
5625	1026_YPD	train
5626	1027_YPD	train
5627	1028_YPD	train
5628	1029_YPD	train
5629	1030_YPD	train
5630	1031_YPD	train
5631	1032_YPD	train
5632	1033_YPD	train
5633	1034_YPD	train
5634	1035_YPD	train
5635	1036_YPD	train
5636	1037_YPD	train
5637	1038_YPD	train
5638	1039_YPD	train
5639	1040_YPD	validation
5640	1041_YPD	train
5641	1042_YPD	train
5642	1043_YPD	train
5643	1044_YPD	train
5644	1045_YPD	train
5645	1046_YPD	train
5646	1047_YPD	train
5647	1048_YPD	train
5648	1049_YPD	train
5649	1050_YPD	train
5650	1051_YPD	train
5651	1052_YPD	train
5652	1053_YPD	train
5653	1054_YPD	train
5654	1055_YPD	train
5655	1056_YPD	train
5656	1057_YPD	train
5657	1058_YPD	train
5658	1059_YPD	train
5659	1060_YPD	train
5660	1061_YPD	train
5661	1062_YPD	train
5662	1063_YPD	train
5663	1064_YPD	train
5664	1065_YPD	validation
5665	1066_YPD	train
5666	1067_YPD	train
5667	1068_YPD	train
5668	1069_YPD	train
5669	1070_YPD	train
5670	1071_YPD	train
5671	1072_YPD	train
5672	1073_YPD	train
5673	1074_YPD	train
5674	1075_YPD	train
5675	1076_YPD	train
5676	1077_YPD	train
5677	1078_YPD	train
5678	1079_YPD	train
5679	1080_YPD	train
5680	1081_YPD	train
5681	1082_YPD	train
5682	1083_YPD	train
5683	1084_YPD	train
5684	1085_YPD	train
5685	1086_YPD	train
5686	1087_YPD	train
5687	1088_YPD	train
5688	1089_YPD	train
5689	1090_YPD	train
5690	1091_YPD	train
5691	1092_YPD	train
5692	1093_YPD	train
5693	1094_YPD	train
5694	1095_YPD	train
5695	1096_YPD	train
5696	1097_YPD	train
5697	1098_YPD	train
5698	1099_YPD	train
5699	1100_YPD	train
5700	1101_YPD	train
5701	1102_YPD	train
5702	1103_YPD	train
5703	1104_YPD	train
5704	1105_YPD	train
5705	1106_YPD	train
5706	1107_YPD	train
5707	1108_YPD	train
5708	1109_YPD	train
5709	1110_YPD	train
5710	1111_YPD	train
5711	1112_YPD	train
5712	1113_YPD	train
5713	1114_YPD	train
5714	1115_YPD	train
5715	1116_YPD	train
5716	1117_YPD	train
5717	1118_YPD	train
5718	1119_YPD	train
5719	1120_YPD	train
5720	1121_YPD	train
5721	1122_YPD	train
5722	1123_YPD	train
5723	1124_YPD	train
5724	1125_YPD	train
5725	1126_YPD	train
5726	1127_YPD	train
5727	1128_YPD	train
5728	1129_YPD	train
5729	1130_YPD	train
5730	1131_YPD	train
5731	1132_YPD	train
5732	1133_YPD	train
5733	1134_YPD	train
5734	1135_YPD	train
5735	1136_YPD	train
5736	1137_YPD	train
5737	1138_YPD	train
5738	1139_YPD	train
5739	1140_YPD	train
5740	1141_YPD	train
5741	1142_YPD	train
5742	1143_YPD	train
5743	1144_YPD	train
5744	1145_YPD	train
5745	1146_YPD	train
5746	1147_YPD	train
5747	1148_YPD	train
5748	1149_YPD	train
5749	1150_YPD	train
5750	1151_YPD	train
5751	1152_YPD	train
5752	1153_YPD	train
5753	1154_YPD	train
5754	1155_YPD	train
5755	1156_YPD	train
5756	1157_YPD	train
5757	1158_YPD	validation
5758	1159_YPD	train
5759	1160_YPD	train
5760	1161_YPD	train
5761	1162_YPD	train
5762	1163_YPD	train
5763	1164_YPD	train
5764	1165_YPD	train
5765	1166_YPD	train
5766	1167_YPD	train
5767	1168_YPD	train
5768	1169_YPD	train
5769	1170_YPD	train
5770	1171_YPD	train
5771	1172_YPD	validation
5772	1173_YPD	train
5773	1174_YPD	train
5774	1175_YPD	train
5775	1176_YPD	train
5776	1177_YPD	train
5777	1178_YPD	validation
5778	1179_YPD	train
5779	1180_YPD	train
5780	1181_YPD	train
5781	1182_YPD	train
5782	1183_YPD	train
5783	1184_YPD	train
5784	1185_YPD	train
5785	1186_YPD	train
5786	1187_YPD	train
5787	1188_YPD	train
5788	1189_YPD	train
5789	1190_YPD	train
5790	1191_YPD	train
5791	1192_YPD	train
5792	1193_YPD	train
5793	1194_YPD	train
5794	1195_YPD	train
5795	1196_YPD	train
5796	1197_YPD	train
5797	1198_YPD	train
5798	1199_YPD	train
5799	1200_YPD	train
5800	1201_YPD	train
5801	1202_YPD	train
5802	1203_YPD	train
5803	1204_YPD	train
5804	1205_YPD	train
5805	1206_YPD	validation
5806	1207_YPD	train
5807	1208_YPD	train
5808	1209_YPD	train
5809	1210_YPD	train
5810	1211_YPD	train
5811	1212_YPD	train
5812	1213_YPD	train
5813	1214_YPD	train
5814	1215_YPD	train
5815	1216_YPD	train
5816	1217_YPD	train
5817	1218_YPD	train
5818	1219_YPD	train
5819	1220_YPD	train
5820	1221_YPD	train
5821	1222_YPD	train
5822	1223_YPD	train
5823	1224_YPD	train
5824	1225_YPD	validation
5825	1226_YPD	train
5826	1227_YPD	train
5827	1228_YPD	train
5828	1229_YPD	train
5829	1230_YPD	train
5830	1231_YPD	train
5831	1232_YPD	train
5832	1233_YPD	train
5833	1234_YPD	train
5834	1235_YPD	train
5835	1236_YPD	train
5836	1237_YPD	train
5837	1238_YPD	train
5838	1239_YPD	train
5839	1240_YPD	train
5840	1241_YPD	train
5841	1242_YPD	train
5842	1243_YPD	train
5843	1244_YPD	train
5844	1245_YPD	train
5845	1246_YPD	train
5846	1247_YPD	train
5847	1248_YPD	train
5848	1249_YPD	train
5849	1250_YPD	train
5850	1251_YPD	train
5851	1252_YPD	train
5852	1253_YPD	train
5853	1254_YPD	train
5854	1255_YPD	train
5855	1256_YPD	train
5856	1257_YPD	train
5857	1258_YPD	train
5858	1259_YPD	train
5859	1260_YPD	train
5860	1261_YPD	train
5861	1262_YPD	train
5862	1263_YPD	train
5863	1264_YPD	train
5864	1265_YPD	train
5865	1266_YPD	train
5866	1267_YPD	train
5867	1268_YPD	train
5868	1269_YPD	train
5869	1270_YPD	train
5870	1271_YPD	train
5871	1272_YPD	train
5872	1273_YPD	train
5873	1274_YPD	train
5874	1275_YPD	train
5875	1276_YPD	train
5876	1277_YPD	train
5877	1278_YPD	train
5878	1279_YPD	train
5879	1280_YPD	train
5880	1281_YPD	train
5881	1282_YPD	train
5882	1283_YPD	validation
5883	1284_YPD	train
5884	1285_YPD	train
5885	1286_YPD	train
5886	1287_YPD	train
5887	1288_YPD	train
5888	1289_YPD	train
5889	1290_YPD	validation
5890	1291_YPD	train
5891	1292_YPD	train
5892	1293_YPD	train
5893	1294_YPD	train
5894	1295_YPD	train
5895	1296_YPD	train
5896	1297_YPD	train
5897	1298_YPD	train
5898	1299_YPD	train
5899	1300_YPD	train
5900	1301_YPD	train
5901	1302_YPD	train
5902	1303_YPD	train
5903	1304_YPD	train
5904	1305_YPD	train
5905	1306_YPD	train
5906	1307_YPD	train
5907	1308_YPD	train
5908	1309_YPD	train
5909	1310_YPD	train
5910	1311_YPD	train
5911	1312_YPD	validation
5912	1313_YPD	train
5913	1314_YPD	train
5914	1315_YPD	train
5915	1316_YPD	train
5916	1317_YPD	train
5917	1318_YPD	train
5918	1319_YPD	train
5919	1320_YPD	train
5920	1321_YPD	train
5921	1322_YPD	train
5922	1323_YPD	train
5923	1324_YPD	train
5924	1325_YPD	train
5925	1326_YPD	train
5926	1327_YPD	train
5927	1328_YPD	train
5928	1329_YPD	train
5929	1330_YPD	train
5930	1331_YPD	train
5931	1332_YPD	train
5932	1333_YPD	train
5933	1334_YPD	train
5934	1335_YPD	train
5935	1336_YPD	train
5936	1337_YPD	train
5937	1338_YPD	train
5938	1339_YPD	train
5939	1340_YPD	train
5940	1341_YPD	train
5941	1342_YPD	train
5942	1343_YPD	train
5943	1344_YPD	train
5944	1345_YPD	train
5945	1346_YPD	train
5946	1347_YPD	train
5947	1348_YPD	train
5948	1349_YPD	train
5949	1350_YPD	train
5950	1351_YPD	train
5951	1352_YPD	train
5952	1353_YPD	train
5953	1354_YPD	train
5954	1355_YPD	train
5955	1356_YPD	train
5956	1357_YPD	train
5957	1358_YPD	train
5958	1359_YPD	train
5959	1360_YPD	train
5960	1361_YPD	train
5961	1362_YPD	train
5962	1363_YPD	train
5963	1364_YPD	train
5964	1365_YPD	train
5965	1366_YPD	train
5966	1367_YPD	train
5967	1368_YPD	train
5968	1369_YPD	train
5969	1370_YPD	train
5970	1371_YPD	train
5971	1372_YPD	train
5972	1373_YPD	train
5973	1374_YPD	train
5974	1375_YPD	train
5975	1376_YPD	train
5976	1377_YPD	train
5977	1378_YPD	train
5978	1379_YPD	train
5979	1380_YPD	train
5980	1381_YPD	train
5981	1382_YPD	train
5982	1383_YPD	train
5983	1384_YPD	train
5984	1385_YPD	train
5985	1386_YPD	train
5986	1387_YPD	train
5987	1388_YPD	train
5988	1389_YPD	train
5989	1390_YPD	train
5990	1391_YPD	train
5991	1392_YPD	train
5992	1393_YPD	train
5993	1394_YPD	train
5994	1395_YPD	train
5995	1396_YPD	train
5996	1397_YPD	train
5997	1398_YPD	train
5998	1399_YPD	train
5999	1400_YPD	train
6000	1401_YPD	train
6001	1402_YPD	train
6002	1403_YPD	train
6003	1404_YPD	train
6004	1405_YPD	train
6005	1406_YPD	train
6006	1407_YPD	train
6007	1408_YPD	train
6008	1409_YPD	train
6009	1410_YPD	train
6010	1411_YPD	train
6011	1412_YPD	train
6012	1413_YPD	train
6013	1414_YPD	train
6014	1415_YPD	train
6015	1416_YPD	train
6016	1417_YPD	train
6017	1418_YPD	train
6018	1419_YPD	train
6019	1420_YPD	train
6020	1421_YPD	train
6021	1422_YPD	train
6022	1423_YPD	train
6023	1424_YPD	train
6024	1425_YPD	train
6025	1426_YPD	validation
6026	1427_YPD	train
6027	1428_YPD	train
6028	1429_YPD	train
6029	1430_YPD	train
6030	1431_YPD	train
6031	1432_YPD	train
6032	1433_YPD	validation
6033	1434_YPD	train
6034	1435_YPD	train
6035	1436_YPD	train
6036	1437_YPD	train
6037	1438_YPD	train
6038	1439_YPD	validation
6039	1440_YPD	train
6040	1441_YPD	train
6041	1442_YPD	train
6042	1443_YPD	train
6043	1444_YPD	train
6044	1445_YPD	train
6045	1446_YPD	train
6046	1447_YPD	train
6047	1448_YPD	train
6048	1449_YPD	train
6049	1450_YPD	train
6050	1451_YPD	train
6051	1452_YPD	train
6052	1453_YPD	train
6053	1454_YPD	train
6054	1455_YPD	train
6055	1456_YPD	train
6056	1457_YPD	train
6057	1458_YPD	train
6058	1459_YPD	train
6059	1460_YPD	train
6060	1461_YPD	train
6061	1462_YPD	train
6062	1463_YPD	train
6063	1464_YPD	train
6064	1465_YPD	train
6065	1466_YPD	train
6066	1467_YPD	train
6067	1468_YPD	train
6068	1469_YPD	train
6069	1470_YPD	train
6070	1471_YPD	train
6071	1472_YPD	train
6072	1473_YPD	validation
6073	1474_YPD	train
6074	1475_YPD	train
6075	1476_YPD	train
6076	1477_YPD	train
6077	1478_YPD	train
6078	1479_YPD	train
6079	1480_YPD	train
6080	1481_YPD	validation
6081	1482_YPD	validation
6082	1483_YPD	train
6083	1484_YPD	train
6084	1485_YPD	train
6085	1486_YPD	train
6086	1487_YPD	train
6087	1488_YPD	train
6088	1489_YPD	train
6089	1490_YPD	train
6090	1491_YPD	train
6091	1492_YPD	train
6092	1493_YPD	train
6093	1494_YPD	train
6094	1495_YPD	train
6095	1496_YPD	train
6096	1497_YPD	train
6097	1498_YPD	train
6098	1499_YPD	train
6099	1500_YPD	train
6100	1501_YPD	train
6101	1502_YPD	train
6102	1503_YPD	train
6103	1504_YPD	train
6104	1505_YPD	train
6105	1506_YPD	train
6106	1507_YPD	train
6107	1508_YPD	train
6108	1509_YPD	train
6109	1510_YPD	train
6110	1511_YPD	train
6111	1512_YPD	train
6112	1513_YPD	train
6113	1514_YPD	train
6114	1515_YPD	validation
6115	1516_YPD	train
6116	1517_YPD	train
6117	1518_YPD	train
6118	1519_YPD	train
6119	1520_YPD	train
6120	1521_YPD	train
6121	1522_YPD	train
6122	1523_YPD	train
6123	1524_YPD	train
6124	1525_YPD	train
6125	1526_YPD	train
6126	1527_YPD	train
6127	1528_YPD	train
6128	1529_YPD	train
6129	1530_YPD	train
6130	1531_YPD	train
6131	1532_YPD	train
6132	1533_YPD	train
6133	1534_YPD	train
6134	1535_YPD	train
6135	1536_YPD	train
6136	1537_YPD	validation
6137	1538_YPD	train
6138	1539_YPD	train
6139	1540_YPD	train
6140	1541_YPD	train
6141	1542_YPD	train
6142	1543_YPD	train
6143	1544_YPD	validation
6144	1545_YPD	train
6145	1546_YPD	train
6146	1547_YPD	train
6147	1548_YPD	train
6148	1549_YPD	train
6149	1550_YPD	train
6150	1551_YPD	train
6151	1552_YPD	train
6152	1553_YPD	train
6153	1554_YPD	train
6154	1555_YPD	train
6155	1556_YPD	validation
6156	1557_YPD	train
6157	1558_YPD	train
6158	1559_YPD	train
6159	1560_YPD	train
6160	1561_YPD	train
6161	1562_YPD	train
6162	1563_YPD	train
6163	1564_YPD	train
6164	1565_YPD	train
6165	1566_YPD	train
6166	1567_YPD	train
6167	1568_YPD	train
6168	1569_YPD	validation
6169	1570_YPD	train
6170	1571_YPD	train
6171	1572_YPD	train
6172	1573_YPD	train
6173	1574_YPD	train
6174	1575_YPD	train
6175	1576_YPD	train
6176	1577_YPD	train
6177	1578_YPD	train
6178	1579_YPD	train
6179	1580_YPD	train
6180	1581_YPD	train
6181	1582_YPD	train
6182	1583_YPD	train
6183	1584_YPD	train
6184	1585_YPD	train
6185	1586_YPD	train
6186	1587_YPD	train
6187	1588_YPD	train
6188	1589_YPD	train
6189	1590_YPD	train
6190	1591_YPD	train
6191	1592_YPD	train
6192	1593_YPD	train
6193	1594_YPD	train
6194	1595_YPD	train
6195	1596_YPD	train
6196	1597_YPD	train
6197	1598_YPD	train
6198	1599_YPD	train
6199	1600_YPD	train
6200	1601_YPD	train
6201	1602_YPD	train
6202	1603_YPD	train
6203	1604_YPD	train
6204	1605_YPD	train
6205	1606_YPD	train
6206	1607_YPD	train
6207	1608_YPD	train
6208	1609_YPD	train
6209	1610_YPD	train
6210	1611_YPD	train
6211	1612_YPD	train
6212	1613_YPD	train
6213	1614_YPD	train
6214	1615_YPD	train
6215	1616_YPD	train
6216	1617_YPD	train
6217	1618_YPD	train
6218	1619_YPD	train
6219	1620_YPD	train
6220	1621_YPD	train
6221	1622_YPD	train
6222	1623_YPD	train
6223	1624_YPD	train
6224	1625_YPD	train
6225	1626_YPD	train
6226	1627_YPD	train
6227	1628_YPD	validation
6228	1629_YPD	train
6229	1630_YPD	train
6230	1631_YPD	train
6231	1632_YPD	train
6232	1633_YPD	train
6233	1634_YPD	train
6234	1635_YPD	train
6235	1636_YPD	train
6236	1637_YPD	train
6237	1638_YPD	train
6238	1639_YPD	validation
6239	1640_YPD	train
6240	1641_YPD	train
6241	1642_YPD	train
6242	1643_YPD	train
6243	1644_YPD	train
6244	1645_YPD	train
6245	1646_YPD	train
6246	1647_YPD	train
6247	1648_YPD	train
6248	1649_YPD	train
6249	1650_YPD	train
6250	1651_YPD	train
6251	1652_YPD	train
6252	1653_YPD	train
6253	1654_YPD	train
6254	1655_YPD	train
6255	1656_YPD	train
6256	1657_YPD	train
6257	1658_YPD	train
6258	1659_YPD	train
6259	1660_YPD	train
6260	1661_YPD	train
6261	1662_YPD	train
6262	1663_YPD	train
6263	1664_YPD	train
6264	1665_YPD	train
6265	1666_YPD	train
6266	1667_YPD	train
6267	1668_YPD	train
6268	1669_YPD	train
6269	1670_YPD	train
6270	1671_YPD	train
6271	1672_YPD	train
6272	1673_YPD	train
6273	1674_YPD	train
6274	1675_YPD	validation
6275	1676_YPD	train
6276	1677_YPD	train
6277	1678_YPD	train
6278	1679_YPD	train
6279	1680_YPD	train
6280	1681_YPD	train
6281	1682_YPD	train
6282	1683_YPD	train
6283	1684_YPD	train
6284	1685_YPD	train
6285	1686_YPD	train
6286	1687_YPD	train
6287	1688_YPD	train
6288	1689_YPD	train
6289	1690_YPD	train
6290	1691_YPD	train
6291	1692_YPD	train
6292	1693_YPD	train
6293	1694_YPD	train
6294	1695_YPD	train
6295	1696_YPD	train
6296	1697_YPD	train
6297	1698_YPD	train
6298	1699_YPD	train
6299	1700_YPD	train
6300	1701_YPD	train
6301	1702_YPD	train
6302	1703_YPD	train
6303	1704_YPD	train
6304	1705_YPD	train
6305	1706_YPD	train
6306	1707_YPD	train
6307	1708_YPD	train
6308	1709_YPD	train
6309	1710_YPD	train
6310	1711_YPD	train
6311	1712_YPD	train
6312	1713_YPD	train
6313	1714_YPD	train
6314	1715_YPD	train
6315	1716_YPD	train
6316	1717_YPD	train
6317	1718_YPD	train
6318	1719_YPD	train
6319	1720_YPD	train
6320	1721_YPD	train
6321	1722_YPD	train
6322	1723_YPD	train
6323	1724_YPD	validation
6324	1725_YPD	train
6325	1726_YPD	train
6326	1727_YPD	train
6327	1728_YPD	train
6328	1729_YPD	train
6329	1730_YPD	validation
6330	1731_YPD	train
6331	1732_YPD	train
6332	1733_YPD	train
6333	1734_YPD	train
6334	1735_YPD	train
6335	1736_YPD	train
6336	1737_YPD	train
6337	1738_YPD	train
6338	1739_YPD	train
6339	1740_YPD	train
6340	1741_YPD	train
6341	1742_YPD	train
6342	1743_YPD	train
6343	1744_YPD	train
6344	1745_YPD	train
6345	1746_YPD	train
6346	1747_YPD	train
6347	1748_YPD	train
6348	1749_YPD	train
6349	1750_YPD	train
6350	1751_YPD	train
6351	1752_YPD	train
6352	1753_YPD	train
6353	1754_YPD	train
6354	1755_YPD	train
6355	1756_YPD	train
6356	1757_YPD	train
6357	1758_YPD	train
6358	1759_YPD	train
6359	1760_YPD	train
6360	1761_YPD	train
6361	1762_YPD	train
6362	1763_YPD	train
6363	1764_YPD	train
6364	1765_YPD	train
6365	1766_YPD	train
6366	1767_YPD	train
6367	1768_YPD	train
6368	1769_YPD	train
6369	1770_YPD	train
6370	1771_YPD	train
6371	1772_YPD	train
6372	1773_YPD	train
6373	1774_YPD	train
6374	1775_YPD	train
6375	1776_YPD	train
6376	1777_YPD	train
6377	1778_YPD	train
6378	1779_YPD	train
6379	1780_YPD	train
6380	1781_YPD	train
6381	1782_YPD	train
6382	1783_YPD	train
6383	1784_YPD	validation
6384	1785_YPD	train
6385	1786_YPD	train
6386	1787_YPD	train
6387	1788_YPD	train
6388	1789_YPD	train
6389	1790_YPD	train
6390	1791_YPD	train
6391	1792_YPD	train
6392	1793_YPD	train
6393	1794_YPD	train
6394	1795_YPD	train
6395	1796_YPD	train
6396	1797_YPD	train
6397	1798_YPD	train
6398	1799_YPD	validation
6399	1800_YPD	train
6400	1801_YPD	train
6401	1802_YPD	train
6402	1803_YPD	train
6403	1804_YPD	train
6404	1805_YPD	train
6405	1806_YPD	train
6406	1807_YPD	train
6407	1808_YPD	train
6408	1809_YPD	train
6409	1810_YPD	train
6410	1811_YPD	train
6411	1812_YPD	train
6412	1813_YPD	train
6413	1814_YPD	train
6414	1815_YPD	train
6415	1816_YPD	train
6416	1817_YPD	train
6417	1818_YPD	train
6418	1819_YPD	train
6419	1820_YPD	validation
6420	1821_YPD	train
6421	1822_YPD	train
6422	1823_YPD	train
6423	1824_YPD	train
6424	1825_YPD	train
6425	1826_YPD	train
6426	1827_YPD	train
6427	1828_YPD	train
6428	1829_YPD	train
6429	1830_YPD	train
6430	1831_YPD	train
6431	1832_YPD	train
6432	1833_YPD	train
6433	1834_YPD	train
6434	1835_YPD	train
6435	1836_YPD	train
6436	1837_YPD	train
6437	1838_YPD	train
6438	1839_YPD	train
6439	1840_YPD	train
6440	1841_YPD	train
6441	1842_YPD	train
6442	1843_YPD	train
6443	1844_YPD	train
6444	1845_YPD	train
6445	1846_YPD	train
6446	1847_YPD	train
6447	1848_YPD	train
6448	1849_YPD	train
6449	1850_YPD	train
6450	1851_YPD	train
6451	1852_YPD	train
6452	1853_YPD	train
6453	1854_YPD	train
6454	1855_YPD	train
6455	1856_YPD	train
6456	1857_YPD	train
6457	1858_YPD	train
6458	1859_YPD	train
6459	1860_YPD	train
6460	1861_YPD	train
6461	1862_YPD	train
6462	1863_YPD	train
6463	1864_YPD	train
6464	1865_YPD	train
6465	1866_YPD	train
6466	1867_YPD	train
6467	1868_YPD	train
6468	1869_YPD	train
6469	1870_YPD	train
6470	1871_YPD	train
6471	1872_YPD	train
6472	1873_YPD	train
6473	1874_YPD	train
6474	1875_YPD	train
6475	1876_YPD	train
6476	1877_YPD	train
6477	1878_YPD	train
6478	1879_YPD	train
6479	1880_YPD	train
6480	1881_YPD	train
6481	1882_YPD	train
6482	1883_YPD	train
6483	1884_YPD	train
6484	1885_YPD	train
6485	1886_YPD	train
6486	1887_YPD	train
6487	1888_YPD	train
6488	1889_YPD	train
6489	1890_YPD	train
6490	1891_YPD	train
6491	1892_YPD	train
6492	1893_YPD	train
6493	1894_YPD	train
6494	1895_YPD	train
6495	1896_YPD	train
6496	1897_YPD	train
6497	1898_YPD	validation
6498	1899_YPD	train
6499	1900_YPD	train
6500	1901_YPD	train
6501	1902_YPD	train
6502	1903_YPD	train
6503	1904_YPD	train
6504	1905_YPD	train
6505	1906_YPD	train
6506	1907_YPD	train
6507	1908_YPD	train
6508	1909_YPD	train
6509	1910_YPD	train
6510	1911_YPD	train
6511	1912_YPD	validation
6512	1913_YPD	train
6513	1914_YPD	train
6514	1915_YPD	train
6515	1916_YPD	train
6516	1917_YPD	train
6517	1918_YPD	train
6518	1919_YPD	train
6519	1920_YPD	train
6520	1921_YPD	train
6521	1922_YPD	train
6522	1923_YPD	train
6523	1924_YPD	train
6524	1925_YPD	train
6525	1926_YPD	train
6526	1927_YPD	train
6527	1928_YPD	train
6528	1929_YPD	train
6529	1930_YPD	train
6530	1931_YPD	train
6531	1932_YPD	train
6532	1933_YPD	train
6533	1934_YPD	train
6534	1935_YPD	train
6535	1936_YPD	train
6536	1937_YPD	train
6537	1938_YPD	train
6538	1939_YPD	train
6539	1940_YPD	train
6540	1941_YPD	train
6541	1942_YPD	train
6542	1943_YPD	train
6543	1944_YPD	train
6544	1945_YPD	train
6545	1946_YPD	train
6546	1947_YPD	train
6547	1948_YPD	train
6548	1949_YPD	train
6549	1950_YPD	train
6550	1951_YPD	train
6551	1952_YPD	train
6552	1953_YPD	train
6553	1954_YPD	train
6554	1955_YPD	train
6555	1956_YPD	train
6556	1957_YPD	train
6557	1958_YPD	train
6558	1959_YPD	train
6559	1960_YPD	train
6560	1961_YPD	train
6561	1962_YPD	train
6562	1963_YPD	train
6563	1964_YPD	train
6564	1965_YPD	train
6565	1966_YPD	train
6566	1967_YPD	train
6567	1968_YPD	train
6568	1969_YPD	train
6569	1970_YPD	train
6570	1971_YPD	train
6571	1972_YPD	train
6572	1973_YPD	train
6573	1974_YPD	train
6574	1975_YPD	train
6575	1976_YPD	train
6576	1977_YPD	train
6577	1978_YPD	train
6578	1979_YPD	train
6579	1980_YPD	train
6580	1981_YPD	train
6581	1982_YPD	train
6582	1983_YPD	train
6583	1984_YPD	train
6584	1985_YPD	train
6585	1986_YPD	train
6586	1987_YPD	train
6587	1988_YPD	train
6588	1989_YPD	train
6589	1990_YPD	train
6590	1991_YPD	train
6591	1992_YPD	train
6592	1993_YPD	train
6593	1994_YPD	train
6594	1995_YPD	train
6595	1996_YPD	train
6596	1997_YPD	train
6597	1998_YPD	train
6598	1999_YPD	train
6599	2000_YPD	train
6600	2001_YPD	train
6601	2002_YPD	train
6602	2003_YPD	train
6603	2004_YPD	train
6604	2005_YPD	train
6605	2006_YPD	train
6606	2007_YPD	train
6607	2008_YPD	train
6608	2009_YPD	train
6609	2010_YPD	train
6610	2011_YPD	train
6611	2012_YPD	train
6612	2013_YPD	train
6613	2014_YPD	train
6614	2015_YPD	train
6615	2016_YPD	train
6616	2017_YPD	train
6617	2018_YPD	train
6618	2019_YPD	train
6619	2020_YPD	train
6620	2021_YPD	validation
6621	2022_YPD	train
6622	2023_YPD	train
6623	2024_YPD	train
6624	2025_YPD	train
6625	2026_YPD	train
6626	2027_YPD	train
6627	2028_YPD	train
6628	2029_YPD	train
6629	2030_YPD	train
6630	2031_YPD	train
6631	2032_YPD	train
6632	2033_YPD	train
6633	2034_YPD	train
6634	2035_YPD	train
6635	2036_YPD	train
6636	2037_YPD	train
6637	2038_YPD	train
6638	2039_YPD	train
6639	2040_YPD	train
6640	2041_YPD	train
6641	2042_YPD	train
6642	2043_YPD	train
6643	2044_YPD	train
6644	2045_YPD	train
6645	2046_YPD	train
6646	2047_YPD	train
6647	2048_YPD	train
6648	2049_YPD	train
6649	2050_YPD	train
6650	2051_YPD	train
6651	2052_YPD	train
6652	2053_YPD	train
6653	2054_YPD	train
6654	2055_YPD	train
6655	2056_YPD	train
6656	2057_YPD	train
6657	2058_YPD	train
6658	2059_YPD	train
6659	2060_YPD	train
6660	2061_YPD	train
6661	2062_YPD	train
6662	2063_YPD	train
6663	2064_YPD	train
6664	2065_YPD	train
6665	2066_YPD	train
6666	2067_YPD	train
6667	2068_YPD	train
6668	2069_YPD	train
6669	2070_YPD	train
6670	2071_YPD	train
6671	2072_YPD	train
6672	2073_YPD	train
6673	2074_YPD	train
6674	2075_YPD	train
6675	2076_YPD	train
6676	2077_YPD	train
6677	2078_YPD	train
6678	2079_YPD	train
6679	2080_YPD	train
6680	2081_YPD	train
6681	2082_YPD	train
6682	2083_YPD	train
6683	2084_YPD	validation
6684	2085_YPD	train
6685	2086_YPD	train
6686	2087_YPD	train
6687	2088_YPD	train
6688	2089_YPD	train
6689	2090_YPD	train
6690	2091_YPD	train
6691	2092_YPD	validation
6692	2093_YPD	train
6693	2094_YPD	train
6694	2095_YPD	train
6695	2096_YPD	train
6696	2097_YPD	validation
6697	2098_YPD	train
6698	2099_YPD	train
6699	2100_YPD	train
6700	2101_YPD	train
6701	2102_YPD	train
6702	2103_YPD	train
6703	2104_YPD	train
6704	2105_YPD	train
6705	2106_YPD	train
6706	2107_YPD	train
6707	2108_YPD	train
6708	2109_YPD	train
6709	2110_YPD	train
6710	2111_YPD	train
6711	2112_YPD	train
6712	2113_YPD	train
6713	2114_YPD	train
6714	2115_YPD	train
6715	2116_YPD	train
6716	2117_YPD	train
6717	2118_YPD	train
6718	2119_YPD	train
6719	2120_YPD	train
6720	2121_YPD	train
6721	2122_YPD	train
6722	2123_YPD	train
6723	2124_YPD	train
6724	2125_YPD	validation
6725	2126_YPD	train
6726	2127_YPD	train
6727	2128_YPD	train
6728	2129_YPD	validation
6729	2130_YPD	train
6730	2131_YPD	train
6731	2132_YPD	train
6732	2133_YPD	train
6733	2134_YPD	train
6734	2135_YPD	train
6735	2136_YPD	train
6736	2137_YPD	train
6737	2138_YPD	train
6738	2139_YPD	train
6739	2140_YPD	train
6740	2141_YPD	train
6741	2142_YPD	train
6742	2143_YPD	validation
6743	2144_YPD	train
6744	2145_YPD	train
6745	2146_YPD	train
6746	2147_YPD	train
6747	2148_YPD	train
6748	2149_YPD	train
6749	2150_YPD	train
6750	2151_YPD	train
6751	2152_YPD	train
6752	2153_YPD	train
6753	2154_YPD	train
6754	2155_YPD	train
6755	2156_YPD	train
6756	2157_YPD	train
6757	2158_YPD	train
6758	2159_YPD	train
6759	2160_YPD	train
6760	2161_YPD	train
6761	2162_YPD	train
6762	2163_YPD	train
6763	2164_YPD	train
6764	2165_YPD	train
6765	2166_YPD	train
6766	2167_YPD	train
6767	2168_YPD	train
6768	2169_YPD	train
6769	2170_YPD	train
6770	2171_YPD	train
6771	2172_YPD	train
6772	2173_YPD	train
6773	2174_YPD	train
6774	2175_YPD	train
6775	2176_YPD	train
6776	2177_YPD	train
6777	2178_YPD	train
6778	2179_YPD	train
6779	2180_YPD	train
6780	2181_YPD	train
6781	2182_YPD	train
6782	2183_YPD	validation
6783	2184_YPD	train
6784	2185_YPD	train
6785	2186_YPD	train
6786	2187_YPD	train
6787	2188_YPD	train
6788	2189_YPD	train
6789	2190_YPD	train
6790	2191_YPD	train
6791	2192_YPD	train
6792	2193_YPD	train
6793	2194_YPD	train
6794	2195_YPD	train
6795	2196_YPD	train
6796	2197_YPD	train
6797	2198_YPD	train
6798	2199_YPD	train
6799	2200_YPD	train
6800	2201_YPD	train
6801	2202_YPD	train
6802	2203_YPD	train
6803	2204_YPD	train
6804	2205_YPD	train
6805	2206_YPD	train
6806	2207_YPD	train
6807	2208_YPD	train
6808	2209_YPD	train
6809	2210_YPD	train
6810	2211_YPD	train
6811	2212_YPD	train
6812	2213_YPD	train
6813	2214_YPD	train
6814	2215_YPD	train
6815	2216_YPD	train
6816	2217_YPD	train
6817	2218_YPD	train
6818	2219_YPD	train
6819	2220_YPD	train
6820	2221_YPD	train
6821	2222_YPD	train
6822	2223_YPD	train
6823	2224_YPD	train
6824	2225_YPD	train
6825	2226_YPD	train
6826	2227_YPD	validation
6827	2228_YPD	train
6828	2229_YPD	train
6829	2230_YPD	train
6830	2231_YPD	train
6831	2232_YPD	train
6832	2233_YPD	train
6833	2234_YPD	train
6834	2235_YPD	train
6835	2236_YPD	train
6836	2237_YPD	train
6837	2238_YPD	train
6838	2239_YPD	train
6839	2240_YPD	train
6840	2241_YPD	train
6841	2242_YPD	train
6842	2243_YPD	train
6843	2244_YPD	train
6844	2245_YPD	train
6845	2246_YPD	train
6846	2247_YPD	train
6847	2248_YPD	train
6848	2249_YPD	train
6849	2250_YPD	train
6850	2251_YPD	train
6851	2252_YPD	train
6852	2253_YPD	train
6853	2254_YPD	train
6854	2255_YPD	train
6855	2256_YPD	train
6856	2257_YPD	train
6857	2258_YPD	train
6858	2259_YPD	train
6859	2260_YPD	train
6860	2261_YPD	train
6861	2262_YPD	train
6862	2263_YPD	train
6863	2264_YPD	train
6864	2265_YPD	train
6865	2266_YPD	train
6866	2267_YPD	train
6867	2268_YPD	train
6868	2269_YPD	train
6869	2270_YPD	train
6870	2271_YPD	train
6871	2272_YPD	train
6872	2273_YPD	train
6873	2274_YPD	train
6874	2275_YPD	train
6875	2276_YPD	train
6876	2277_YPD	train
6877	2278_YPD	train
6878	2279_YPD	train
6879	2280_YPD	train
6880	2281_YPD	train
6881	2282_YPD	validation
6882	2283_YPD	train
6883	2284_YPD	train
6884	2285_YPD	train
6885	2286_YPD	train
6886	2287_YPD	train
6887	2288_YPD	train
6888	2289_YPD	train
6889	2290_YPD	train
6890	2291_YPD	validation
6891	2292_YPD	train
6892	2293_YPD	train
6893	2294_YPD	train
6894	2295_YPD	train
6895	2296_YPD	train
6896	2297_YPD	validation
6897	2298_YPD	train
6898	2299_YPD	train
6899	2300_YPD	validation
6900	2301_YPD	train
6901	2302_YPD	train
6902	2303_YPD	train
6903	2304_YPD	train
6904	2305_YPD	train
6905	2306_YPD	train
6906	2307_YPD	train
6907	2308_YPD	train
6908	2309_YPD	train
6909	2310_YPD	train
6910	2311_YPD	train
6911	2312_YPD	train
6912	2313_YPD	train
6913	2314_YPD	train
6914	2315_YPD	validation
6915	2316_YPD	train
6916	2317_YPD	train
6917	2318_YPD	train
6918	2319_YPD	train
6919	2320_YPD	train
6920	2321_YPD	train
6921	2322_YPD	train
6922	2323_YPD	train
6923	2324_YPD	train
6924	2325_YPD	train
6925	2326_YPD	train
6926	2327_YPD	train
6927	2328_YPD	train
6928	2329_YPD	train
6929	2330_YPD	train
6930	2331_YPD	train
6931	2332_YPD	train
6932	2333_YPD	train
6933	2334_YPD	train
6934	2335_YPD	train
6935	2336_YPD	train
6936	2337_YPD	validation
6937	2338_YPD	train
6938	2339_YPD	train
6939	2340_YPD	train
6940	2341_YPD	train
6941	2342_YPD	train
6942	2343_YPD	train
6943	2344_YPD	train
6944	2345_YPD	train
6945	2346_YPD	train
6946	2347_YPD	train
6947	2348_YPD	train
6948	2349_YPD	train
6949	2350_YPD	train
6950	2351_YPD	train
6951	2352_YPD	train
6952	2353_YPD	train
6953	2354_YPD	train
6954	2355_YPD	train
6955	2356_YPD	validation
6956	2357_YPD	train
6957	2358_YPD	train
6958	2359_YPD	validation
6959	2360_YPD	train
6960	2361_YPD	train
6961	2362_YPD	train
6962	2363_YPD	train
6963	2364_YPD	train
6964	2365_YPD	train
6965	2366_YPD	train
6966	2367_YPD	train
6967	2368_YPD	train
6968	2369_YPD	validation
6969	2370_YPD	train
6970	2371_YPD	train
6971	2372_YPD	train
6972	2373_YPD	train
6973	2374_YPD	train
6974	2375_YPD	train
6975	2376_YPD	train
6976	2377_YPD	train
6977	2378_YPD	train
6978	2379_YPD	train
6979	2380_YPD	train
6980	2381_YPD	train
6981	2382_YPD	train
6982	2383_YPD	train
6983	2384_YPD	train
6984	2385_YPD	train
6985	2386_YPD	train
6986	2387_YPD	train
6987	2388_YPD	train
6988	2389_YPD	train
6989	2390_YPD	train
6990	2391_YPD	train
6991	2392_YPD	train
6992	2393_YPD	train
6993	2394_YPD	train
6994	2395_YPD	train
6995	2396_YPD	train
6996	2397_YPD	train
6997	2398_YPD	train
6998	2399_YPD	train
6999	2400_YPD	train
7000	2401_YPD	validation
7001	2402_YPD	train
7002	2403_YPD	train
7003	2404_YPD	train
7004	2405_YPD	train
7005	2406_YPD	train
7006	2407_YPD	validation
7007	2408_YPD	train
7008	2409_YPD	train
7009	2410_YPD	train
7010	2411_YPD	train
7011	2412_YPD	train
7012	2413_YPD	train
7013	2414_YPD	train
7014	2415_YPD	train
7015	2416_YPD	train
7016	2417_YPD	train
7017	2418_YPD	train
7018	2419_YPD	train
7019	2420_YPD	train
7020	2421_YPD	train
7021	2422_YPD	train
7022	2423_YPD	train
7023	2424_YPD	train
7024	2425_YPD	validation
7025	2426_YPD	train
7026	2427_YPD	train
7027	2428_YPD	train
7028	2429_YPD	train
7029	2430_YPD	train
7030	2431_YPD	train
7031	2432_YPD	train
7032	2433_YPD	train
7033	2434_YPD	train
7034	2435_YPD	train
7035	2436_YPD	train
7036	2437_YPD	train
7037	2438_YPD	train
7038	2439_YPD	train
7039	2440_YPD	validation
7040	2441_YPD	train
7041	2442_YPD	train
7042	2443_YPD	train
7043	2444_YPD	train
7044	2445_YPD	train
7045	2446_YPD	train
7046	2447_YPD	train
7047	2448_YPD	train
7048	2449_YPD	validation
7049	2450_YPD	train
7050	2451_YPD	train
7051	2452_YPD	train
7052	2453_YPD	train
7053	2454_YPD	train
7054	2455_YPD	train
7055	2456_YPD	train
7056	2457_YPD	train
7057	2458_YPD	train
7058	2459_YPD	train
7059	2460_YPD	train
7060	2461_YPD	train
7061	2462_YPD	train
7062	2463_YPD	train
7063	2464_YPD	train
7064	2465_YPD	validation
7065	2466_YPD	train
7066	2467_YPD	train
7067	2468_YPD	train
7068	2469_YPD	validation
7069	2470_YPD	train
7070	2471_YPD	train
7071	2472_YPD	train
7072	2473_YPD	train
7073	2474_YPD	train
7074	2475_YPD	validation
7075	2476_YPD	train
7076	2477_YPD	train
7077	2478_YPD	train
7078	2479_YPD	train
7079	2480_YPD	validation
7080	2481_YPD	train
7081	2482_YPD	train
7082	2483_YPD	train
7083	2484_YPD	train
7084	2485_YPD	train
7085	2486_YPD	train
7086	2487_YPD	train
7087	2488_YPD	train
7088	2489_YPD	train
7089	2490_YPD	train
7090	2491_YPD	train
7091	2492_YPD	train
7092	2493_YPD	train
7093	2494_YPD	train
7094	2495_YPD	train
7095	2496_YPD	train
7096	2497_YPD	train
7097	2498_YPD	train
7098	2499_YPD	train
7099	2500_YPD	train
7100	2501_YPD	train
7101	2502_YPD	train
7102	2503_YPD	train
7103	2504_YPD	train
7104	2505_YPD	validation
7105	2506_YPD	train
7106	2507_YPD	train
7107	2508_YPD	train
7108	2509_YPD	train
7109	2510_YPD	train
7110	2511_YPD	train
7111	2512_YPD	train
7112	2513_YPD	train
7113	2514_YPD	validation
7114	2515_YPD	train
7115	2516_YPD	train
7116	2517_YPD	train
7117	2518_YPD	train
7118	2519_YPD	train
7119	2520_YPD	train
7120	2521_YPD	train
7121	2522_YPD	train
7122	2523_YPD	train
7123	2524_YPD	train
7124	2525_YPD	train
7125	2526_YPD	train
7126	2527_YPD	train
7127	2528_YPD	train
7128	2529_YPD	train
7129	2530_YPD	train
7130	2531_YPD	train
7131	2532_YPD	train
7132	2533_YPD	validation
7133	2534_YPD	train
7134	2535_YPD	train
7135	2536_YPD	train
7136	2537_YPD	train
7137	2538_YPD	train
7138	2539_YPD	train
7139	2540_YPD	train
7140	2541_YPD	train
7141	2542_YPD	train
7142	2543_YPD	train
7143	2544_YPD	train
7144	2545_YPD	train
7145	2546_YPD	train
7146	2547_YPD	train
7147	2548_YPD	train
7148	2549_YPD	train
7149	2550_YPD	train
7150	2551_YPD	train
7151	2552_YPD	train
7152	2553_YPD	train
7153	2554_YPD	train
7154	2555_YPD	train
7155	2556_YPD	train
7156	2557_YPD	train
7157	2558_YPD	train
7158	2559_YPD	train
7159	2560_YPD	train
7160	2561_YPD	train
7161	2562_YPD	train
7162	2563_YPD	train
7163	2564_YPD	train
7164	2565_YPD	train
7165	2566_YPD	train
7166	2567_YPD	train
7167	2568_YPD	train
7168	2569_YPD	train
7169	2570_YPD	train
7170	2571_YPD	train
7171	2572_YPD	train
7172	2573_YPD	train
7173	2574_YPD	train
7174	2575_YPD	train
7175	2576_YPD	train
7176	2577_YPD	train
7177	2578_YPD	train
7178	2579_YPD	train
7179	2580_YPD	train
7180	2581_YPD	train
7181	2582_YPD	train
7182	2583_YPD	train
7183	2584_YPD	train
7184	2585_YPD	train
7185	2586_YPD	train
7186	2587_YPD	train
7187	2588_YPD	train
7188	2589_YPD	train
7189	2590_YPD	train
7190	2591_YPD	train
7191	2592_YPD	train
7192	2593_YPD	train
7193	2594_YPD	train
7194	2595_YPD	train
7195	2596_YPD	train
7196	2597_YPD	train
7197	2598_YPD	train
7198	2599_YPD	train
7199	2600_YPD	train
7200	2601_YPD	train
7201	2602_YPD	train
7202	2603_YPD	train
7203	2604_YPD	train
7204	2605_YPD	train
7205	2606_YPD	validation
7206	2607_YPD	train
7207	2608_YPD	train
7208	2609_YPD	train
7209	2610_YPD	train
7210	2611_YPD	train
7211	2612_YPD	train
7212	2613_YPD	train
7213	2614_YPD	train
7214	2615_YPD	train
7215	2616_YPD	train
7216	2617_YPD	train
7217	2618_YPD	train
7218	2619_YPD	train
7219	2620_YPD	train
7220	2621_YPD	train
7221	2622_YPD	train
7222	2623_YPD	train
7223	2624_YPD	train
7224	2625_YPD	train
7225	2626_YPD	train
7226	2627_YPD	train
7227	2628_YPD	train
7228	2629_YPD	train
7229	2630_YPD	train
7230	2631_YPD	train
7231	2632_YPD	train
7232	2633_YPD	train
7233	2634_YPD	train
7234	2635_YPD	train
7235	2636_YPD	train
7236	2637_YPD	train
7237	2638_YPD	train
7238	2639_YPD	train
7239	2640_YPD	train
7240	2641_YPD	train
7241	2642_YPD	train
7242	2643_YPD	train
7243	2644_YPD	train
7244	2645_YPD	train
7245	2646_YPD	train
7246	2647_YPD	validation
7247	2648_YPD	train
7248	2649_YPD	train
7249	2650_YPD	train
7250	2651_YPD	train
7251	2652_YPD	train
7252	2653_YPD	train
7253	2654_YPD	train
7254	2655_YPD	train
7255	2656_YPD	train
7256	2657_YPD	train
7257	2658_YPD	train
7258	2659_YPD	train
7259	2660_YPD	train
7260	2661_YPD	train
7261	2662_YPD	train
7262	2663_YPD	train
7263	2664_YPD	train
7264	2665_YPD	train
7265	2666_YPD	train
7266	2667_YPD	train
7267	2668_YPD	train
7268	2669_YPD	train
7269	2670_YPD	train
7270	2671_YPD	train
7271	2672_YPD	train
7272	2673_YPD	train
7273	2674_YPD	train
7274	2675_YPD	train
7275	2676_YPD	train
7276	2677_YPD	train
7277	2678_YPD	train
7278	2679_YPD	train
7279	2680_YPD	train
7280	2681_YPD	train
7281	2682_YPD	train
7282	2683_YPD	train
7283	2684_YPD	train
7284	2685_YPD	train
7285	2686_YPD	validation
7286	2687_YPD	train
7287	2688_YPD	train
7288	2689_YPD	train
7289	2690_YPD	train
7290	2691_YPD	train
7291	2692_YPD	train
7292	2693_YPD	train
7293	2694_YPD	train
7294	2695_YPD	train
7295	2696_YPD	train
7296	2697_YPD	train
7297	2698_YPD	train
7298	2699_YPD	train
7299	2700_YPD	train
7300	2701_YPD	train
7301	2702_YPD	train
7302	2703_YPD	train
7303	2704_YPD	train
7304	2705_YPD	train
7305	2706_YPD	train
7306	2707_YPD	train
7307	2708_YPD	validation
7308	2709_YPD	train
7309	2710_YPD	train
7310	2711_YPD	train
7311	2712_YPD	train
7312	2713_YPD	train
7313	2714_YPD	train
7314	2715_YPD	train
7315	2716_YPD	train
7316	2717_YPD	train
7317	2718_YPD	train
7318	2719_YPD	train
7319	2720_YPD	train
7320	2721_YPD	train
7321	2722_YPD	train
7322	2723_YPD	train
7323	2724_YPD	train
7324	2725_YPD	train
7325	2726_YPD	train
7326	2727_YPD	train
7327	2728_YPD	train
7328	2729_YPD	train
7329	2730_YPD	train
7330	2731_YPD	validation
7331	2732_YPD	train
7332	2733_YPD	train
7333	2734_YPD	train
7334	2735_YPD	train
7335	2736_YPD	train
7336	2737_YPD	train
7337	2738_YPD	train
7338	2739_YPD	train
7339	2740_YPD	train
7340	2741_YPD	train
7341	2742_YPD	train
7342	2743_YPD	train
7343	2744_YPD	train
7344	2745_YPD	train
7345	2746_YPD	train
7346	2747_YPD	train
7347	2748_YPD	train
7348	2749_YPD	train
7349	2750_YPD	train
7350	2751_YPD	train
7351	2752_YPD	train
7352	2753_YPD	train
7353	2754_YPD	train
7354	2755_YPD	train
7355	2756_YPD	train
7356	2757_YPD	train
7357	2758_YPD	train
7358	2759_YPD	validation
7359	2760_YPD	train
7360	2761_YPD	train
7361	2762_YPD	train
7362	2763_YPD	validation
7363	2764_YPD	train
7364	2765_YPD	train
7365	2766_YPD	train
7366	2767_YPD	train
7367	2768_YPD	train
7368	2769_YPD	train
7369	2770_YPD	train
7370	2771_YPD	train
7371	2772_YPD	train
7372	2773_YPD	train
7373	2774_YPD	train
7374	2775_YPD	train
7375	2776_YPD	train
7376	2777_YPD	train
7377	2778_YPD	train
7378	2779_YPD	train
7379	2780_YPD	train
7380	2781_YPD	train
7381	2782_YPD	train
7382	2783_YPD	train
7383	2784_YPD	train
7384	2785_YPD	train
7385	2786_YPD	train
7386	2787_YPD	train
7387	2788_YPD	train
7388	2789_YPD	train
7389	2790_YPD	train
7390	2791_YPD	train
7391	2792_YPD	train
7392	2793_YPD	validation
7393	2794_YPD	train
7394	2795_YPD	train
7395	2796_YPD	train
7396	2797_YPD	train
7397	2798_YPD	train
7398	2799_YPD	train
7399	2800_YPD	train
7400	2801_YPD	train
7401	2802_YPD	train
7402	2803_YPD	train
7403	2804_YPD	train
7404	2805_YPD	train
7405	2806_YPD	train
7406	2807_YPD	train
7407	2808_YPD	train
7408	2809_YPD	train
7409	2810_YPD	train
7410	2811_YPD	train
7411	2812_YPD	train
7412	2813_YPD	train
7413	2814_YPD	train
7414	2815_YPD	train
7415	2816_YPD	train
7416	2817_YPD	train
7417	2818_YPD	train
7418	2819_YPD	train
7419	2820_YPD	train
7420	2821_YPD	train
7421	2822_YPD	train
7422	2823_YPD	train
7423	2824_YPD	validation
7424	2825_YPD	train
7425	2826_YPD	train
7426	2827_YPD	train
7427	2828_YPD	validation
7428	2829_YPD	train
7429	2830_YPD	train
7430	2831_YPD	train
7431	2832_YPD	train
7432	2833_YPD	train
7433	2834_YPD	train
7434	2835_YPD	train
7435	2836_YPD	train
7436	2837_YPD	train
7437	2838_YPD	train
7438	2839_YPD	train
7439	2840_YPD	train
7440	2841_YPD	train
7441	2842_YPD	train
7442	2843_YPD	train
7443	2844_YPD	train
7444	2845_YPD	train
7445	2846_YPD	train
7446	2847_YPD	train
7447	2848_YPD	train
7448	2849_YPD	validation
7449	2850_YPD	train
7450	2851_YPD	train
7451	2852_YPD	train
7452	2853_YPD	train
7453	2854_YPD	train
7454	2855_YPD	train
7455	2856_YPD	train
7456	2857_YPD	train
7457	2858_YPD	train
7458	2859_YPD	train
7459	2860_YPD	train
7460	2861_YPD	train
7461	2862_YPD	train
7462	2863_YPD	train
7463	2864_YPD	train
7464	2865_YPD	train
7465	2866_YPD	train
7466	2867_YPD	train
7467	2868_YPD	train
7468	2869_YPD	train
7469	2870_YPD	train
7470	2871_YPD	train
7471	2872_YPD	train
7472	2873_YPD	validation
7473	2874_YPD	validation
7474	2875_YPD	train
7475	2876_YPD	train
7476	2877_YPD	train
7477	2878_YPD	train
7478	2879_YPD	train
7479	2880_YPD	validation
7480	2881_YPD	train
7481	2882_YPD	train
7482	2883_YPD	train
7483	2884_YPD	train
7484	2885_YPD	train
7485	2886_YPD	train
7486	2887_YPD	train
7487	2888_YPD	train
7488	2889_YPD	train
7489	2890_YPD	train
7490	2891_YPD	train
7491	2892_YPD	train
7492	2893_YPD	train
7493	2894_YPD	train
7494	2895_YPD	train
7495	2896_YPD	train
7496	2897_YPD	train
7497	2898_YPD	train
7498	2899_YPD	train
7499	2900_YPD	train
7500	2901_YPD	train
7501	2902_YPD	train
7502	2903_YPD	train
7503	2904_YPD	train
7504	2905_YPD	train
7505	2906_YPD	train
7506	2907_YPD	train
7507	2908_YPD	train
7508	2909_YPD	validation
7509	2910_YPD	train
7510	2911_YPD	train
7511	2912_YPD	validation
7512	2913_YPD	train
7513	2914_YPD	train
7514	2915_YPD	train
7515	2916_YPD	train
7516	2917_YPD	train
7517	2918_YPD	train
7518	2919_YPD	train
7519	2920_YPD	train
7520	2921_YPD	train
7521	2922_YPD	train
7522	2923_YPD	train
7523	2924_YPD	validation
7524	2925_YPD	train
7525	2926_YPD	train
7526	2927_YPD	train
7527	2928_YPD	train
7528	2929_YPD	train
7529	2930_YPD	train
7530	2931_YPD	train
7531	2932_YPD	train
7532	2933_YPD	train
7533	2934_YPD	train
7534	2935_YPD	train
7535	2936_YPD	train
7536	2937_YPD	train
7537	2938_YPD	train
7538	2939_YPD	train
7539	2940_YPD	train
7540	2941_YPD	train
7541	2942_YPD	train
7542	2943_YPD	train
7543	2944_YPD	train
7544	2945_YPD	train
7545	2946_YPD	train
7546	2947_YPD	validation
7547	2948_YPD	validation
7548	2949_YPD	train
7549	2950_YPD	train
7550	2951_YPD	train
7551	2952_YPD	train
7552	2953_YPD	train
7553	2954_YPD	train
7554	2955_YPD	train
7555	2956_YPD	train
7556	2957_YPD	train
7557	2958_YPD	train
7558	2959_YPD	train
7559	2960_YPD	train
7560	2961_YPD	train
7561	2962_YPD	train
7562	2963_YPD	train
7563	2964_YPD	train
7564	2965_YPD	train
7565	2966_YPD	train
7566	2967_YPD	train
7567	2968_YPD	train
7568	2969_YPD	train
7569	2970_YPD	train
7570	2971_YPD	train
7571	2972_YPD	train
7572	2973_YPD	train
7573	2974_YPD	train
7574	2975_YPD	train
7575	2976_YPD	train
7576	2977_YPD	train
7577	2978_YPD	train
7578	2979_YPD	train
7579	2980_YPD	train
7580	2981_YPD	train
7581	2982_YPD	train
7582	2983_YPD	train
7583	2984_YPD	train
7584	2985_YPD	train
7585	2986_YPD	train
7586	2987_YPD	train
7587	2988_YPD	train
7588	2989_YPD	train
7589	2990_YPD	train
7590	2991_YPD	train
7591	2992_YPD	train
7592	2993_YPD	train
7593	2994_YPD	train
7594	2995_YPD	train
7595	2996_YPD	train
7596	2997_YPD	train
7597	2998_YPD	train
7598	2999_YPD	train
7599	3000_YPD	train
7600	3001_YPD	train
7601	3002_YPD	train
7602	3003_YPD	train
7603	3004_YPD	train
7604	3005_YPD	train
7605	3006_YPD	train
7606	3007_YPD	train
7607	3008_YPD	train
7608	3009_YPD	train
7609	3010_YPD	train
7610	3011_YPD	train
7611	3012_YPD	train
7612	3013_YPD	train
7613	3014_YPD	train
7614	3015_YPD	validation
7615	3016_YPD	train
7616	3017_YPD	validation
7617	3018_YPD	train
7618	3019_YPD	train
7619	3020_YPD	train
7620	3021_YPD	train
7621	3022_YPD	train
7622	3023_YPD	train
7623	3024_YPD	train
7624	3025_YPD	train
7625	3026_YPD	train
7626	3027_YPD	train
7627	3028_YPD	train
7628	3029_YPD	train
7629	3030_YPD	train
7630	3031_YPD	train
7631	3032_YPD	train
7632	3033_YPD	train
7633	3034_YPD	train
7634	3035_YPD	train
7635	3036_YPD	train
7636	3037_YPD	train
7637	3038_YPD	train
7638	3039_YPD	train
7639	3040_YPD	train
7640	3041_YPD	train
7641	3042_YPD	train
7642	3043_YPD	train
7643	3044_YPD	train
7644	3045_YPD	train
7645	3046_YPD	train
7646	3047_YPD	train
7647	3048_YPD	train
7648	3049_YPD	train
7649	3050_YPD	train
7650	3051_YPD	train
7651	3052_YPD	train
7652	3053_YPD	train
7653	3054_YPD	validation
7654	3055_YPD	train
7655	3056_YPD	train
7656	3057_YPD	train
7657	3058_YPD	train
7658	3059_YPD	train
7659	3060_YPD	train
7660	3061_YPD	train
7661	3062_YPD	train
7662	3063_YPD	train
7663	3064_YPD	train
7664	3065_YPD	train
7665	3066_YPD	train
7666	3067_YPD	train
7667	3068_YPD	train
7668	3069_YPD	train
7669	3070_YPD	train
7670	3071_YPD	train
7671	3072_YPD	train
7672	3073_YPD	train
7673	3074_YPD	train
7674	3075_YPD	train
7675	3076_YPD	train
7676	3077_YPD	train
7677	3078_YPD	train
7678	3079_YPD	train
7679	3080_YPD	validation
7680	3081_YPD	train
7681	3082_YPD	train
7682	3083_YPD	train
7683	3084_YPD	train
7684	3085_YPD	train
7685	3086_YPD	train
7686	3087_YPD	train
7687	3088_YPD	train
7688	3089_YPD	train
7689	3090_YPD	train
7690	3091_YPD	train
7691	3092_YPD	train
7692	3093_YPD	train
7693	3094_YPD	train
7694	3095_YPD	train
7695	3096_YPD	train
7696	3097_YPD	train
7697	3098_YPD	train
7698	3099_YPD	train
7699	3100_YPD	train
7700	3101_YPD	train
7701	3102_YPD	train
7702	3103_YPD	train
7703	3104_YPD	train
7704	3105_YPD	train
7705	3106_YPD	train
7706	3107_YPD	train
7707	3108_YPD	train
7708	3109_YPD	train
7709	3110_YPD	train
7710	3111_YPD	train
7711	3112_YPD	train
7712	3113_YPD	train
7713	3114_YPD	train
7714	3115_YPD	train
7715	3116_YPD	train
7716	3117_YPD	train
7717	3118_YPD	train
7718	3119_YPD	train
7719	3120_YPD	train
7720	3121_YPD	train
7721	3122_YPD	train
7722	3123_YPD	train
7723	3124_YPD	train
7724	3125_YPD	train
7725	3126_YPD	train
7726	3127_YPD	train
7727	3128_YPD	train
7728	3129_YPD	train
7729	3130_YPD	train
7730	3131_YPD	train
7731	3132_YPD	train
7732	3133_YPD	train
7733	3134_YPD	train
7734	3135_YPD	train
7735	3136_YPD	train
7736	3137_YPD	train
7737	3138_YPD	train
7738	3139_YPD	train
7739	3140_YPD	train
7740	3141_YPD	train
7741	3142_YPD	train
7742	3143_YPD	train
7743	3144_YPD	train
7744	3145_YPD	train
7745	3146_YPD	train
7746	3147_YPD	train
7747	3148_YPD	train
7748	3149_YPD	train
7749	3150_YPD	train
7750	3151_YPD	train
7751	3152_YPD	train
7752	3153_YPD	train
7753	3154_YPD	train
7754	3155_YPD	train
7755	3156_YPD	train
7756	3157_YPD	train
7757	3158_YPD	train
7758	3159_YPD	train
7759	3160_YPD	train
7760	3161_YPD	train
7761	3162_YPD	train
7762	3163_YPD	train
7763	3164_YPD	train
7764	3165_YPD	train
7765	3166_YPD	train
7766	3167_YPD	train
7767	3168_YPD	train
7768	3169_YPD	train
7769	3170_YPD	train
7770	3171_YPD	train
7771	3172_YPD	train
7772	3173_YPD	train
7773	3174_YPD	train
7774	3175_YPD	train
7775	3176_YPD	train
7776	3177_YPD	train
7777	3178_YPD	train
7778	3179_YPD	train
7779	3180_YPD	train
7780	3181_YPD	train
7781	3182_YPD	train
7782	3183_YPD	train
7783	3184_YPD	train
7784	3185_YPD	train
7785	3186_YPD	train
7786	3187_YPD	train
7787	3188_YPD	train
7788	3189_YPD	train
7789	3190_YPD	train
7790	3191_YPD	train
7791	3192_YPD	train
7792	3193_YPD	train
7793	3194_YPD	train
7794	3195_YPD	train
7795	3196_YPD	train
7796	3197_YPD	train
7797	3198_YPD	train
7798	3199_YPD	validation
7799	3200_YPD	train
7800	3201_YPD	train
7801	3202_YPD	train
7802	3203_YPD	train
7803	3204_YPD	train
7804	3205_YPD	train
7805	3206_YPD	train
7806	3207_YPD	train
7807	3208_YPD	train
7808	3209_YPD	train
7809	3210_YPD	train
7810	3211_YPD	train
7811	3212_YPD	train
7812	3213_YPD	train
7813	3214_YPD	train
7814	3215_YPD	train
7815	3216_YPD	train
7816	3217_YPD	train
7817	3218_YPD	train
7818	3219_YPD	train
7819	3220_YPD	train
7820	3221_YPD	train
7821	3222_YPD	train
7822	3223_YPD	train
7823	3224_YPD	train
7824	3225_YPD	train
7825	3226_YPD	train
7826	3227_YPD	train
7827	3228_YPD	train
7828	3229_YPD	train
7829	3230_YPD	train
7830	3231_YPD	train
7831	3232_YPD	train
7832	3233_YPD	train
7833	3234_YPD	train
7834	3235_YPD	validation
7835	3236_YPD	train
7836	3237_YPD	train
7837	3238_YPD	train
7838	3239_YPD	validation
7839	3240_YPD	train
7840	3241_YPD	train
7841	3242_YPD	train
7842	3243_YPD	train
7843	3244_YPD	train
7844	3245_YPD	train
7845	3246_YPD	train
7846	3247_YPD	train
7847	3248_YPD	train
7848	3249_YPD	train
7849	3250_YPD	train
7850	3251_YPD	train
7851	3252_YPD	train
7852	3253_YPD	train
7853	3254_YPD	train
7854	3255_YPD	train
7855	3256_YPD	train
7856	3257_YPD	train
7857	3258_YPD	validation
7858	3259_YPD	train
7859	3260_YPD	train
7860	3261_YPD	train
7861	3262_YPD	train
7862	3263_YPD	train
7863	3264_YPD	train
7864	3265_YPD	train
7865	3266_YPD	train
7866	3267_YPD	train
7867	3268_YPD	validation
7868	3269_YPD	train
7869	3270_YPD	train
7870	3271_YPD	train
7871	3272_YPD	train
7872	3273_YPD	train
7873	3274_YPD	train
7874	3275_YPD	train
7875	3276_YPD	train
7876	3277_YPD	train
7877	3278_YPD	train
7878	3279_YPD	train
7879	3280_YPD	train
7880	3281_YPD	train
7881	3282_YPD	train
7882	3283_YPD	train
7883	3284_YPD	train
7884	3285_YPD	train
7885	3286_YPD	train
7886	3287_YPD	train
7887	3288_YPD	train
7888	3289_YPD	train
7889	3290_YPD	train
7890	3291_YPD	train
7891	3292_YPD	train
7892	3293_YPD	train
7893	3294_YPD	train
7894	3295_YPD	train
7895	3296_YPD	train
7896	3297_YPD	train
7897	3298_YPD	train
7898	3299_YPD	train
7899	3300_YPD	train
7900	3301_YPD	train
7901	3302_YPD	train
7902	3303_YPD	train
7903	3304_YPD	train
7904	3305_YPD	train
7905	3306_YPD	train
7906	3307_YPD	train
7907	3308_YPD	train
7908	3309_YPD	train
7909	3310_YPD	train
7910	3311_YPD	train
7911	3312_YPD	train
7912	3313_YPD	train
7913	3314_YPD	train
7914	3315_YPD	train
7915	3316_YPD	train
7916	3317_YPD	train
7917	3318_YPD	train
7918	3319_YPD	train
7919	3320_YPD	train
7920	3321_YPD	train
7921	3322_YPD	train
7922	3323_YPD	train
7923	3324_YPD	train
7924	3325_YPD	train
7925	3326_YPD	train
7926	3327_YPD	train
7927	3328_YPD	train
7928	3329_YPD	train
7929	3330_YPD	validation
7930	3331_YPD	train
7931	3332_YPD	train
7932	3333_YPD	train
7933	3334_YPD	train
7934	3335_YPD	train
7935	3336_YPD	train
7936	3337_YPD	train
7937	3338_YPD	validation
7938	3339_YPD	validation
7939	3340_YPD	train
7940	3341_YPD	train
7941	3342_YPD	train
7942	3343_YPD	validation
7943	3344_YPD	train
7944	3345_YPD	train
7945	3346_YPD	train
7946	3347_YPD	train
7947	3348_YPD	train
7948	3349_YPD	train
7949	3350_YPD	train
7950	3351_YPD	train
7951	3352_YPD	train
7952	3353_YPD	train
7953	3354_YPD	train
7954	3355_YPD	train
7955	3356_YPD	train
7956	3357_YPD	train
7957	3358_YPD	train
7958	3359_YPD	train
7959	3360_YPD	train
7960	3361_YPD	train
7961	3362_YPD	train
7962	3363_YPD	train
7963	3364_YPD	train
7964	3365_YPD	train
7965	3366_YPD	train
7966	3367_YPD	train
7967	3368_YPD	validation
7968	3369_YPD	train
7969	3370_YPD	train
7970	3371_YPD	train
7971	3372_YPD	train
7972	3373_YPD	train
7973	3374_YPD	train
7974	3375_YPD	train
7975	3376_YPD	train
7976	3377_YPD	train
7977	3378_YPD	train
7978	3379_YPD	train
7979	3380_YPD	train
7980	3381_YPD	train
7981	3382_YPD	train
7982	3383_YPD	train
7983	3384_YPD	train
7984	3385_YPD	train
7985	3386_YPD	train
7986	3387_YPD	train
7987	3388_YPD	train
7988	3389_YPD	train
7989	3390_YPD	train
7990	3391_YPD	train
7991	3392_YPD	train
7992	3393_YPD	train
7993	3394_YPD	train
7994	3395_YPD	train
7995	3396_YPD	train
7996	3397_YPD	train
7997	3398_YPD	train
7998	3399_YPD	validation
7999	3400_YPD	train
8000	3401_YPD	train
8001	3402_YPD	train
8002	3403_YPD	train
8003	3404_YPD	train
8004	3405_YPD	train
8005	3406_YPD	train
8006	3407_YPD	train
8007	3408_YPD	train
8008	3409_YPD	train
8009	3410_YPD	train
8010	3411_YPD	train
8011	3412_YPD	train
8012	3413_YPD	validation
8013	3414_YPD	train
8014	3415_YPD	train
8015	3416_YPD	train
8016	3417_YPD	train
8017	3418_YPD	train
8018	3419_YPD	train
8019	3420_YPD	train
8020	3421_YPD	train
8021	3422_YPD	train
8022	3423_YPD	train
8023	3424_YPD	train
8024	3425_YPD	train
8025	3426_YPD	train
8026	3427_YPD	train
8027	3428_YPD	train
8028	3429_YPD	train
8029	3430_YPD	train
8030	3431_YPD	train
8031	3432_YPD	train
8032	3433_YPD	train
8033	3434_YPD	train
8034	3435_YPD	train
8035	3436_YPD	train
8036	3437_YPD	train
8037	3438_YPD	train
8038	3439_YPD	train
8039	3440_YPD	train
8040	3441_YPD	train
8041	3442_YPD	train
8042	3443_YPD	train
8043	3444_YPD	train
8044	3445_YPD	train
8045	3446_YPD	train
8046	3447_YPD	validation
8047	3448_YPD	train
8048	3449_YPD	train
8049	3450_YPD	train
8050	3451_YPD	train
8051	3452_YPD	train
8052	3453_YPD	train
8053	3454_YPD	train
8054	3455_YPD	train
8055	3456_YPD	train
8056	3457_YPD	train
8057	3458_YPD	train
8058	3459_YPD	train
8059	3460_YPD	train
8060	3461_YPD	train
8061	3462_YPD	validation
8062	3463_YPD	train
8063	3464_YPD	train
8064	3465_YPD	train
8065	3466_YPD	train
8066	3467_YPD	train
8067	3468_YPD	train
8068	3469_YPD	train
8069	3470_YPD	train
8070	3471_YPD	train
8071	3472_YPD	train
8072	3473_YPD	train
8073	3474_YPD	train
8074	3475_YPD	train
8075	3476_YPD	train
8076	3477_YPD	train
8077	3478_YPD	train
8078	3479_YPD	train
8079	3480_YPD	train
8080	3481_YPD	train
8081	3482_YPD	train
8082	3483_YPD	train
8083	3484_YPD	train
8084	3485_YPD	train
8085	3486_YPD	train
8086	3487_YPD	train
8087	3488_YPD	train
8088	3489_YPD	train
8089	3490_YPD	train
8090	3491_YPD	train
8091	3492_YPD	train
8092	3493_YPD	train
8093	3494_YPD	train
8094	3495_YPD	train
8095	3496_YPD	train
8096	3497_YPD	train
8097	3498_YPD	train
8098	3499_YPD	train
8099	3500_YPD	train
8100	3501_YPD	train
8101	3502_YPD	train
8102	3503_YPD	train
8103	3504_YPD	train
8104	3505_YPD	train
8105	3506_YPD	train
8106	3507_YPD	train
8107	3508_YPD	train
8108	3509_YPD	train
8109	3510_YPD	train
8110	3511_YPD	train
8111	3512_YPD	train
8112	3513_YPD	train
8113	3514_YPD	train
8114	3515_YPD	train
8115	3516_YPD	validation
8116	3517_YPD	train
8117	3518_YPD	train
8118	3519_YPD	train
8119	3520_YPD	train
8120	3521_YPD	train
8121	3522_YPD	train
8122	3523_YPD	train
8123	3524_YPD	train
8124	3525_YPD	train
8125	3526_YPD	train
8126	3527_YPD	train
8127	3528_YPD	train
8128	3529_YPD	train
8129	3530_YPD	train
8130	3531_YPD	train
8131	3532_YPD	train
8132	3533_YPD	train
8133	3534_YPD	train
8134	3535_YPD	train
8135	3536_YPD	train
8136	3537_YPD	train
8137	3538_YPD	train
8138	3539_YPD	validation
8139	3540_YPD	train
8140	3541_YPD	train
8141	3542_YPD	train
8142	3543_YPD	train
8143	3544_YPD	train
8144	3545_YPD	train
8145	3546_YPD	train
8146	3547_YPD	train
8147	3548_YPD	train
8148	3549_YPD	train
8149	3550_YPD	train
8150	3551_YPD	train
8151	3552_YPD	train
8152	3553_YPD	train
8153	3554_YPD	validation
8154	3555_YPD	train
8155	3556_YPD	train
8156	3557_YPD	train
8157	3558_YPD	train
8158	3559_YPD	train
8159	3560_YPD	train
8160	3561_YPD	train
8161	3562_YPD	train
8162	3563_YPD	train
8163	3564_YPD	train
8164	3565_YPD	train
8165	3566_YPD	train
8166	3567_YPD	validation
8167	3568_YPD	validation
8168	3569_YPD	train
8169	3570_YPD	train
8170	3571_YPD	train
8171	3572_YPD	train
8172	3573_YPD	train
8173	3574_YPD	train
8174	3575_YPD	train
8175	3576_YPD	train
8176	3577_YPD	train
8177	3578_YPD	validation
8178	3579_YPD	train
8179	3580_YPD	train
8180	3581_YPD	train
8181	3582_YPD	train
8182	3583_YPD	train
8183	3584_YPD	train
8184	3585_YPD	train
8185	3586_YPD	train
8186	3587_YPD	train
8187	3588_YPD	train
8188	3589_YPD	train
8189	3590_YPD	train
8190	3591_YPD	train
8191	3592_YPD	train
8192	3593_YPD	train
8193	3594_YPD	train
8194	3595_YPD	train
8195	3596_YPD	train
8196	3597_YPD	train
8197	3598_YPD	train
8198	3599_YPD	train
8199	3600_YPD	train
8200	3601_YPD	train
8201	3602_YPD	train
8202	3603_YPD	train
8203	3604_YPD	train
8204	3605_YPD	train
8205	3606_YPD	train
8206	3607_YPD	train
8207	3608_YPD	train
8208	3609_YPD	train
8209	3610_YPD	train
8210	3611_YPD	train
8211	3612_YPD	train
8212	3613_YPD	train
8213	3614_YPD	train
8214	3615_YPD	train
8215	3616_YPD	train
8216	3617_YPD	train
8217	3618_YPD	train
8218	3619_YPD	train
8219	3620_YPD	train
8220	3621_YPD	train
8221	3622_YPD	train
8222	3623_YPD	train
8223	3624_YPD	train
8224	3625_YPD	train
8225	3626_YPD	train
8226	3627_YPD	train
8227	3628_YPD	train
8228	3629_YPD	train
8229	3630_YPD	train
8230	3631_YPD	train
8231	3632_YPD	train
8232	3633_YPD	train
8233	3634_YPD	train
8234	3635_YPD	train
8235	3636_YPD	train
8236	3637_YPD	train
8237	3638_YPD	train
8238	3639_YPD	train
8239	3640_YPD	train
8240	3641_YPD	train
8241	3642_YPD	train
8242	3643_YPD	train
8243	3644_YPD	train
8244	3645_YPD	train
8245	3646_YPD	train
8246	3647_YPD	train
8247	3648_YPD	train
8248	3649_YPD	train
8249	3650_YPD	train
8250	3651_YPD	train
8251	3652_YPD	train
8252	3653_YPD	train
8253	3654_YPD	train
8254	3655_YPD	train
8255	3656_YPD	train
8256	3657_YPD	train
8257	3658_YPD	train
8258	3659_YPD	train
8259	3660_YPD	train
8260	3661_YPD	train
8261	3662_YPD	train
8262	3663_YPD	train
8263	3664_YPD	train
8264	3665_YPD	train
8265	3666_YPD	train
8266	3667_YPD	train
8267	3668_YPD	train
8268	3669_YPD	train
8269	3670_YPD	train
8270	3671_YPD	train
8271	3672_YPD	train
8272	3673_YPD	train
8273	3674_YPD	train
8274	3675_YPD	train
8275	3676_YPD	train
8276	3677_YPD	train
8277	3678_YPD	train
8278	3679_YPD	train
8279	3680_YPD	train
8280	3681_YPD	train
8281	3682_YPD	train
8282	3683_YPD	train
8283	3684_YPD	train
8284	3685_YPD	train
8285	3686_YPD	train
8286	3687_YPD	train
8287	3688_YPD	train
8288	3689_YPD	train
8289	3690_YPD	train
8290	3691_YPD	train
8291	3692_YPD	train
8292	3693_YPD	train
8293	3694_YPD	train
8294	3695_YPD	train
8295	3696_YPD	train
8296	3697_YPD	validation
8297	3698_YPD	train
8298	3699_YPD	train
8299	3700_YPD	train
8300	3701_YPD	train
8301	3702_YPD	train
8302	3703_YPD	train
8303	3704_YPD	validation
8304	3705_YPD	train
8305	3706_YPD	train
8306	3707_YPD	train
8307	3708_YPD	train
8308	3709_YPD	train
8309	3710_YPD	train
8310	3711_YPD	train
8311	3712_YPD	train
8312	3713_YPD	train
8313	3714_YPD	train
8314	3715_YPD	train
8315	3716_YPD	train
8316	3717_YPD	train
8317	3718_YPD	validation
8318	3719_YPD	train
8319	3720_YPD	train
8320	3721_YPD	train
8321	3722_YPD	train
8322	3723_YPD	train
8323	3724_YPD	train
8324	3725_YPD	train
8325	3726_YPD	train
8326	3727_YPD	train
8327	3728_YPD	train
8328	3729_YPD	train
8329	3730_YPD	train
8330	3731_YPD	train
8331	3732_YPD	train
8332	3733_YPD	train
8333	3734_YPD	train
8334	3735_YPD	train
8335	3736_YPD	validation
8336	3737_YPD	train
8337	3738_YPD	train
8338	3739_YPD	train
8339	3740_YPD	train
8340	3741_YPD	train
8341	3742_YPD	train
8342	3743_YPD	train
8343	3744_YPD	train
8344	3745_YPD	validation
8345	3746_YPD	train
8346	3747_YPD	train
8347	3748_YPD	train
8348	3749_YPD	train
8349	3750_YPD	train
8350	3751_YPD	train
8351	3752_YPD	train
8352	3753_YPD	train
8353	3754_YPD	train
8354	3755_YPD	train
8355	3756_YPD	train
8356	3757_YPD	train
8357	3758_YPD	train
8358	3759_YPD	train
8359	3760_YPD	train
8360	3761_YPD	train
8361	3762_YPD	train
8362	3763_YPD	validation
8363	3764_YPD	train
8364	3765_YPD	train
8365	3766_YPD	train
8366	3767_YPD	train
8367	3768_YPD	train
8368	3769_YPD	train
8369	3770_YPD	train
8370	3771_YPD	train
8371	3772_YPD	train
8372	3773_YPD	validation
8373	3774_YPD	train
8374	3775_YPD	train
8375	3776_YPD	train
8376	3777_YPD	train
8377	3778_YPD	train
8378	3779_YPD	validation
8379	3780_YPD	train
8380	3781_YPD	train
8381	3782_YPD	train
8382	3783_YPD	train
8383	3784_YPD	train
8384	3785_YPD	train
8385	3786_YPD	train
8386	3787_YPD	train
8387	3788_YPD	train
8388	3789_YPD	train
8389	3790_YPD	train
8390	3791_YPD	train
8391	3792_YPD	train
8392	3793_YPD	train
8393	3794_YPD	train
8394	3795_YPD	validation
8395	3796_YPD	train
8396	3797_YPD	validation
8397	3798_YPD	validation
8398	3799_YPD	train
8399	3800_YPD	train
8400	3801_YPD	train
8401	3802_YPD	train
8402	3803_YPD	train
8403	3804_YPD	train
8404	3805_YPD	train
8405	3806_YPD	train
8406	3807_YPD	train
8407	3808_YPD	train
8408	3809_YPD	train
8409	3810_YPD	train
8410	3811_YPD	train
8411	3812_YPD	train
8412	3813_YPD	train
8413	3814_YPD	train
8414	3815_YPD	train
8415	3816_YPD	train
8416	3817_YPD	train
8417	3818_YPD	train
8418	3819_YPD	train
8419	3820_YPD	train
8420	3821_YPD	train
8421	3822_YPD	train
8422	3823_YPD	train
8423	3824_YPD	train
8424	3825_YPD	validation
8425	3826_YPD	train
8426	3827_YPD	train
8427	3828_YPD	train
8428	3829_YPD	train
8429	3830_YPD	train
8430	3831_YPD	train
8431	3832_YPD	train
8432	3833_YPD	train
8433	3834_YPD	train
8434	3835_YPD	train
8435	3836_YPD	train
8436	3837_YPD	train
8437	3838_YPD	train
8438	3839_YPD	train
8439	3840_YPD	train
8440	3841_YPD	train
8441	3842_YPD	train
8442	3843_YPD	train
8443	3844_YPD	train
8444	3845_YPD	train
8445	3846_YPD	train
8446	3847_YPD	train
8447	3848_YPD	train
8448	3849_YPD	train
8449	3850_YPD	train
8450	3851_YPD	train
8451	3852_YPD	train
8452	3853_YPD	train
8453	3854_YPD	train
8454	3855_YPD	train
8455	3856_YPD	train
8456	3857_YPD	train
8457	3858_YPD	train
8458	3859_YPD	train
8459	3860_YPD	train
8460	3861_YPD	train
8461	3862_YPD	train
8462	3863_YPD	train
8463	3864_YPD	train
8464	3865_YPD	train
8465	3866_YPD	train
8466	3867_YPD	train
8467	3868_YPD	train
8468	3869_YPD	train
8469	3870_YPD	train
8470	3871_YPD	train
8471	3872_YPD	train
8472	3873_YPD	train
8473	3874_YPD	train
8474	3875_YPD	train
8475	3876_YPD	train
8476	3877_YPD	train
8477	3878_YPD	train
8478	3879_YPD	validation
8479	3880_YPD	train
8480	3881_YPD	validation
8481	3882_YPD	train
8482	3883_YPD	train
8483	3884_YPD	train
8484	3885_YPD	train
8485	3886_YPD	train
8486	3887_YPD	train
8487	3888_YPD	train
8488	3889_YPD	train
8489	3890_YPD	train
8490	3891_YPD	train
8491	3892_YPD	train
8492	3893_YPD	train
8493	3894_YPD	train
8494	3895_YPD	train
8495	3896_YPD	train
8496	3897_YPD	train
8497	3898_YPD	train
8498	3899_YPD	train
8499	3900_YPD	train
8500	3901_YPD	train
8501	3902_YPD	train
8502	3903_YPD	train
8503	3904_YPD	validation
8504	3905_YPD	train
8505	3906_YPD	train
8506	3907_YPD	train
8507	3908_YPD	train
8508	3909_YPD	train
8509	3910_YPD	validation
8510	3911_YPD	train
8511	3912_YPD	train
8512	3913_YPD	train
8513	3914_YPD	train
8514	3915_YPD	train
8515	3916_YPD	train
8516	3917_YPD	train
8517	3918_YPD	train
8518	3919_YPD	train
8519	3920_YPD	train
8520	3921_YPD	train
8521	3922_YPD	train
8522	3923_YPD	train
8523	3924_YPD	train
8524	3925_YPD	train
8525	3926_YPD	train
8526	3927_YPD	train
8527	3928_YPD	train
8528	3929_YPD	train
8529	3930_YPD	train
8530	3931_YPD	train
8531	3932_YPD	train
8532	3933_YPD	train
8533	3934_YPD	train
8534	3935_YPD	train
8535	3936_YPD	train
8536	3937_YPD	train
8537	3938_YPD	validation
8538	3939_YPD	train
8539	3940_YPD	validation
8540	3941_YPD	train
8541	3942_YPD	train
8542	3943_YPD	train
8543	3944_YPD	train
8544	3945_YPD	train
8545	3946_YPD	train
8546	3947_YPD	train
8547	3948_YPD	train
8548	3949_YPD	train
8549	3950_YPD	train
8550	3951_YPD	train
8551	3952_YPD	train
8552	3953_YPD	train
8553	3954_YPD	train
8554	3955_YPD	train
8555	3956_YPD	train
8556	3957_YPD	validation
8557	3958_YPD	train
8558	3959_YPD	train
8559	3960_YPD	train
8560	3961_YPD	train
8561	3962_YPD	train
8562	3963_YPD	train
8563	3964_YPD	train
8564	3965_YPD	train
8565	3966_YPD	train
8566	3967_YPD	train
8567	3968_YPD	train
8568	3969_YPD	train
8569	3970_YPD	train
8570	3971_YPD	train
8571	3972_YPD	train
8572	3973_YPD	train
8573	3974_YPD	train
8574	3975_YPD	train
8575	3976_YPD	train
8576	3977_YPD	train
8577	3978_YPD	train
8578	3979_YPD	train
8579	3980_YPD	train
8580	3981_YPD	train
8581	3982_YPD	train
8582	3983_YPD	train
8583	3984_YPD	train
8584	3985_YPD	train
8585	3986_YPD	train
8586	3987_YPD	train
8587	3988_YPD	train
8588	3989_YPD	validation
8589	3990_YPD	train
8590	3991_YPD	train
8591	3992_YPD	train
8592	3993_YPD	train
8593	3994_YPD	train
8594	3995_YPD	train
8595	3996_YPD	train
8596	3997_YPD	train
8597	3998_YPD	train
8598	3999_YPD	train
8599	4000_YPD	train
8600	4001_YPD	train
8601	4002_YPD	validation
8602	4003_YPD	train
8603	4004_YPD	train
8604	4005_YPD	train
8605	4006_YPD	train
8606	4007_YPD	train
8607	4008_YPD	train
8608	4009_YPD	train
8609	4010_YPD	train
8610	4011_YPD	train
8611	4012_YPD	train
8612	4013_YPD	train
8613	4014_YPD	train
8614	4015_YPD	train
8615	4016_YPD	train
8616	4017_YPD	train
8617	4018_YPD	train
8618	4019_YPD	train
8619	4020_YPD	train
8620	4021_YPD	train
8621	4022_YPD	train
8622	4023_YPD	train
8623	4024_YPD	train
8624	4025_YPD	train
8625	4026_YPD	train
8626	4027_YPD	train
8627	4028_YPD	train
8628	4029_YPD	train
8629	4030_YPD	train
8630	4031_YPD	train
8631	4032_YPD	train
8632	4033_YPD	train
8633	4034_YPD	train
8634	4035_YPD	train
8635	4036_YPD	train
8636	4037_YPD	train
8637	4038_YPD	train
8638	4039_YPD	train
8639	4040_YPD	train
8640	4041_YPD	train
8641	4042_YPD	train
8642	4043_YPD	train
8643	4044_YPD	train
8644	4045_YPD	train
8645	4046_YPD	train
8646	4047_YPD	train
8647	4048_YPD	train
8648	4049_YPD	train
8649	4050_YPD	train
8650	4051_YPD	train
8651	4052_YPD	train
8652	4053_YPD	train
8653	4054_YPD	train
8654	4055_YPD	train
8655	4056_YPD	train
8656	4057_YPD	train
8657	4058_YPD	train
8658	4059_YPD	train
8659	4060_YPD	train
8660	4061_YPD	train
8661	4062_YPD	validation
8662	4063_YPD	train
8663	4064_YPD	train
8664	4065_YPD	validation
8665	4066_YPD	train
8666	4067_YPD	validation
8667	4068_YPD	train
8668	4069_YPD	train
8669	4070_YPD	train
8670	4071_YPD	train
8671	4072_YPD	train
8672	4073_YPD	train
8673	4074_YPD	train
8674	4075_YPD	train
8675	4076_YPD	train
8676	4077_YPD	train
8677	4078_YPD	train
8678	4079_YPD	train
8679	4080_YPD	train
8680	4081_YPD	train
8681	4082_YPD	train
8682	4083_YPD	train
8683	4084_YPD	train
8684	4085_YPD	train
8685	4086_YPD	train
8686	4087_YPD	train
8687	4088_YPD	train
8688	4089_YPD	train
8689	4090_YPD	train
8690	4091_YPD	train
8691	4092_YPD	train
8692	4093_YPD	train
8693	4094_YPD	validation
8694	4095_YPD	train
8695	4096_YPD	train
8696	4097_YPD	train
8697	4098_YPD	train
8698	4099_YPD	train
8699	4100_YPD	train
8700	4101_YPD	train
8701	4102_YPD	train
8702	4103_YPD	train
8703	4104_YPD	train
8704	4105_YPD	train
8705	4106_YPD	train
8706	4107_YPD	train
8707	4108_YPD	train
8708	4109_YPD	train
8709	4110_YPD	train
8710	4111_YPD	train
8711	4112_YPD	train
8712	4113_YPD	train
8713	4114_YPD	train
8714	4115_YPD	train
8715	4116_YPD	train
8716	4117_YPD	train
8717	4118_YPD	train
8718	4119_YPD	train
8719	4120_YPD	train
8720	4121_YPD	train
8721	4122_YPD	train
8722	4123_YPD	train
8723	4124_YPD	train
8724	4125_YPD	train
8725	4126_YPD	train
8726	4127_YPD	train
8727	4128_YPD	train
8728	4129_YPD	train
8729	4130_YPD	train
8730	4131_YPD	train
8731	4132_YPD	train
8732	4133_YPD	train
8733	4134_YPD	train
8734	4135_YPD	train
8735	4136_YPD	train
8736	4137_YPD	train
8737	4138_YPD	train
8738	4139_YPD	train
8739	4140_YPD	train
8740	4141_YPD	train
8741	4142_YPD	train
8742	4143_YPD	train
8743	4144_YPD	validation
8744	4145_YPD	train
8745	4146_YPD	train
8746	4147_YPD	train
8747	4148_YPD	train
8748	4149_YPD	train
8749	4150_YPD	train
8750	4151_YPD	train
8751	4152_YPD	train
8752	4153_YPD	train
8753	4154_YPD	train
8754	4155_YPD	validation
8755	4156_YPD	train
8756	4157_YPD	train
8757	4158_YPD	train
8758	4159_YPD	train
8759	4160_YPD	train
8760	4161_YPD	train
8761	4162_YPD	train
8762	4163_YPD	train
8763	4164_YPD	validation
8764	4165_YPD	train
8765	4166_YPD	train
8766	4167_YPD	train
8767	4168_YPD	train
8768	4169_YPD	validation
8769	4170_YPD	train
8770	4171_YPD	train
8771	4172_YPD	train
8772	4173_YPD	train
8773	4174_YPD	train
8774	4175_YPD	train
8775	4176_YPD	train
8776	4177_YPD	train
8777	4178_YPD	train
8778	4179_YPD	train
8779	4180_YPD	train
8780	4181_YPD	train
8781	4182_YPD	train
8782	4183_YPD	train
8783	4184_YPD	train
8784	4185_YPD	train
8785	4186_YPD	train
8786	4187_YPD	train
8787	4188_YPD	train
8788	4189_YPD	train
8789	4190_YPD	train
8790	4191_YPD	train
8791	4192_YPD	train
8792	4193_YPD	train
8793	4194_YPD	train
8794	4195_YPD	train
8795	4196_YPD	train
8796	4197_YPD	train
8797	4198_YPD	train
8798	4199_YPD	train
8799	4200_YPD	train
8800	4201_YPD	train
8801	4202_YPD	train
8802	4203_YPD	train
8803	4204_YPD	train
8804	4205_YPD	train
8805	4206_YPD	train
8806	4207_YPD	train
8807	4208_YPD	train
8808	4209_YPD	train
8809	4210_YPD	train
8810	4211_YPD	train
8811	4212_YPD	train
8812	4213_YPD	train
8813	4214_YPD	train
8814	4215_YPD	train
8815	4216_YPD	train
8816	4217_YPD	train
8817	4218_YPD	train
8818	4219_YPD	train
8819	4220_YPD	train
8820	4221_YPD	train
8821	4222_YPD	train
8822	4223_YPD	train
8823	4224_YPD	train
8824	4225_YPD	train
8825	4226_YPD	train
8826	4227_YPD	train
8827	4228_YPD	train
8828	4229_YPD	train
8829	4230_YPD	train
8830	4231_YPD	train
8831	4232_YPD	train
8832	4233_YPD	train
8833	4234_YPD	train
8834	4235_YPD	train
8835	4236_YPD	train
8836	4237_YPD	train
8837	4238_YPD	train
8838	4239_YPD	train
8839	4240_YPD	train
8840	4241_YPD	train
8841	4242_YPD	train
8842	4243_YPD	train
8843	4244_YPD	train
8844	4245_YPD	train
8845	4246_YPD	train
8846	4247_YPD	train
8847	4248_YPD	validation
8848	4249_YPD	train
8849	4250_YPD	train
8850	4251_YPD	train
8851	4252_YPD	train
8852	4253_YPD	train
8853	4254_YPD	train
8854	4255_YPD	train
8855	4256_YPD	train
8856	4257_YPD	train
8857	4258_YPD	validation
8858	4259_YPD	train
8859	4260_YPD	validation
8860	4261_YPD	train
8861	4262_YPD	train
8862	4263_YPD	train
8863	4264_YPD	train
8864	4265_YPD	train
8865	4266_YPD	train
8866	4267_YPD	train
8867	4268_YPD	train
8868	4269_YPD	train
8869	4270_YPD	train
8870	4271_YPD	train
8871	4272_YPD	train
8872	4273_YPD	train
8873	4274_YPD	train
8874	4275_YPD	train
8875	4276_YPD	train
8876	4277_YPD	train
8877	4278_YPD	train
8878	4279_YPD	train
8879	4280_YPD	train
8880	4281_YPD	train
8881	4282_YPD	train
8882	4283_YPD	train
8883	4284_YPD	validation
8884	4285_YPD	train
8885	4286_YPD	train
8886	4287_YPD	train
8887	4288_YPD	train
8888	4289_YPD	train
8889	4290_YPD	train
8890	4291_YPD	train
8891	4292_YPD	train
8892	4293_YPD	train
8893	4294_YPD	train
8894	4295_YPD	train
8895	4296_YPD	train
8896	4297_YPD	train
8897	4298_YPD	train
8898	4299_YPD	train
8899	4300_YPD	train
8900	4301_YPD	train
8901	4302_YPD	train
8902	4303_YPD	train
8903	4304_YPD	train
8904	4305_YPD	train
8905	4306_YPD	train
8906	4307_YPD	train
8907	4308_YPD	train
8908	4309_YPD	train
8909	4310_YPD	train
8910	4311_YPD	train
8911	4312_YPD	train
8912	4313_YPD	train
8913	4314_YPD	train
8914	4315_YPD	train
8915	4316_YPD	train
8916	4317_YPD	train
8917	4318_YPD	train
8918	4319_YPD	validation
8919	4320_YPD	train
8920	4321_YPD	train
8921	4322_YPD	train
8922	4323_YPD	train
8923	4324_YPD	train
8924	4325_YPD	train
8925	4326_YPD	train
8926	4327_YPD	train
8927	4328_YPD	train
8928	4329_YPD	train
8929	4330_YPD	validation
8930	4331_YPD	train
8931	4332_YPD	train
8932	4333_YPD	train
8933	4334_YPD	train
8934	4335_YPD	validation
8935	4336_YPD	train
8936	4337_YPD	validation
8937	4338_YPD	train
8938	4339_YPD	train
8939	4340_YPD	train
8940	4341_YPD	train
8941	4342_YPD	train
8942	4343_YPD	train
8943	4344_YPD	train
8944	4345_YPD	train
8945	4346_YPD	train
8946	4347_YPD	train
8947	4348_YPD	train
8948	4349_YPD	train
8949	4350_YPD	train
8950	4351_YPD	train
8951	4352_YPD	train
8952	4353_YPD	train
8953	4354_YPD	train
8954	4355_YPD	train
8955	4356_YPD	train
8956	4357_YPD	train
8957	4358_YPD	train
8958	4359_YPD	train
8959	4360_YPD	train
8960	4361_YPD	train
8961	4362_YPD	train
8962	4363_YPD	validation
8963	4364_YPD	train
8964	4365_YPD	validation
8965	4366_YPD	train
8966	4367_YPD	train
8967	4368_YPD	train
8968	4369_YPD	train
8969	4370_YPD	train
8970	4371_YPD	train
8971	4372_YPD	train
8972	4373_YPD	train
8973	4374_YPD	train
8974	4375_YPD	train
8975	4376_YPD	train
8976	4377_YPD	train
8977	4378_YPD	train
8978	4379_YPD	train
8979	4380_YPD	train
8980	4381_YPD	train
8981	4382_YPD	train
8982	4383_YPD	train
8983	4384_YPD	train
8984	4385_YPD	train
8985	4386_YPD	train
8986	4387_YPD	train
8987	4388_YPD	train
8988	4389_YPD	train
8989	4390_YPD	train
8990	4391_YPD	train
8991	4392_YPD	train
8992	4393_YPD	train
8993	4394_YPD	train
8994	4395_YPD	train
8995	4396_YPD	train
8996	4397_YPD	train
8997	4398_YPD	train
8998	4399_YPD	validation
8999	4400_YPD	train
9000	4401_YPD	train
9001	4402_YPD	train
9002	4403_YPD	train
9003	4404_YPD	train
9004	4405_YPD	train
9005	4406_YPD	train
9006	4407_YPD	train
9007	4408_YPD	train
9008	4409_YPD	validation
9009	4410_YPD	train
9010	4411_YPD	train
9011	4412_YPD	train
9012	4413_YPD	train
9013	4414_YPD	train
9014	4415_YPD	train
9015	4416_YPD	train
9016	4417_YPD	train
9017	4418_YPD	train
9018	4419_YPD	train
9019	4420_YPD	train
9020	4421_YPD	train
9021	4422_YPD	train
9022	4423_YPD	train
9023	4424_YPD	train
9024	4425_YPD	train
9025	4426_YPD	train
9026	4427_YPD	validation
9027	4428_YPD	train
9028	4429_YPD	train
9029	4430_YPD	train
9030	4431_YPD	train
9031	4432_YPD	train
9032	4433_YPD	train
9033	4434_YPD	train
9034	4435_YPD	validation
9035	4436_YPD	train
9036	4437_YPD	train
9037	4438_YPD	train
9038	4439_YPD	train
9039	4440_YPD	train
9040	4441_YPD	train
9041	4442_YPD	train
9042	4443_YPD	train
9043	4444_YPD	train
9044	4445_YPD	train
9045	4446_YPD	train
9046	4447_YPD	validation
9047	4448_YPD	train
9048	4449_YPD	train
9049	4450_YPD	train
9050	4451_YPD	train
9051	4452_YPD	train
9052	4453_YPD	train
9053	4454_YPD	train
9054	4455_YPD	train
9055	4456_YPD	train
9056	4457_YPD	train
9057	4458_YPD	train
9058	4459_YPD	train
9059	4460_YPD	train
9060	4461_YPD	train
9061	4462_YPD	train
9062	4463_YPD	train
9063	4464_YPD	validation
9064	4465_YPD	train
9065	4466_YPD	train
9066	4467_YPD	train
9067	4468_YPD	train
9068	4469_YPD	validation
9069	4470_YPD	train
9070	4471_YPD	train
9071	4472_YPD	train
9072	4473_YPD	train
9073	4474_YPD	train
9074	4475_YPD	train
9075	4476_YPD	train
9076	4477_YPD	train
9077	4478_YPD	train
9078	4479_YPD	train
9079	4480_YPD	train
9080	4481_YPD	train
9081	4482_YPD	train
9082	4483_YPD	train
9083	4484_YPD	train
9084	4485_YPD	train
9085	4486_YPD	train
9086	4487_YPD	train
9087	4488_YPD	train
9088	4489_YPD	train
9089	4490_YPD	train
9090	4491_YPD	train
9091	4492_YPD	train
9092	4493_YPD	train
9093	4494_YPD	train
9094	4495_YPD	train
9095	4496_YPD	train
9096	4497_YPD	train
9097	4498_YPD	validation
9098	4499_YPD	train
9099	4500_YPD	train
9100	4501_YPD	train
9101	4502_YPD	train
9102	4503_YPD	train
9103	4504_YPD	train
9104	4505_YPD	train
9105	4506_YPD	train
9106	4507_YPD	train
9107	4508_YPD	train
9108	4509_YPD	train
9109	4510_YPD	train
9110	4511_YPD	train
9111	4512_YPD	train
9112	4513_YPD	train
9113	4514_YPD	train
9114	4515_YPD	train
9115	4516_YPD	train
9116	4517_YPD	train
9117	4518_YPD	validation
9118	4519_YPD	train
9119	4520_YPD	train
9120	4521_YPD	train
9121	4522_YPD	train
9122	4523_YPD	train
9123	4524_YPD	train
9124	4525_YPD	train
9125	4526_YPD	train
9126	4527_YPD	train
9127	4528_YPD	train
9128	4529_YPD	train
9129	4530_YPD	train
9130	4531_YPD	train
9131	4532_YPD	train
9132	4533_YPD	train
9133	4534_YPD	validation
9134	4535_YPD	train
9135	4536_YPD	train
9136	4537_YPD	train
9137	4538_YPD	train
9138	4539_YPD	train
9139	4540_YPD	train
9140	4541_YPD	train
9141	4542_YPD	train
9142	4543_YPD	train
9143	4544_YPD	train
9144	4545_YPD	train
9145	4546_YPD	train
9146	4547_YPD	train
9147	4548_YPD	train
9148	4549_YPD	train
9149	4550_YPD	train
9150	4551_YPD	train
9151	4552_YPD	train
9152	4553_YPD	train
9153	4554_YPD	train
9154	4555_YPD	train
9155	4556_YPD	train
9156	4557_YPD	train
9157	4558_YPD	train
9158	4559_YPD	validation
9159	4560_YPD	train
9160	4561_YPD	train
9161	4562_YPD	train
9162	4563_YPD	train
9163	4564_YPD	train
9164	4565_YPD	train
9165	4566_YPD	train
9166	4567_YPD	train
9167	4568_YPD	train
9168	4569_YPD	train
9169	4570_YPD	train
9170	4571_YPD	train
9171	4572_YPD	train
9172	4573_YPD	train
9173	4574_YPD	train
9174	4575_YPD	train
9175	4576_YPD	train
9176	4577_YPD	train
9177	4578_YPD	train
9178	4579_YPD	validation
9179	4580_YPD	train
9180	4581_YPD	train
9181	4582_YPD	train
9182	4583_YPD	train
9183	4584_YPD	train
9184	4585_YPD	train
9185	4586_YPD	validation
9186	4587_YPD	train
9187	4588_YPD	train
9188	4589_YPD	train
9189	4590_YPD	train
9190	4591_YPD	train
9191	4592_YPD	train
9192	4593_YPD	train
9193	4594_YPD	train
9194	4595_YPD	train
9195	4596_YPD	train
9196	4597_YPD	train
9197	4598_YPD	train
9198	4599_YPD	train
9199	4600_YPD	train
9200	4601_YPD	train
9201	4602_YPD	train
9202	4603_YPD	train
9203	4604_YPD	train
9204	4605_YPD	train
9205	4606_YPD	train
9206	4607_YPD	train
9207	4608_YPD	train
9208	4609_YPD	train
9209	4610_YPD	train
9210	4611_YPD	train
9211	4612_YPD	train
9212	4613_YPD	train
9213	4614_YPD	train
9214	4615_YPD	train
9215	4616_YPD	train
9216	4617_YPD	train
9217	4618_YPD	train
9218	4619_YPD	train
9219	4620_YPD	train
9220	4621_YPD	train
9221	4622_YPD	train
9222	4623_YPD	train
9223	4624_YPD	train
9224	4625_YPD	train
9225	4626_YPD	train
9226	4627_YPD	train
9227	4628_YPD	train
9228	4629_YPD	validation
9229	4630_YPD	train
9230	4631_YPD	train
9231	4632_YPD	train
9232	4633_YPD	train
9233	4634_YPD	train
9234	4635_YPD	train
9235	4636_YPD	train
9236	4637_YPD	train
9237	4638_YPD	train
9238	4639_YPD	train
9239	4640_YPD	train
9240	4641_YPD	train
9241	4642_YPD	train
9242	4643_YPD	train
9243	4644_YPD	train
9244	4645_YPD	train
9245	4646_YPD	train
9246	4647_YPD	train
9247	4648_YPD	train
9248	4649_YPD	train
9249	4650_YPD	train
9250	4651_YPD	train
9251	4652_YPD	train
9252	4653_YPD	train
9253	4654_YPD	train
9254	4655_YPD	train
9255	4656_YPD	train
9256	4657_YPD	train
9257	4658_YPD	train
9258	4659_YPD	validation
9259	4660_YPD	train
9260	4661_YPD	train
9261	4662_YPD	train
9262	4663_YPD	train
9263	4664_YPD	train
9264	4665_YPD	train
9265	4666_YPD	train
9266	4667_YPD	train
9267	4668_YPD	train
9268	4669_YPD	train
9269	4670_YPD	train
9270	4671_YPD	train
9271	4672_YPD	train
9272	4673_YPD	train
9273	4674_YPD	train
9274	4675_YPD	train
9275	4676_YPD	train
9276	4677_YPD	train
9277	4678_YPD	train
9278	4679_YPD	validation
9279	4680_YPD	validation
9280	4681_YPD	train
9281	4682_YPD	train
9282	4683_YPD	train
9283	4684_YPD	train
9284	4685_YPD	train
9285	4686_YPD	train
9286	4687_YPD	train
9287	4688_YPD	validation
9288	4689_YPD	train
9289	4690_YPD	train
9290	4691_YPD	train
9291	4692_YPD	train
9292	4693_YPD	train
9293	4694_YPD	train
9294	4695_YPD	train
9295	4696_YPD	train
9296	4697_YPD	train
9297	4698_YPD	train
9298	4699_YPD	train
9299	4700_YPD	train
9300	4701_YPD	train
9301	4702_YPD	train
9302	4703_YPD	train
9303	4704_YPD	train
9304	4705_YPD	train
9305	4706_YPD	train
9306	4707_YPD	train
9307	4708_YPD	train
9308	4709_YPD	validation
9309	4710_YPD	validation
9310	4711_YPD	train
9311	4712_YPD	train
9312	4713_YPD	train
9313	4714_YPD	train
9314	4715_YPD	train
9315	4716_YPD	train
9316	4717_YPD	train
9317	4718_YPD	train
9318	4719_YPD	train
9319	4720_YPD	train
9320	4721_YPD	train
9321	4722_YPD	train
9322	4723_YPD	train
9323	4724_YPD	train
9324	4725_YPD	train
9325	4726_YPD	train
9326	4727_YPD	train
9327	4728_YPD	train
9328	4729_YPD	train
9329	4730_YPD	train
9330	4731_YPD	train
9331	4732_YPD	train
9332	4733_YPD	train
9333	4734_YPD	train
9334	4735_YPD	validation
9335	4736_YPD	train
9336	4737_YPD	train
9337	4738_YPD	train
9338	4739_YPD	train
9339	4740_YPD	train
9340	4741_YPD	train
9341	4742_YPD	train
9342	4743_YPD	train
9343	4744_YPD	train
9344	4745_YPD	train
9345	4746_YPD	train
9346	4747_YPD	train
9347	4748_YPD	train
9348	4749_YPD	train
9349	4750_YPD	train
9350	4751_YPD	train
9351	4752_YPD	train
9352	4753_YPD	train
9353	4754_YPD	train
9354	4755_YPD	train
9355	4756_YPD	train
9356	4757_YPD	train
9357	4758_YPD	train
9358	4759_YPD	train
9359	4760_YPD	train
9360	4761_YPD	train
9361	4762_YPD	train
9362	4763_YPD	train
9363	4764_YPD	train
9364	4765_YPD	train
9365	4766_YPD	train
9366	4767_YPD	train
9367	4768_YPD	train
9368	4769_YPD	train
9369	4770_YPD	train
9370	4771_YPD	train
9371	4772_YPD	train
9372	4773_YPD	validation
9373	4774_YPD	train
9374	4775_YPD	train
9375	4776_YPD	train
9376	4777_YPD	train
9377	4778_YPD	train
9378	4779_YPD	train
9379	4780_YPD	train
9380	4781_YPD	train
9381	4782_YPD	train
9382	4783_YPD	validation
9383	4784_YPD	train
9384	4785_YPD	train
9385	4786_YPD	train
9386	4787_YPD	validation
9387	4788_YPD	train
9388	4789_YPD	train
9389	4790_YPD	train
9390	4791_YPD	train
9391	4792_YPD	train
9392	4793_YPD	train
9393	4794_YPD	train
9394	4795_YPD	train
9395	4796_YPD	train
9396	4797_YPD	train
9397	4798_YPD	train
9398	4799_YPD	train
9399	4800_YPD	train
9400	4801_YPD	train
9401	4802_YPD	train
9402	4803_YPD	train
9403	4804_YPD	train
9404	4805_YPD	train
9405	4806_YPD	train
9406	4807_YPD	train
9407	4808_YPD	train
9408	4809_YPD	train
9409	4810_YPD	train
9410	4811_YPD	train
9411	4812_YPD	train
9412	4813_YPD	train
9413	4814_YPD	validation
9414	4815_YPD	train
9415	4816_YPD	train
9416	4817_YPD	train
9417	4818_YPD	train
9418	4819_YPD	train
9419	4820_YPD	train
9420	4821_YPD	train
9421	4822_YPD	train
9422	4823_YPD	train
9423	4824_YPD	train
9424	4825_YPD	train
9425	4826_YPD	train
9426	4827_YPD	train
9427	4828_YPD	train
9428	4829_YPD	train
9429	4830_YPD	train
9430	4831_YPD	train
9431	4832_YPD	train
9432	4833_YPD	train
9433	4834_YPD	train
9434	4835_YPD	train
9435	4836_YPD	train
9436	4837_YPD	train
9437	4838_YPD	train
9438	4839_YPD	train
9439	4840_YPD	train
9440	4841_YPD	train
9441	4842_YPD	train
9442	4843_YPD	train
9443	4844_YPD	train
9444	4845_YPD	train
9445	4846_YPD	train
9446	4847_YPD	train
9447	4848_YPD	train
9448	4849_YPD	train
9449	4850_YPD	train
9450	4851_YPD	train
9451	4852_YPD	train
9452	4853_YPD	train
9453	4854_YPD	validation
9454	4855_YPD	train
9455	4856_YPD	train
9456	4857_YPD	train
9457	4858_YPD	train
9458	4859_YPD	train
9459	4860_YPD	train
9460	4861_YPD	train
9461	4862_YPD	validation
9462	4863_YPD	train
9463	4864_YPD	train
9464	4865_YPD	train
9465	4866_YPD	train
9466	4867_YPD	train
9467	4868_YPD	train
9468	4869_YPD	train
9469	4870_YPD	train
9470	4871_YPD	train
9471	4872_YPD	train
9472	4873_YPD	train
9473	4874_YPD	train
9474	4875_YPD	train
9475	4876_YPD	train
9476	4877_YPD	train
9477	4878_YPD	train
9478	4879_YPD	train
9479	4880_YPD	train
9480	4881_YPD	train
9481	4882_YPD	validation
9482	4883_YPD	train
9483	4884_YPD	train
9484	4885_YPD	train
9485	4886_YPD	train
9486	4887_YPD	train
9487	4888_YPD	train
9488	4889_YPD	train
9489	4890_YPD	train
9490	4891_YPD	validation
9491	4892_YPD	train
9492	4893_YPD	train
9493	4894_YPD	train
9494	4895_YPD	train
9495	4896_YPD	train
9496	4897_YPD	train
9497	4898_YPD	train
9498	4899_YPD	train
9499	4900_YPD	train
9500	4901_YPD	train
9501	4902_YPD	train
9502	4903_YPD	train
9503	4904_YPD	train
9504	4905_YPD	train
9505	4906_YPD	train
9506	4907_YPD	train
9507	4908_YPD	train
9508	4909_YPD	train
9509	4910_YPD	train
9510	4911_YPD	train
9511	4912_YPD	train
9512	4913_YPD	train
9513	4914_YPD	train
9514	4915_YPD	train
9515	4916_YPD	train
9516	4917_YPD	validation
9517	4918_YPD	train
9518	4919_YPD	train
9519	4920_YPD	train
9520	4921_YPD	train
9521	4922_YPD	train
9522	4923_YPD	train
9523	4924_YPD	train
9524	4925_YPD	train
9525	4926_YPD	train
9526	4927_YPD	train
9527	4928_YPD	train
9528	4929_YPD	train
9529	4930_YPD	train
9530	4931_YPD	train
9531	4932_YPD	train
9532	4933_YPD	train
9533	4934_YPD	train
9534	4935_YPD	train
9535	4936_YPD	train
9536	4937_YPD	train
9537	4938_YPD	train
9538	4939_YPD	train
9539	4940_YPD	train
9540	4941_YPD	train
9541	4942_YPD	train
9542	4943_YPD	train
9543	4944_YPD	train
9544	4945_YPD	train
9545	4946_YPD	train
9546	4947_YPD	train
9547	4948_YPD	train
9548	4949_YPD	validation
9549	4950_YPD	train
9550	4951_YPD	train
9551	4952_YPD	validation
9552	4953_YPD	train
9553	4954_YPD	train
9554	4955_YPD	validation
9555	4956_YPD	train
9556	4957_YPD	train
9557	4958_YPD	train
9558	4959_YPD	train
9559	4960_YPD	train
9560	4961_YPD	train
9561	4962_YPD	train
9562	4963_YPD	train
9563	4964_YPD	train
9564	4965_YPD	train
9565	4966_YPD	validation
9566	4967_YPD	train
9567	4968_YPD	train
9568	4969_YPD	train
9569	4970_YPD	train
9570	4971_YPD	train
9571	4972_YPD	train
9572	4973_YPD	train
9573	4974_YPD	train
9574	4975_YPD	train
9575	4976_YPD	train
9576	4977_YPD	train
9577	4978_YPD	train
9578	4979_YPD	train
9579	4980_YPD	train
9580	4981_YPD	train
9581	4982_YPD	train
9582	4983_YPD	train
9583	4984_YPD	train
9584	4985_YPD	train
9585	4986_YPD	train
9586	4987_YPD	train
9587	4988_YPD	train
9588	4989_YPD	train
9589	4990_YPD	train
9590	4991_YPD	validation
9591	4992_YPD	train
9592	4993_YPD	train
9593	4994_YPD	train
9594	4995_YPD	train
9595	4996_YPD	train
9596	4997_YPD	train
9597	4998_YPD	train
9598	4999_YPD	train
9599	5000_YPD	train
9600	5001_YPD	train
9601	5002_YPD	train
9602	5003_YPD	train
9603	5004_YPD	train
9604	5005_YPD	train
9605	5006_YPD	train
9606	5007_YPD	train
9607	5008_YPD	train
9608	5009_YPD	train
9609	5010_YPD	train
9610	5011_YPD	train
9611	5012_YPD	train
9612	5013_YPD	train
9613	5014_YPD	train
9614	5015_YPD	train
9615	5016_YPD	train
9616	5017_YPD	train
9617	5018_YPD	train
9618	5019_YPD	train
9619	5020_YPD	train
9620	5021_YPD	train
9621	5022_YPD	train
9622	5023_YPD	train
9623	5024_YPD	train
9624	5025_YPD	train
9625	5026_YPD	train
9626	5027_YPD	train
9627	5028_YPD	train
9628	5029_YPD	validation
9629	5030_YPD	train
9630	5031_YPD	train
9631	5032_YPD	train
9632	5033_YPD	train
9633	5034_YPD	train
9634	5035_YPD	validation
9635	5036_YPD	train
9636	5037_YPD	train
9637	5038_YPD	train
9638	5039_YPD	train
9639	5040_YPD	train
9640	5041_YPD	train
9641	5042_YPD	train
9642	5043_YPD	train
9643	5044_YPD	train
9644	5045_YPD	train
9645	5046_YPD	train
9646	5047_YPD	train
9647	5048_YPD	train
9648	5049_YPD	train
9649	5050_YPD	train
9650	5051_YPD	train
9651	5052_YPD	train
9652	5053_YPD	train
9653	5054_YPD	train
9654	5055_YPD	train
9655	5056_YPD	train
9656	5057_YPD	train
9657	5058_YPD	train
9658	5059_YPD	train
9659	5060_YPD	train
9660	5061_YPD	train
9661	5062_YPD	train
9662	5063_YPD	train
9663	5064_YPD	train
9664	5065_YPD	train
9665	5066_YPD	train
9666	5067_YPD	train
9667	5068_YPD	train
9668	5069_YPD	train
9669	5070_YPD	train
9670	5071_YPD	train
9671	5072_YPD	validation
9672	5073_YPD	train
9673	5074_YPD	train
9674	5075_YPD	train
9675	5076_YPD	train
9676	5077_YPD	train
9677	5078_YPD	train
9678	5079_YPD	train
9679	5080_YPD	train
9680	5081_YPD	validation
9681	5082_YPD	train
9682	5083_YPD	validation
9683	5084_YPD	train
9684	5085_YPD	train
9685	5086_YPD	train
9686	5087_YPD	train
9687	5088_YPD	train
9688	5089_YPD	train
9689	5090_YPD	validation
9690	5091_YPD	train
9691	5092_YPD	validation
9692	5093_YPD	train
9693	5094_YPD	train
9694	5095_YPD	train
9695	5096_YPD	train
9696	5097_YPD	train
9697	5098_YPD	train
9698	5099_YPD	train
9699	5100_YPD	train
9700	5101_YPD	train
9701	5102_YPD	train
9702	5103_YPD	train
9703	5104_YPD	train
9704	5105_YPD	train
9705	5106_YPD	train
9706	5107_YPD	train
9707	5108_YPD	train
9708	5109_YPD	train
9709	5110_YPD	train
9710	5111_YPD	train
9711	5112_YPD	train
9712	5113_YPD	train
9713	5114_YPD	train
9714	5115_YPD	train
9715	5116_YPD	train
9716	5117_YPD	train
9717	5118_YPD	train
9718	5119_YPD	train
9719	5120_YPD	train
9720	5121_YPD	train
9721	5122_YPD	train
9722	5123_YPD	train
9723	5124_YPD	train
9724	5125_YPD	train
9725	5126_YPD	train
9726	5127_YPD	train
9727	5128_YPD	train
9728	5129_YPD	train
9729	5130_YPD	train
9730	5131_YPD	train
9731	5132_YPD	train
9732	5133_YPD	train
9733	5134_YPD	train
9734	5135_YPD	train
9735	5136_YPD	train
9736	5137_YPD	train
9737	5138_YPD	train
9738	5139_YPD	train
9739	5140_YPD	train
9740	5141_YPD	train
9741	5142_YPD	train
9742	5143_YPD	train
9743	5144_YPD	train
9744	5145_YPD	train
9745	5146_YPD	train
9746	5147_YPD	train
9747	5148_YPD	train
9748	5149_YPD	train
9749	5150_YPD	train
9750	5151_YPD	train
9751	5152_YPD	train
9752	5153_YPD	train
9753	5154_YPD	train
9754	5155_YPD	train
9755	5156_YPD	train
9756	5157_YPD	train
9757	5158_YPD	train
9758	5159_YPD	train
9759	5160_YPD	validation
9760	5161_YPD	train
9761	5162_YPD	train
9762	5163_YPD	train
9763	5164_YPD	train
9764	5165_YPD	train
9765	5166_YPD	validation
9766	5167_YPD	validation
9767	5168_YPD	train
9768	5169_YPD	train
9769	5170_YPD	train
9770	5171_YPD	train
9771	5172_YPD	train
9772	5173_YPD	train
9773	5174_YPD	train
9774	5175_YPD	train
9775	5176_YPD	train
9776	5177_YPD	train
9777	5178_YPD	train
9778	5179_YPD	train
9779	5180_YPD	validation
9780	5181_YPD	train
9781	5182_YPD	train
9782	5183_YPD	train
9783	5184_YPD	train
9784	5185_YPD	train
9785	5186_YPD	train
9786	5187_YPD	train
9787	5188_YPD	train
9788	5189_YPD	train
9789	5190_YPD	train
9790	5191_YPD	train
9791	5192_YPD	train
9792	5193_YPD	train
9793	5194_YPD	train
9794	5195_YPD	train
9795	5196_YPD	train
9796	5197_YPD	train
9797	5198_YPD	train
9798	5199_YPD	train
9799	5200_YPD	train
9800	5201_YPD	train
9801	5202_YPD	train
9802	5203_YPD	train
9803	5204_YPD	train
9804	5205_YPD	train
9805	5206_YPD	train
9806	5207_YPD	train
9807	5208_YPD	train
9808	5209_YPD	train
9809	5210_YPD	train
9810	5211_YPD	train
9811	5212_YPD	train
9812	5213_YPD	train
9813	5214_YPD	train
9814	5215_YPD	train
9815	5216_YPD	train
9816	5217_YPD	train
9817	5218_YPD	train
9818	5219_YPD	train
9819	5220_YPD	train
9820	5221_YPD	train
9821	5222_YPD	train
9822	5223_YPD	train
9823	5224_YPD	train
9824	5225_YPD	train
9825	5226_YPD	train
9826	5227_YPD	train
9827	5228_YPD	train
9828	5229_YPD	train
9829	5230_YPD	train
9830	5231_YPD	train
9831	5232_YPD	train
9832	5233_YPD	train
9833	5234_YPD	train
9834	5235_YPD	train
9835	5236_YPD	train
9836	5237_YPD	train
9837	5238_YPD	train
9838	5239_YPD	train
9839	5240_YPD	train
9840	5241_YPD	train
9841	5242_YPD	train
9842	5243_YPD	train
9843	5244_YPD	train
9844	5245_YPD	train
9845	5246_YPD	train
9846	5247_YPD	train
9847	5248_YPD	train
9848	5249_YPD	train
9849	5250_YPD	train
9850	5251_YPD	train
9851	5252_YPD	train
9852	5253_YPD	train
9853	5254_YPD	train
9854	5255_YPD	train
9855	5256_YPD	train
9856	5257_YPD	train
9857	5258_YPD	train
9858	5259_YPD	train
9859	5260_YPD	train
9860	5261_YPD	train
9861	5262_YPD	train
9862	5263_YPD	train
9863	5264_YPD	validation
9864	5265_YPD	train
9865	5266_YPD	train
9866	5267_YPD	train
9867	5268_YPD	train
9868	5269_YPD	train
9869	5270_YPD	train
9870	5271_YPD	train
9871	5272_YPD	train
9872	5273_YPD	train
9873	5274_YPD	train
9874	5275_YPD	train
9875	5276_YPD	train
9876	5277_YPD	validation
9877	5278_YPD	train
9878	5279_YPD	train
9879	5280_YPD	train
9880	5281_YPD	train
9881	5282_YPD	train
9882	5283_YPD	train
9883	5284_YPD	train
9884	5285_YPD	train
9885	5286_YPD	train
9886	5287_YPD	validation
9887	5288_YPD	train
9888	5289_YPD	train
9889	5290_YPD	train
9890	5291_YPD	train
9891	5292_YPD	train
9892	5293_YPD	train
9893	5294_YPD	train
9894	5295_YPD	train
9895	5296_YPD	train
9896	5297_YPD	validation
9897	5298_YPD	validation
9898	5299_YPD	validation
9899	5300_YPD	train
9900	5301_YPD	train
9901	5302_YPD	train
9902	5303_YPD	train
9903	5304_YPD	train
9904	5305_YPD	train
9905	5306_YPD	train
9906	5307_YPD	validation
9907	5308_YPD	train
9908	5309_YPD	train
9909	5310_YPD	train
9910	5311_YPD	train
9911	5312_YPD	train
9912	5313_YPD	train
9913	5314_YPD	train
9914	5315_YPD	train
9915	5316_YPD	train
9916	5317_YPD	train
9917	5318_YPD	train
9918	5319_YPD	train
9919	5320_YPD	train
9920	5321_YPD	train
9921	5322_YPD	train
9922	5323_YPD	train
9923	5324_YPD	validation
9924	5325_YPD	train
9925	5326_YPD	train
9926	5327_YPD	train
9927	5328_YPD	train
9928	5329_YPD	train
9929	5330_YPD	train
9930	5331_YPD	train
9931	5332_YPD	train
9932	5333_YPD	train
9933	5334_YPD	train
9934	5335_YPD	train
9935	5336_YPD	train
9936	5337_YPD	train
9937	5338_YPD	train
9938	5339_YPD	train
9939	5340_YPD	validation
9940	5341_YPD	train
9941	5342_YPD	train
9942	5343_YPD	train
9943	5344_YPD	train
9944	5345_YPD	train
9945	5346_YPD	train
9946	5347_YPD	train
9947	5348_YPD	train
9948	5349_YPD	train
9949	5350_YPD	train
9950	5351_YPD	train
9951	5352_YPD	train
9952	5353_YPD	train
9953	5354_YPD	train
9954	5355_YPD	train
9955	5356_YPD	train
9956	5357_YPD	train
9957	5358_YPD	train
9958	5359_YPD	train
9959	5360_YPD	validation
9960	5361_YPD	train
9961	5362_YPD	train
9962	5363_YPD	train
9963	5364_YPD	train
9964	5365_YPD	train
9965	5366_YPD	train
9966	5367_YPD	train
9967	5368_YPD	train
9968	5369_YPD	train
9969	5370_YPD	train
9970	5371_YPD	train
9971	5372_YPD	train
9972	5373_YPD	train
9973	5374_YPD	train
9974	5375_YPD	train
9975	5376_YPD	train
9976	5377_YPD	train
9977	5378_YPD	train
9978	5379_YPD	train
9979	5380_YPD	train
9980	5381_YPD	train
9981	5382_YPD	train
9982	5383_YPD	train
9983	5384_YPD	train
9984	5385_YPD	train
9985	5386_YPD	train
9986	5387_YPD	train
9987	5388_YPD	train
9988	5389_YPD	validation
9989	5390_YPD	train
9990	5391_YPD	train
9991	5392_YPD	train
9992	5393_YPD	validation
9993	5394_YPD	train
9994	5395_YPD	train
9995	5396_YPD	train
9996	5397_YPD	train
9997	5398_YPD	train
9998	5399_YPD	train
9999	5400_YPD	train
10000	5401_YPD	train
10001	5402_YPD	train
10002	5403_YPD	train
10003	5404_YPD	train
10004	5405_YPD	train
10005	5406_YPD	train
10006	5407_YPD	train
10007	5408_YPD	train
10008	5409_YPD	train
10009	5410_YPD	train
10010	5411_YPD	train
10011	5412_YPD	train
10012	5413_YPD	train
10013	5414_YPD	train
10014	5415_YPD	train
10015	5416_YPD	train
10016	5417_YPD	validation
10017	5418_YPD	train
10018	5419_YPD	train
10019	5420_YPD	train
10020	5421_YPD	train
10021	5422_YPD	train
10022	5423_YPD	train
10023	5424_YPD	train
10024	5425_YPD	train
10025	5426_YPD	train
10026	5427_YPD	train
10027	5428_YPD	train
10028	5429_YPD	train
10029	5430_YPD	train
10030	5431_YPD	train
10031	5432_YPD	train
10032	5433_YPD	train
10033	5434_YPD	train
10034	5435_YPD	train
10035	5436_YPD	train
10036	5437_YPD	train
10037	5438_YPD	train
10038	5439_YPD	train
10039	5440_YPD	train
10040	5441_YPD	train
10041	5442_YPD	train
10042	5443_YPD	train
10043	5444_YPD	train
10044	5445_YPD	train
10045	5446_YPD	train
10046	5447_YPD	train
10047	5448_YPD	train
10048	5449_YPD	train
10049	5450_YPD	train
10050	5451_YPD	train
10051	5452_YPD	train
10052	5453_YPD	train
10053	5454_YPD	train
10054	5455_YPD	train
10055	5456_YPD	train
10056	5457_YPD	train
10057	5458_YPD	train
10058	5459_YPD	train
10059	5460_YPD	train
10060	5461_YPD	train
10061	5462_YPD	train
10062	5463_YPD	train
10063	5464_YPD	train
10064	5465_YPD	train
10065	5466_YPD	train
10066	5467_YPD	train
10067	5468_YPD	train
10068	5469_YPD	train
10069	5470_YPD	train
10070	5471_YPD	train
10071	5472_YPD	train
10072	5473_YPD	train
10073	5474_YPD	train
10074	5475_YPD	train
10075	5476_YPD	train
10076	5477_YPD	train
10077	5478_YPD	train
10078	5479_YPD	train
10079	5480_YPD	train
10080	5481_YPD	validation
10081	5482_YPD	train
10082	5483_YPD	train
10083	5484_YPD	validation
10084	5485_YPD	train
10085	5486_YPD	train
10086	5487_YPD	train
10087	5488_YPD	train
10088	5489_YPD	train
10089	5490_YPD	train
10090	5491_YPD	train
10091	5492_YPD	validation
10092	5493_YPD	train
10093	5494_YPD	train
10094	5495_YPD	train
10095	5496_YPD	validation
10096	5497_YPD	train
10097	5498_YPD	train
10098	5499_YPD	train
10099	5500_YPD	train
10100	5501_YPD	train
10101	5502_YPD	train
10102	5503_YPD	train
10103	5504_YPD	train
10104	5505_YPD	train
10105	5506_YPD	train
10106	5507_YPD	train
10107	5508_YPD	train
10108	5509_YPD	train
10109	5510_YPD	train
10110	5511_YPD	train
10111	5512_YPD	train
10112	5513_YPD	train
10113	5514_YPD	train
10114	5515_YPD	train
10115	5516_YPD	train
10116	5517_YPD	train
10117	5518_YPD	train
10118	5519_YPD	train
10119	5520_YPD	train
10120	5521_YPD	train
10121	5522_YPD	train
10122	5523_YPD	train
10123	5524_YPD	train
10124	5525_YPD	train
10125	5526_YPD	validation
10126	5527_YPD	train
10127	5528_YPD	train
10128	5529_YPD	train
10129	5530_YPD	train
10130	5531_YPD	train
10131	5532_YPD	train
10132	5533_YPD	train
10133	5534_YPD	train
10134	5535_YPD	train
10135	5536_YPD	train
10136	5537_YPD	train
10137	5538_YPD	train
10138	5539_YPD	train
10139	5540_YPD	train
10140	5541_YPD	train
10141	5542_YPD	validation
10142	5543_YPD	train
10143	5544_YPD	train
10144	5545_YPD	train
10145	5546_YPD	train
10146	5547_YPD	train
10147	5548_YPD	train
10148	5549_YPD	train
10149	5550_YPD	train
10150	5551_YPD	train
10151	5552_YPD	train
10152	5553_YPD	train
10153	5554_YPD	train
10154	5555_YPD	train
10155	5556_YPD	train
10156	5557_YPD	train
10157	5558_YPD	train
10158	5559_YPD	train
10159	5560_YPD	train
10160	5561_YPD	train
10161	5562_YPD	train
10162	5563_YPD	train
10163	5564_YPD	train
10164	5565_YPD	train
10165	5566_YPD	train
10166	5567_YPD	train
10167	5568_YPD	train
10168	5569_YPD	train
10169	5570_YPD	train
10170	5571_YPD	train
10171	5572_YPD	train
10172	5573_YPD	train
10173	5574_YPD	train
10174	5575_YPD	train
10175	5576_YPD	train
10176	5577_YPD	train
10177	5578_YPD	train
10178	5579_YPD	train
10179	5580_YPD	train
10180	5581_YPD	train
10181	5582_YPD	train
10182	5583_YPD	train
10183	5584_YPD	train
10184	5585_YPD	train
10185	5586_YPD	train
10186	5587_YPD	train
10187	5588_YPD	train
10188	5589_YPD	train
10189	5590_YPD	train
10190	5591_YPD	train
10191	5592_YPD	train
10192	5593_YPD	train
10193	5594_YPD	train
10194	5595_YPD	train
10195	5596_YPD	train
10196	5597_YPD	train
10197	5598_YPD	train
10198	5599_YPD	train
10199	5600_YPD	train
10200	5601_YPD	train
10201	5602_YPD	train
10202	5603_YPD	train
10203	5604_YPD	train
10204	5605_YPD	train
10205	5606_YPD	validation
10206	5607_YPD	train
10207	5608_YPD	train
10208	5609_YPD	train
10209	5610_YPD	train
10210	5611_YPD	train
10211	5612_YPD	train
10212	5613_YPD	train
10213	5614_YPD	train
10214	5615_YPD	train
10215	5616_YPD	train
10216	5617_YPD	train
10217	5618_YPD	train
10218	5619_YPD	train
10219	5620_YPD	train
10220	5621_YPD	validation
10221	5622_YPD	train
10222	5623_YPD	train
10223	5624_YPD	train
10224	5625_YPD	train
10225	5626_YPD	train
10226	5627_YPD	train
10227	5628_YPD	train
10228	5629_YPD	train
10229	5630_YPD	train
10230	5631_YPD	train
10231	5632_YPD	train
10232	5633_YPD	train
10233	5634_YPD	train
10234	5635_YPD	train
10235	5636_YPD	train
10236	5637_YPD	train
10237	5638_YPD	train
10238	5639_YPD	validation
10239	5640_YPD	train
10240	5641_YPD	train
10241	5642_YPD	train
10242	5643_YPD	train
10243	5644_YPD	train
10244	5645_YPD	train
10245	5646_YPD	validation
10246	5647_YPD	train
10247	5648_YPD	train
10248	5649_YPD	train
10249	5650_YPD	train
10250	5651_YPD	train
10251	5652_YPD	train
10252	5653_YPD	train
10253	5654_YPD	train
10254	5655_YPD	train
10255	5656_YPD	validation
10256	5657_YPD	train
10257	5658_YPD	train
10258	5659_YPD	train
10259	5660_YPD	train
10260	5661_YPD	train
10261	5662_YPD	train
10262	5663_YPD	train
10263	5664_YPD	train
10264	5665_YPD	train
10265	5666_YPD	train
10266	5667_YPD	train
10267	5668_YPD	train
10268	5669_YPD	train
10269	5670_YPD	train
10270	5671_YPD	train
10271	5672_YPD	train
10272	5673_YPD	train
10273	5674_YPD	train
10274	5675_YPD	train
10275	5676_YPD	train
10276	5677_YPD	train
10277	5678_YPD	train
10278	5679_YPD	train
10279	5680_YPD	train
10280	5681_YPD	train
10281	5682_YPD	train
10282	5683_YPD	train
10283	5684_YPD	train
10284	5685_YPD	train
10285	5686_YPD	train
10286	5687_YPD	validation
10287	5688_YPD	train
10288	5689_YPD	train
10289	5690_YPD	train
10290	5691_YPD	train
10291	5692_YPD	train
10292	5693_YPD	train
10293	5694_YPD	train
10294	5695_YPD	train
10295	5696_YPD	train
10296	5697_YPD	train
10297	5698_YPD	train
10298	5699_YPD	train
10299	5700_YPD	train
10300	5701_YPD	train
10301	5702_YPD	train
10302	5703_YPD	train
10303	5704_YPD	train
10304	5705_YPD	train
10305	5706_YPD	train
10306	5707_YPD	train
10307	5708_YPD	train
10308	5709_YPD	train
10309	5710_YPD	train
10310	5711_YPD	train
10311	5712_YPD	train
10312	5713_YPD	train
10313	5714_YPD	train
10314	5715_YPD	train
10315	5716_YPD	train
10316	5717_YPD	validation
10317	5718_YPD	train
10318	5719_YPD	train
10319	5720_YPD	train
10320	5721_YPD	train
10321	5722_YPD	validation
10322	5723_YPD	train
10323	5724_YPD	train
10324	5725_YPD	train
10325	5726_YPD	train
10326	5727_YPD	train
10327	5728_YPD	train
10328	5729_YPD	train
10329	5730_YPD	train
10330	5731_YPD	train
10331	5732_YPD	train
10332	5733_YPD	train
10333	5734_YPD	train
10334	5735_YPD	train
10335	5736_YPD	train
10336	5737_YPD	train
10337	5738_YPD	train
10338	5739_YPD	train
10339	5740_YPD	train
10340	5741_YPD	train
10341	5742_YPD	train
10342	5743_YPD	train
10343	5744_YPD	train
10344	5745_YPD	train
10345	5746_YPD	train
10346	5747_YPD	train
10347	5748_YPD	train
10348	5749_YPD	train
10349	5750_YPD	train
10350	5751_YPD	train
10351	5752_YPD	train
10352	5753_YPD	train
10353	5754_YPD	train
10354	5755_YPD	train
10355	5756_YPD	train
10356	5757_YPD	train
10357	5758_YPD	train
10358	5759_YPD	train
10359	5760_YPD	train
10360	5761_YPD	train
10361	5762_YPD	train
10362	5763_YPD	train
10363	5764_YPD	train
10364	5765_YPD	train
10365	5766_YPD	train
10366	5767_YPD	train
10367	5768_YPD	train
10368	5769_YPD	train
10369	5770_YPD	train
10370	5771_YPD	train
10371	5772_YPD	train
10372	5773_YPD	train
10373	5774_YPD	train
10374	5775_YPD	train
10375	5776_YPD	train
10376	5777_YPD	train
10377	5778_YPD	train
10378	5779_YPD	train
10379	5780_YPD	train
10380	5781_YPD	train
10381	5782_YPD	train
10382	5783_YPD	train
10383	5784_YPD	train
10384	5785_YPD	train
10385	5786_YPD	train
10386	5787_YPD	train
10387	5788_YPD	train
10388	5789_YPD	train
10389	5790_YPD	validation
10390	5791_YPD	train
10391	5792_YPD	train
10392	5793_YPD	train
10393	5794_YPD	train
10394	5795_YPD	train
10395	5796_YPD	train
10396	5797_YPD	train
10397	5798_YPD	train
10398	5799_YPD	train
10399	5800_YPD	train
10400	5801_YPD	train
10401	5802_YPD	train
10402	5803_YPD	train
10403	5804_YPD	train
10404	5805_YPD	train
10405	5806_YPD	train
10406	5807_YPD	train
10407	5808_YPD	train
10408	5809_YPD	train
10409	5810_YPD	train
10410	5811_YPD	train
10411	5812_YPD	train
10412	5813_YPD	train
10413	5814_YPD	train
10414	5815_YPD	train
10415	5816_YPD	train
10416	5817_YPD	train
10417	5818_YPD	validation
10418	5819_YPD	validation
10419	5820_YPD	train
10420	5821_YPD	train
10421	5822_YPD	train
10422	5823_YPD	train
10423	5824_YPD	train
10424	5825_YPD	train
10425	5826_YPD	train
10426	5827_YPD	train
10427	5828_YPD	train
10428	5829_YPD	train
10429	5830_YPD	train
10430	5831_YPD	train
10431	5832_YPD	train
10432	5833_YPD	train
10433	5834_YPD	train
10434	5835_YPD	train
10435	5836_YPD	train
10436	5837_YPD	train
10437	5838_YPD	train
10438	5839_YPD	train
10439	5840_YPD	train
10440	5841_YPD	train
10441	5842_YPD	train
10442	5843_YPD	train
10443	5844_YPD	train
10444	5845_YPD	train
10445	5846_YPD	train
10446	5847_YPD	validation
10447	5848_YPD	validation
10448	5849_YPD	train
10449	5850_YPD	train
10450	5851_YPD	train
10451	5852_YPD	train
10452	5853_YPD	train
10453	5854_YPD	train
10454	5855_YPD	train
10455	5856_YPD	train
10456	5857_YPD	train
10457	5858_YPD	train
10458	5859_YPD	train
10459	5860_YPD	train
10460	5861_YPD	validation
10461	5862_YPD	train
10462	5863_YPD	train
10463	5864_YPD	train
10464	5865_YPD	train
10465	5866_YPD	train
10466	5867_YPD	train
10467	5868_YPD	train
10468	5869_YPD	train
10469	5870_YPD	train
10470	5871_YPD	train
10471	5872_YPD	train
10472	5873_YPD	train
10473	5874_YPD	train
10474	5875_YPD	train
10475	5876_YPD	train
10476	5877_YPD	train
10477	5878_YPD	train
10478	5879_YPD	train
10479	5880_YPD	train
10480	5881_YPD	train
10481	5882_YPD	train
10482	5883_YPD	train
10483	5884_YPD	train
10484	5885_YPD	train
10485	5886_YPD	train
10486	5887_YPD	train
10487	5888_YPD	train
10488	5889_YPD	train
10489	5890_YPD	train
10490	5891_YPD	train
10491	5892_YPD	train
10492	5893_YPD	train
10493	5894_YPD	train
10494	5895_YPD	train
10495	5896_YPD	train
10496	5897_YPD	train
10497	5898_YPD	train
10498	5899_YPD	train
10499	5900_YPD	train
10500	5901_YPD	train
10501	5902_YPD	train
10502	5903_YPD	train
10503	5904_YPD	train
10504	5905_YPD	train
10505	5906_YPD	train
10506	5907_YPD	train
10507	5908_YPD	train
10508	5909_YPD	train
10509	5910_YPD	train
10510	5911_YPD	train
10511	5912_YPD	train
10512	5913_YPD	train
10513	5914_YPD	train
10514	5915_YPD	train
10515	5916_YPD	train
10516	5917_YPD	train
10517	5918_YPD	train
10518	5919_YPD	train
10519	5920_YPD	train
10520	5921_YPD	train
10521	5922_YPD	train
10522	5923_YPD	train
10523	5924_YPD	train
10524	5925_YPD	train
10525	5926_YPD	train
10526	5927_YPD	train
10527	5928_YPD	train
10528	5929_YPD	train
10529	5930_YPD	train
10530	5931_YPD	train
10531	5932_YPD	train
10532	5933_YPD	train
10533	5934_YPD	train
10534	5935_YPD	train
10535	5936_YPD	validation
10536	5937_YPD	train
10537	5938_YPD	train
10538	5939_YPD	train
10539	5940_YPD	train
10540	5941_YPD	train
10541	5942_YPD	train
10542	5943_YPD	train
10543	5944_YPD	train
10544	5945_YPD	train
10545	5946_YPD	train
10546	5947_YPD	train
10547	5948_YPD	train
10548	5949_YPD	train
10549	5950_YPD	train
10550	5951_YPD	train
10551	5952_YPD	train
10552	5953_YPD	train
10553	5954_YPD	train
10554	5955_YPD	train
10555	5956_YPD	train
10556	5957_YPD	train
10557	5958_YPD	train
10558	5959_YPD	train
10559	5960_YPD	train
10560	5961_YPD	train
10561	5962_YPD	validation
10562	5963_YPD	train
10563	5964_YPD	train
10564	5965_YPD	validation
10565	5966_YPD	train
10566	5967_YPD	train
10567	5968_YPD	train
10568	5969_YPD	train
10569	5970_YPD	train
10570	5971_YPD	train
10571	5972_YPD	train
10572	5973_YPD	train
10573	5974_YPD	train
10574	5975_YPD	train
10575	5976_YPD	train
10576	5977_YPD	train
10577	5978_YPD	train
10578	5979_YPD	train
10579	5980_YPD	train
10580	5981_YPD	train
10581	5982_YPD	train
10582	5983_YPD	train
10583	5984_YPD	validation
10584	5985_YPD	train
10585	5986_YPD	train
10586	5987_YPD	train
10587	5988_YPD	train
10588	5989_YPD	train
10589	5990_YPD	train
10590	5991_YPD	train
10591	5992_YPD	train
10592	5993_YPD	train
10593	5994_YPD	train
10594	5995_YPD	train
10595	5996_YPD	train
10596	5997_YPD	train
10597	5998_YPD	train
10598	5999_YPD	train
10599	6000_YPD	train
10600	6001_YPD	train
10601	6002_YPD	train
10602	6003_YPD	validation
10603	6004_YPD	train
10604	6005_YPD	train
10605	6006_YPD	train
10606	6007_YPD	train
10607	6008_YPD	train
10608	6009_YPD	train
10609	6010_YPD	train
10610	6011_YPD	train
10611	6012_YPD	train
10612	6013_YPD	train
10613	6014_YPD	train
10614	6015_YPD	train
10615	6016_YPD	train
10616	6017_YPD	train
10617	6018_YPD	train
10618	6019_YPD	train
10619	6020_YPD	train
10620	6021_YPD	train
10621	6022_YPD	train
10622	6023_YPD	train
10623	6024_YPD	train
10624	6025_YPD	train
10625	6026_YPD	train
10626	6027_YPD	validation
10627	6028_YPD	train
10628	6029_YPD	train
10629	6030_YPD	train
10630	6031_YPD	validation
10631	6032_YPD	train
10632	6033_YPD	train
10633	6034_YPD	train
10634	6035_YPD	train
10635	6036_YPD	train
10636	6037_YPD	train
10637	6038_YPD	train
10638	6039_YPD	train
10639	6040_YPD	train
10640	6041_YPD	train
10641	6042_YPD	train
10642	6043_YPD	validation
10643	6044_YPD	train
10644	6045_YPD	train
10645	6046_YPD	train
10646	6047_YPD	train
10647	6048_YPD	train
10648	6049_YPD	train
10649	6050_YPD	train
10650	6051_YPD	train
10651	6052_YPD	train
10652	6053_YPD	train
10653	6054_YPD	train
10654	6055_YPD	train
10655	6056_YPD	train
10656	6057_YPD	train
10657	6058_YPD	train
10658	6059_YPD	train
10659	6060_YPD	train
10660	6061_YPD	train
10661	6062_YPD	train
10662	6063_YPD	train
10663	6064_YPD	train
10664	6065_YPD	train
10665	6066_YPD	validation
10666	6067_YPD	train
10667	6068_YPD	train
10668	6069_YPD	train
10669	6070_YPD	train
10670	6071_YPD	train
10671	6072_YPD	train
10672	6073_YPD	train
10673	6074_YPD	validation
10674	6075_YPD	train
10675	6076_YPD	train
10676	6077_YPD	train
10677	6078_YPD	train
10678	6079_YPD	train
10679	6080_YPD	train
10680	6081_YPD	train
10681	6082_YPD	train
10682	6083_YPD	train
10683	6084_YPD	train
10684	6085_YPD	train
10685	6086_YPD	train
10686	6087_YPD	train
10687	6088_YPD	train
10688	6089_YPD	train
10689	6090_YPD	train
10690	6091_YPD	train
10691	6092_YPD	train
10692	6093_YPD	train
10693	6094_YPD	train
10694	6095_YPD	train
10695	6096_YPD	train
10696	6097_YPD	train
10697	6098_YPD	train
10698	6099_YPD	train
10699	6100_YPD	train
10700	6101_YPD	train
10701	6102_YPD	train
10702	6103_YPD	train
10703	6104_YPD	train
10704	6105_YPD	train
10705	6106_YPD	train
10706	6107_YPD	train
10707	6108_YPD	validation
10708	6109_YPD	train
10709	6110_YPD	train
10710	6111_YPD	train
10711	6112_YPD	train
10712	6113_YPD	train
10713	6114_YPD	train
10714	6115_YPD	validation
10715	6116_YPD	train
10716	6117_YPD	train
10717	6118_YPD	train
10718	6119_YPD	train
10719	6120_YPD	train
10720	6121_YPD	train
10721	6122_YPD	train
10722	6123_YPD	train
10723	6124_YPD	train
10724	6125_YPD	train
10725	6126_YPD	train
10726	6127_YPD	train
10727	6128_YPD	train
10728	6129_YPD	train
10729	6130_YPD	train
10730	6131_YPD	train
10731	6132_YPD	validation
10732	6133_YPD	train
10733	6134_YPD	train
10734	6135_YPD	train
10735	6136_YPD	train
10736	6137_YPD	train
10737	6138_YPD	train
10738	6139_YPD	train
10739	6140_YPD	train
10740	6141_YPD	train
10741	6142_YPD	train
10742	6143_YPD	train
10743	6144_YPD	validation
10744	6145_YPD	train
10745	6146_YPD	train
10746	6147_YPD	train
10747	6148_YPD	train
10748	6149_YPD	train
10749	6150_YPD	train
10750	6151_YPD	train
10751	6152_YPD	train
10752	6153_YPD	train
10753	6154_YPD	train
10754	6155_YPD	train
10755	6156_YPD	validation
10756	6157_YPD	train
10757	6158_YPD	train
10758	6159_YPD	train
10759	6160_YPD	train
10760	6161_YPD	validation
10761	6162_YPD	train
10762	6163_YPD	validation
10763	6164_YPD	train
10764	6165_YPD	validation
10765	6166_YPD	validation
10766	6167_YPD	train
10767	6168_YPD	train
10768	6169_YPD	train
10769	6170_YPD	train
10770	6171_YPD	train
10771	6172_YPD	train
10772	6173_YPD	train
10773	6174_YPD	train
10774	6175_YPD	train
10775	6176_YPD	train
10776	6177_YPD	train
10777	6178_YPD	train
10778	6179_YPD	train
10779	6180_YPD	train
10780	6181_YPD	train
10781	6182_YPD	train
10782	6183_YPD	train
10783	6184_YPD	train
10784	6185_YPD	train
10785	6186_YPD	train
10786	6187_YPD	train
10787	6188_YPD	train
10788	6189_YPD	train
10789	6190_YPD	train
10790	6191_YPD	train
10791	6192_YPD	train
10792	6193_YPD	train
10793	6194_YPD	train
10794	6195_YPD	train
10795	6196_YPD	train
10796	6197_YPD	train
10797	6198_YPD	train
10798	6199_YPD	train
10799	6200_YPD	train
10800	6201_YPD	train
10801	6202_YPD	train
10802	6203_YPD	train
10803	6204_YPD	train
10804	6205_YPD	train
10805	6206_YPD	train
10806	6207_YPD	train
10807	6208_YPD	train
10808	6209_YPD	train
10809	6210_YPD	train
10810	6211_YPD	train
10811	6212_YPD	train
10812	6213_YPD	train
10813	6214_YPD	train
10814	6215_YPD	train
10815	6216_YPD	train
10816	6217_YPD	train
10817	6218_YPD	train
10818	6219_YPD	train
10819	6220_YPD	train
10820	6221_YPD	train
10821	6222_YPD	train
10822	6223_YPD	train
10823	6224_YPD	train
10824	6225_YPD	train
10825	6226_YPD	train
10826	6227_YPD	train
10827	6228_YPD	train
10828	6229_YPD	train
10829	6230_YPD	train
10830	6231_YPD	train
10831	6232_YPD	train
10832	6233_YPD	train
10833	6234_YPD	train
10834	6235_YPD	train
10835	6236_YPD	train
10836	6237_YPD	train
10837	6238_YPD	train
10838	6239_YPD	validation
10839	6240_YPD	train
10840	6241_YPD	train
10841	6242_YPD	train
10842	6243_YPD	train
10843	6244_YPD	validation
10844	6245_YPD	train
10845	6246_YPD	train
10846	6247_YPD	train
10847	6248_YPD	train
10848	6249_YPD	validation
10849	6250_YPD	train
10850	6251_YPD	train
10851	6252_YPD	train
10852	6253_YPD	validation
10853	6254_YPD	train
10854	6255_YPD	train
10855	6256_YPD	train
10856	6257_YPD	train
10857	6258_YPD	train
10858	6259_YPD	train
10859	6260_YPD	train
10860	6261_YPD	train
10861	6262_YPD	train
10862	6263_YPD	train
10863	6264_YPD	train
10864	6265_YPD	train
10865	6266_YPD	train
10866	6267_YPD	train
10867	6268_YPD	train
10868	6269_YPD	train
10869	6270_YPD	train
10870	6271_YPD	train
10871	6272_YPD	train
10872	6273_YPD	train
10873	6274_YPD	train
10874	6275_YPD	train
10875	6276_YPD	train
10876	6277_YPD	train
10877	6278_YPD	train
10878	6279_YPD	train
10879	6280_YPD	train
10880	6281_YPD	train
10881	6282_YPD	train
10882	6283_YPD	train
10883	6284_YPD	train
10884	6285_YPD	train
10885	6286_YPD	train
10886	6287_YPD	train
10887	6288_YPD	train
10888	6289_YPD	train
10889	6290_YPD	train
10890	6291_YPD	train
10891	6292_YPD	train
10892	6293_YPD	train
10893	6294_YPD	train
10894	6295_YPD	train
10895	6296_YPD	train
10896	6297_YPD	train
10897	6298_YPD	train
10898	6299_YPD	validation
10899	6300_YPD	train
10900	6301_YPD	train
10901	6302_YPD	train
10902	6303_YPD	train
10903	6304_YPD	train
10904	6305_YPD	train
10905	6306_YPD	train
10906	6307_YPD	train
10907	6308_YPD	train
10908	6309_YPD	train
10909	6310_YPD	train
10910	6311_YPD	train
10911	6312_YPD	train
10912	6313_YPD	train
10913	6314_YPD	train
10914	6315_YPD	train
10915	6316_YPD	train
10916	6317_YPD	train
10917	6318_YPD	train
10918	6319_YPD	train
10919	6320_YPD	train
10920	6321_YPD	train
10921	6322_YPD	train
10922	6323_YPD	train
10923	6324_YPD	train
10924	6325_YPD	train
10925	6326_YPD	train
10926	6327_YPD	train
10927	6328_YPD	train
10928	6329_YPD	train
10929	6330_YPD	train
10930	6331_YPD	validation
10931	6332_YPD	validation
10932	6333_YPD	train
10933	6334_YPD	train
10934	6335_YPD	train
10935	6336_YPD	train
10936	6337_YPD	train
10937	6338_YPD	train
10938	6339_YPD	train
10939	6340_YPD	train
10940	6341_YPD	train
10941	6342_YPD	train
10942	6343_YPD	train
10943	6344_YPD	train
10944	6345_YPD	train
10945	6346_YPD	train
10946	6347_YPD	train
10947	6348_YPD	train
10948	6349_YPD	train
10949	6350_YPD	train
10950	6351_YPD	train
10951	6352_YPD	train
10952	6353_YPD	train
10953	6354_YPD	train
10954	6355_YPD	train
10955	6356_YPD	train
10956	6357_YPD	train
10957	6358_YPD	train
10958	6359_YPD	train
10959	6360_YPD	train
10960	6361_YPD	validation
10961	6362_YPD	train
10962	6363_YPD	train
10963	6364_YPD	train
10964	6365_YPD	train
10965	6366_YPD	train
10966	6367_YPD	validation
10967	6368_YPD	train
10968	6369_YPD	train
10969	6370_YPD	train
10970	6371_YPD	train
10971	6372_YPD	train
10972	6373_YPD	train
10973	6374_YPD	validation
10974	6375_YPD	train
10975	6376_YPD	train
10976	6377_YPD	train
10977	6378_YPD	train
10978	6379_YPD	train
10979	6380_YPD	train
10980	6381_YPD	train
10981	6382_YPD	train
10982	6383_YPD	train
10983	6384_YPD	train
10984	6385_YPD	train
10985	6386_YPD	train
10986	6387_YPD	train
10987	6388_YPD	train
10988	6389_YPD	train
10989	6390_YPD	train
10990	6391_YPD	train
10991	6392_YPD	train
10992	6393_YPD	train
10993	6394_YPD	train
10994	6395_YPD	train
10995	6396_YPD	train
10996	6397_YPD	train
10997	6398_YPD	train
10998	6399_YPD	train
10999	6400_YPD	train
11000	6401_YPD	train
11001	6402_YPD	train
11002	6403_YPD	train
11003	6404_YPD	train
11004	6405_YPD	train
11005	6406_YPD	train
11006	6407_YPD	train
11007	6408_YPD	train
11008	6409_YPD	train
11009	6410_YPD	train
11010	6411_YPD	validation
11011	6412_YPD	train
11012	6413_YPD	train
11013	6414_YPD	train
11014	6415_YPD	train
11015	6416_YPD	train
11016	6417_YPD	train
11017	6418_YPD	train
11018	6419_YPD	train
11019	6420_YPD	train
11020	6421_YPD	train
11021	6422_YPD	train
11022	6423_YPD	train
11023	6424_YPD	validation
11024	6425_YPD	validation
11025	6426_YPD	train
11026	6427_YPD	train
11027	6428_YPD	train
11028	6429_YPD	train
11029	6430_YPD	train
11030	6431_YPD	validation
11031	6432_YPD	train
11032	6433_YPD	train
11033	6434_YPD	train
11034	6435_YPD	train
11035	6436_YPD	train
11036	6437_YPD	train
11037	6438_YPD	train
11038	6439_YPD	train
11039	6440_YPD	train
11040	6441_YPD	train
11041	6442_YPD	train
11042	6443_YPD	train
11043	6444_YPD	train
11044	6445_YPD	train
11045	6446_YPD	train
11046	6447_YPD	train
11047	6448_YPD	train
11048	6449_YPD	train
11049	6450_YPD	train
11050	6451_YPD	validation
11051	6452_YPD	train
11052	6453_YPD	train
11053	6454_YPD	validation
11054	6455_YPD	train
11055	6456_YPD	train
11056	6457_YPD	train
11057	6458_YPD	validation
11058	6459_YPD	train
11059	6460_YPD	train
11060	6461_YPD	train
11061	6462_YPD	train
11062	6463_YPD	train
11063	6464_YPD	train
11064	6465_YPD	train
11065	6466_YPD	train
11066	6467_YPD	train
11067	6468_YPD	train
11068	6469_YPD	train
11069	6470_YPD	train
11070	6471_YPD	train
11071	6472_YPD	train
11072	6473_YPD	train
11073	6474_YPD	train
11074	6475_YPD	train
11075	6476_YPD	train
11076	6477_YPD	train
11077	6478_YPD	train
11078	6479_YPD	train
11079	6480_YPD	train
11080	6481_YPD	train
11081	6482_YPD	train
11082	6483_YPD	train
11083	6484_YPD	train
11084	6485_YPD	train
11085	6486_YPD	validation
11086	6487_YPD	train
11087	6488_YPD	train
11088	6489_YPD	train
11089	6490_YPD	train
11090	6491_YPD	train
11091	6492_YPD	train
11092	6493_YPD	train
11093	6494_YPD	train
11094	6495_YPD	train
11095	6496_YPD	train
11096	6497_YPD	validation
11097	6498_YPD	train
11098	6499_YPD	train
11099	6500_YPD	train
11100	6501_YPD	train
11101	6502_YPD	train
11102	6503_YPD	train
11103	6504_YPD	train
11104	6505_YPD	train
11105	6506_YPD	validation
11106	6507_YPD	train
11107	6508_YPD	train
11108	6509_YPD	train
11109	6510_YPD	train
11110	6511_YPD	train
11111	6512_YPD	train
11112	6513_YPD	train
11113	6514_YPD	train
11114	6515_YPD	train
11115	6516_YPD	train
11116	6517_YPD	train
11117	6518_YPD	train
11118	6519_YPD	train
11119	6520_YPD	train
11120	6521_YPD	train
11121	6522_YPD	train
11122	6523_YPD	train
11123	6524_YPD	train
11124	6525_YPD	train
11125	6526_YPD	train
11126	6527_YPD	train
11127	6528_YPD	train
11128	6529_YPD	train
11129	6530_YPD	train
11130	6531_YPD	train
11131	6532_YPD	train
11132	6533_YPD	train
11133	6534_YPD	validation
11134	6535_YPD	train
11135	6536_YPD	train
11136	6537_YPD	train
11137	6538_YPD	train
11138	6539_YPD	train
11139	6540_YPD	train
11140	6541_YPD	train
11141	6542_YPD	train
11142	6543_YPD	train
11143	6544_YPD	validation
11144	6545_YPD	train
11145	6546_YPD	train
11146	6547_YPD	train
11147	6548_YPD	train
11148	6549_YPD	train
11149	6550_YPD	train
11150	6551_YPD	train
11151	6552_YPD	train
11152	6553_YPD	train
11153	6554_YPD	train
11154	6555_YPD	train
11155	6556_YPD	train
11156	6557_YPD	train
11157	6558_YPD	train
11158	6559_YPD	train
11159	6560_YPD	train
11160	6561_YPD	train
11161	6562_YPD	train
11162	6563_YPD	train
11163	6564_YPD	train
11164	6565_YPD	train
11165	6566_YPD	train
11166	6567_YPD	train
11167	6568_YPD	train
11168	6569_YPD	train
11169	6570_YPD	train
11170	6571_YPD	train
11171	6572_YPD	train
11172	6573_YPD	train
11173	6574_YPD	train
11174	6575_YPD	train
11175	6576_YPD	train
11176	6577_YPD	train
11177	6578_YPD	train
11178	6579_YPD	train
11179	6580_YPD	train
11180	6581_YPD	train
11181	6582_YPD	train
11182	6583_YPD	train
11183	6584_YPD	train
11184	6585_YPD	train
11185	6586_YPD	train
11186	6587_YPD	train
11187	6588_YPD	train
11188	6589_YPD	train
11189	6590_YPD	validation
11190	6591_YPD	train
11191	6592_YPD	train
11192	6593_YPD	train
11193	6594_YPD	train
11194	6595_YPD	train
11195	6596_YPD	train
11196	6597_YPD	train
11197	6598_YPD	train
11198	6599_YPD	train
11199	6600_YPD	train
11200	6601_YPD	validation
11201	6602_YPD	train
11202	6603_YPD	train
11203	6604_YPD	train
11204	6605_YPD	validation
11205	6606_YPD	train
11206	6607_YPD	train
11207	6608_YPD	train
11208	6609_YPD	train
11209	6610_YPD	train
11210	6611_YPD	train
11211	6612_YPD	train
11212	6613_YPD	train
11213	6614_YPD	train
11214	6615_YPD	train
11215	6616_YPD	train
11216	6617_YPD	train
11217	6618_YPD	train
11218	6619_YPD	train
11219	6620_YPD	train
11220	6621_YPD	validation
11221	6622_YPD	train
11222	6623_YPD	train
11223	6624_YPD	train
11224	6625_YPD	train
11225	6626_YPD	train
11226	6627_YPD	train
11227	6628_YPD	train
11228	6629_YPD	train
11229	6630_YPD	train
11230	6631_YPD	train
11231	6632_YPD	train
11232	6633_YPD	train
11233	6634_YPD	train
11234	6635_YPD	train
11235	6636_YPD	train
11236	6637_YPD	train
11237	6638_YPD	train
11238	6639_YPD	train
11239	6640_YPD	train
11240	6641_YPD	validation
11241	6642_YPD	train
11242	6643_YPD	train
11243	6644_YPD	train
11244	6645_YPD	train
11245	6646_YPD	train
11246	6647_YPD	train
11247	6648_YPD	train
11248	6649_YPD	train
11249	6650_YPD	train
11250	6651_YPD	train
11251	6652_YPD	train
11252	6653_YPD	train
11253	6654_YPD	train
11254	6655_YPD	train
11255	6656_YPD	train
11256	6657_YPD	train
11257	6658_YPD	train
11258	6659_YPD	train
11259	6660_YPD	train
11260	6661_YPD	train
11261	6662_YPD	train
11262	6663_YPD	train
11263	6664_YPD	train
11264	6665_YPD	train
11265	6666_YPD	train
11266	6667_YPD	train
11267	6668_YPD	train
11268	6669_YPD	train
11269	6670_YPD	validation
11270	6671_YPD	train
11271	6672_YPD	train
11272	6673_YPD	validation
11273	6674_YPD	train
11274	6675_YPD	train
11275	6676_YPD	train
11276	6677_YPD	train
11277	6678_YPD	train
11278	6679_YPD	train
11279	6680_YPD	train
11280	6681_YPD	train
11281	6682_YPD	train
11282	6683_YPD	train
11283	6684_YPD	train
11284	6685_YPD	train
11285	6686_YPD	train
11286	6687_YPD	train
11287	6688_YPD	train
11288	6689_YPD	train
11289	6690_YPD	train
11290	6691_YPD	train
11291	6692_YPD	train
11292	6693_YPD	train
11293	6694_YPD	train
11294	6695_YPD	train
11295	6696_YPD	train
11296	6697_YPD	train
11297	6698_YPD	train
11298	6699_YPD	train
11299	6700_YPD	train
11300	6701_YPD	train
11301	6702_YPD	train
11302	6703_YPD	train
11303	6704_YPD	train
11304	6705_YPD	train
11305	6706_YPD	train
11306	6707_YPD	train
11307	6708_YPD	train
11308	6709_YPD	train
11309	6710_YPD	train
11310	6711_YPD	train
11311	6712_YPD	train
11312	6713_YPD	validation
11313	6714_YPD	train
11314	6715_YPD	train
11315	6716_YPD	train
11316	6717_YPD	train
11317	6718_YPD	train
11318	6719_YPD	train
11319	6720_YPD	train
11320	6721_YPD	train
11321	6722_YPD	train
11322	6723_YPD	validation
11323	6724_YPD	validation
11324	6725_YPD	train
11325	6726_YPD	train
11326	6727_YPD	train
11327	6728_YPD	train
11328	6729_YPD	train
11329	6730_YPD	train
11330	6731_YPD	train
11331	6732_YPD	train
11332	6733_YPD	train
11333	6734_YPD	train
11334	6735_YPD	train
11335	6736_YPD	train
11336	6737_YPD	train
11337	6738_YPD	train
11338	6739_YPD	train
11339	6740_YPD	validation
11340	6741_YPD	train
11341	6742_YPD	train
11342	6743_YPD	train
11343	6744_YPD	train
11344	6745_YPD	train
11345	6746_YPD	train
11346	6747_YPD	train
11347	6748_YPD	train
11348	6749_YPD	train
11349	6750_YPD	train
11350	6751_YPD	train
11351	6752_YPD	train
11352	6753_YPD	train
11353	6754_YPD	train
11354	6755_YPD	train
11355	6756_YPD	train
11356	6757_YPD	train
11357	6758_YPD	train
11358	6759_YPD	train
11359	6760_YPD	train
11360	6761_YPD	train
11361	6762_YPD	train
11362	6763_YPD	train
11363	6764_YPD	train
11364	6765_YPD	train
11365	6766_YPD	train
11366	6767_YPD	train
11367	6768_YPD	train
11368	6769_YPD	train
11369	6770_YPD	train
11370	6771_YPD	train
11371	6772_YPD	train
11372	6773_YPD	validation
11373	6774_YPD	train
11374	6775_YPD	train
11375	6776_YPD	train
11376	6777_YPD	train
11377	6778_YPD	train
11378	6779_YPD	train
11379	6780_YPD	train
11380	6781_YPD	train
11381	6782_YPD	train
11382	6783_YPD	train
11383	6784_YPD	train
11384	6785_YPD	train
11385	6786_YPD	train
11386	6787_YPD	train
11387	6788_YPD	train
11388	6789_YPD	validation
11389	6790_YPD	train
11390	6791_YPD	train
11391	6792_YPD	train
11392	6793_YPD	train
11393	6794_YPD	train
11394	6795_YPD	train
11395	6796_YPD	train
11396	6797_YPD	train
11397	6798_YPD	train
11398	6799_YPD	train
11399	6800_YPD	train
11400	6801_YPD	train
11401	6802_YPD	train
11402	6803_YPD	train
11403	6804_YPD	validation
11404	6805_YPD	train
11405	6806_YPD	train
11406	6807_YPD	train
11407	6808_YPD	train
11408	6809_YPD	validation
11409	6810_YPD	train
11410	6811_YPD	train
11411	6812_YPD	train
11412	6813_YPD	train
11413	6814_YPD	train
11414	6815_YPD	train
11415	6816_YPD	train
11416	6817_YPD	train
11417	6818_YPD	train
11418	6819_YPD	train
11419	6820_YPD	train
11420	6821_YPD	train
11421	6822_YPD	train
11422	6823_YPD	train
11423	6824_YPD	train
11424	6825_YPD	train
11425	6826_YPD	train
11426	6827_YPD	train
11427	6828_YPD	train
11428	6829_YPD	train
11429	6830_YPD	train
11430	6831_YPD	train
11431	6832_YPD	train
11432	6833_YPD	train
11433	6834_YPD	train
11434	6835_YPD	train
11435	6836_YPD	train
11436	6837_YPD	train
11437	6838_YPD	train
11438	6839_YPD	train
11439	6840_YPD	train
11440	6841_YPD	train
11441	6842_YPD	train
11442	6843_YPD	train
11443	6844_YPD	train
11444	6845_YPD	train
11445	6846_YPD	train
11446	6847_YPD	train
11447	6848_YPD	train
11448	6849_YPD	train
11449	6850_YPD	train
11450	6851_YPD	train
11451	6852_YPD	train
11452	6853_YPD	train
11453	6854_YPD	train
11454	6855_YPD	train
11455	6856_YPD	train
11456	6857_YPD	train
11457	6858_YPD	train
11458	6859_YPD	train
11459	6860_YPD	train
11460	6861_YPD	train
11461	6862_YPD	train
11462	6863_YPD	train
11463	6864_YPD	train
11464	6865_YPD	train
11465	6866_YPD	train
11466	6867_YPD	train
11467	6868_YPD	train
11468	6869_YPD	train
11469	6870_YPD	train
11470	6871_YPD	train
11471	6872_YPD	train
11472	6873_YPD	train
11473	6874_YPD	train
11474	6875_YPD	train
11475	6876_YPD	train
11476	6877_YPD	train
11477	6878_YPD	train
11478	6879_YPD	train
11479	6880_YPD	train
11480	6881_YPD	train
11481	6882_YPD	train
11482	6883_YPD	train
11483	6884_YPD	train
11484	6885_YPD	train
11485	6886_YPD	train
11486	6887_YPD	train
11487	6888_YPD	train
11488	6889_YPD	validation
11489	6890_YPD	train
11490	6891_YPD	train
11491	6892_YPD	train
11492	6893_YPD	train
11493	6894_YPD	train
11494	6895_YPD	train
11495	6896_YPD	train
11496	6897_YPD	validation
11497	6898_YPD	train
11498	6899_YPD	train
11499	6900_YPD	train
11500	6901_YPD	train
11501	6902_YPD	train
11502	6903_YPD	train
11503	6904_YPD	train
11504	6905_YPD	train
11505	6906_YPD	train
11506	6907_YPD	train
11507	6908_YPD	train
11508	6909_YPD	train
11509	6910_YPD	train
11510	6911_YPD	train
11511	6912_YPD	train
11512	6913_YPD	train
11513	6914_YPD	train
11514	6915_YPD	train
11515	6916_YPD	train
11516	6917_YPD	train
11517	6918_YPD	train
11518	6919_YPD	train
11519	6920_YPD	train
11520	6921_YPD	train
11521	6922_YPD	train
11522	6923_YPD	train
11523	6924_YPD	train
11524	6925_YPD	train
11525	6926_YPD	train
11526	6927_YPD	train
11527	6928_YPD	train
11528	6929_YPD	train
11529	6930_YPD	train
11530	6931_YPD	train
11531	6932_YPD	train
11532	6933_YPD	train
11533	6934_YPD	train
11534	6935_YPD	train
11535	6936_YPD	train
11536	6937_YPD	train
11537	6938_YPD	train
11538	6939_YPD	train
11539	6940_YPD	train
11540	6941_YPD	train
11541	6942_YPD	train
11542	6943_YPD	train
11543	6944_YPD	train
11544	6945_YPD	validation
11545	6946_YPD	train
11546	6947_YPD	train
11547	6948_YPD	train
11548	6949_YPD	train
11549	6950_YPD	train
11550	6951_YPD	train
11551	6952_YPD	train
11552	6953_YPD	train
11553	6954_YPD	train
11554	6955_YPD	train
11555	6956_YPD	train
11556	6957_YPD	validation
11557	6958_YPD	train
11558	6959_YPD	train
11559	6960_YPD	train
11560	6961_YPD	train
11561	6962_YPD	train
11562	6963_YPD	train
11563	6964_YPD	train
11564	6965_YPD	train
11565	6966_YPD	train
11566	6967_YPD	train
11567	6968_YPD	train
11568	6969_YPD	train
11569	6970_YPD	train
11570	6971_YPD	train
11571	6972_YPD	train
11572	6973_YPD	train
11573	6974_YPD	train
11574	6975_YPD	validation
11575	6976_YPD	train
11576	6977_YPD	train
11577	6978_YPD	train
11578	6979_YPD	train
11579	6980_YPD	train
11580	6981_YPD	train
11581	6982_YPD	train
11582	6983_YPD	train
11583	6984_YPD	train
11584	6985_YPD	train
11585	6986_YPD	train
11586	6987_YPD	train
11587	6988_YPD	train
11588	6989_YPD	train
11589	6990_YPD	train
11590	6991_YPD	train
11591	6992_YPD	train
11592	6993_YPD	train
11593	6994_YPD	train
11594	6995_YPD	train
11595	6996_YPD	train
11596	6997_YPD	train
11597	6998_YPD	train
11598	6999_YPD	train
11599	7000_YPD	train
11600	7001_YPD	train
11601	7002_YPD	train
11602	7003_YPD	train
11603	7004_YPD	train
11604	7005_YPD	train
11605	7006_YPD	train
11606	7007_YPD	train
11607	7008_YPD	train
11608	7009_YPD	train
11609	7010_YPD	train
11610	7011_YPD	train
11611	7012_YPD	train
11612	7013_YPD	train
11613	7014_YPD	train
11614	7015_YPD	train
11615	7016_YPD	train
11616	7017_YPD	train
11617	7018_YPD	train
11618	7019_YPD	train
11619	7020_YPD	train
11620	7021_YPD	train
11621	7022_YPD	train
11622	7023_YPD	validation
11623	7024_YPD	train
11624	7025_YPD	train
11625	7026_YPD	train
11626	7027_YPD	train
11627	7028_YPD	train
11628	7029_YPD	validation
11629	7030_YPD	train
11630	7031_YPD	train
11631	7032_YPD	train
11632	7033_YPD	train
11633	7034_YPD	train
11634	7035_YPD	train
11635	7036_YPD	train
11636	7037_YPD	train
11637	7038_YPD	train
11638	7039_YPD	train
11639	7040_YPD	train
11640	7041_YPD	train
11641	7042_YPD	train
11642	7043_YPD	train
11643	7044_YPD	train
11644	7045_YPD	train
11645	7046_YPD	train
11646	7047_YPD	train
11647	7048_YPD	train
11648	7049_YPD	train
11649	7050_YPD	train
11650	7051_YPD	train
11651	7052_YPD	train
11652	7053_YPD	train
11653	7054_YPD	train
11654	7055_YPD	train
11655	7056_YPD	train
11656	7057_YPD	train
11657	7058_YPD	train
11658	7059_YPD	train
11659	7060_YPD	train
11660	7061_YPD	train
11661	7062_YPD	train
11662	7063_YPD	train
11663	7064_YPD	train
11664	7065_YPD	train
11665	7066_YPD	train
11666	7067_YPD	train
11667	7068_YPD	train
11668	7069_YPD	train
11669	7070_YPD	train
11670	7071_YPD	train
11671	7072_YPD	train
11672	7073_YPD	train
11673	7074_YPD	validation
11674	7075_YPD	train
11675	7076_YPD	train
11676	7077_YPD	train
11677	7078_YPD	train
11678	7079_YPD	train
11679	7080_YPD	train
11680	7081_YPD	train
11681	7082_YPD	train
11682	7083_YPD	train
11683	7084_YPD	train
11684	7085_YPD	train
11685	7086_YPD	train
11686	7087_YPD	train
11687	7088_YPD	train
11688	7089_YPD	train
11689	7090_YPD	train
11690	7091_YPD	train
11691	7092_YPD	train
11692	7093_YPD	train
11693	7094_YPD	train
11694	7095_YPD	train
11695	7096_YPD	train
11696	7097_YPD	validation
11697	7098_YPD	train
11698	7099_YPD	train
11699	7100_YPD	train
11700	7101_YPD	train
11701	7102_YPD	train
11702	7103_YPD	train
11703	7104_YPD	train
11704	7105_YPD	train
11705	7106_YPD	train
11706	7107_YPD	train
11707	7108_YPD	train
11708	7109_YPD	train
11709	7110_YPD	train
11710	7111_YPD	train
11711	7112_YPD	train
11712	7113_YPD	train
11713	7114_YPD	train
11714	7115_YPD	train
11715	7116_YPD	train
11716	7117_YPD	train
11717	7118_YPD	train
11718	7119_YPD	train
11719	7120_YPD	train
11720	7121_YPD	train
11721	7122_YPD	validation
11722	7123_YPD	train
11723	7124_YPD	train
11724	7125_YPD	train
11725	7126_YPD	train
11726	7127_YPD	train
11727	7128_YPD	train
11728	7129_YPD	train
11729	7130_YPD	train
11730	7131_YPD	train
11731	7132_YPD	train
11732	7133_YPD	train
11733	7134_YPD	train
11734	7135_YPD	train
11735	7136_YPD	train
11736	7137_YPD	train
11737	7138_YPD	train
11738	7139_YPD	train
11739	7140_YPD	train
11740	7141_YPD	train
11741	7142_YPD	train
11742	7143_YPD	train
11743	7144_YPD	train
11744	7145_YPD	train
11745	7146_YPD	train
11746	7147_YPD	train
11747	7148_YPD	train
11748	7149_YPD	train
11749	7150_YPD	train
11750	7151_YPD	train
11751	7152_YPD	train
11752	7153_YPD	train
11753	7154_YPD	train
11754	7155_YPD	train
11755	7156_YPD	train
11756	7157_YPD	train
11757	7158_YPD	train
11758	7159_YPD	train
11759	7160_YPD	train
11760	7161_YPD	train
11761	7162_YPD	train
11762	7163_YPD	train
11763	7164_YPD	train
11764	7165_YPD	train
11765	7166_YPD	train
11766	7167_YPD	train
11767	7168_YPD	train
11768	7169_YPD	train
11769	7170_YPD	train
11770	7171_YPD	train
11771	7172_YPD	train
11772	7173_YPD	train
11773	7174_YPD	train
11774	7175_YPD	train
11775	7176_YPD	train
11776	7177_YPD	train
11777	7178_YPD	train
11778	7179_YPD	train
11779	7180_YPD	train
11780	7181_YPD	train
11781	7182_YPD	train
11782	7183_YPD	train
11783	7184_YPD	train
11784	7185_YPD	train
11785	7186_YPD	train
11786	7187_YPD	train
11787	7188_YPD	train
11788	7189_YPD	train
11789	7190_YPD	train
11790	7191_YPD	train
11791	7192_YPD	train
11792	7193_YPD	train
11793	7194_YPD	train
11794	7195_YPD	train
11795	7196_YPD	train
11796	7197_YPD	train
11797	7198_YPD	train
11798	7199_YPD	train
11799	7200_YPD	train
11800	7201_YPD	train
11801	7202_YPD	train
11802	7203_YPD	train
11803	7204_YPD	train
11804	7205_YPD	train
11805	7206_YPD	train
11806	7207_YPD	train
11807	7208_YPD	train
11808	7209_YPD	train
11809	7210_YPD	train
11810	7211_YPD	train
11811	7212_YPD	train
11812	7213_YPD	train
11813	7214_YPD	train
11814	7215_YPD	train
11815	7216_YPD	train
11816	7217_YPD	train
11817	7218_YPD	train
11818	7219_YPD	train
11819	7220_YPD	train
11820	7221_YPD	train
11821	7222_YPD	train
11822	7223_YPD	train
11823	7224_YPD	train
11824	7225_YPD	train
11825	7226_YPD	train
11826	7227_YPD	train
11827	7228_YPD	train
11828	7229_YPD	train
11829	7230_YPD	validation
11830	7231_YPD	validation
11831	7232_YPD	train
11832	7233_YPD	train
11833	7234_YPD	train
11834	7235_YPD	train
11835	7236_YPD	train
11836	7237_YPD	train
11837	7238_YPD	train
11838	7239_YPD	train
11839	7240_YPD	train
11840	7241_YPD	validation
11841	7242_YPD	train
11842	7243_YPD	train
11843	7244_YPD	train
11844	7245_YPD	train
11845	7246_YPD	train
11846	7247_YPD	train
11847	7248_YPD	train
11848	7249_YPD	train
11849	7250_YPD	train
11850	7251_YPD	train
11851	7252_YPD	train
11852	7253_YPD	train
11853	7254_YPD	train
11854	7255_YPD	train
11855	7256_YPD	train
11856	7257_YPD	train
11857	7258_YPD	train
11858	7259_YPD	train
11859	7260_YPD	train
11860	7261_YPD	train
11861	7262_YPD	train
11862	7263_YPD	train
11863	7264_YPD	train
11864	7265_YPD	train
11865	7266_YPD	train
11866	7267_YPD	train
11867	7268_YPD	train
11868	7269_YPD	validation
11869	7270_YPD	train
11870	7271_YPD	train
11871	7272_YPD	train
11872	7273_YPD	train
11873	7274_YPD	train
11874	7275_YPD	train
11875	7276_YPD	train
11876	7277_YPD	train
11877	7278_YPD	train
11878	7279_YPD	train
11879	7280_YPD	train
11880	7281_YPD	train
11881	7282_YPD	train
11882	7283_YPD	train
11883	7284_YPD	train
11884	7285_YPD	train
11885	7286_YPD	train
11886	7287_YPD	train
11887	7288_YPD	train
11888	7289_YPD	train
11889	7290_YPD	train
11890	7291_YPD	train
11891	7292_YPD	validation
11892	7293_YPD	train
11893	7294_YPD	train
11894	7295_YPD	train
11895	7296_YPD	train
11896	7297_YPD	validation
11897	7298_YPD	train
11898	7299_YPD	train
11899	7300_YPD	train
11900	7301_YPD	train
11901	7302_YPD	train
11902	7303_YPD	train
11903	7304_YPD	train
11904	7305_YPD	train
11905	7306_YPD	train
11906	7307_YPD	train
11907	7308_YPD	train
11908	7309_YPD	train
11909	7310_YPD	train
11910	7311_YPD	train
11911	7312_YPD	train
11912	7313_YPD	validation
11913	7314_YPD	train
11914	7315_YPD	train
11915	7316_YPD	train
11916	7317_YPD	train
11917	7318_YPD	train
11918	7319_YPD	train
11919	7320_YPD	train
11920	7321_YPD	train
11921	7322_YPD	train
11922	7323_YPD	train
11923	7324_YPD	train
11924	7325_YPD	train
11925	7326_YPD	train
11926	7327_YPD	train
11927	7328_YPD	train
11928	7329_YPD	train
11929	7330_YPD	train
11930	7331_YPD	train
11931	7332_YPD	train
11932	7333_YPD	train
11933	7334_YPD	train
11934	7335_YPD	train
11935	7336_YPD	train
11936	7337_YPD	train
11937	7338_YPD	train
11938	7339_YPD	train
11939	7340_YPD	train
11940	7341_YPD	train
11941	7342_YPD	train
11942	7343_YPD	train
11943	7344_YPD	train
11944	7345_YPD	train
11945	7346_YPD	train
11946	7347_YPD	train
11947	7348_YPD	train
11948	7349_YPD	train
11949	7350_YPD	train
11950	7351_YPD	validation
11951	7352_YPD	train
11952	7353_YPD	train
11953	7354_YPD	train
11954	7355_YPD	train
11955	7356_YPD	train
11956	7357_YPD	train
11957	7358_YPD	train
11958	7359_YPD	train
11959	7360_YPD	train
11960	7361_YPD	train
11961	7362_YPD	train
11962	7363_YPD	train
11963	7364_YPD	train
11964	7365_YPD	train
11965	7366_YPD	train
11966	7367_YPD	train
11967	7368_YPD	train
11968	7369_YPD	train
11969	7370_YPD	train
11970	7371_YPD	train
11971	7372_YPD	train
11972	7373_YPD	train
11973	7374_YPD	train
11974	7375_YPD	train
11975	7376_YPD	train
11976	7377_YPD	train
11977	7378_YPD	validation
11978	7379_YPD	train
11979	7380_YPD	train
11980	7381_YPD	train
11981	7382_YPD	train
11982	7383_YPD	train
11983	7384_YPD	train
11984	7385_YPD	train
11985	7386_YPD	train
11986	7387_YPD	train
11987	7388_YPD	train
11988	7389_YPD	train
11989	7390_YPD	train
11990	7391_YPD	train
11991	7392_YPD	train
11992	7393_YPD	train
11993	7394_YPD	train
11994	7395_YPD	train
11995	7396_YPD	train
11996	7397_YPD	train
11997	7398_YPD	train
11998	7399_YPD	train
11999	7400_YPD	train
12000	7401_YPD	train
12001	7402_YPD	train
12002	7403_YPD	train
12003	7404_YPD	train
12004	7405_YPD	train
12005	7406_YPD	train
12006	7407_YPD	train
12007	7408_YPD	train
12008	7409_YPD	train
12009	7410_YPD	train
12010	7411_YPD	train
12011	7412_YPD	train
12012	7413_YPD	train
12013	7414_YPD	train
12014	7415_YPD	train
12015	7416_YPD	train
12016	7417_YPD	train
12017	7418_YPD	train
12018	7419_YPD	train
12019	7420_YPD	validation
12020	7421_YPD	train
12021	7422_YPD	train
12022	7423_YPD	train
12023	7424_YPD	train
12024	7425_YPD	train
12025	7426_YPD	train
12026	7427_YPD	train
12027	7428_YPD	train
12028	7429_YPD	train
12029	7430_YPD	train
12030	7431_YPD	validation
12031	7432_YPD	train
12032	7433_YPD	train
12033	7434_YPD	train
12034	7435_YPD	train
12035	7436_YPD	train
12036	7437_YPD	train
12037	7438_YPD	train
12038	7439_YPD	validation
12039	7440_YPD	train
12040	7441_YPD	train
12041	7442_YPD	train
12042	7443_YPD	train
12043	7444_YPD	train
12044	7445_YPD	train
12045	7446_YPD	train
12046	7447_YPD	train
12047	7448_YPD	train
12048	7449_YPD	train
12049	7450_YPD	train
12050	7451_YPD	validation
12051	7452_YPD	train
12052	7453_YPD	train
12053	7454_YPD	train
12054	7455_YPD	train
12055	7456_YPD	train
12056	7457_YPD	train
12057	7458_YPD	train
12058	7459_YPD	train
12059	7460_YPD	train
12060	7461_YPD	train
12061	7462_YPD	train
12062	7463_YPD	train
12063	7464_YPD	train
12064	7465_YPD	train
12065	7466_YPD	train
12066	7467_YPD	train
12067	7468_YPD	train
12068	7469_YPD	train
12069	7470_YPD	train
12070	7471_YPD	train
12071	7472_YPD	train
12072	7473_YPD	train
12073	7474_YPD	train
12074	7475_YPD	train
12075	7476_YPD	train
12076	7477_YPD	train
12077	7478_YPD	train
12078	7479_YPD	train
12079	7480_YPD	train
12080	7481_YPD	train
12081	7482_YPD	train
12082	7483_YPD	train
12083	7484_YPD	train
12084	7485_YPD	train
12085	7486_YPD	train
12086	7487_YPD	train
12087	7488_YPD	train
12088	7489_YPD	validation
12089	7490_YPD	train
12090	7491_YPD	train
12091	7492_YPD	train
12092	7493_YPD	train
12093	7494_YPD	train
12094	7495_YPD	train
12095	7496_YPD	train
12096	7497_YPD	train
12097	7498_YPD	train
12098	7499_YPD	train
12099	7500_YPD	train
12100	7501_YPD	train
12101	7502_YPD	train
12102	7503_YPD	train
12103	7504_YPD	train
12104	7505_YPD	train
12105	7506_YPD	train
12106	7507_YPD	train
12107	7508_YPD	train
12108	7509_YPD	train
12109	7510_YPD	train
12110	7511_YPD	train
12111	7512_YPD	train
12112	7513_YPD	train
12113	7514_YPD	train
12114	7515_YPD	train
12115	7516_YPD	train
12116	7517_YPD	train
12117	7518_YPD	train
12118	7519_YPD	train
12119	7520_YPD	train
12120	7521_YPD	train
12121	7522_YPD	train
12122	7523_YPD	train
12123	7524_YPD	validation
12124	7525_YPD	train
12125	7526_YPD	train
12126	7527_YPD	train
12127	7528_YPD	train
12128	7529_YPD	train
12129	7530_YPD	train
12130	7531_YPD	train
12131	7532_YPD	train
12132	7533_YPD	train
12133	7534_YPD	train
12134	7535_YPD	train
12135	7536_YPD	train
12136	7537_YPD	train
12137	7538_YPD	train
12138	7539_YPD	train
12139	7540_YPD	train
12140	7541_YPD	train
12141	7542_YPD	train
12142	7543_YPD	train
12143	7544_YPD	train
12144	7545_YPD	train
12145	7546_YPD	train
12146	7547_YPD	train
12147	7548_YPD	train
12148	7549_YPD	train
12149	7550_YPD	train
12150	7551_YPD	train
12151	7552_YPD	train
12152	7553_YPD	train
12153	7554_YPD	train
12154	7555_YPD	train
12155	7556_YPD	train
12156	7557_YPD	train
12157	7558_YPD	train
12158	7559_YPD	train
12159	7560_YPD	train
12160	7561_YPD	train
12161	7562_YPD	train
12162	7563_YPD	train
12163	7564_YPD	train
12164	7565_YPD	train
12165	7566_YPD	train
12166	7567_YPD	validation
12167	7568_YPD	train
12168	7569_YPD	train
12169	7570_YPD	train
12170	7571_YPD	train
12171	7572_YPD	train
12172	7573_YPD	validation
12173	7574_YPD	train
12174	7575_YPD	train
12175	7576_YPD	train
12176	7577_YPD	train
12177	7578_YPD	train
12178	7579_YPD	train
12179	7580_YPD	train
12180	7581_YPD	train
12181	7582_YPD	train
12182	7583_YPD	train
12183	7584_YPD	train
12184	7585_YPD	train
12185	7586_YPD	train
12186	7587_YPD	train
12187	7588_YPD	validation
12188	7589_YPD	train
12189	7590_YPD	train
12190	7591_YPD	train
12191	7592_YPD	train
12192	7593_YPD	train
12193	7594_YPD	train
12194	7595_YPD	train
12195	7596_YPD	validation
12196	7597_YPD	train
12197	7598_YPD	train
12198	7599_YPD	train
12199	7600_YPD	train
12200	7601_YPD	train
12201	7602_YPD	train
12202	7603_YPD	train
12203	7604_YPD	train
12204	7605_YPD	train
12205	7606_YPD	train
12206	7607_YPD	train
12207	7608_YPD	train
12208	7609_YPD	train
12209	7610_YPD	train
12210	7611_YPD	train
12211	7612_YPD	train
12212	7613_YPD	train
12213	7614_YPD	train
12214	7615_YPD	train
12215	7616_YPD	train
12216	7617_YPD	train
12217	7618_YPD	train
12218	7619_YPD	train
12219	7620_YPD	train
12220	7621_YPD	train
12221	7622_YPD	train
12222	7623_YPD	train
12223	7624_YPD	train
12224	7625_YPD	train
12225	7626_YPD	train
12226	7627_YPD	train
12227	7628_YPD	train
12228	7629_YPD	train
12229	7630_YPD	train
12230	7631_YPD	train
12231	7632_YPD	train
12232	7633_YPD	train
12233	7634_YPD	train
12234	7635_YPD	train
12235	7636_YPD	train
12236	7637_YPD	train
12237	7638_YPD	train
12238	7639_YPD	train
12239	7640_YPD	train
12240	7641_YPD	train
12241	7642_YPD	train
12242	7643_YPD	train
12243	7644_YPD	train
12244	7645_YPD	train
12245	7646_YPD	train
12246	7647_YPD	train
12247	7648_YPD	train
12248	7649_YPD	train
12249	7650_YPD	train
12250	7651_YPD	train
12251	7652_YPD	train
12252	7653_YPD	train
12253	7654_YPD	train
12254	7655_YPD	train
12255	7656_YPD	train
12256	7657_YPD	train
12257	7658_YPD	train
12258	7659_YPD	train
12259	7660_YPD	train
12260	7661_YPD	train
12261	7662_YPD	train
12262	7663_YPD	train
12263	7664_YPD	train
12264	7665_YPD	train
12265	7666_YPD	train
12266	7667_YPD	train
12267	7668_YPD	train
12268	7669_YPD	train
12269	7670_YPD	train
12270	7671_YPD	train
12271	7672_YPD	train
12272	7673_YPD	train
12273	7674_YPD	train
12274	7675_YPD	train
12275	7676_YPD	train
12276	7677_YPD	train
12277	7678_YPD	train
12278	7679_YPD	train
12279	7680_YPD	train
12280	7681_YPD	train
12281	7682_YPD	train
12282	7683_YPD	train
12283	7684_YPD	train
12284	7685_YPD	train
12285	7686_YPD	train
12286	7687_YPD	train
12287	7688_YPD	train
12288	7689_YPD	train
12289	7690_YPD	train
12290	7691_YPD	train
12291	7692_YPD	train
12292	7693_YPD	train
12293	7694_YPD	train
12294	7695_YPD	train
12295	7696_YPD	train
12296	7697_YPD	train
12297	7698_YPD	validation
12298	7699_YPD	train
12299	7700_YPD	train
12300	7701_YPD	train
12301	7702_YPD	train
12302	7703_YPD	train
12303	7704_YPD	train
12304	7705_YPD	train
12305	7706_YPD	train
12306	7707_YPD	train
12307	7708_YPD	train
12308	7709_YPD	train
12309	7710_YPD	train
12310	7711_YPD	train
12311	7712_YPD	train
12312	7713_YPD	train
12313	7714_YPD	train
12314	7715_YPD	train
12315	7716_YPD	train
12316	7717_YPD	train
12317	7718_YPD	train
12318	7719_YPD	train
12319	7720_YPD	train
12320	7721_YPD	train
12321	7722_YPD	train
12322	7723_YPD	train
12323	7724_YPD	train
12324	7725_YPD	train
12325	7726_YPD	train
12326	7727_YPD	train
12327	7728_YPD	train
12328	7729_YPD	train
12329	7730_YPD	train
12330	7731_YPD	train
12331	7732_YPD	train
12332	7733_YPD	train
12333	7734_YPD	train
12334	7735_YPD	train
12335	7736_YPD	train
12336	7737_YPD	validation
12337	7738_YPD	train
12338	7739_YPD	train
12339	7740_YPD	train
12340	7741_YPD	train
12341	7742_YPD	train
12342	7743_YPD	train
12343	7744_YPD	train
12344	7745_YPD	train
12345	7746_YPD	train
12346	7747_YPD	train
12347	7748_YPD	train
12348	7749_YPD	train
12349	7750_YPD	validation
12350	7751_YPD	train
12351	7752_YPD	train
12352	7753_YPD	train
12353	7754_YPD	validation
12354	7755_YPD	train
12355	7756_YPD	train
12356	7757_YPD	train
12357	7758_YPD	train
12358	7759_YPD	train
12359	7760_YPD	train
12360	7761_YPD	train
12361	7762_YPD	train
12362	7763_YPD	train
12363	7764_YPD	validation
12364	7765_YPD	train
12365	7766_YPD	train
12366	7767_YPD	train
12367	7768_YPD	train
12368	7769_YPD	train
12369	7770_YPD	train
12370	7771_YPD	train
12371	7772_YPD	train
12372	7773_YPD	train
12373	7774_YPD	train
12374	7775_YPD	train
12375	7776_YPD	train
12376	7777_YPD	train
12377	7778_YPD	train
12378	7779_YPD	train
12379	7780_YPD	train
12380	7781_YPD	train
12381	7782_YPD	train
12382	7783_YPD	train
12383	7784_YPD	train
12384	7785_YPD	train
12385	7786_YPD	validation
12386	7787_YPD	validation
12387	7788_YPD	train
12388	7789_YPD	train
12389	7790_YPD	train
12390	7791_YPD	train
12391	7792_YPD	train
12392	7793_YPD	train
12393	7794_YPD	train
12394	7795_YPD	train
12395	7796_YPD	train
12396	7797_YPD	train
12397	7798_YPD	train
12398	7799_YPD	train
12399	7800_YPD	train
12400	7801_YPD	train
12401	7802_YPD	train
12402	7803_YPD	train
12403	7804_YPD	train
12404	7805_YPD	train
12405	7806_YPD	train
12406	7807_YPD	train
12407	7808_YPD	train
12408	7809_YPD	train
12409	7810_YPD	train
12410	7811_YPD	train
12411	7812_YPD	train
12412	7813_YPD	train
12413	7814_YPD	train
12414	7815_YPD	train
12415	7816_YPD	train
12416	7817_YPD	train
12417	7818_YPD	train
12418	7819_YPD	train
12419	7820_YPD	train
12420	7821_YPD	train
12421	7822_YPD	train
12422	7823_YPD	train
12423	7824_YPD	train
12424	7825_YPD	train
12425	7826_YPD	train
12426	7827_YPD	train
12427	7828_YPD	train
12428	7829_YPD	train
12429	7830_YPD	train
12430	7831_YPD	train
12431	7832_YPD	train
12432	7833_YPD	train
12433	7834_YPD	train
12434	7835_YPD	train
12435	7836_YPD	train
12436	7837_YPD	train
12437	7838_YPD	train
12438	7839_YPD	train
12439	7840_YPD	train
12440	7841_YPD	train
12441	7842_YPD	train
12442	7843_YPD	train
12443	7844_YPD	train
12444	7845_YPD	train
12445	7846_YPD	train
12446	7847_YPD	train
12447	7848_YPD	train
12448	7849_YPD	train
12449	7850_YPD	train
12450	7851_YPD	train
12451	7852_YPD	train
12452	7853_YPD	train
12453	7854_YPD	train
12454	7855_YPD	train
12455	7856_YPD	train
12456	7857_YPD	train
12457	7858_YPD	validation
12458	7859_YPD	train
12459	7860_YPD	train
12460	7861_YPD	train
12461	7862_YPD	train
12462	7863_YPD	validation
12463	7864_YPD	train
12464	7865_YPD	train
12465	7866_YPD	train
12466	7867_YPD	train
12467	7868_YPD	train
12468	7869_YPD	train
12469	7870_YPD	train
12470	7871_YPD	train
12471	7872_YPD	train
12472	7873_YPD	train
12473	7874_YPD	train
12474	7875_YPD	train
12475	7876_YPD	train
12476	7877_YPD	train
12477	7878_YPD	train
12478	7879_YPD	train
12479	7880_YPD	validation
12480	7881_YPD	train
12481	7882_YPD	train
12482	7883_YPD	train
12483	7884_YPD	train
12484	7885_YPD	train
12485	7886_YPD	train
12486	7887_YPD	train
12487	7888_YPD	train
12488	7889_YPD	train
12489	7890_YPD	train
12490	7891_YPD	train
12491	7892_YPD	train
12492	7893_YPD	train
12493	7894_YPD	train
12494	7895_YPD	train
12495	7896_YPD	train
12496	7897_YPD	train
12497	7898_YPD	train
12498	7899_YPD	train
12499	7900_YPD	train
12500	7901_YPD	train
12501	7902_YPD	train
12502	7903_YPD	train
12503	7904_YPD	train
12504	7905_YPD	train
12505	7906_YPD	train
12506	7907_YPD	train
12507	7908_YPD	train
12508	7909_YPD	train
12509	7910_YPD	train
12510	7911_YPD	train
12511	7912_YPD	train
12512	7913_YPD	train
12513	7914_YPD	train
12514	7915_YPD	train
12515	7916_YPD	train
12516	7917_YPD	validation
12517	7918_YPD	train
12518	7919_YPD	train
12519	7920_YPD	train
12520	7921_YPD	train
12521	7922_YPD	train
12522	7923_YPD	train
12523	7924_YPD	train
12524	7925_YPD	train
12525	7926_YPD	train
12526	7927_YPD	validation
12527	7928_YPD	train
12528	7929_YPD	train
12529	7930_YPD	train
12530	7931_YPD	train
12531	7932_YPD	train
12532	7933_YPD	train
12533	7934_YPD	train
12534	7935_YPD	train
12535	7936_YPD	train
12536	7937_YPD	train
12537	7938_YPD	train
12538	7939_YPD	train
12539	7940_YPD	train
12540	7941_YPD	train
12541	7942_YPD	train
12542	7943_YPD	train
12543	7944_YPD	train
12544	7945_YPD	train
12545	7946_YPD	train
12546	7947_YPD	train
12547	7948_YPD	train
12548	7949_YPD	train
12549	7950_YPD	train
12550	7951_YPD	train
12551	7952_YPD	train
12552	7953_YPD	train
12553	7954_YPD	train
12554	7955_YPD	train
12555	7956_YPD	train
12556	7957_YPD	train
12557	7958_YPD	train
12558	7959_YPD	train
12559	7960_YPD	train
12560	7961_YPD	train
12561	7962_YPD	train
12562	7963_YPD	train
12563	7964_YPD	train
12564	7965_YPD	train
12565	7966_YPD	train
12566	7967_YPD	train
12567	7968_YPD	train
12568	7969_YPD	train
12569	7970_YPD	train
12570	7971_YPD	validation
12571	7972_YPD	train
12572	7973_YPD	train
12573	7974_YPD	train
12574	7975_YPD	train
12575	7976_YPD	train
12576	7977_YPD	train
12577	7978_YPD	train
12578	7979_YPD	train
12579	7980_YPD	train
12580	7981_YPD	train
12581	7982_YPD	train
12582	7983_YPD	train
12583	7984_YPD	train
12584	7985_YPD	validation
12585	7986_YPD	train
12586	7987_YPD	train
12587	7988_YPD	train
12588	7989_YPD	train
12589	7990_YPD	train
12590	7991_YPD	train
12591	7992_YPD	train
12592	7993_YPD	train
12593	7994_YPD	train
12594	7995_YPD	train
12595	7996_YPD	train
12596	7997_YPD	train
12597	7998_YPD	train
12598	7999_YPD	train
12599	8000_YPD	train
12600	8001_YPD	train
12601	8002_YPD	train
12602	8003_YPD	train
12603	8004_YPD	train
12604	8005_YPD	train
12605	8006_YPD	train
12606	8007_YPD	train
12607	8008_YPD	train
12608	8009_YPD	train
12609	8010_YPD	train
12610	8011_YPD	train
12611	8012_YPD	train
12612	8013_YPD	train
12613	8014_YPD	train
12614	8015_YPD	train
12615	8016_YPD	train
12616	8017_YPD	train
12617	8018_YPD	train
12618	8019_YPD	train
12619	8020_YPD	train
12620	8021_YPD	train
12621	8022_YPD	train
12622	8023_YPD	train
12623	8024_YPD	train
12624	8025_YPD	train
12625	8026_YPD	train
12626	8027_YPD	validation
12627	8028_YPD	train
12628	8029_YPD	train
12629	8030_YPD	train
12630	8031_YPD	train
12631	8032_YPD	validation
12632	8033_YPD	train
12633	8034_YPD	train
12634	8035_YPD	train
12635	8036_YPD	train
12636	8037_YPD	validation
12637	8038_YPD	train
12638	8039_YPD	train
12639	8040_YPD	train
12640	8041_YPD	train
12641	8042_YPD	train
12642	8043_YPD	train
12643	8044_YPD	train
12644	8045_YPD	train
12645	8046_YPD	train
12646	8047_YPD	train
12647	8048_YPD	train
12648	8049_YPD	train
12649	8050_YPD	train
12650	8051_YPD	train
12651	8052_YPD	train
12652	8053_YPD	train
12653	8054_YPD	train
12654	8055_YPD	validation
12655	8056_YPD	train
12656	8057_YPD	train
12657	8058_YPD	train
12658	8059_YPD	train
12659	8060_YPD	train
12660	8061_YPD	train
12661	8062_YPD	train
12662	8063_YPD	train
12663	8064_YPD	train
12664	8065_YPD	train
12665	8066_YPD	train
12666	8067_YPD	train
12667	8068_YPD	train
12668	8069_YPD	train
12669	8070_YPD	train
12670	8071_YPD	train
12671	8072_YPD	train
12672	8073_YPD	train
12673	8074_YPD	train
12674	8075_YPD	train
12675	8076_YPD	train
12676	8077_YPD	train
12677	8078_YPD	train
12678	8079_YPD	train
12679	8080_YPD	train
12680	8081_YPD	train
12681	8082_YPD	train
12682	8083_YPD	train
12683	8084_YPD	train
12684	8085_YPD	train
12685	8086_YPD	train
12686	8087_YPD	validation
12687	8088_YPD	train
12688	8089_YPD	train
12689	8090_YPD	train
12690	8091_YPD	train
12691	8092_YPD	train
12692	8093_YPD	train
12693	8094_YPD	train
12694	8095_YPD	train
12695	8096_YPD	train
12696	8097_YPD	train
12697	8098_YPD	train
12698	8099_YPD	train
12699	8100_YPD	validation
12700	8101_YPD	validation
12701	8102_YPD	train
12702	8103_YPD	train
12703	8104_YPD	train
12704	8105_YPD	train
12705	8106_YPD	train
12706	8107_YPD	train
12707	8108_YPD	train
12708	8109_YPD	train
12709	8110_YPD	train
12710	8111_YPD	train
12711	8112_YPD	validation
12712	8113_YPD	train
12713	8114_YPD	train
12714	8115_YPD	validation
12715	8116_YPD	train
12716	8117_YPD	train
12717	8118_YPD	train
12718	8119_YPD	train
12719	8120_YPD	train
12720	8121_YPD	train
12721	8122_YPD	validation
12722	8123_YPD	train
12723	8124_YPD	train
12724	8125_YPD	train
12725	8126_YPD	train
12726	8127_YPD	train
12727	8128_YPD	train
12728	8129_YPD	train
12729	8130_YPD	train
12730	8131_YPD	train
12731	8132_YPD	train
12732	8133_YPD	train
12733	8134_YPD	train
12734	8135_YPD	train
12735	8136_YPD	train
12736	8137_YPD	train
12737	8138_YPD	train
12738	8139_YPD	train
12739	8140_YPD	train
12740	8141_YPD	train
12741	8142_YPD	train
12742	8143_YPD	train
12743	8144_YPD	train
12744	8145_YPD	validation
12745	8146_YPD	train
12746	8147_YPD	train
12747	8148_YPD	validation
12748	8149_YPD	train
12749	8150_YPD	train
12750	8151_YPD	train
12751	8152_YPD	train
12752	8153_YPD	train
12753	8154_YPD	train
12754	8155_YPD	train
12755	8156_YPD	train
12756	8157_YPD	train
12757	8158_YPD	train
12758	8159_YPD	train
12759	8160_YPD	train
12760	8161_YPD	train
12761	8162_YPD	train
12762	8163_YPD	train
12763	8164_YPD	train
12764	8165_YPD	validation
12765	8166_YPD	train
12766	8167_YPD	train
12767	8168_YPD	train
12768	8169_YPD	validation
12769	8170_YPD	train
12770	8171_YPD	train
12771	8172_YPD	train
12772	8173_YPD	train
12773	8174_YPD	train
12774	8175_YPD	train
12775	8176_YPD	train
12776	8177_YPD	train
12777	8178_YPD	train
12778	8179_YPD	train
12779	8180_YPD	train
12780	8181_YPD	train
12781	8182_YPD	train
12782	8183_YPD	train
12783	8184_YPD	train
12784	8185_YPD	train
12785	8186_YPD	train
12786	8187_YPD	train
12787	8188_YPD	train
12788	8189_YPD	train
12789	8190_YPD	train
12790	8191_YPD	train
12791	8192_YPD	train
12792	8193_YPD	train
12793	8194_YPD	train
12794	8195_YPD	train
12795	8196_YPD	train
12796	8197_YPD	train
12797	8198_YPD	train
12798	8199_YPD	validation
12799	8200_YPD	train
12800	8201_YPD	train
12801	8202_YPD	validation
12802	8203_YPD	train
12803	8204_YPD	train
12804	8205_YPD	train
12805	8206_YPD	train
12806	8207_YPD	train
12807	8208_YPD	train
12808	8209_YPD	train
12809	8210_YPD	validation
12810	8211_YPD	train
12811	8212_YPD	validation
12812	8213_YPD	train
12813	8214_YPD	train
12814	8215_YPD	train
12815	8216_YPD	train
12816	8217_YPD	train
12817	8218_YPD	train
12818	8219_YPD	train
12819	8220_YPD	train
12820	8221_YPD	train
12821	8222_YPD	train
12822	8223_YPD	train
12823	8224_YPD	train
12824	8225_YPD	train
12825	8226_YPD	train
12826	8227_YPD	train
12827	8228_YPD	train
12828	8229_YPD	train
12829	8230_YPD	train
12830	8231_YPD	train
12831	8232_YPD	train
12832	8233_YPD	train
12833	8234_YPD	train
12834	8235_YPD	train
12835	8236_YPD	train
12836	8237_YPD	train
12837	8238_YPD	train
12838	8239_YPD	train
12839	8240_YPD	train
12840	8241_YPD	train
12841	8242_YPD	train
12842	8243_YPD	train
12843	8244_YPD	train
12844	8245_YPD	train
12845	8246_YPD	train
12846	8247_YPD	train
12847	8248_YPD	train
12848	8249_YPD	train
12849	8250_YPD	train
12850	8251_YPD	train
12851	8252_YPD	train
12852	8253_YPD	train
12853	8254_YPD	train
12854	8255_YPD	train
12855	8256_YPD	train
12856	8257_YPD	train
12857	8258_YPD	train
12858	8259_YPD	train
12859	8260_YPD	train
12860	8261_YPD	train
12861	8262_YPD	train
12862	8263_YPD	train
12863	8264_YPD	train
12864	8265_YPD	train
12865	8266_YPD	train
12866	8267_YPD	train
12867	8268_YPD	train
12868	8269_YPD	validation
12869	8270_YPD	validation
12870	8271_YPD	train
12871	8272_YPD	train
12872	8273_YPD	train
12873	8274_YPD	train
12874	8275_YPD	train
12875	8276_YPD	train
12876	8277_YPD	train
12877	8278_YPD	train
12878	8279_YPD	train
12879	8280_YPD	train
12880	8281_YPD	train
12881	8282_YPD	train
12882	8283_YPD	train
12883	8284_YPD	train
12884	8285_YPD	train
12885	8286_YPD	train
12886	8287_YPD	train
12887	8288_YPD	train
12888	8289_YPD	train
12889	8290_YPD	train
12890	8291_YPD	validation
12891	8292_YPD	train
12892	8293_YPD	train
12893	8294_YPD	train
12894	8295_YPD	train
12895	8296_YPD	train
12896	8297_YPD	train
12897	8298_YPD	train
12898	8299_YPD	train
12899	8300_YPD	train
12900	8301_YPD	train
12901	8302_YPD	train
12902	8303_YPD	train
12903	8304_YPD	train
12904	8305_YPD	train
12905	8306_YPD	train
12906	8307_YPD	train
12907	8308_YPD	train
12908	8309_YPD	train
12909	8310_YPD	train
12910	8311_YPD	validation
12911	8312_YPD	validation
12912	8313_YPD	train
12913	8314_YPD	train
12914	8315_YPD	train
12915	8316_YPD	train
12916	8317_YPD	train
12917	8318_YPD	train
12918	8319_YPD	train
12919	8320_YPD	train
12920	8321_YPD	train
12921	8322_YPD	train
12922	8323_YPD	train
12923	8324_YPD	train
12924	8325_YPD	train
12925	8326_YPD	train
12926	8327_YPD	train
12927	8328_YPD	train
12928	8329_YPD	train
12929	8330_YPD	train
12930	8331_YPD	train
12931	8332_YPD	train
12932	8333_YPD	train
12933	8334_YPD	train
12934	8335_YPD	train
12935	8336_YPD	train
12936	8337_YPD	validation
12937	8338_YPD	train
12938	8339_YPD	train
12939	8340_YPD	train
12940	8341_YPD	train
12941	8342_YPD	train
12942	8343_YPD	train
12943	8344_YPD	train
12944	8345_YPD	train
12945	8346_YPD	train
12946	8347_YPD	train
12947	8348_YPD	train
12948	8349_YPD	train
12949	8350_YPD	train
12950	8351_YPD	train
12951	8352_YPD	train
12952	8353_YPD	train
12953	8354_YPD	train
12954	8355_YPD	train
12955	8356_YPD	train
12956	8357_YPD	train
12957	8358_YPD	train
12958	8359_YPD	train
12959	8360_YPD	train
12960	8361_YPD	train
12961	8362_YPD	train
12962	8363_YPD	train
12963	8364_YPD	train
12964	8365_YPD	train
12965	8366_YPD	train
12966	8367_YPD	train
12967	8368_YPD	train
12968	8369_YPD	train
12969	8370_YPD	train
12970	8371_YPD	train
12971	8372_YPD	train
12972	8373_YPD	train
12973	8374_YPD	train
12974	8375_YPD	train
12975	8376_YPD	train
12976	8377_YPD	train
12977	8378_YPD	train
12978	8379_YPD	validation
12979	8380_YPD	train
12980	8381_YPD	train
12981	8382_YPD	train
12982	8383_YPD	train
12983	8384_YPD	train
12984	8385_YPD	validation
12985	8386_YPD	train
12986	8387_YPD	train
12987	8388_YPD	train
12988	8389_YPD	validation
12989	8390_YPD	train
12990	8391_YPD	train
12991	8392_YPD	train
12992	8393_YPD	train
12993	8394_YPD	train
12994	8395_YPD	train
12995	8396_YPD	train
12996	8397_YPD	train
12997	8398_YPD	train
12998	8399_YPD	train
12999	8400_YPD	train
13000	8401_YPD	train
13001	8402_YPD	train
13002	8403_YPD	train
13003	8404_YPD	train
13004	8405_YPD	train
13005	8406_YPD	train
13006	8407_YPD	train
13007	8408_YPD	train
13008	8409_YPD	train
13009	8410_YPD	train
13010	8411_YPD	train
13011	8412_YPD	train
13012	8413_YPD	train
13013	8414_YPD	train
13014	8415_YPD	train
13015	8416_YPD	train
13016	8417_YPD	train
13017	8418_YPD	train
13018	8419_YPD	train
13019	8420_YPD	train
13020	8421_YPD	train
13021	8422_YPD	train
13022	8423_YPD	train
13023	8424_YPD	train
13024	8425_YPD	train
13025	8426_YPD	train
13026	8427_YPD	train
13027	8428_YPD	train
13028	8429_YPD	train
13029	8430_YPD	train
13030	8431_YPD	train
13031	8432_YPD	train
13032	8433_YPD	train
13033	8434_YPD	train
13034	8435_YPD	train
13035	8436_YPD	train
13036	8437_YPD	train
13037	8438_YPD	train
13038	8439_YPD	train
13039	8440_YPD	train
13040	8441_YPD	train
13041	8442_YPD	validation
13042	8443_YPD	train
13043	8444_YPD	train
13044	8445_YPD	validation
13045	8446_YPD	train
13046	8447_YPD	train
13047	8448_YPD	train
13048	8449_YPD	train
13049	8450_YPD	train
13050	8451_YPD	train
13051	8452_YPD	train
13052	8453_YPD	validation
13053	8454_YPD	train
13054	8455_YPD	train
13055	8456_YPD	train
13056	8457_YPD	validation
13057	8458_YPD	train
13058	8459_YPD	train
13059	8460_YPD	train
13060	8461_YPD	train
13061	8462_YPD	train
13062	8463_YPD	train
13063	8464_YPD	train
13064	8465_YPD	train
13065	8466_YPD	train
13066	8467_YPD	train
13067	8468_YPD	train
13068	8469_YPD	train
13069	8470_YPD	train
13070	8471_YPD	train
13071	8472_YPD	train
13072	8473_YPD	train
13073	8474_YPD	train
13074	8475_YPD	train
13075	8476_YPD	train
13076	8477_YPD	train
13077	8478_YPD	train
13078	8479_YPD	train
13079	8480_YPD	train
13080	8481_YPD	train
13081	8482_YPD	train
13082	8483_YPD	train
13083	8484_YPD	train
13084	8485_YPD	train
13085	8486_YPD	train
13086	8487_YPD	train
13087	8488_YPD	train
13088	8489_YPD	train
13089	8490_YPD	train
13090	8491_YPD	train
13091	8492_YPD	train
13092	8493_YPD	train
13093	8494_YPD	train
13094	8495_YPD	train
13095	8496_YPD	train
13096	8497_YPD	train
13097	8498_YPD	train
13098	8499_YPD	train
13099	8500_YPD	validation
13100	8501_YPD	train
13101	8502_YPD	train
13102	8503_YPD	train
13103	8504_YPD	train
13104	8505_YPD	train
13105	8506_YPD	train
13106	8507_YPD	train
13107	8508_YPD	train
13108	8509_YPD	train
13109	8510_YPD	train
13110	8511_YPD	train
13111	8512_YPD	train
13112	8513_YPD	train
13113	8514_YPD	train
13114	8515_YPD	train
13115	8516_YPD	train
13116	8517_YPD	train
13117	8518_YPD	train
13118	8519_YPD	train
13119	8520_YPD	train
13120	8521_YPD	train
13121	8522_YPD	train
13122	8523_YPD	train
13123	8524_YPD	train
13124	8525_YPD	train
13125	8526_YPD	train
13126	8527_YPD	train
13127	8528_YPD	train
13128	8529_YPD	train
13129	8530_YPD	train
13130	8531_YPD	train
13131	8532_YPD	train
13132	8533_YPD	train
13133	8534_YPD	train
13134	8535_YPD	train
13135	8536_YPD	validation
13136	8537_YPD	train
13137	8538_YPD	train
13138	8539_YPD	train
13139	8540_YPD	train
13140	8541_YPD	train
13141	8542_YPD	train
13142	8543_YPD	train
13143	8544_YPD	train
13144	8545_YPD	train
13145	8546_YPD	train
13146	8547_YPD	train
13147	8548_YPD	train
13148	8549_YPD	train
13149	8550_YPD	train
13150	8551_YPD	train
13151	8552_YPD	train
13152	8553_YPD	train
13153	8554_YPD	train
13154	8555_YPD	train
13155	8556_YPD	train
13156	8557_YPD	train
13157	8558_YPD	train
13158	8559_YPD	train
13159	8560_YPD	train
13160	8561_YPD	train
13161	8562_YPD	validation
13162	8563_YPD	train
13163	8564_YPD	validation
13164	8565_YPD	train
13165	8566_YPD	train
13166	8567_YPD	train
13167	8568_YPD	train
13168	8569_YPD	validation
13169	8570_YPD	train
13170	8571_YPD	validation
13171	8572_YPD	train
13172	8573_YPD	train
13173	8574_YPD	train
13174	8575_YPD	train
13175	8576_YPD	train
13176	8577_YPD	train
13177	8578_YPD	train
13178	8579_YPD	train
13179	8580_YPD	train
13180	8581_YPD	train
13181	8582_YPD	train
13182	8583_YPD	train
13183	8584_YPD	train
13184	8585_YPD	train
13185	8586_YPD	train
13186	8587_YPD	train
13187	8588_YPD	train
13188	8589_YPD	validation
13189	8590_YPD	train
13190	8591_YPD	train
13191	8592_YPD	train
13192	8593_YPD	train
13193	8594_YPD	train
13194	8595_YPD	train
13195	8596_YPD	train
13196	8597_YPD	train
13197	8598_YPD	train
13198	8599_YPD	train
13199	8600_YPD	validation
13200	8601_YPD	train
13201	8602_YPD	train
13202	8603_YPD	train
13203	8604_YPD	train
13204	8605_YPD	train
13205	8606_YPD	train
13206	8607_YPD	train
13207	8608_YPD	train
13208	8609_YPD	train
13209	8610_YPD	train
13210	8611_YPD	train
13211	8612_YPD	train
13212	8613_YPD	train
13213	8614_YPD	train
13214	8615_YPD	train
13215	8616_YPD	train
13216	8617_YPD	train
13217	8618_YPD	train
13218	8619_YPD	train
13219	8620_YPD	train
13220	8621_YPD	train
13221	8622_YPD	train
13222	8623_YPD	train
13223	8624_YPD	train
13224	8625_YPD	train
13225	8626_YPD	train
13226	8627_YPD	train
13227	8628_YPD	train
13228	8629_YPD	train
13229	8630_YPD	train
13230	8631_YPD	train
13231	8632_YPD	validation
13232	8633_YPD	train
13233	8634_YPD	train
13234	8635_YPD	train
13235	8636_YPD	train
13236	8637_YPD	validation
13237	8638_YPD	train
13238	8639_YPD	train
13239	8640_YPD	train
13240	8641_YPD	train
13241	8642_YPD	train
13242	8643_YPD	train
13243	8644_YPD	train
13244	8645_YPD	train
13245	8646_YPD	train
13246	8647_YPD	train
13247	8648_YPD	train
13248	8649_YPD	train
13249	8650_YPD	train
13250	8651_YPD	train
13251	8652_YPD	train
13252	8653_YPD	train
13253	8654_YPD	train
13254	8655_YPD	train
13255	8656_YPD	train
13256	8657_YPD	train
13257	8658_YPD	train
13258	8659_YPD	train
13259	8660_YPD	train
13260	8661_YPD	train
13261	8662_YPD	train
13262	8663_YPD	train
13263	8664_YPD	train
13264	8665_YPD	train
13265	8666_YPD	train
13266	8667_YPD	train
13267	8668_YPD	train
13268	8669_YPD	train
13269	8670_YPD	train
13270	8671_YPD	train
13271	8672_YPD	train
13272	8673_YPD	train
13273	8674_YPD	train
13274	8675_YPD	train
13275	8676_YPD	train
13276	8677_YPD	train
13277	8678_YPD	train
13278	8679_YPD	train
13279	8680_YPD	train
13280	8681_YPD	train
13281	8682_YPD	train
13282	8683_YPD	train
13283	8684_YPD	train
13284	8685_YPD	train
13285	8686_YPD	train
13286	8687_YPD	train
13287	8688_YPD	train
13288	8689_YPD	train
13289	8690_YPD	train
13290	8691_YPD	train
13291	8692_YPD	train
13292	8693_YPD	train
13293	8694_YPD	train
13294	8695_YPD	train
13295	8696_YPD	train
13296	8697_YPD	train
13297	8698_YPD	validation
13298	8699_YPD	train
13299	8700_YPD	train
13300	8701_YPD	train
13301	8702_YPD	train
13302	8703_YPD	train
13303	8704_YPD	train
13304	8705_YPD	train
13305	8706_YPD	train
13306	8707_YPD	train
13307	8708_YPD	train
13308	8709_YPD	train
13309	8710_YPD	train
13310	8711_YPD	train
13311	8712_YPD	train
13312	8713_YPD	train
13313	8714_YPD	train
13314	8715_YPD	train
13315	8716_YPD	train
13316	8717_YPD	train
13317	8718_YPD	train
13318	8719_YPD	train
13319	8720_YPD	train
13320	8721_YPD	train
13321	8722_YPD	train
13322	8723_YPD	validation
13323	8724_YPD	train
13324	8725_YPD	train
13325	8726_YPD	train
13326	8727_YPD	train
13327	8728_YPD	train
13328	8729_YPD	train
13329	8730_YPD	train
13330	8731_YPD	train
13331	8732_YPD	train
13332	8733_YPD	train
13333	8734_YPD	train
13334	8735_YPD	train
13335	8736_YPD	train
13336	8737_YPD	train
13337	8738_YPD	train
13338	8739_YPD	train
13339	8740_YPD	train
13340	8741_YPD	train
13341	8742_YPD	train
13342	8743_YPD	train
13343	8744_YPD	train
13344	8745_YPD	train
13345	8746_YPD	train
13346	8747_YPD	train
13347	8748_YPD	train
13348	8749_YPD	train
13349	8750_YPD	train
13350	8751_YPD	train
13351	8752_YPD	train
13352	8753_YPD	train
13353	8754_YPD	train
13354	8755_YPD	train
13355	8756_YPD	validation
13356	8757_YPD	train
13357	8758_YPD	train
13358	8759_YPD	validation
13359	8760_YPD	validation
13360	8761_YPD	train
13361	8762_YPD	train
13362	8763_YPD	train
13363	8764_YPD	train
13364	8765_YPD	train
13365	8766_YPD	train
13366	8767_YPD	train
13367	8768_YPD	train
13368	8769_YPD	train
13369	8770_YPD	train
13370	8771_YPD	train
13371	8772_YPD	train
13372	8773_YPD	train
13373	8774_YPD	train
13374	8775_YPD	train
13375	8776_YPD	train
13376	8777_YPD	train
13377	8778_YPD	train
13378	8779_YPD	train
13379	8780_YPD	train
13380	8781_YPD	train
13381	8782_YPD	train
13382	8783_YPD	train
13383	8784_YPD	train
13384	8785_YPD	train
13385	8786_YPD	train
13386	8787_YPD	validation
13387	8788_YPD	train
13388	8789_YPD	train
13389	8790_YPD	train
13390	8791_YPD	train
13391	8792_YPD	train
13392	8793_YPD	train
13393	8794_YPD	train
13394	8795_YPD	validation
13395	8796_YPD	train
13396	8797_YPD	train
13397	8798_YPD	train
13398	8799_YPD	train
13399	8800_YPD	train
13400	8801_YPD	train
13401	8802_YPD	train
13402	8803_YPD	train
13403	8804_YPD	train
13404	8805_YPD	train
13405	8806_YPD	train
13406	8807_YPD	train
13407	8808_YPD	train
13408	8809_YPD	train
13409	8810_YPD	train
13410	8811_YPD	train
13411	8812_YPD	train
13412	8813_YPD	train
13413	8814_YPD	train
13414	8815_YPD	train
13415	8816_YPD	train
13416	8817_YPD	train
13417	8818_YPD	train
13418	8819_YPD	train
13419	8820_YPD	train
13420	8821_YPD	train
13421	8822_YPD	train
13422	8823_YPD	validation
13423	8824_YPD	train
13424	8825_YPD	train
13425	8826_YPD	train
13426	8827_YPD	train
13427	8828_YPD	train
13428	8829_YPD	train
13429	8830_YPD	train
13430	8831_YPD	train
13431	8832_YPD	train
13432	8833_YPD	train
13433	8834_YPD	train
13434	8835_YPD	train
13435	8836_YPD	train
13436	8837_YPD	train
13437	8838_YPD	train
13438	8839_YPD	train
13439	8840_YPD	train
13440	8841_YPD	train
13441	8842_YPD	train
13442	8843_YPD	train
13443	8844_YPD	train
13444	8845_YPD	train
13445	8846_YPD	train
13446	8847_YPD	train
13447	8848_YPD	train
13448	8849_YPD	train
13449	8850_YPD	train
13450	8851_YPD	train
13451	8852_YPD	train
13452	8853_YPD	train
13453	8854_YPD	train
13454	8855_YPD	train
13455	8856_YPD	train
13456	8857_YPD	train
13457	8858_YPD	train
13458	8859_YPD	train
13459	8860_YPD	train
13460	8861_YPD	train
13461	8862_YPD	train
13462	8863_YPD	train
13463	8864_YPD	train
13464	8865_YPD	train
13465	8866_YPD	train
13466	8867_YPD	train
13467	8868_YPD	train
13468	8869_YPD	train
13469	8870_YPD	train
13470	8871_YPD	train
13471	8872_YPD	train
13472	8873_YPD	train
13473	8874_YPD	train
13474	8875_YPD	train
13475	8876_YPD	train
13476	8877_YPD	train
13477	8878_YPD	train
13478	8879_YPD	train
13479	8880_YPD	train
13480	8881_YPD	train
13481	8882_YPD	train
13482	8883_YPD	train
13483	8884_YPD	train
13484	8885_YPD	train
13485	8886_YPD	train
13486	8887_YPD	train
13487	8888_YPD	train
13488	8889_YPD	train
13489	8890_YPD	train
13490	8891_YPD	train
13491	8892_YPD	train
13492	8893_YPD	train
13493	8894_YPD	train
13494	8895_YPD	train
13495	8896_YPD	train
13496	8897_YPD	train
13497	8898_YPD	train
13498	8899_YPD	train
13499	8900_YPD	train
13500	8901_YPD	train
13501	8902_YPD	train
13502	8903_YPD	train
13503	8904_YPD	train
13504	8905_YPD	train
13505	8906_YPD	train
13506	8907_YPD	train
13507	8908_YPD	train
13508	8909_YPD	train
13509	8910_YPD	validation
13510	8911_YPD	train
13511	8912_YPD	train
13512	8913_YPD	train
13513	8914_YPD	train
13514	8915_YPD	train
13515	8916_YPD	train
13516	8917_YPD	train
13517	8918_YPD	train
13518	8919_YPD	train
13519	8920_YPD	train
13520	8921_YPD	train
13521	8922_YPD	train
13522	8923_YPD	train
13523	8924_YPD	train
13524	8925_YPD	train
13525	8926_YPD	train
13526	8927_YPD	train
13527	8928_YPD	train
13528	8929_YPD	train
13529	8930_YPD	train
13530	8931_YPD	train
13531	8932_YPD	train
13532	8933_YPD	train
13533	8934_YPD	train
13534	8935_YPD	train
13535	8936_YPD	train
13536	8937_YPD	train
13537	8938_YPD	train
13538	8939_YPD	train
13539	8940_YPD	train
13540	8941_YPD	train
13541	8942_YPD	train
13542	8943_YPD	train
13543	8944_YPD	train
13544	8945_YPD	train
13545	8946_YPD	train
13546	8947_YPD	train
13547	8948_YPD	validation
13548	8949_YPD	train
13549	8950_YPD	train
13550	8951_YPD	train
13551	8952_YPD	train
13552	8953_YPD	train
13553	8954_YPD	train
13554	8955_YPD	train
13555	8956_YPD	train
13556	8957_YPD	train
13557	8958_YPD	train
13558	8959_YPD	train
13559	8960_YPD	train
13560	8961_YPD	validation
13561	8962_YPD	train
13562	8963_YPD	train
13563	8964_YPD	train
13564	8965_YPD	train
13565	8966_YPD	train
13566	8967_YPD	train
13567	8968_YPD	train
13568	8969_YPD	train
13569	8970_YPD	train
13570	8971_YPD	train
13571	8972_YPD	train
13572	8973_YPD	train
13573	8974_YPD	train
13574	8975_YPD	train
13575	8976_YPD	train
13576	8977_YPD	train
13577	8978_YPD	train
13578	8979_YPD	train
13579	8980_YPD	train
13580	8981_YPD	train
13581	8982_YPD	train
13582	8983_YPD	train
13583	8984_YPD	train
13584	8985_YPD	train
13585	8986_YPD	train
13586	8987_YPD	train
13587	8988_YPD	validation
13588	8989_YPD	train
13589	8990_YPD	train
13590	8991_YPD	train
13591	8992_YPD	train
13592	8993_YPD	train
13593	8994_YPD	train
13594	8995_YPD	train
13595	8996_YPD	train
13596	8997_YPD	train
13597	8998_YPD	validation
13598	8999_YPD	train
13599	9000_YPD	train
13600	9001_YPD	train
13601	9002_YPD	train
13602	9003_YPD	train
13603	9004_YPD	train
13604	9005_YPD	train
13605	9006_YPD	train
13606	9007_YPD	train
13607	9008_YPD	train
13608	9009_YPD	train
13609	9010_YPD	validation
13610	9011_YPD	train
13611	9012_YPD	train
13612	9013_YPD	train
13613	9014_YPD	train
13614	9015_YPD	train
13615	9016_YPD	train
13616	9017_YPD	train
13617	9018_YPD	train
13618	9019_YPD	train
13619	9020_YPD	train
13620	9021_YPD	train
13621	9022_YPD	train
13622	9023_YPD	train
13623	9024_YPD	train
13624	9025_YPD	train
13625	9026_YPD	train
13626	9027_YPD	train
13627	9028_YPD	train
13628	9029_YPD	train
13629	9030_YPD	train
13630	9031_YPD	train
13631	9032_YPD	train
13632	9033_YPD	train
13633	9034_YPD	train
13634	9035_YPD	train
13635	9036_YPD	train
13636	9037_YPD	train
13637	9038_YPD	train
13638	9039_YPD	train
13639	9040_YPD	train
13640	9041_YPD	validation
13641	9042_YPD	train
13642	9043_YPD	train
13643	9044_YPD	train
13644	9045_YPD	train
13645	9046_YPD	train
13646	9047_YPD	train
13647	9048_YPD	train
13648	9049_YPD	train
13649	9050_YPD	train
13650	9051_YPD	train
13651	9052_YPD	train
13652	9053_YPD	train
13653	9054_YPD	train
13654	9055_YPD	train
13655	9056_YPD	train
13656	9057_YPD	train
13657	9058_YPD	train
13658	9059_YPD	train
13659	9060_YPD	train
13660	9061_YPD	train
13661	9062_YPD	train
13662	9063_YPD	train
13663	9064_YPD	train
13664	9065_YPD	train
13665	9066_YPD	train
13666	9067_YPD	train
13667	9068_YPD	train
13668	9069_YPD	train
13669	9070_YPD	train
13670	9071_YPD	train
13671	9072_YPD	train
13672	9073_YPD	train
13673	9074_YPD	train
13674	9075_YPD	train
13675	9076_YPD	train
13676	9077_YPD	train
13677	9078_YPD	train
13678	9079_YPD	train
13679	9080_YPD	train
13680	9081_YPD	train
13681	9082_YPD	train
13682	9083_YPD	train
13683	9084_YPD	train
13684	9085_YPD	train
13685	9086_YPD	train
13686	9087_YPD	validation
13687	9088_YPD	train
13688	9089_YPD	train
13689	9090_YPD	train
13690	9091_YPD	validation
13691	9092_YPD	train
13692	9093_YPD	train
13693	9094_YPD	train
13694	9095_YPD	train
13695	9096_YPD	train
13696	9097_YPD	train
13697	9098_YPD	train
13698	9099_YPD	train
13699	9100_YPD	validation
13700	9101_YPD	train
13701	9102_YPD	train
13702	9103_YPD	train
13703	9104_YPD	validation
13704	9105_YPD	train
13705	9106_YPD	train
13706	9107_YPD	train
13707	9108_YPD	train
13708	9109_YPD	train
13709	9110_YPD	train
13710	9111_YPD	train
13711	9112_YPD	train
13712	9113_YPD	train
13713	9114_YPD	train
13714	9115_YPD	train
13715	9116_YPD	train
13716	9117_YPD	train
13717	9118_YPD	train
13718	9119_YPD	train
13719	9120_YPD	train
13720	9121_YPD	train
13721	9122_YPD	train
13722	9123_YPD	train
13723	9124_YPD	train
13724	9125_YPD	train
13725	9126_YPD	train
13726	9127_YPD	train
13727	9128_YPD	train
13728	9129_YPD	train
13729	9130_YPD	validation
13730	9131_YPD	train
13731	9132_YPD	train
13732	9133_YPD	train
13733	9134_YPD	validation
13734	9135_YPD	train
13735	9136_YPD	train
13736	9137_YPD	train
13737	9138_YPD	train
13738	9139_YPD	train
13739	9140_YPD	train
13740	9141_YPD	train
13741	9142_YPD	train
13742	9143_YPD	train
13743	9144_YPD	train
13744	9145_YPD	validation
13745	9146_YPD	validation
13746	9147_YPD	train
13747	9148_YPD	train
13748	9149_YPD	train
13749	9150_YPD	train
13750	9151_YPD	train
13751	9152_YPD	train
13752	9153_YPD	train
13753	9154_YPD	train
13754	9155_YPD	train
13755	9156_YPD	train
13756	9157_YPD	train
13757	9158_YPD	train
13758	9159_YPD	train
13759	9160_YPD	train
13760	9161_YPD	train
13761	9162_YPD	train
13762	9163_YPD	train
13763	9164_YPD	train
13764	9165_YPD	train
13765	9166_YPD	train
13766	9167_YPD	train
13767	9168_YPD	train
13768	9169_YPD	train
13769	9170_YPD	train
13770	9171_YPD	train
13771	9172_YPD	train
13772	9173_YPD	train
13773	9174_YPD	train
13774	9175_YPD	train
13775	9176_YPD	train
13776	9177_YPD	train
13777	9178_YPD	validation
13778	9179_YPD	train
13779	9180_YPD	train
13780	9181_YPD	train
13781	9182_YPD	train
13782	9183_YPD	train
13783	9184_YPD	train
13784	9185_YPD	train
13785	9186_YPD	train
13786	9187_YPD	train
13787	9188_YPD	train
13788	9189_YPD	train
13789	9190_YPD	train
13790	9191_YPD	train
13791	9192_YPD	train
13792	9193_YPD	train
13793	9194_YPD	train
13794	9195_YPD	train
13795	9196_YPD	train
13796	9197_YPD	train
13797	9198_YPD	train
13798	9199_YPD	train
13799	9200_YPD	train
13800	9201_YPD	train
13801	9202_YPD	train
13802	9203_YPD	train
13803	9204_YPD	train
13804	9205_YPD	train
13805	9206_YPD	train
13806	9207_YPD	train
13807	9208_YPD	train
13808	9209_YPD	train
13809	9210_YPD	train
13810	9211_YPD	train
13811	9212_YPD	train
13812	9213_YPD	train
13813	9214_YPD	train
13814	9215_YPD	train
13815	9216_YPD	train
13816	9217_YPD	train
13817	9218_YPD	train
13818	9219_YPD	train
13819	9220_YPD	train
13820	9221_YPD	train
13821	9222_YPD	train
13822	9223_YPD	train
13823	9224_YPD	validation
13824	9225_YPD	train
13825	9226_YPD	train
13826	9227_YPD	train
13827	9228_YPD	train
13828	9229_YPD	train
13829	9230_YPD	train
13830	9231_YPD	train
13831	9232_YPD	train
13832	9233_YPD	train
13833	9234_YPD	train
13834	9235_YPD	train
13835	9236_YPD	train
13836	9237_YPD	train
13837	9238_YPD	train
13838	9239_YPD	validation
13839	9240_YPD	train
13840	9241_YPD	train
13841	9242_YPD	train
13842	9243_YPD	train
13843	9244_YPD	train
13844	9245_YPD	train
13845	9246_YPD	train
13846	9247_YPD	train
13847	9248_YPD	train
13848	9249_YPD	train
13849	9250_YPD	train
13850	9251_YPD	train
13851	9252_YPD	train
13852	9253_YPD	train
13853	9254_YPD	train
13854	9255_YPD	train
13855	9256_YPD	train
13856	9257_YPD	train
13857	9258_YPD	train
13858	9259_YPD	train
13859	9260_YPD	train
13860	9261_YPD	train
13861	9262_YPD	train
13862	9263_YPD	train
13863	9264_YPD	train
13864	9265_YPD	train
13865	9266_YPD	train
13866	9267_YPD	train
13867	9268_YPD	train
13868	9269_YPD	train
13869	9270_YPD	train
13870	9271_YPD	train
13871	9272_YPD	train
13872	9273_YPD	train
13873	9274_YPD	train
13874	9275_YPD	train
13875	9276_YPD	train
13876	9277_YPD	train
13877	9278_YPD	train
13878	9279_YPD	train
13879	9280_YPD	train
13880	9281_YPD	train
13881	9282_YPD	train
13882	9283_YPD	train
13883	9284_YPD	train
13884	9285_YPD	train
13885	9286_YPD	train
13886	9287_YPD	train
13887	9288_YPD	train
13888	9289_YPD	train
13889	9290_YPD	train
13890	9291_YPD	train
13891	9292_YPD	validation
13892	9293_YPD	train
13893	9294_YPD	train
13894	9295_YPD	train
13895	9296_YPD	train
13896	9297_YPD	train
13897	9298_YPD	train
13898	9299_YPD	train
13899	9300_YPD	train
13900	9301_YPD	train
13901	9302_YPD	train
13902	9303_YPD	train
13903	9304_YPD	validation
13904	9305_YPD	train
13905	9306_YPD	train
13906	9307_YPD	train
13907	9308_YPD	train
13908	9309_YPD	train
13909	9310_YPD	train
13910	9311_YPD	train
13911	9312_YPD	train
13912	9313_YPD	train
13913	9314_YPD	train
13914	9315_YPD	train
13915	9316_YPD	train
13916	9317_YPD	train
13917	9318_YPD	train
13918	9319_YPD	train
13919	9320_YPD	train
13920	9321_YPD	train
13921	9322_YPD	train
13922	9323_YPD	train
13923	9324_YPD	train
13924	9325_YPD	train
13925	9326_YPD	train
13926	9327_YPD	train
13927	9328_YPD	train
13928	9329_YPD	validation
13929	9330_YPD	train
13930	9331_YPD	train
13931	9332_YPD	train
13932	9333_YPD	train
13933	9334_YPD	train
13934	9335_YPD	train
13935	9336_YPD	train
13936	9337_YPD	train
13937	9338_YPD	train
13938	9339_YPD	train
13939	9340_YPD	train
13940	9341_YPD	train
13941	9342_YPD	train
13942	9343_YPD	train
13943	9344_YPD	train
13944	9345_YPD	train
13945	9346_YPD	train
13946	9347_YPD	train
13947	9348_YPD	train
13948	9349_YPD	train
13949	9350_YPD	train
13950	9351_YPD	train
13951	9352_YPD	train
13952	9353_YPD	train
13953	9354_YPD	train
13954	9355_YPD	train
13955	9356_YPD	train
13956	9357_YPD	train
13957	9358_YPD	train
13958	9359_YPD	train
13959	9360_YPD	train
13960	9361_YPD	train
13961	9362_YPD	train
13962	9363_YPD	train
13963	9364_YPD	train
13964	9365_YPD	train
13965	9366_YPD	train
13966	9367_YPD	train
13967	9368_YPD	train
13968	9369_YPD	train
13969	9370_YPD	train
13970	9371_YPD	train
13971	9372_YPD	train
13972	9373_YPD	train
13973	9374_YPD	validation
13974	9375_YPD	train
13975	9376_YPD	train
13976	9377_YPD	train
13977	9378_YPD	train
13978	9379_YPD	train
13979	9380_YPD	train
13980	9381_YPD	train
13981	9382_YPD	train
13982	9383_YPD	train
13983	9384_YPD	train
13984	9385_YPD	train
13985	9386_YPD	train
13986	9387_YPD	train
13987	9388_YPD	validation
13988	9389_YPD	train
13989	9390_YPD	train
13990	9391_YPD	validation
13991	9392_YPD	validation
13992	9393_YPD	train
13993	9394_YPD	train
13994	9395_YPD	train
13995	9396_YPD	train
13996	9397_YPD	train
13997	9398_YPD	train
13998	9399_YPD	train
13999	9400_YPD	train
14000	9401_YPD	train
14001	9402_YPD	train
14002	9403_YPD	train
14003	9404_YPD	train
14004	9405_YPD	train
14005	9406_YPD	train
14006	9407_YPD	train
14007	9408_YPD	train
14008	9409_YPD	train
14009	9410_YPD	train
14010	9411_YPD	train
14011	9412_YPD	validation
14012	9413_YPD	train
14013	9414_YPD	train
14014	9415_YPD	train
14015	9416_YPD	train
14016	9417_YPD	train
14017	9418_YPD	train
14018	9419_YPD	train
14019	9420_YPD	train
14020	9421_YPD	train
14021	9422_YPD	train
14022	9423_YPD	train
14023	9424_YPD	train
14024	9425_YPD	train
14025	9426_YPD	train
14026	9427_YPD	train
14027	9428_YPD	train
14028	9429_YPD	train
14029	9430_YPD	train
14030	9431_YPD	train
14031	9432_YPD	train
14032	9433_YPD	validation
14033	9434_YPD	train
14034	9435_YPD	validation
14035	9436_YPD	train
14036	9437_YPD	train
14037	9438_YPD	train
14038	9439_YPD	train
14039	9440_YPD	train
14040	9441_YPD	train
14041	9442_YPD	train
14042	9443_YPD	train
14043	9444_YPD	train
14044	9445_YPD	train
14045	9446_YPD	train
14046	9447_YPD	train
14047	9448_YPD	validation
14048	9449_YPD	train
14049	9450_YPD	train
14050	9451_YPD	train
14051	9452_YPD	train
14052	9453_YPD	train
14053	9454_YPD	train
14054	9455_YPD	train
14055	9456_YPD	train
14056	9457_YPD	train
14057	9458_YPD	train
14058	9459_YPD	train
14059	9460_YPD	train
14060	9461_YPD	train
14061	9462_YPD	validation
14062	9463_YPD	validation
14063	9464_YPD	train
14064	9465_YPD	train
14065	9466_YPD	train
14066	9467_YPD	train
14067	9468_YPD	train
14068	9469_YPD	train
14069	9470_YPD	train
14070	9471_YPD	train
14071	9472_YPD	train
14072	9473_YPD	train
14073	9474_YPD	train
14074	9475_YPD	train
14075	9476_YPD	train
14076	9477_YPD	train
14077	9478_YPD	train
14078	9479_YPD	train
14079	9480_YPD	train
14080	9481_YPD	train
14081	9482_YPD	train
14082	9483_YPD	train
14083	9484_YPD	train
14084	9485_YPD	train
14085	9486_YPD	train
14086	9487_YPD	train
14087	9488_YPD	train
14088	9489_YPD	train
14089	9490_YPD	train
14090	9491_YPD	train
14091	9492_YPD	train
14092	9493_YPD	train
14093	9494_YPD	train
14094	9495_YPD	train
14095	9496_YPD	train
14096	9497_YPD	train
14097	9498_YPD	train
14098	9499_YPD	train
14099	9500_YPD	train
14100	9501_YPD	train
14101	9502_YPD	train
14102	9503_YPD	train
14103	9504_YPD	train
14104	9505_YPD	validation
14105	9506_YPD	train
14106	9507_YPD	train
14107	9508_YPD	train
14108	9509_YPD	train
14109	9510_YPD	train
14110	9511_YPD	train
14111	9512_YPD	train
14112	9513_YPD	train
14113	9514_YPD	train
14114	9515_YPD	train
14115	9516_YPD	train
14116	9517_YPD	train
14117	9518_YPD	train
14118	9519_YPD	train
14119	9520_YPD	train
14120	9521_YPD	train
14121	9522_YPD	train
14122	9523_YPD	train
14123	9524_YPD	train
14124	9525_YPD	validation
14125	9526_YPD	train
14126	9527_YPD	train
14127	9528_YPD	train
14128	9529_YPD	train
14129	9530_YPD	train
14130	9531_YPD	train
14131	9532_YPD	train
14132	9533_YPD	train
14133	9534_YPD	train
14134	9535_YPD	train
14135	9536_YPD	train
14136	9537_YPD	train
14137	9538_YPD	train
14138	9539_YPD	train
14139	9540_YPD	train
14140	9541_YPD	train
14141	9542_YPD	train
14142	9543_YPD	train
14143	9544_YPD	train
14144	9545_YPD	validation
14145	9546_YPD	train
14146	9547_YPD	train
14147	9548_YPD	train
14148	9549_YPD	train
14149	9550_YPD	train
14150	9551_YPD	train
14151	9552_YPD	train
14152	9553_YPD	train
14153	9554_YPD	train
14154	9555_YPD	train
14155	9556_YPD	train
14156	9557_YPD	train
14157	9558_YPD	validation
14158	9559_YPD	train
14159	9560_YPD	train
14160	9561_YPD	validation
14161	9562_YPD	train
14162	9563_YPD	train
14163	9564_YPD	train
14164	9565_YPD	train
14165	9566_YPD	train
14166	9567_YPD	train
14167	9568_YPD	train
14168	9569_YPD	train
14169	9570_YPD	train
14170	9571_YPD	train
14171	9572_YPD	train
14172	9573_YPD	train
14173	9574_YPD	train
14174	9575_YPD	train
14175	9576_YPD	train
14176	9577_YPD	train
14177	9578_YPD	train
14178	9579_YPD	train
14179	9580_YPD	train
14180	9581_YPD	train
14181	9582_YPD	train
14182	9583_YPD	train
14183	9584_YPD	train
14184	9585_YPD	train
14185	9586_YPD	train
14186	9587_YPD	train
14187	9588_YPD	validation
14188	9589_YPD	train
14189	9590_YPD	train
14190	9591_YPD	train
14191	9592_YPD	train
14192	9593_YPD	train
14193	9594_YPD	train
14194	9595_YPD	train
14195	9596_YPD	train
14196	9597_YPD	train
14197	9598_YPD	train
14198	9599_YPD	train
14199	9600_YPD	train
14200	9601_YPD	train
14201	9602_YPD	train
14202	9603_YPD	train
14203	9604_YPD	train
14204	9605_YPD	train
14205	9606_YPD	train
14206	9607_YPD	train
14207	9608_YPD	train
14208	9609_YPD	train
14209	9610_YPD	train
14210	9611_YPD	train
14211	9612_YPD	train
14212	9613_YPD	train
14213	9614_YPD	train
14214	9615_YPD	train
14215	9616_YPD	train
14216	9617_YPD	train
14217	9618_YPD	train
14218	9619_YPD	train
14219	9620_YPD	train
14220	9621_YPD	train
14221	9622_YPD	train
14222	9623_YPD	train
14223	9624_YPD	train
14224	9625_YPD	train
14225	9626_YPD	validation
14226	9627_YPD	train
14227	9628_YPD	train
14228	9629_YPD	train
14229	9630_YPD	train
14230	9631_YPD	train
14231	9632_YPD	train
14232	9633_YPD	train
14233	9634_YPD	train
14234	9635_YPD	train
14235	9636_YPD	train
14236	9637_YPD	train
14237	9638_YPD	train
14238	9639_YPD	train
14239	9640_YPD	train
14240	9641_YPD	train
14241	9642_YPD	train
14242	9643_YPD	train
14243	9644_YPD	train
14244	9645_YPD	train
14245	9646_YPD	train
14246	9647_YPD	train
14247	9648_YPD	train
14248	9649_YPD	train
14249	9650_YPD	train
14250	9651_YPD	train
14251	9652_YPD	train
14252	9653_YPD	train
14253	9654_YPD	validation
14254	9655_YPD	train
14255	9656_YPD	train
14256	9657_YPD	train
14257	9658_YPD	train
14258	9659_YPD	train
14259	9660_YPD	train
14260	9661_YPD	train
14261	9662_YPD	train
14262	9663_YPD	train
14263	9664_YPD	train
14264	9665_YPD	train
14265	9666_YPD	train
14266	9667_YPD	train
14267	9668_YPD	train
14268	9669_YPD	train
14269	9670_YPD	train
14270	9671_YPD	train
14271	9672_YPD	train
14272	9673_YPD	train
14273	9674_YPD	train
14274	9675_YPD	train
14275	9676_YPD	train
14276	9677_YPD	train
14277	9678_YPD	train
14278	9679_YPD	train
14279	9680_YPD	train
14280	9681_YPD	train
14281	9682_YPD	train
14282	9683_YPD	train
14283	9684_YPD	train
14284	9685_YPD	validation
14285	9686_YPD	train
14286	9687_YPD	train
14287	9688_YPD	train
14288	9689_YPD	train
14289	9690_YPD	train
14290	9691_YPD	train
14291	9692_YPD	train
14292	9693_YPD	train
14293	9694_YPD	train
14294	9695_YPD	train
14295	9696_YPD	train
14296	9697_YPD	train
14297	9698_YPD	train
14298	9699_YPD	train
14299	9700_YPD	train
14300	9701_YPD	train
14301	9702_YPD	train
14302	9703_YPD	train
14303	9704_YPD	train
14304	9705_YPD	train
14305	9706_YPD	train
14306	9707_YPD	train
14307	9708_YPD	train
14308	9709_YPD	train
14309	9710_YPD	train
14310	9711_YPD	train
14311	9712_YPD	train
14312	9713_YPD	train
14313	9714_YPD	train
14314	9715_YPD	train
14315	9716_YPD	train
14316	9717_YPD	train
14317	9718_YPD	train
14318	9719_YPD	train
14319	9720_YPD	train
14320	9721_YPD	train
14321	9722_YPD	train
14322	9723_YPD	train
14323	9724_YPD	train
14324	9725_YPD	train
14325	9726_YPD	train
14326	9727_YPD	train
14327	9728_YPD	train
14328	9729_YPD	train
14329	9730_YPD	train
14330	9731_YPD	train
14331	9732_YPD	train
14332	9733_YPD	train
14333	9734_YPD	train
14334	9735_YPD	train
14335	9736_YPD	train
14336	9737_YPD	train
14337	9738_YPD	train
14338	9739_YPD	train
14339	9740_YPD	train
14340	9741_YPD	train
14341	9742_YPD	train
14342	9743_YPD	train
14343	9744_YPD	train
14344	9745_YPD	train
14345	9746_YPD	train
14346	9747_YPD	train
14347	9748_YPD	train
14348	9749_YPD	train
14349	9750_YPD	train
14350	9751_YPD	train
14351	9752_YPD	train
14352	9753_YPD	train
14353	9754_YPD	train
14354	9755_YPD	train
14355	9756_YPD	train
14356	9757_YPD	train
14357	9758_YPD	train
14358	9759_YPD	train
14359	9760_YPD	train
14360	9761_YPD	train
14361	9762_YPD	train
14362	9763_YPD	train
14363	9764_YPD	train
14364	9765_YPD	validation
14365	9766_YPD	train
14366	9767_YPD	train
14367	9768_YPD	train
14368	9769_YPD	train
14369	9770_YPD	train
14370	9771_YPD	train
14371	9772_YPD	train
14372	9773_YPD	train
14373	9774_YPD	train
14374	9775_YPD	train
14375	9776_YPD	validation
14376	9777_YPD	train
14377	9778_YPD	train
14378	9779_YPD	train
14379	9780_YPD	train
14380	9781_YPD	train
14381	9782_YPD	train
14382	9783_YPD	train
14383	9784_YPD	train
14384	9785_YPD	train
14385	9786_YPD	train
14386	9787_YPD	train
14387	9788_YPD	train
14388	9789_YPD	train
14389	9790_YPD	train
14390	9791_YPD	train
14391	9792_YPD	train
14392	9793_YPD	train
14393	9794_YPD	train
14394	9795_YPD	train
14395	9796_YPD	train
14396	9797_YPD	train
14397	9798_YPD	train
14398	9799_YPD	train
14399	9800_YPD	train
14400	9801_YPD	train
14401	9802_YPD	train
14402	9803_YPD	train
14403	9804_YPD	train
14404	9805_YPD	train
14405	9806_YPD	train
14406	9807_YPD	train
14407	9808_YPD	train
14408	9809_YPD	train
14409	9810_YPD	train
14410	9811_YPD	train
14411	9812_YPD	train
14412	9813_YPD	train
14413	9814_YPD	train
14414	9815_YPD	train
14415	9816_YPD	train
14416	9817_YPD	train
14417	9818_YPD	train
14418	9819_YPD	train
14419	9820_YPD	train
14420	9821_YPD	train
14421	9822_YPD	train
14422	9823_YPD	train
14423	9824_YPD	train
14424	9825_YPD	validation
14425	9826_YPD	train
14426	9827_YPD	train
14427	9828_YPD	train
14428	9829_YPD	train
14429	9830_YPD	train
14430	9831_YPD	train
14431	9832_YPD	train
14432	9833_YPD	train
14433	9834_YPD	train
14434	9835_YPD	validation
14435	9836_YPD	train
14436	9837_YPD	train
14437	9838_YPD	train
14438	9839_YPD	train
14439	9840_YPD	train
14440	9841_YPD	validation
14441	9842_YPD	train
14442	9843_YPD	train
14443	9844_YPD	train
14444	9845_YPD	train
14445	9846_YPD	train
14446	9847_YPD	train
14447	9848_YPD	train
14448	9849_YPD	train
14449	9850_YPD	train
14450	9851_YPD	train
14451	9852_YPD	train
14452	9853_YPD	validation
14453	9854_YPD	train
14454	9855_YPD	train
14455	9856_YPD	train
14456	9857_YPD	train
14457	9858_YPD	train
14458	9859_YPD	train
14459	9860_YPD	train
14460	9861_YPD	train
14461	9862_YPD	train
14462	9863_YPD	validation
14463	9864_YPD	train
14464	9865_YPD	train
14465	9866_YPD	train
14466	9867_YPD	train
14467	9868_YPD	train
14468	9869_YPD	validation
14469	9870_YPD	train
14470	9871_YPD	validation
14471	9872_YPD	train
14472	9873_YPD	train
14473	9874_YPD	train
14474	9875_YPD	train
14475	9876_YPD	validation
14476	9877_YPD	validation
14477	9878_YPD	train
14478	9879_YPD	train
14479	9880_YPD	train
14480	9881_YPD	train
14481	9882_YPD	train
14482	9883_YPD	train
14483	9884_YPD	train
14484	9885_YPD	train
14485	9886_YPD	train
14486	9887_YPD	train
14487	9888_YPD	validation
14488	9889_YPD	train
14489	9890_YPD	train
14490	9891_YPD	train
14491	9892_YPD	train
14492	9893_YPD	train
14493	9894_YPD	train
14494	9895_YPD	train
14495	9896_YPD	train
14496	9897_YPD	train
14497	9898_YPD	train
14498	9899_YPD	train
14499	9900_YPD	train
14500	9901_YPD	train
14501	9902_YPD	train
14502	9903_YPD	train
14503	9904_YPD	train
14504	9905_YPD	validation
14505	9906_YPD	validation
14506	9907_YPD	train
14507	9908_YPD	train
14508	9909_YPD	train
14509	9910_YPD	train
14510	9911_YPD	train
14511	9912_YPD	train
14512	9913_YPD	train
14513	9914_YPD	train
14514	9915_YPD	train
14515	9916_YPD	train
14516	9917_YPD	train
14517	9918_YPD	train
14518	9919_YPD	train
14519	9920_YPD	train
14520	9921_YPD	train
14521	9922_YPD	train
14522	9923_YPD	train
14523	9924_YPD	train
14524	9925_YPD	train
14525	9926_YPD	validation
14526	9927_YPD	train
14527	9928_YPD	train
14528	9929_YPD	train
14529	9930_YPD	train
14530	9931_YPD	train
14531	9932_YPD	train
14532	9933_YPD	train
14533	9934_YPD	train
14534	9935_YPD	train
14535	9936_YPD	train
14536	9937_YPD	train
14537	9938_YPD	train
14538	9939_YPD	train
14539	9940_YPD	train
14540	9941_YPD	train
14541	9942_YPD	train
14542	9943_YPD	train
14543	9944_YPD	train
14544	9945_YPD	train
14545	9946_YPD	train
14546	9947_YPD	train
14547	9948_YPD	train
14548	9949_YPD	train
14549	9950_YPD	validation
14550	9951_YPD	train
14551	9952_YPD	train
14552	9953_YPD	train
14553	9954_YPD	train
14554	9955_YPD	train
14555	9956_YPD	train
14556	9957_YPD	train
14557	9958_YPD	train
14558	9959_YPD	train
14559	9960_YPD	train
14560	9961_YPD	train
14561	9962_YPD	train
14562	9963_YPD	train
14563	9964_YPD	train
14564	9965_YPD	train
14565	9966_YPD	train
14566	9967_YPD	train
14567	9968_YPD	train
14568	9969_YPD	validation
14569	9970_YPD	train
14570	9971_YPD	train
14571	9972_YPD	train
14572	9973_YPD	train
14573	9974_YPD	train
14574	9975_YPD	train
14575	9976_YPD	train
14576	9977_YPD	train
14577	9978_YPD	train
14578	9979_YPD	train
14579	9980_YPD	train
14580	9981_YPD	train
14581	9982_YPD	train
14582	9983_YPD	train
14583	9984_YPD	train
14584	9985_YPD	train
14585	9986_YPD	train
14586	9987_YPD	train
14587	9988_YPD	train
14588	9989_YPD	train
14589	9990_YPD	train
14590	9991_YPD	train
14591	9992_YPD	train
14592	9993_YPD	train
14593	9994_YPD	train
14594	9995_YPD	train
14595	9996_YPD	train
14596	9997_YPD	train
14597	9998_YPD	train
14598	9999_YPD	train
14599	10000_YPD	train
14600	10001_YPD	train
14601	10002_YPD	train
14602	10003_YPD	train
14603	10004_YPD	validation
14604	10005_YPD	train
14605	10006_YPD	train
14606	10007_YPD	train
14607	10008_YPD	train
14608	10009_YPD	train
14609	10010_YPD	train
14610	10011_YPD	train
14611	10012_YPD	train
14612	10013_YPD	train
14613	10014_YPD	train
14614	10015_YPD	train
14615	10016_YPD	train
14616	10017_YPD	train
14617	10018_YPD	train
14618	10019_YPD	validation
14619	10020_YPD	train
14620	10021_YPD	train
14621	10022_YPD	train
14622	10023_YPD	train
14623	10024_YPD	train
14624	10025_YPD	train
14625	10026_YPD	train
14626	10027_YPD	train
14627	10028_YPD	train
14628	10029_YPD	train
14629	10030_YPD	train
14630	10031_YPD	train
14631	10032_YPD	train
14632	10033_YPD	train
14633	10034_YPD	train
14634	10035_YPD	train
14635	10036_YPD	validation
14636	10037_YPD	train
14637	10038_YPD	train
14638	10039_YPD	train
14639	10040_YPD	train
14640	10041_YPD	train
14641	10042_YPD	train
14642	10043_YPD	train
14643	10044_YPD	train
14644	10045_YPD	train
14645	10046_YPD	train
14646	10047_YPD	train
14647	10048_YPD	train
14648	10049_YPD	train
14649	10050_YPD	train
14650	10051_YPD	train
14651	10052_YPD	train
14652	10053_YPD	train
14653	10054_YPD	train
14654	10055_YPD	train
14655	10056_YPD	train
14656	10057_YPD	train
14657	10058_YPD	train
14658	10059_YPD	train
14659	10060_YPD	train
14660	10061_YPD	train
14661	10062_YPD	validation
14662	10063_YPD	train
14663	10064_YPD	train
14664	10065_YPD	train
14665	10066_YPD	train
14666	10067_YPD	train
14667	10068_YPD	train
14668	10069_YPD	train
14669	10070_YPD	train
14670	10071_YPD	train
14671	10072_YPD	train
14672	10073_YPD	train
14673	10074_YPD	train
14674	10075_YPD	train
14675	10076_YPD	train
14676	10077_YPD	train
14677	10078_YPD	train
14678	10079_YPD	train
14679	10080_YPD	train
14680	10081_YPD	train
14681	10082_YPD	train
14682	10083_YPD	train
14683	10084_YPD	train
14684	10085_YPD	train
14685	10086_YPD	train
14686	10087_YPD	train
14687	10088_YPD	validation
14688	10089_YPD	train
14689	10090_YPD	train
14690	10091_YPD	train
14691	10092_YPD	train
14692	10093_YPD	train
14693	10094_YPD	train
14694	10095_YPD	train
14695	10096_YPD	train
14696	10097_YPD	train
14697	10098_YPD	train
14698	10099_YPD	train
14699	10100_YPD	train
14700	10101_YPD	train
14701	10102_YPD	train
14702	10103_YPD	train
14703	10104_YPD	train
14704	10105_YPD	train
14705	10106_YPD	train
14706	10107_YPD	train
14707	10108_YPD	train
14708	10109_YPD	validation
14709	10110_YPD	train
14710	10111_YPD	train
14711	10112_YPD	train
14712	10113_YPD	train
14713	10114_YPD	train
14714	10115_YPD	train
14715	10116_YPD	train
14716	10117_YPD	train
14717	10118_YPD	train
14718	10119_YPD	train
14719	10120_YPD	train
14720	10121_YPD	train
14721	10122_YPD	train
14722	10123_YPD	train
14723	10124_YPD	train
14724	10125_YPD	train
14725	10126_YPD	train
14726	10127_YPD	train
14727	10128_YPD	train
14728	10129_YPD	train
14729	10130_YPD	train
14730	10131_YPD	train
14731	10132_YPD	train
14732	10133_YPD	train
14733	10134_YPD	train
14734	10135_YPD	train
14735	10136_YPD	train
14736	10137_YPD	train
14737	10138_YPD	train
14738	10139_YPD	train
14739	10140_YPD	train
14740	10141_YPD	train
14741	10142_YPD	train
14742	10143_YPD	train
14743	10144_YPD	train
14744	10145_YPD	train
14745	10146_YPD	train
14746	10147_YPD	train
14747	10148_YPD	train
14748	10149_YPD	train
14749	10150_YPD	train
14750	10151_YPD	train
14751	10152_YPD	train
14752	10153_YPD	train
14753	10154_YPD	train
14754	10155_YPD	train
14755	10156_YPD	validation
14756	10157_YPD	train
14757	10158_YPD	train
14758	10159_YPD	train
14759	10160_YPD	train
14760	10161_YPD	train
14761	10162_YPD	train
14762	10163_YPD	train
14763	10164_YPD	train
14764	10165_YPD	train
14765	10166_YPD	train
14766	10167_YPD	train
14767	10168_YPD	train
14768	10169_YPD	train
14769	10170_YPD	train
14770	10171_YPD	validation
14771	10172_YPD	train
14772	10173_YPD	train
14773	10174_YPD	train
14774	10175_YPD	train
14775	10176_YPD	train
14776	10177_YPD	validation
14777	10178_YPD	train
14778	10179_YPD	train
14779	10180_YPD	validation
14780	10181_YPD	train
14781	10182_YPD	train
14782	10183_YPD	train
14783	10184_YPD	train
14784	10185_YPD	train
14785	10186_YPD	train
14786	10187_YPD	validation
14787	10188_YPD	train
14788	10189_YPD	train
14789	10190_YPD	train
14790	10191_YPD	train
14791	10192_YPD	train
14792	10193_YPD	train
14793	10194_YPD	train
14794	10195_YPD	train
14795	10196_YPD	train
14796	10197_YPD	train
14797	10198_YPD	train
14798	10199_YPD	train
14799	10200_YPD	train
14800	10201_YPD	train
14801	10202_YPD	train
14802	10203_YPD	train
14803	10204_YPD	train
14804	10205_YPD	train
14805	10206_YPD	train
14806	10207_YPD	train
14807	10208_YPD	train
14808	10209_YPD	train
14809	10210_YPD	train
14810	10211_YPD	train
14811	10212_YPD	train
14812	10213_YPD	train
14813	10214_YPD	train
14814	10215_YPD	train
14815	10216_YPD	train
14816	10217_YPD	train
14817	10218_YPD	train
14818	10219_YPD	train
14819	10220_YPD	train
14820	10221_YPD	train
14821	10222_YPD	train
14822	10223_YPD	train
14823	10224_YPD	train
14824	10225_YPD	train
14825	10226_YPD	train
14826	10227_YPD	train
14827	10228_YPD	train
14828	10229_YPD	train
14829	10230_YPD	train
14830	10231_YPD	validation
14831	10232_YPD	train
14832	10233_YPD	train
14833	10234_YPD	train
14834	10235_YPD	train
14835	10236_YPD	train
14836	10237_YPD	train
14837	10238_YPD	train
14838	10239_YPD	train
14839	10240_YPD	train
14840	10241_YPD	train
14841	10242_YPD	train
14842	10243_YPD	train
14843	10244_YPD	train
14844	10245_YPD	train
14845	10246_YPD	train
14846	10247_YPD	train
14847	10248_YPD	train
14848	10249_YPD	train
14849	10250_YPD	train
14850	10251_YPD	train
14851	10252_YPD	train
14852	10253_YPD	train
14853	10254_YPD	train
14854	10255_YPD	train
14855	10256_YPD	train
14856	10257_YPD	train
14857	10258_YPD	train
14858	10259_YPD	train
14859	10260_YPD	train
14860	10261_YPD	train
14861	10262_YPD	train
14862	10263_YPD	train
14863	10264_YPD	train
14864	10265_YPD	train
14865	10266_YPD	train
14866	10267_YPD	train
14867	10268_YPD	train
14868	10269_YPD	train
14869	10270_YPD	train
14870	10271_YPD	train
14871	10272_YPD	train
14872	10273_YPD	train
14873	10274_YPD	train
14874	10275_YPD	train
14875	10276_YPD	train
14876	10277_YPD	train
14877	10278_YPD	train
14878	10279_YPD	train
14879	10280_YPD	train
14880	10281_YPD	train
14881	10282_YPD	train
14882	10283_YPD	train
14883	10284_YPD	train
14884	10285_YPD	train
14885	10286_YPD	train
14886	10287_YPD	train
14887	10288_YPD	train
14888	10289_YPD	train
14889	10290_YPD	train
14890	10291_YPD	train
14891	10292_YPD	train
14892	10293_YPD	train
14893	10294_YPD	train
14894	10295_YPD	train
14895	10296_YPD	validation
14896	10297_YPD	train
14897	10298_YPD	train
14898	10299_YPD	train
14899	10300_YPD	train
14900	10301_YPD	train
14901	10302_YPD	train
14902	10303_YPD	train
14903	10304_YPD	train
14904	10305_YPD	train
14905	10306_YPD	train
14906	10307_YPD	train
14907	10308_YPD	train
14908	10309_YPD	train
14909	10310_YPD	train
14910	10311_YPD	train
14911	10312_YPD	train
14912	10313_YPD	train
14913	10314_YPD	train
14914	10315_YPD	train
14915	10316_YPD	train
14916	10317_YPD	train
14917	10318_YPD	train
14918	10319_YPD	train
14919	10320_YPD	train
14920	10321_YPD	train
14921	10322_YPD	train
14922	10323_YPD	train
14923	10324_YPD	train
14924	10325_YPD	train
14925	10326_YPD	train
14926	10327_YPD	train
14927	10328_YPD	train
14928	10329_YPD	train
14929	10330_YPD	train
14930	10331_YPD	train
14931	10332_YPD	train
14932	10333_YPD	train
14933	10334_YPD	train
14934	10335_YPD	train
14935	10336_YPD	train
14936	10337_YPD	train
14937	10338_YPD	train
14938	10339_YPD	train
14939	10340_YPD	train
14940	10341_YPD	train
14941	10342_YPD	train
14942	10343_YPD	train
14943	10344_YPD	train
14944	10345_YPD	train
14945	10346_YPD	train
14946	10347_YPD	train
14947	10348_YPD	train
14948	10349_YPD	train
14949	10350_YPD	train
14950	10351_YPD	train
14951	10352_YPD	train
14952	10353_YPD	train
14953	10354_YPD	validation
14954	10355_YPD	train
14955	10356_YPD	train
14956	10357_YPD	train
14957	10358_YPD	train
14958	10359_YPD	train
14959	10360_YPD	validation
14960	10361_YPD	train
14961	10362_YPD	train
14962	10363_YPD	train
14963	10364_YPD	train
14964	10365_YPD	train
14965	10366_YPD	train
14966	10367_YPD	train
14967	10368_YPD	train
14968	10369_YPD	train
14969	10370_YPD	train
14970	10371_YPD	train
14971	10372_YPD	train
14972	10373_YPD	train
14973	10374_YPD	train
14974	10375_YPD	train
14975	10376_YPD	train
14976	10377_YPD	validation
14977	10378_YPD	train
14978	10379_YPD	train
14979	10380_YPD	train
14980	10381_YPD	train
14981	10382_YPD	train
14982	10383_YPD	train
14983	10384_YPD	train
14984	10385_YPD	train
14985	10386_YPD	train
14986	10387_YPD	train
14987	10388_YPD	train
14988	10389_YPD	train
14989	10390_YPD	validation
14990	10391_YPD	train
14991	10392_YPD	train
14992	10393_YPD	train
14993	10394_YPD	train
14994	10395_YPD	train
14995	10396_YPD	train
14996	10397_YPD	train
14997	10398_YPD	train
14998	10399_YPD	train
14999	10400_YPD	train
15000	10401_YPD	train
15001	10402_YPD	train
15002	10403_YPD	train
15003	10404_YPD	train
15004	10405_YPD	train
15005	10406_YPD	train
15006	10407_YPD	train
15007	10408_YPD	train
15008	10409_YPD	train
15009	10410_YPD	train
15010	10411_YPD	validation
15011	10412_YPD	train
15012	10413_YPD	train
15013	10414_YPD	train
15014	10415_YPD	train
15015	10416_YPD	train
15016	10417_YPD	train
15017	10418_YPD	train
15018	10419_YPD	train
15019	10420_YPD	train
15020	10421_YPD	train
15021	10422_YPD	train
15022	10423_YPD	train
15023	10424_YPD	train
15024	10425_YPD	validation
15025	10426_YPD	train
15026	10427_YPD	train
15027	10428_YPD	train
15028	10429_YPD	train
15029	10430_YPD	train
15030	10431_YPD	train
15031	10432_YPD	train
15032	10433_YPD	train
15033	10434_YPD	validation
15034	10435_YPD	train
15035	10436_YPD	train
15036	10437_YPD	train
15037	10438_YPD	train
15038	10439_YPD	train
15039	10440_YPD	train
15040	10441_YPD	train
15041	10442_YPD	train
15042	10443_YPD	train
15043	10444_YPD	train
15044	10445_YPD	train
15045	10446_YPD	train
15046	10447_YPD	train
15047	10448_YPD	train
15048	10449_YPD	validation
15049	10450_YPD	train
15050	10451_YPD	validation
15051	10452_YPD	train
15052	10453_YPD	train
15053	10454_YPD	train
15054	10455_YPD	train
15055	10456_YPD	train
15056	10457_YPD	train
15057	10458_YPD	train
15058	10459_YPD	train
15059	10460_YPD	train
15060	10461_YPD	train
15061	10462_YPD	train
15062	10463_YPD	train
15063	10464_YPD	train
15064	10465_YPD	train
15065	10466_YPD	train
15066	10467_YPD	train
15067	10468_YPD	train
15068	10469_YPD	train
15069	10470_YPD	validation
15070	10471_YPD	train
15071	10472_YPD	train
15072	10473_YPD	train
15073	10474_YPD	train
15074	10475_YPD	train
15075	10476_YPD	train
15076	10477_YPD	train
15077	10478_YPD	train
15078	10479_YPD	train
15079	10480_YPD	train
15080	10481_YPD	train
15081	10482_YPD	train
15082	10483_YPD	train
15083	10484_YPD	train
15084	10485_YPD	validation
15085	10486_YPD	train
15086	10487_YPD	train
15087	10488_YPD	train
15088	10489_YPD	train
15089	10490_YPD	train
15090	10491_YPD	train
15091	10492_YPD	train
15092	10493_YPD	train
15093	10494_YPD	train
15094	10495_YPD	train
15095	10496_YPD	train
15096	10497_YPD	train
15097	10498_YPD	train
15098	10499_YPD	train
15099	10500_YPD	train
15100	10501_YPD	train
15101	10502_YPD	train
15102	10503_YPD	train
15103	10504_YPD	train
15104	10505_YPD	train
15105	10506_YPD	train
15106	10507_YPD	validation
15107	10508_YPD	train
15108	10509_YPD	train
15109	10510_YPD	train
15110	10511_YPD	train
15111	10512_YPD	train
15112	10513_YPD	train
15113	10514_YPD	train
15114	10515_YPD	train
15115	10516_YPD	train
15116	10517_YPD	train
15117	10518_YPD	train
15118	10519_YPD	train
15119	10520_YPD	validation
15120	10521_YPD	train
15121	10522_YPD	train
15122	10523_YPD	train
15123	10524_YPD	train
15124	10525_YPD	train
15125	10526_YPD	train
15126	10527_YPD	train
15127	10528_YPD	train
15128	10529_YPD	train
15129	10530_YPD	train
15130	10531_YPD	train
15131	10532_YPD	validation
15132	10533_YPD	train
15133	10534_YPD	train
15134	10535_YPD	train
15135	10536_YPD	train
15136	10537_YPD	train
15137	10538_YPD	train
15138	10539_YPD	train
15139	10540_YPD	train
15140	10541_YPD	train
15141	10542_YPD	train
15142	10543_YPD	train
15143	10544_YPD	train
15144	10545_YPD	train
15145	10546_YPD	train
15146	10547_YPD	train
15147	10548_YPD	validation
15148	10549_YPD	train
15149	10550_YPD	train
15150	10551_YPD	train
15151	10552_YPD	train
15152	10553_YPD	train
15153	10554_YPD	train
15154	10555_YPD	train
15155	10556_YPD	train
15156	10557_YPD	train
15157	10558_YPD	validation
15158	10559_YPD	train
15159	10560_YPD	train
15160	10561_YPD	train
15161	10562_YPD	train
15162	10563_YPD	train
15163	10564_YPD	train
15164	10565_YPD	train
15165	10566_YPD	train
15166	10567_YPD	train
15167	10568_YPD	train
15168	10569_YPD	train
15169	10570_YPD	train
15170	10571_YPD	train
15171	10572_YPD	train
15172	10573_YPD	train
15173	10574_YPD	train
15174	10575_YPD	train
15175	10576_YPD	train
15176	10577_YPD	validation
15177	10578_YPD	train
15178	10579_YPD	train
15179	10580_YPD	train
15180	10581_YPD	train
15181	10582_YPD	train
15182	10583_YPD	train
15183	10584_YPD	train
15184	10585_YPD	train
15185	10586_YPD	train
15186	10587_YPD	train
15187	10588_YPD	train
15188	10589_YPD	validation
15189	10590_YPD	train
15190	10591_YPD	train
15191	10592_YPD	train
15192	10593_YPD	train
15193	10594_YPD	train
15194	10595_YPD	train
15195	10596_YPD	train
15196	10597_YPD	train
15197	10598_YPD	train
15198	10599_YPD	train
15199	10600_YPD	train
15200	10601_YPD	train
15201	10602_YPD	train
15202	10603_YPD	train
15203	10604_YPD	train
15204	10605_YPD	train
15205	10606_YPD	train
15206	10607_YPD	train
15207	10608_YPD	train
15208	10609_YPD	train
15209	10610_YPD	train
15210	10611_YPD	validation
15211	10612_YPD	train
15212	10613_YPD	train
15213	10614_YPD	train
15214	10615_YPD	train
15215	10616_YPD	train
15216	10617_YPD	train
15217	10618_YPD	train
15218	10619_YPD	train
15219	10620_YPD	validation
15220	10621_YPD	validation
15221	10622_YPD	train
15222	10623_YPD	train
15223	10624_YPD	train
15224	10625_YPD	train
15225	10626_YPD	train
15226	10627_YPD	train
15227	10628_YPD	train
15228	10629_YPD	train
15229	10630_YPD	train
15230	10631_YPD	train
15231	10632_YPD	train
15232	10633_YPD	train
15233	10634_YPD	validation
15234	10635_YPD	train
15235	10636_YPD	train
15236	10637_YPD	train
15237	10638_YPD	train
15238	10639_YPD	train
15239	10640_YPD	train
15240	10641_YPD	train
15241	10642_YPD	train
15242	10643_YPD	train
15243	10644_YPD	train
15244	10645_YPD	validation
15245	10646_YPD	train
15246	10647_YPD	train
15247	10648_YPD	train
15248	10649_YPD	train
15249	10650_YPD	train
15250	10651_YPD	train
15251	10652_YPD	train
15252	10653_YPD	train
15253	10654_YPD	train
15254	10655_YPD	train
15255	10656_YPD	train
15256	10657_YPD	train
15257	10658_YPD	train
15258	10659_YPD	train
15259	10660_YPD	train
15260	10661_YPD	train
15261	10662_YPD	train
15262	10663_YPD	train
15263	10664_YPD	train
15264	10665_YPD	train
15265	10666_YPD	train
15266	10667_YPD	train
15267	10668_YPD	train
15268	10669_YPD	train
15269	10670_YPD	train
15270	10671_YPD	validation
15271	10672_YPD	train
15272	10673_YPD	train
15273	10674_YPD	train
15274	10675_YPD	train
15275	10676_YPD	train
15276	10677_YPD	train
15277	10678_YPD	train
15278	10679_YPD	train
15279	10680_YPD	train
15280	10681_YPD	train
15281	10682_YPD	train
15282	10683_YPD	train
15283	10684_YPD	train
15284	10685_YPD	train
15285	10686_YPD	train
15286	10687_YPD	train
15287	10688_YPD	train
15288	10689_YPD	train
15289	10690_YPD	train
15290	10691_YPD	train
15291	10692_YPD	train
15292	10693_YPD	train
15293	10694_YPD	train
15294	10695_YPD	train
15295	10696_YPD	train
15296	10697_YPD	train
15297	10698_YPD	train
15298	10699_YPD	validation
15299	10700_YPD	train
15300	10701_YPD	train
15301	10702_YPD	train
15302	10703_YPD	train
15303	10704_YPD	train
15304	10705_YPD	train
15305	10706_YPD	train
15306	10707_YPD	train
15307	10708_YPD	train
15308	10709_YPD	train
15309	10710_YPD	train
15310	10711_YPD	train
15311	10712_YPD	train
15312	10713_YPD	train
15313	10714_YPD	train
15314	10715_YPD	train
15315	10716_YPD	train
15316	10717_YPD	train
15317	10718_YPD	train
15318	10719_YPD	train
15319	10720_YPD	train
15320	10721_YPD	train
15321	10722_YPD	validation
15322	10723_YPD	train
15323	10724_YPD	train
15324	10725_YPD	train
15325	10726_YPD	train
15326	10727_YPD	train
15327	10728_YPD	train
15328	10729_YPD	train
15329	10730_YPD	train
15330	10731_YPD	train
15331	10732_YPD	train
15332	10733_YPD	train
15333	10734_YPD	train
15334	10735_YPD	train
15335	10736_YPD	train
15336	10737_YPD	train
15337	10738_YPD	train
15338	10739_YPD	train
15339	10740_YPD	train
15340	10741_YPD	train
15341	10742_YPD	train
15342	10743_YPD	train
15343	10744_YPD	train
15344	10745_YPD	train
15345	10746_YPD	train
15346	10747_YPD	train
15347	10748_YPD	train
15348	10749_YPD	train
15349	10750_YPD	train
15350	10751_YPD	train
15351	10752_YPD	train
15352	10753_YPD	train
15353	10754_YPD	train
15354	10755_YPD	train
15355	10756_YPD	train
15356	10757_YPD	train
15357	10758_YPD	train
15358	10759_YPD	train
15359	10760_YPD	train
15360	10761_YPD	train
15361	10762_YPD	train
15362	10763_YPD	train
15363	10764_YPD	train
15364	10765_YPD	train
15365	10766_YPD	train
15366	10767_YPD	train
15367	10768_YPD	train
15368	10769_YPD	train
15369	10770_YPD	train
15370	10771_YPD	train
15371	10772_YPD	train
15372	10773_YPD	train
15373	10774_YPD	train
15374	10775_YPD	train
15375	10776_YPD	train
15376	10777_YPD	train
15377	10778_YPD	validation
15378	10779_YPD	train
15379	10780_YPD	train
15380	10781_YPD	train
15381	10782_YPD	train
15382	10783_YPD	train
15383	10784_YPD	validation
15384	10785_YPD	train
15385	10786_YPD	train
15386	10787_YPD	train
15387	10788_YPD	train
15388	10789_YPD	validation
15389	10790_YPD	train
15390	10791_YPD	train
15391	10792_YPD	train
15392	10793_YPD	train
15393	10794_YPD	train
15394	10795_YPD	train
15395	10796_YPD	train
15396	10797_YPD	train
15397	10798_YPD	train
15398	10799_YPD	train
15399	10800_YPD	train
15400	10801_YPD	train
15401	10802_YPD	train
15402	10803_YPD	train
15403	10804_YPD	train
15404	10805_YPD	train
15405	10806_YPD	train
15406	10807_YPD	train
15407	10808_YPD	train
15408	10809_YPD	train
15409	10810_YPD	train
15410	10811_YPD	train
15411	10812_YPD	train
15412	10813_YPD	train
15413	10814_YPD	train
15414	10815_YPD	train
15415	10816_YPD	train
15416	10817_YPD	train
15417	10818_YPD	train
15418	10819_YPD	train
15419	10820_YPD	train
15420	10821_YPD	train
15421	10822_YPD	train
15422	10823_YPD	train
15423	10824_YPD	train
15424	10825_YPD	train
15425	10826_YPD	train
15426	10827_YPD	train
15427	10828_YPD	train
15428	10829_YPD	train
15429	10830_YPD	train
15430	10831_YPD	train
15431	10832_YPD	train
15432	10833_YPD	train
15433	10834_YPD	train
15434	10835_YPD	train
15435	10836_YPD	train
15436	10837_YPD	train
15437	10838_YPD	train
15438	10839_YPD	train
15439	10840_YPD	train
15440	10841_YPD	train
15441	10842_YPD	train
15442	10843_YPD	train
15443	10844_YPD	train
15444	10845_YPD	train
15445	10846_YPD	train
15446	10847_YPD	train
15447	10848_YPD	train
15448	10849_YPD	train
15449	10850_YPD	train
15450	10851_YPD	train
15451	10852_YPD	train
15452	10853_YPD	train
15453	10854_YPD	train
15454	10855_YPD	train
15455	10856_YPD	train
15456	10857_YPD	train
15457	10858_YPD	train
15458	10859_YPD	train
15459	10860_YPD	train
15460	10861_YPD	train
15461	10862_YPD	train
15462	10863_YPD	train
15463	10864_YPD	train
15464	10865_YPD	train
15465	10866_YPD	train
15466	10867_YPD	train
15467	10868_YPD	train
15468	10869_YPD	train
15469	10870_YPD	train
15470	10871_YPD	train
15471	10872_YPD	train
15472	10873_YPD	train
15473	10874_YPD	train
15474	10875_YPD	train
15475	10876_YPD	train
15476	10877_YPD	train
15477	10878_YPD	train
15478	10879_YPD	train
15479	10880_YPD	train
15480	10881_YPD	train
15481	10882_YPD	train
15482	10883_YPD	train
15483	10884_YPD	train
15484	10885_YPD	train
15485	10886_YPD	train
15486	10887_YPD	train
15487	10888_YPD	train
15488	10889_YPD	train
15489	10890_YPD	train
15490	10891_YPD	train
15491	10892_YPD	train
15492	10893_YPD	train
15493	10894_YPD	train
15494	10895_YPD	train
15495	10896_YPD	train
15496	10897_YPD	train
15497	10898_YPD	train
15498	10899_YPD	train
15499	10900_YPD	train
15500	10901_YPD	train
15501	10902_YPD	train
15502	10903_YPD	train
15503	10904_YPD	train
15504	10905_YPD	train
15505	10906_YPD	train
15506	10907_YPD	train
15507	10908_YPD	train
15508	10909_YPD	train
15509	10910_YPD	train
15510	10911_YPD	train
15511	10912_YPD	train
15512	10913_YPD	train
15513	10914_YPD	train
15514	10915_YPD	train
15515	10916_YPD	train
15516	10917_YPD	train
15517	10918_YPD	train
15518	10919_YPD	validation
15519	10920_YPD	train
15520	10921_YPD	train
15521	10922_YPD	train
15522	10923_YPD	train
15523	10924_YPD	train
15524	10925_YPD	train
15525	10926_YPD	train
15526	10927_YPD	train
15527	10928_YPD	train
15528	10929_YPD	train
15529	10930_YPD	train
15530	10931_YPD	train
15531	10932_YPD	train
15532	10933_YPD	train
15533	10934_YPD	train
15534	10935_YPD	train
15535	10936_YPD	train
15536	10937_YPD	train
15537	10938_YPD	train
15538	10939_YPD	train
15539	10940_YPD	train
15540	10941_YPD	train
15541	10942_YPD	train
15542	10943_YPD	train
15543	10944_YPD	train
15544	10945_YPD	train
15545	10946_YPD	train
15546	10947_YPD	train
15547	10948_YPD	validation
15548	10949_YPD	train
15549	10950_YPD	train
15550	10951_YPD	train
15551	10952_YPD	train
15552	10953_YPD	train
15553	10954_YPD	train
15554	10955_YPD	train
15555	10956_YPD	train
15556	10957_YPD	train
15557	10958_YPD	validation
15558	10959_YPD	validation
15559	10960_YPD	train
15560	10961_YPD	train
15561	10962_YPD	train
15562	10963_YPD	train
15563	10964_YPD	train
15564	10965_YPD	train
15565	10966_YPD	train
15566	10967_YPD	train
15567	10968_YPD	train
15568	10969_YPD	train
15569	10970_YPD	train
15570	10971_YPD	train
15571	10972_YPD	train
15572	10973_YPD	train
15573	10974_YPD	train
15574	10975_YPD	train
15575	10976_YPD	train
15576	10977_YPD	train
15577	10978_YPD	train
15578	10979_YPD	train
15579	10980_YPD	train
15580	10981_YPD	train
15581	10982_YPD	train
15582	10983_YPD	train
15583	10984_YPD	train
15584	10985_YPD	train
15585	10986_YPD	train
15586	10987_YPD	train
15587	10988_YPD	train
15588	10989_YPD	train
15589	10990_YPD	train
15590	10991_YPD	train
15591	10992_YPD	train
15592	10993_YPD	train
15593	10994_YPD	train
15594	10995_YPD	train
15595	10996_YPD	train
15596	10997_YPD	train
15597	10998_YPD	train
15598	10999_YPD	train
15599	11000_YPD	train
15600	11001_YPD	train
15601	11002_YPD	train
15602	11003_YPD	train
15603	11004_YPD	train
15604	11005_YPD	train
15605	11006_YPD	train
15606	11007_YPD	train
15607	11008_YPD	train
15608	11009_YPD	train
15609	11010_YPD	train
15610	11011_YPD	train
15611	11012_YPD	train
15612	11013_YPD	train
15613	11014_YPD	train
15614	11015_YPD	train
15615	11016_YPD	train
15616	11017_YPD	train
15617	11018_YPD	train
15618	11019_YPD	validation
15619	11020_YPD	train
15620	11021_YPD	train
15621	11022_YPD	train
15622	11023_YPD	train
15623	11024_YPD	train
15624	11025_YPD	train
15625	11026_YPD	train
15626	11027_YPD	train
15627	11028_YPD	train
15628	11029_YPD	train
15629	11030_YPD	train
15630	11031_YPD	train
15631	11032_YPD	train
15632	11033_YPD	train
15633	11034_YPD	train
15634	11035_YPD	train
15635	11036_YPD	train
15636	11037_YPD	train
15637	1_YPDRapa	train
15638	2_YPDRapa	train
15639	3_YPDRapa	train
15640	4_YPDRapa	train
15641	5_YPDRapa	train
15642	6_YPDRapa	train
15643	7_YPDRapa	train
15644	8_YPDRapa	train
15645	9_YPDRapa	train
15646	10_YPDRapa	train
15647	11_YPDRapa	train
15648	12_YPDRapa	train
15649	13_YPDRapa	train
15650	14_YPDRapa	train
15651	15_YPDRapa	train
15652	16_YPDRapa	train
15653	17_YPDRapa	train
15654	18_YPDRapa	train
15655	19_YPDRapa	train
15656	20_YPDRapa	train
15657	21_YPDRapa	train
15658	22_YPDRapa	train
15659	23_YPDRapa	train
15660	24_YPDRapa	train
15661	25_YPDRapa	train
15662	26_YPDRapa	train
15663	27_YPDRapa	train
15664	28_YPDRapa	validation
15665	29_YPDRapa	train
15666	30_YPDRapa	train
15667	31_YPDRapa	train
15668	32_YPDRapa	train
15669	33_YPDRapa	train
15670	34_YPDRapa	train
15671	35_YPDRapa	train
15672	36_YPDRapa	train
15673	37_YPDRapa	train
15674	38_YPDRapa	train
15675	39_YPDRapa	train
15676	40_YPDRapa	train
15677	41_YPDRapa	train
15678	42_YPDRapa	train
15679	43_YPDRapa	train
15680	44_YPDRapa	train
15681	45_YPDRapa	train
15682	46_YPDRapa	train
15683	47_YPDRapa	train
15684	48_YPDRapa	train
15685	49_YPDRapa	train
15686	50_YPDRapa	train
15687	51_YPDRapa	train
15688	52_YPDRapa	train
15689	53_YPDRapa	train
15690	54_YPDRapa	train
15691	55_YPDRapa	train
15692	56_YPDRapa	train
15693	57_YPDRapa	train
15694	58_YPDRapa	train
15695	59_YPDRapa	train
15696	60_YPDRapa	train
15697	61_YPDRapa	train
15698	62_YPDRapa	train
15699	63_YPDRapa	train
15700	64_YPDRapa	train
15701	65_YPDRapa	train
15702	66_YPDRapa	train
15703	67_YPDRapa	train
15704	68_YPDRapa	train
15705	69_YPDRapa	train
15706	70_YPDRapa	train
15707	71_YPDRapa	train
15708	72_YPDRapa	train
15709	73_YPDRapa	train
15710	74_YPDRapa	train
15711	75_YPDRapa	train
15712	76_YPDRapa	train
15713	77_YPDRapa	train
15714	78_YPDRapa	train
15715	79_YPDRapa	train
15716	80_YPDRapa	train
15717	81_YPDRapa	train
15718	82_YPDRapa	train
15719	83_YPDRapa	train
15720	84_YPDRapa	train
15721	85_YPDRapa	train
15722	86_YPDRapa	train
15723	87_YPDRapa	train
15724	88_YPDRapa	validation
15725	89_YPDRapa	train
15726	90_YPDRapa	train
15727	91_YPDRapa	train
15728	92_YPDRapa	train
15729	93_YPDRapa	train
15730	94_YPDRapa	train
15731	95_YPDRapa	train
15732	96_YPDRapa	train
15733	97_YPDRapa	train
15734	98_YPDRapa	train
15735	99_YPDRapa	train
15736	100_YPDRapa	train
15737	101_YPDRapa	train
15738	102_YPDRapa	train
15739	103_YPDRapa	train
15740	104_YPDRapa	train
15741	105_YPDRapa	train
15742	106_YPDRapa	train
15743	107_YPDRapa	train
15744	108_YPDRapa	validation
15745	109_YPDRapa	train
15746	110_YPDRapa	train
15747	111_YPDRapa	train
15748	112_YPDRapa	train
15749	113_YPDRapa	train
15750	114_YPDRapa	train
15751	115_YPDRapa	train
15752	116_YPDRapa	train
15753	117_YPDRapa	train
15754	118_YPDRapa	train
15755	119_YPDRapa	train
15756	120_YPDRapa	train
15757	121_YPDRapa	train
15758	122_YPDRapa	train
15759	123_YPDRapa	train
15760	124_YPDRapa	train
15761	125_YPDRapa	train
15762	126_YPDRapa	validation
15763	127_YPDRapa	validation
15764	128_YPDRapa	train
15765	129_YPDRapa	train
15766	130_YPDRapa	train
15767	131_YPDRapa	train
15768	132_YPDRapa	train
15769	133_YPDRapa	train
15770	134_YPDRapa	train
15771	135_YPDRapa	train
15772	136_YPDRapa	train
15773	137_YPDRapa	train
15774	138_YPDRapa	train
15775	139_YPDRapa	train
15776	140_YPDRapa	train
15777	141_YPDRapa	train
15778	142_YPDRapa	train
15779	143_YPDRapa	train
15780	144_YPDRapa	train
15781	145_YPDRapa	train
15782	146_YPDRapa	train
15783	147_YPDRapa	train
15784	148_YPDRapa	train
15785	149_YPDRapa	train
15786	150_YPDRapa	train
15787	151_YPDRapa	train
15788	152_YPDRapa	train
15789	153_YPDRapa	train
15790	154_YPDRapa	train
15791	155_YPDRapa	train
15792	156_YPDRapa	train
15793	157_YPDRapa	train
15794	158_YPDRapa	train
15795	159_YPDRapa	train
15796	160_YPDRapa	train
15797	161_YPDRapa	train
15798	162_YPDRapa	train
15799	163_YPDRapa	train
15800	164_YPDRapa	train
15801	165_YPDRapa	train
15802	166_YPDRapa	train
15803	167_YPDRapa	train
15804	168_YPDRapa	train
15805	169_YPDRapa	train
15806	170_YPDRapa	train
15807	171_YPDRapa	train
15808	172_YPDRapa	train
15809	173_YPDRapa	train
15810	174_YPDRapa	train
15811	175_YPDRapa	train
15812	176_YPDRapa	train
15813	177_YPDRapa	train
15814	178_YPDRapa	train
15815	179_YPDRapa	train
15816	180_YPDRapa	train
15817	181_YPDRapa	train
15818	182_YPDRapa	train
15819	183_YPDRapa	train
15820	184_YPDRapa	train
15821	185_YPDRapa	train
15822	186_YPDRapa	train
15823	187_YPDRapa	train
15824	188_YPDRapa	train
15825	189_YPDRapa	train
15826	190_YPDRapa	train
15827	191_YPDRapa	train
15828	192_YPDRapa	train
15829	193_YPDRapa	train
15830	194_YPDRapa	validation
15831	195_YPDRapa	train
15832	196_YPDRapa	train
15833	197_YPDRapa	train
15834	198_YPDRapa	train
15835	199_YPDRapa	train
15836	200_YPDRapa	train
15837	201_YPDRapa	train
15838	202_YPDRapa	train
15839	203_YPDRapa	train
15840	204_YPDRapa	train
15841	205_YPDRapa	train
15842	206_YPDRapa	train
15843	207_YPDRapa	train
15844	208_YPDRapa	train
15845	209_YPDRapa	train
15846	210_YPDRapa	train
15847	211_YPDRapa	train
15848	212_YPDRapa	train
15849	213_YPDRapa	train
15850	214_YPDRapa	train
15851	215_YPDRapa	train
15852	216_YPDRapa	train
15853	217_YPDRapa	train
15854	218_YPDRapa	train
15855	219_YPDRapa	train
15856	220_YPDRapa	validation
15857	221_YPDRapa	train
15858	222_YPDRapa	train
15859	223_YPDRapa	train
15860	224_YPDRapa	train
15861	225_YPDRapa	train
15862	226_YPDRapa	train
15863	227_YPDRapa	train
15864	228_YPDRapa	train
15865	229_YPDRapa	train
15866	230_YPDRapa	train
15867	231_YPDRapa	train
15868	232_YPDRapa	train
15869	233_YPDRapa	train
15870	234_YPDRapa	train
15871	235_YPDRapa	train
15872	236_YPDRapa	train
15873	237_YPDRapa	train
15874	238_YPDRapa	train
15875	239_YPDRapa	train
15876	240_YPDRapa	train
15877	241_YPDRapa	train
15878	242_YPDRapa	train
15879	243_YPDRapa	train
15880	244_YPDRapa	train
15881	245_YPDRapa	train
15882	246_YPDRapa	train
15883	247_YPDRapa	train
15884	248_YPDRapa	train
15885	249_YPDRapa	train
15886	250_YPDRapa	train
15887	251_YPDRapa	train
15888	252_YPDRapa	train
15889	253_YPDRapa	train
15890	254_YPDRapa	train
15891	255_YPDRapa	train
15892	256_YPDRapa	train
15893	257_YPDRapa	train
15894	258_YPDRapa	train
15895	259_YPDRapa	train
15896	260_YPDRapa	train
15897	261_YPDRapa	train
15898	262_YPDRapa	train
15899	263_YPDRapa	train
15900	264_YPDRapa	train
15901	265_YPDRapa	train
15902	266_YPDRapa	train
15903	267_YPDRapa	train
15904	268_YPDRapa	train
15905	269_YPDRapa	train
15906	270_YPDRapa	train
15907	271_YPDRapa	train
15908	272_YPDRapa	train
15909	273_YPDRapa	train
15910	274_YPDRapa	train
15911	275_YPDRapa	train
15912	276_YPDRapa	train
15913	277_YPDRapa	train
15914	278_YPDRapa	train
15915	279_YPDRapa	train
15916	280_YPDRapa	train
15917	281_YPDRapa	train
15918	282_YPDRapa	train
15919	283_YPDRapa	train
15920	284_YPDRapa	train
15921	285_YPDRapa	train
15922	286_YPDRapa	train
15923	287_YPDRapa	train
15924	288_YPDRapa	validation
15925	289_YPDRapa	train
15926	290_YPDRapa	train
15927	291_YPDRapa	train
15928	292_YPDRapa	train
15929	293_YPDRapa	train
15930	294_YPDRapa	train
15931	295_YPDRapa	train
15932	296_YPDRapa	validation
15933	297_YPDRapa	train
15934	298_YPDRapa	train
15935	299_YPDRapa	train
15936	300_YPDRapa	train
15937	301_YPDRapa	train
15938	302_YPDRapa	train
15939	303_YPDRapa	train
15940	304_YPDRapa	train
15941	305_YPDRapa	validation
15942	306_YPDRapa	train
15943	307_YPDRapa	train
15944	308_YPDRapa	train
15945	309_YPDRapa	validation
15946	310_YPDRapa	train
15947	311_YPDRapa	train
15948	312_YPDRapa	train
15949	313_YPDRapa	train
15950	314_YPDRapa	train
15951	315_YPDRapa	train
15952	316_YPDRapa	train
15953	317_YPDRapa	train
15954	318_YPDRapa	train
15955	319_YPDRapa	train
15956	320_YPDRapa	train
15957	321_YPDRapa	train
15958	322_YPDRapa	train
15959	323_YPDRapa	train
15960	324_YPDRapa	train
15961	325_YPDRapa	train
15962	326_YPDRapa	train
15963	327_YPDRapa	train
15964	328_YPDRapa	train
15965	329_YPDRapa	train
15966	330_YPDRapa	train
15967	331_YPDRapa	train
15968	332_YPDRapa	train
15969	333_YPDRapa	train
15970	334_YPDRapa	train
15971	335_YPDRapa	train
15972	336_YPDRapa	train
15973	337_YPDRapa	train
15974	338_YPDRapa	train
15975	339_YPDRapa	train
15976	340_YPDRapa	train
15977	341_YPDRapa	train
15978	342_YPDRapa	train
15979	343_YPDRapa	train
15980	344_YPDRapa	train
15981	345_YPDRapa	train
15982	346_YPDRapa	train
15983	347_YPDRapa	train
15984	348_YPDRapa	train
15985	349_YPDRapa	train
15986	350_YPDRapa	train
15987	351_YPDRapa	train
15988	352_YPDRapa	train
15989	353_YPDRapa	train
15990	354_YPDRapa	train
15991	355_YPDRapa	train
15992	356_YPDRapa	train
15993	357_YPDRapa	train
15994	358_YPDRapa	train
15995	359_YPDRapa	train
15996	360_YPDRapa	train
15997	361_YPDRapa	train
15998	362_YPDRapa	validation
15999	363_YPDRapa	train
16000	364_YPDRapa	train
16001	365_YPDRapa	validation
16002	366_YPDRapa	validation
16003	367_YPDRapa	train
16004	368_YPDRapa	train
16005	369_YPDRapa	train
16006	370_YPDRapa	train
16007	371_YPDRapa	train
16008	372_YPDRapa	train
16009	373_YPDRapa	train
16010	374_YPDRapa	train
16011	375_YPDRapa	train
16012	376_YPDRapa	train
16013	377_YPDRapa	train
16014	378_YPDRapa	train
16015	379_YPDRapa	train
16016	380_YPDRapa	train
16017	381_YPDRapa	train
16018	382_YPDRapa	train
16019	383_YPDRapa	train
16020	384_YPDRapa	train
16021	385_YPDRapa	train
16022	386_YPDRapa	train
16023	387_YPDRapa	train
16024	388_YPDRapa	train
16025	389_YPDRapa	train
16026	390_YPDRapa	train
16027	391_YPDRapa	train
16028	392_YPDRapa	train
16029	393_YPDRapa	train
16030	394_YPDRapa	train
16031	395_YPDRapa	train
16032	396_YPDRapa	train
16033	397_YPDRapa	train
16034	398_YPDRapa	train
16035	399_YPDRapa	train
16036	400_YPDRapa	train
16037	401_YPDRapa	train
16038	402_YPDRapa	train
16039	403_YPDRapa	train
16040	404_YPDRapa	train
16041	405_YPDRapa	train
16042	406_YPDRapa	train
16043	407_YPDRapa	train
16044	408_YPDRapa	train
16045	409_YPDRapa	train
16046	410_YPDRapa	train
16047	411_YPDRapa	train
16048	412_YPDRapa	train
16049	413_YPDRapa	train
16050	414_YPDRapa	train
16051	415_YPDRapa	train
16052	416_YPDRapa	train
16053	417_YPDRapa	train
16054	418_YPDRapa	train
16055	419_YPDRapa	validation
16056	420_YPDRapa	train
16057	421_YPDRapa	train
16058	422_YPDRapa	train
16059	423_YPDRapa	train
16060	424_YPDRapa	train
16061	425_YPDRapa	train
16062	426_YPDRapa	validation
16063	427_YPDRapa	train
16064	428_YPDRapa	train
16065	429_YPDRapa	train
16066	430_YPDRapa	train
16067	431_YPDRapa	train
16068	432_YPDRapa	train
16069	433_YPDRapa	train
16070	434_YPDRapa	train
16071	435_YPDRapa	train
16072	436_YPDRapa	train
16073	437_YPDRapa	train
16074	438_YPDRapa	train
16075	439_YPDRapa	train
16076	440_YPDRapa	train
16077	441_YPDRapa	train
16078	442_YPDRapa	train
16079	443_YPDRapa	train
16080	444_YPDRapa	train
16081	445_YPDRapa	train
16082	446_YPDRapa	train
16083	447_YPDRapa	train
16084	448_YPDRapa	train
16085	449_YPDRapa	train
16086	450_YPDRapa	validation
16087	451_YPDRapa	train
16088	452_YPDRapa	train
16089	453_YPDRapa	train
16090	454_YPDRapa	train
16091	455_YPDRapa	train
16092	456_YPDRapa	validation
16093	457_YPDRapa	train
16094	458_YPDRapa	train
16095	459_YPDRapa	train
16096	460_YPDRapa	train
16097	461_YPDRapa	train
16098	462_YPDRapa	train
16099	463_YPDRapa	train
16100	464_YPDRapa	validation
16101	465_YPDRapa	train
16102	466_YPDRapa	train
16103	467_YPDRapa	train
16104	468_YPDRapa	train
16105	469_YPDRapa	validation
16106	470_YPDRapa	train
16107	471_YPDRapa	validation
16108	472_YPDRapa	train
16109	473_YPDRapa	train
16110	474_YPDRapa	train
16111	475_YPDRapa	validation
16112	476_YPDRapa	train
16113	477_YPDRapa	train
16114	478_YPDRapa	train
16115	479_YPDRapa	train
16116	480_YPDRapa	train
16117	481_YPDRapa	train
16118	482_YPDRapa	validation
16119	483_YPDRapa	train
16120	484_YPDRapa	train
16121	485_YPDRapa	train
16122	486_YPDRapa	train
16123	487_YPDRapa	train
16124	488_YPDRapa	train
16125	489_YPDRapa	train
16126	490_YPDRapa	train
16127	491_YPDRapa	train
16128	492_YPDRapa	train
16129	493_YPDRapa	train
16130	494_YPDRapa	train
16131	495_YPDRapa	train
16132	496_YPDRapa	train
16133	497_YPDRapa	train
16134	498_YPDRapa	validation
16135	499_YPDRapa	train
16136	500_YPDRapa	train
16137	501_YPDRapa	train
16138	502_YPDRapa	train
16139	503_YPDRapa	train
16140	504_YPDRapa	train
16141	505_YPDRapa	train
16142	506_YPDRapa	train
16143	507_YPDRapa	train
16144	508_YPDRapa	train
16145	509_YPDRapa	train
16146	510_YPDRapa	train
16147	511_YPDRapa	validation
16148	512_YPDRapa	train
16149	513_YPDRapa	train
16150	514_YPDRapa	train
16151	515_YPDRapa	train
16152	516_YPDRapa	train
16153	517_YPDRapa	train
16154	518_YPDRapa	train
16155	519_YPDRapa	train
16156	520_YPDRapa	train
16157	521_YPDRapa	train
16158	522_YPDRapa	train
16159	523_YPDRapa	train
16160	524_YPDRapa	train
16161	525_YPDRapa	train
16162	526_YPDRapa	validation
16163	527_YPDRapa	train
16164	528_YPDRapa	train
16165	529_YPDRapa	validation
16166	530_YPDRapa	train
16167	531_YPDRapa	train
16168	532_YPDRapa	train
16169	533_YPDRapa	train
16170	534_YPDRapa	train
16171	535_YPDRapa	train
16172	536_YPDRapa	train
16173	537_YPDRapa	train
16174	538_YPDRapa	train
16175	539_YPDRapa	train
16176	540_YPDRapa	train
16177	541_YPDRapa	train
16178	542_YPDRapa	train
16179	543_YPDRapa	train
16180	544_YPDRapa	train
16181	545_YPDRapa	train
16182	546_YPDRapa	train
16183	547_YPDRapa	train
16184	548_YPDRapa	train
16185	549_YPDRapa	train
16186	550_YPDRapa	train
16187	551_YPDRapa	train
16188	552_YPDRapa	train
16189	553_YPDRapa	train
16190	554_YPDRapa	train
16191	555_YPDRapa	train
16192	556_YPDRapa	train
16193	557_YPDRapa	train
16194	558_YPDRapa	train
16195	559_YPDRapa	train
16196	560_YPDRapa	train
16197	561_YPDRapa	train
16198	562_YPDRapa	train
16199	563_YPDRapa	train
16200	564_YPDRapa	train
16201	565_YPDRapa	train
16202	566_YPDRapa	train
16203	567_YPDRapa	train
16204	568_YPDRapa	train
16205	569_YPDRapa	train
16206	570_YPDRapa	train
16207	571_YPDRapa	train
16208	572_YPDRapa	train
16209	573_YPDRapa	train
16210	574_YPDRapa	train
16211	575_YPDRapa	train
16212	576_YPDRapa	train
16213	577_YPDRapa	train
16214	578_YPDRapa	train
16215	579_YPDRapa	train
16216	580_YPDRapa	train
16217	581_YPDRapa	train
16218	582_YPDRapa	train
16219	583_YPDRapa	train
16220	584_YPDRapa	train
16221	585_YPDRapa	train
16222	586_YPDRapa	train
16223	587_YPDRapa	train
16224	588_YPDRapa	train
16225	589_YPDRapa	validation
16226	590_YPDRapa	train
16227	591_YPDRapa	train
16228	592_YPDRapa	train
16229	593_YPDRapa	train
16230	594_YPDRapa	train
16231	595_YPDRapa	train
16232	596_YPDRapa	train
16233	597_YPDRapa	train
16234	598_YPDRapa	train
16235	599_YPDRapa	train
16236	600_YPDRapa	train
16237	601_YPDRapa	train
16238	602_YPDRapa	train
16239	603_YPDRapa	validation
16240	604_YPDRapa	train
16241	605_YPDRapa	train
16242	606_YPDRapa	train
16243	607_YPDRapa	train
16244	608_YPDRapa	train
16245	609_YPDRapa	train
16246	610_YPDRapa	train
16247	611_YPDRapa	train
16248	612_YPDRapa	train
16249	613_YPDRapa	train
16250	614_YPDRapa	train
16251	615_YPDRapa	train
16252	616_YPDRapa	train
16253	617_YPDRapa	train
16254	618_YPDRapa	train
16255	619_YPDRapa	train
16256	620_YPDRapa	train
16257	621_YPDRapa	train
16258	622_YPDRapa	train
16259	623_YPDRapa	train
16260	624_YPDRapa	train
16261	625_YPDRapa	train
16262	626_YPDRapa	train
16263	627_YPDRapa	train
16264	628_YPDRapa	train
16265	629_YPDRapa	validation
16266	630_YPDRapa	train
16267	631_YPDRapa	train
16268	632_YPDRapa	train
16269	633_YPDRapa	train
16270	634_YPDRapa	train
16271	635_YPDRapa	validation
16272	636_YPDRapa	train
16273	637_YPDRapa	train
16274	638_YPDRapa	train
16275	639_YPDRapa	train
16276	640_YPDRapa	train
16277	641_YPDRapa	train
16278	642_YPDRapa	train
16279	643_YPDRapa	train
16280	644_YPDRapa	train
16281	645_YPDRapa	train
16282	646_YPDRapa	train
16283	647_YPDRapa	train
16284	648_YPDRapa	train
16285	649_YPDRapa	train
16286	650_YPDRapa	train
16287	651_YPDRapa	train
16288	652_YPDRapa	train
16289	653_YPDRapa	train
16290	654_YPDRapa	train
16291	655_YPDRapa	train
16292	656_YPDRapa	train
16293	657_YPDRapa	train
16294	658_YPDRapa	train
16295	659_YPDRapa	train
16296	660_YPDRapa	train
16297	661_YPDRapa	train
16298	662_YPDRapa	train
16299	663_YPDRapa	train
16300	664_YPDRapa	train
16301	665_YPDRapa	validation
16302	666_YPDRapa	train
16303	667_YPDRapa	train
16304	668_YPDRapa	train
16305	669_YPDRapa	train
16306	670_YPDRapa	validation
16307	671_YPDRapa	validation
16308	672_YPDRapa	train
16309	673_YPDRapa	train
16310	674_YPDRapa	train
16311	675_YPDRapa	train
16312	676_YPDRapa	train
16313	677_YPDRapa	train
16314	678_YPDRapa	train
16315	679_YPDRapa	train
16316	680_YPDRapa	train
16317	681_YPDRapa	train
16318	682_YPDRapa	train
16319	683_YPDRapa	train
16320	684_YPDRapa	train
16321	685_YPDRapa	train
16322	686_YPDRapa	train
16323	687_YPDRapa	train
16324	688_YPDRapa	train
16325	689_YPDRapa	train
16326	690_YPDRapa	train
16327	691_YPDRapa	train
16328	692_YPDRapa	train
16329	693_YPDRapa	train
16330	694_YPDRapa	train
16331	695_YPDRapa	train
16332	696_YPDRapa	train
16333	697_YPDRapa	train
16334	698_YPDRapa	train
16335	699_YPDRapa	train
16336	700_YPDRapa	train
16337	701_YPDRapa	train
16338	702_YPDRapa	train
16339	703_YPDRapa	train
16340	704_YPDRapa	train
16341	705_YPDRapa	train
16342	706_YPDRapa	train
16343	707_YPDRapa	train
16344	708_YPDRapa	train
16345	709_YPDRapa	train
16346	710_YPDRapa	train
16347	711_YPDRapa	train
16348	712_YPDRapa	train
16349	713_YPDRapa	train
16350	714_YPDRapa	train
16351	715_YPDRapa	train
16352	716_YPDRapa	train
16353	717_YPDRapa	train
16354	718_YPDRapa	train
16355	719_YPDRapa	train
16356	720_YPDRapa	train
16357	721_YPDRapa	train
16358	722_YPDRapa	train
16359	723_YPDRapa	train
16360	724_YPDRapa	train
16361	725_YPDRapa	train
16362	726_YPDRapa	validation
16363	727_YPDRapa	train
16364	728_YPDRapa	train
16365	729_YPDRapa	train
16366	730_YPDRapa	train
16367	731_YPDRapa	train
16368	732_YPDRapa	train
16369	733_YPDRapa	train
16370	734_YPDRapa	train
16371	735_YPDRapa	train
16372	736_YPDRapa	train
16373	737_YPDRapa	train
16374	738_YPDRapa	train
16375	739_YPDRapa	train
16376	740_YPDRapa	train
16377	741_YPDRapa	train
16378	742_YPDRapa	train
16379	743_YPDRapa	train
16380	744_YPDRapa	train
16381	745_YPDRapa	train
16382	746_YPDRapa	train
16383	747_YPDRapa	train
16384	748_YPDRapa	train
16385	749_YPDRapa	train
16386	750_YPDRapa	train
16387	751_YPDRapa	train
16388	752_YPDRapa	train
16389	753_YPDRapa	train
16390	754_YPDRapa	train
16391	755_YPDRapa	train
16392	756_YPDRapa	train
16393	757_YPDRapa	train
16394	758_YPDRapa	train
16395	759_YPDRapa	train
16396	760_YPDRapa	train
16397	761_YPDRapa	train
16398	762_YPDRapa	train
16399	763_YPDRapa	train
16400	764_YPDRapa	train
16401	765_YPDRapa	train
16402	766_YPDRapa	train
16403	767_YPDRapa	train
16404	768_YPDRapa	train
16405	769_YPDRapa	train
16406	770_YPDRapa	train
16407	771_YPDRapa	train
16408	772_YPDRapa	train
16409	773_YPDRapa	train
16410	774_YPDRapa	train
16411	775_YPDRapa	train
16412	776_YPDRapa	train
16413	777_YPDRapa	train
16414	778_YPDRapa	train
16415	779_YPDRapa	train
16416	780_YPDRapa	train
16417	781_YPDRapa	train
16418	782_YPDRapa	train
16419	783_YPDRapa	train
16420	784_YPDRapa	train
16421	785_YPDRapa	validation
16422	786_YPDRapa	train
16423	787_YPDRapa	train
16424	788_YPDRapa	train
16425	789_YPDRapa	train
16426	790_YPDRapa	train
16427	791_YPDRapa	train
16428	792_YPDRapa	train
16429	793_YPDRapa	train
16430	794_YPDRapa	train
16431	795_YPDRapa	train
16432	796_YPDRapa	train
16433	797_YPDRapa	train
16434	798_YPDRapa	train
16435	799_YPDRapa	train
16436	800_YPDRapa	train
16437	801_YPDRapa	train
16438	802_YPDRapa	train
16439	803_YPDRapa	train
16440	804_YPDRapa	train
16441	805_YPDRapa	validation
16442	806_YPDRapa	train
16443	807_YPDRapa	train
16444	808_YPDRapa	train
16445	809_YPDRapa	train
16446	810_YPDRapa	train
16447	811_YPDRapa	train
16448	812_YPDRapa	train
16449	813_YPDRapa	train
16450	814_YPDRapa	train
16451	815_YPDRapa	train
16452	816_YPDRapa	train
16453	817_YPDRapa	train
16454	818_YPDRapa	train
16455	819_YPDRapa	train
16456	820_YPDRapa	train
16457	821_YPDRapa	train
16458	822_YPDRapa	train
16459	823_YPDRapa	train
16460	824_YPDRapa	train
16461	825_YPDRapa	validation
16462	826_YPDRapa	train
16463	827_YPDRapa	train
16464	828_YPDRapa	train
16465	829_YPDRapa	train
16466	830_YPDRapa	train
16467	831_YPDRapa	train
16468	832_YPDRapa	train
16469	833_YPDRapa	validation
16470	834_YPDRapa	train
16471	835_YPDRapa	train
16472	836_YPDRapa	train
16473	837_YPDRapa	train
16474	838_YPDRapa	train
16475	839_YPDRapa	train
16476	840_YPDRapa	train
16477	841_YPDRapa	train
16478	842_YPDRapa	train
16479	843_YPDRapa	train
16480	844_YPDRapa	validation
16481	845_YPDRapa	train
16482	846_YPDRapa	train
16483	847_YPDRapa	train
16484	848_YPDRapa	train
16485	849_YPDRapa	train
16486	850_YPDRapa	train
16487	851_YPDRapa	train
16488	852_YPDRapa	train
16489	853_YPDRapa	train
16490	854_YPDRapa	train
16491	855_YPDRapa	train
16492	856_YPDRapa	train
16493	857_YPDRapa	train
16494	858_YPDRapa	train
16495	859_YPDRapa	train
16496	860_YPDRapa	train
16497	861_YPDRapa	train
16498	862_YPDRapa	train
16499	863_YPDRapa	train
16500	864_YPDRapa	train
16501	865_YPDRapa	train
16502	866_YPDRapa	train
16503	867_YPDRapa	train
16504	868_YPDRapa	train
16505	869_YPDRapa	train
16506	870_YPDRapa	train
16507	871_YPDRapa	train
16508	872_YPDRapa	train
16509	873_YPDRapa	train
16510	874_YPDRapa	train
16511	875_YPDRapa	train
16512	876_YPDRapa	train
16513	877_YPDRapa	train
16514	878_YPDRapa	train
16515	879_YPDRapa	train
16516	880_YPDRapa	train
16517	881_YPDRapa	train
16518	882_YPDRapa	train
16519	883_YPDRapa	train
16520	884_YPDRapa	train
16521	885_YPDRapa	validation
16522	886_YPDRapa	train
16523	887_YPDRapa	train
16524	888_YPDRapa	train
16525	889_YPDRapa	train
16526	890_YPDRapa	train
16527	891_YPDRapa	validation
16528	892_YPDRapa	train
16529	893_YPDRapa	train
16530	894_YPDRapa	train
16531	895_YPDRapa	train
16532	896_YPDRapa	train
16533	897_YPDRapa	train
16534	898_YPDRapa	train
16535	899_YPDRapa	train
16536	900_YPDRapa	train
16537	901_YPDRapa	train
16538	902_YPDRapa	train
16539	903_YPDRapa	train
16540	904_YPDRapa	train
16541	905_YPDRapa	train
16542	906_YPDRapa	train
16543	907_YPDRapa	train
16544	908_YPDRapa	train
16545	909_YPDRapa	train
16546	910_YPDRapa	validation
16547	911_YPDRapa	train
16548	912_YPDRapa	train
16549	913_YPDRapa	train
16550	914_YPDRapa	train
16551	915_YPDRapa	train
16552	916_YPDRapa	train
16553	917_YPDRapa	train
16554	918_YPDRapa	validation
16555	919_YPDRapa	train
16556	920_YPDRapa	train
16557	921_YPDRapa	train
16558	922_YPDRapa	train
16559	923_YPDRapa	train
16560	924_YPDRapa	train
16561	925_YPDRapa	train
16562	926_YPDRapa	train
16563	927_YPDRapa	train
16564	928_YPDRapa	train
16565	929_YPDRapa	train
16566	930_YPDRapa	train
16567	931_YPDRapa	train
16568	932_YPDRapa	train
16569	933_YPDRapa	train
16570	934_YPDRapa	train
16571	935_YPDRapa	train
16572	936_YPDRapa	train
16573	937_YPDRapa	train
16574	938_YPDRapa	train
16575	939_YPDRapa	train
16576	940_YPDRapa	train
16577	941_YPDRapa	train
16578	942_YPDRapa	train
16579	943_YPDRapa	train
16580	944_YPDRapa	train
16581	945_YPDRapa	train
16582	946_YPDRapa	train
16583	947_YPDRapa	train
16584	948_YPDRapa	train
16585	949_YPDRapa	train
16586	950_YPDRapa	train
16587	951_YPDRapa	train
16588	952_YPDRapa	train
16589	953_YPDRapa	train
16590	954_YPDRapa	train
16591	955_YPDRapa	train
16592	956_YPDRapa	train
16593	957_YPDRapa	train
16594	958_YPDRapa	train
16595	959_YPDRapa	train
16596	960_YPDRapa	train
16597	961_YPDRapa	validation
16598	962_YPDRapa	train
16599	963_YPDRapa	train
16600	964_YPDRapa	train
16601	965_YPDRapa	train
16602	966_YPDRapa	train
16603	967_YPDRapa	train
16604	968_YPDRapa	train
16605	969_YPDRapa	train
16606	970_YPDRapa	train
16607	971_YPDRapa	train
16608	972_YPDRapa	train
16609	973_YPDRapa	train
16610	974_YPDRapa	train
16611	975_YPDRapa	train
16612	976_YPDRapa	train
16613	977_YPDRapa	train
16614	978_YPDRapa	train
16615	979_YPDRapa	validation
16616	980_YPDRapa	train
16617	981_YPDRapa	train
16618	982_YPDRapa	train
16619	983_YPDRapa	train
16620	984_YPDRapa	train
16621	985_YPDRapa	train
16622	986_YPDRapa	train
16623	987_YPDRapa	train
16624	988_YPDRapa	train
16625	989_YPDRapa	train
16626	990_YPDRapa	train
16627	991_YPDRapa	train
16628	992_YPDRapa	train
16629	993_YPDRapa	train
16630	994_YPDRapa	train
16631	995_YPDRapa	train
16632	996_YPDRapa	train
16633	997_YPDRapa	train
16634	998_YPDRapa	train
16635	999_YPDRapa	train
16636	1000_YPDRapa	train
16637	1001_YPDRapa	train
16638	1002_YPDRapa	train
16639	1003_YPDRapa	train
16640	1004_YPDRapa	train
16641	1005_YPDRapa	train
16642	1006_YPDRapa	train
16643	1007_YPDRapa	train
16644	1008_YPDRapa	train
16645	1009_YPDRapa	train
16646	1010_YPDRapa	train
16647	1011_YPDRapa	train
16648	1012_YPDRapa	train
16649	1013_YPDRapa	train
16650	1014_YPDRapa	train
16651	1015_YPDRapa	train
16652	1016_YPDRapa	train
16653	1017_YPDRapa	train
16654	1018_YPDRapa	train
16655	1019_YPDRapa	train
16656	1020_YPDRapa	train
16657	1021_YPDRapa	train
16658	1022_YPDRapa	train
16659	1023_YPDRapa	validation
16660	1024_YPDRapa	train
16661	1025_YPDRapa	train
16662	1026_YPDRapa	train
16663	1027_YPDRapa	train
16664	1028_YPDRapa	train
16665	1029_YPDRapa	train
16666	1030_YPDRapa	train
16667	1031_YPDRapa	train
16668	1032_YPDRapa	train
16669	1033_YPDRapa	validation
16670	1034_YPDRapa	validation
16671	1035_YPDRapa	train
16672	1036_YPDRapa	train
16673	1037_YPDRapa	train
16674	1038_YPDRapa	train
16675	1039_YPDRapa	train
16676	1040_YPDRapa	train
16677	1041_YPDRapa	train
16678	1042_YPDRapa	train
16679	1043_YPDRapa	train
16680	1044_YPDRapa	train
16681	1045_YPDRapa	train
16682	1046_YPDRapa	train
16683	1047_YPDRapa	train
16684	1048_YPDRapa	train
16685	1049_YPDRapa	train
16686	1050_YPDRapa	validation
16687	1051_YPDRapa	train
16688	1052_YPDRapa	train
16689	1053_YPDRapa	train
16690	1054_YPDRapa	train
16691	1055_YPDRapa	train
16692	1056_YPDRapa	train
16693	1057_YPDRapa	train
16694	1058_YPDRapa	train
16695	1059_YPDRapa	train
16696	1060_YPDRapa	train
16697	1061_YPDRapa	train
16698	1062_YPDRapa	train
16699	1063_YPDRapa	validation
16700	1064_YPDRapa	train
16701	1065_YPDRapa	train
16702	1066_YPDRapa	train
16703	1067_YPDRapa	train
16704	1068_YPDRapa	train
16705	1069_YPDRapa	train
16706	1070_YPDRapa	train
16707	1071_YPDRapa	train
16708	1072_YPDRapa	train
16709	1073_YPDRapa	train
16710	1074_YPDRapa	train
16711	1075_YPDRapa	train
16712	1076_YPDRapa	train
16713	1077_YPDRapa	train
16714	1078_YPDRapa	train
16715	1079_YPDRapa	validation
16716	1080_YPDRapa	validation
16717	1081_YPDRapa	train
16718	1082_YPDRapa	train
16719	1083_YPDRapa	train
16720	1084_YPDRapa	train
16721	1085_YPDRapa	train
16722	1086_YPDRapa	train
16723	1087_YPDRapa	validation
16724	1088_YPDRapa	train
16725	1089_YPDRapa	train
16726	1090_YPDRapa	train
16727	1091_YPDRapa	train
16728	1092_YPDRapa	train
16729	1093_YPDRapa	train
16730	1094_YPDRapa	train
16731	1095_YPDRapa	train
16732	1096_YPDRapa	train
16733	1097_YPDRapa	train
16734	1098_YPDRapa	train
16735	1099_YPDRapa	train
16736	1100_YPDRapa	train
16737	1101_YPDRapa	train
16738	1102_YPDRapa	train
16739	1103_YPDRapa	train
16740	1104_YPDRapa	train
16741	1105_YPDRapa	train
16742	1106_YPDRapa	train
16743	1107_YPDRapa	train
16744	1108_YPDRapa	train
16745	1109_YPDRapa	train
16746	1110_YPDRapa	train
16747	1111_YPDRapa	validation
16748	1112_YPDRapa	train
16749	1113_YPDRapa	train
16750	1114_YPDRapa	train
16751	1115_YPDRapa	validation
16752	1116_YPDRapa	train
16753	1117_YPDRapa	train
16754	1118_YPDRapa	train
16755	1119_YPDRapa	train
16756	1120_YPDRapa	train
16757	1121_YPDRapa	train
16758	1122_YPDRapa	train
16759	1123_YPDRapa	train
16760	1124_YPDRapa	train
16761	1125_YPDRapa	train
16762	1126_YPDRapa	train
16763	1127_YPDRapa	train
16764	1128_YPDRapa	train
16765	1129_YPDRapa	train
16766	1130_YPDRapa	train
16767	1131_YPDRapa	train
16768	1132_YPDRapa	train
16769	1133_YPDRapa	train
16770	1134_YPDRapa	train
16771	1135_YPDRapa	train
16772	1136_YPDRapa	train
16773	1137_YPDRapa	train
16774	1138_YPDRapa	train
16775	1139_YPDRapa	train
16776	1140_YPDRapa	train
16777	1141_YPDRapa	train
16778	1142_YPDRapa	train
16779	1143_YPDRapa	train
16780	1144_YPDRapa	train
16781	1145_YPDRapa	train
16782	1146_YPDRapa	train
16783	1147_YPDRapa	train
16784	1148_YPDRapa	train
16785	1149_YPDRapa	train
16786	1150_YPDRapa	train
16787	1151_YPDRapa	train
16788	1152_YPDRapa	train
16789	1153_YPDRapa	train
16790	1154_YPDRapa	train
16791	1155_YPDRapa	train
16792	1156_YPDRapa	train
16793	1157_YPDRapa	train
16794	1158_YPDRapa	train
16795	1159_YPDRapa	train
16796	1160_YPDRapa	train
16797	1161_YPDRapa	train
16798	1162_YPDRapa	train
16799	1163_YPDRapa	train
16800	1164_YPDRapa	train
16801	1165_YPDRapa	train
16802	1166_YPDRapa	train
16803	1167_YPDRapa	train
16804	1168_YPDRapa	validation
16805	1169_YPDRapa	train
16806	1170_YPDRapa	train
16807	1171_YPDRapa	train
16808	1172_YPDRapa	train
16809	1173_YPDRapa	train
16810	1174_YPDRapa	train
16811	1175_YPDRapa	train
16812	1176_YPDRapa	train
16813	1177_YPDRapa	train
16814	1178_YPDRapa	train
16815	1179_YPDRapa	train
16816	1180_YPDRapa	train
16817	1181_YPDRapa	train
16818	1182_YPDRapa	train
16819	1183_YPDRapa	train
16820	1184_YPDRapa	train
16821	1185_YPDRapa	train
16822	1186_YPDRapa	validation
16823	1187_YPDRapa	train
16824	1188_YPDRapa	train
16825	1189_YPDRapa	train
16826	1190_YPDRapa	train
16827	1191_YPDRapa	train
16828	1192_YPDRapa	train
16829	1193_YPDRapa	train
16830	1194_YPDRapa	train
16831	1195_YPDRapa	train
16832	1196_YPDRapa	train
16833	1197_YPDRapa	train
16834	1198_YPDRapa	train
16835	1199_YPDRapa	train
16836	1200_YPDRapa	train
16837	1201_YPDRapa	train
16838	1202_YPDRapa	train
16839	1203_YPDRapa	train
16840	1204_YPDRapa	train
16841	1205_YPDRapa	train
16842	1206_YPDRapa	train
16843	1207_YPDRapa	train
16844	1208_YPDRapa	train
16845	1209_YPDRapa	train
16846	1210_YPDRapa	train
16847	1211_YPDRapa	train
16848	1212_YPDRapa	train
16849	1213_YPDRapa	train
16850	1214_YPDRapa	train
16851	1215_YPDRapa	train
16852	1216_YPDRapa	train
16853	1217_YPDRapa	train
16854	1218_YPDRapa	train
16855	1219_YPDRapa	train
16856	1220_YPDRapa	train
16857	1221_YPDRapa	validation
16858	1222_YPDRapa	train
16859	1223_YPDRapa	train
16860	1224_YPDRapa	train
16861	1225_YPDRapa	validation
16862	1226_YPDRapa	train
16863	1227_YPDRapa	train
16864	1228_YPDRapa	train
16865	1229_YPDRapa	train
16866	1230_YPDRapa	train
16867	1231_YPDRapa	validation
16868	1232_YPDRapa	train
16869	1233_YPDRapa	train
16870	1234_YPDRapa	train
16871	1235_YPDRapa	train
16872	1236_YPDRapa	train
16873	1237_YPDRapa	train
16874	1238_YPDRapa	train
16875	1239_YPDRapa	train
16876	1240_YPDRapa	train
16877	1241_YPDRapa	train
16878	1242_YPDRapa	train
16879	1243_YPDRapa	train
16880	1244_YPDRapa	train
16881	1245_YPDRapa	train
16882	1246_YPDRapa	train
16883	1247_YPDRapa	train
16884	1248_YPDRapa	train
16885	1249_YPDRapa	train
16886	1250_YPDRapa	train
16887	1251_YPDRapa	train
16888	1252_YPDRapa	train
16889	1253_YPDRapa	train
16890	1254_YPDRapa	train
16891	1255_YPDRapa	train
16892	1256_YPDRapa	train
16893	1257_YPDRapa	train
16894	1258_YPDRapa	train
16895	1259_YPDRapa	train
16896	1260_YPDRapa	train
16897	1261_YPDRapa	train
16898	1262_YPDRapa	train
16899	1263_YPDRapa	train
16900	1264_YPDRapa	train
16901	1265_YPDRapa	train
16902	1266_YPDRapa	train
16903	1267_YPDRapa	train
16904	1268_YPDRapa	train
16905	1269_YPDRapa	train
16906	1270_YPDRapa	train
16907	1271_YPDRapa	train
16908	1272_YPDRapa	train
16909	1273_YPDRapa	train
16910	1274_YPDRapa	train
16911	1275_YPDRapa	train
16912	1276_YPDRapa	train
16913	1277_YPDRapa	train
16914	1278_YPDRapa	train
16915	1279_YPDRapa	train
16916	1280_YPDRapa	train
16917	1281_YPDRapa	train
16918	1282_YPDRapa	train
16919	1283_YPDRapa	train
16920	1284_YPDRapa	train
16921	1285_YPDRapa	train
16922	1286_YPDRapa	train
16923	1287_YPDRapa	train
16924	1288_YPDRapa	validation
16925	1289_YPDRapa	train
16926	1290_YPDRapa	train
16927	1291_YPDRapa	train
16928	1292_YPDRapa	train
16929	1293_YPDRapa	train
16930	1294_YPDRapa	train
16931	1295_YPDRapa	validation
16932	1296_YPDRapa	train
16933	1297_YPDRapa	train
16934	1298_YPDRapa	train
16935	1299_YPDRapa	train
16936	1300_YPDRapa	train
16937	1301_YPDRapa	train
16938	1302_YPDRapa	train
16939	1303_YPDRapa	validation
16940	1304_YPDRapa	train
16941	1305_YPDRapa	train
16942	1306_YPDRapa	train
16943	1307_YPDRapa	train
16944	1308_YPDRapa	train
16945	1309_YPDRapa	train
16946	1310_YPDRapa	train
16947	1311_YPDRapa	train
16948	1312_YPDRapa	train
16949	1313_YPDRapa	train
16950	1314_YPDRapa	train
16951	1315_YPDRapa	train
16952	1316_YPDRapa	train
16953	1317_YPDRapa	train
16954	1318_YPDRapa	train
16955	1319_YPDRapa	train
16956	1320_YPDRapa	train
16957	1321_YPDRapa	train
16958	1322_YPDRapa	train
16959	1323_YPDRapa	train
16960	1324_YPDRapa	train
16961	1325_YPDRapa	train
16962	1326_YPDRapa	train
16963	1327_YPDRapa	train
16964	1328_YPDRapa	train
16965	1329_YPDRapa	train
16966	1330_YPDRapa	train
16967	1331_YPDRapa	validation
16968	1332_YPDRapa	train
16969	1333_YPDRapa	train
16970	1334_YPDRapa	train
16971	1335_YPDRapa	train
16972	1336_YPDRapa	train
16973	1337_YPDRapa	train
16974	1338_YPDRapa	train
16975	1339_YPDRapa	train
16976	1340_YPDRapa	train
16977	1341_YPDRapa	train
16978	1342_YPDRapa	train
16979	1343_YPDRapa	train
16980	1344_YPDRapa	train
16981	1345_YPDRapa	train
16982	1346_YPDRapa	train
16983	1347_YPDRapa	train
16984	1348_YPDRapa	train
16985	1349_YPDRapa	train
16986	1350_YPDRapa	train
16987	1351_YPDRapa	train
16988	1352_YPDRapa	train
16989	1353_YPDRapa	train
16990	1354_YPDRapa	train
16991	1355_YPDRapa	train
16992	1356_YPDRapa	train
16993	1357_YPDRapa	train
16994	1358_YPDRapa	train
16995	1359_YPDRapa	train
16996	1360_YPDRapa	train
16997	1361_YPDRapa	train
16998	1362_YPDRapa	train
16999	1363_YPDRapa	train
17000	1364_YPDRapa	train
17001	1365_YPDRapa	train
17002	1366_YPDRapa	train
17003	1367_YPDRapa	train
17004	1368_YPDRapa	train
17005	1369_YPDRapa	train
17006	1370_YPDRapa	train
17007	1371_YPDRapa	train
17008	1372_YPDRapa	train
17009	1373_YPDRapa	train
17010	1374_YPDRapa	train
17011	1375_YPDRapa	validation
17012	1376_YPDRapa	train
17013	1377_YPDRapa	train
17014	1378_YPDRapa	train
17015	1379_YPDRapa	train
17016	1380_YPDRapa	train
17017	1381_YPDRapa	train
17018	1382_YPDRapa	train
17019	1383_YPDRapa	train
17020	1384_YPDRapa	validation
17021	1385_YPDRapa	train
17022	1386_YPDRapa	train
17023	1387_YPDRapa	train
17024	1388_YPDRapa	train
17025	1389_YPDRapa	train
17026	1390_YPDRapa	train
17027	1391_YPDRapa	train
17028	1392_YPDRapa	train
17029	1393_YPDRapa	train
17030	1394_YPDRapa	train
17031	1395_YPDRapa	train
17032	1396_YPDRapa	train
17033	1397_YPDRapa	train
17034	1398_YPDRapa	train
17035	1399_YPDRapa	train
17036	1400_YPDRapa	train
17037	1401_YPDRapa	train
17038	1402_YPDRapa	train
17039	1403_YPDRapa	train
17040	1404_YPDRapa	train
17041	1405_YPDRapa	train
17042	1406_YPDRapa	train
17043	1407_YPDRapa	train
17044	1408_YPDRapa	train
17045	1409_YPDRapa	train
17046	1410_YPDRapa	validation
17047	1411_YPDRapa	train
17048	1412_YPDRapa	train
17049	1413_YPDRapa	train
17050	1414_YPDRapa	train
17051	1415_YPDRapa	train
17052	1416_YPDRapa	train
17053	1417_YPDRapa	train
17054	1418_YPDRapa	train
17055	1419_YPDRapa	train
17056	1420_YPDRapa	train
17057	1421_YPDRapa	train
17058	1422_YPDRapa	train
17059	1423_YPDRapa	train
17060	1424_YPDRapa	train
17061	1425_YPDRapa	train
17062	1426_YPDRapa	train
17063	1427_YPDRapa	train
17064	1428_YPDRapa	train
17065	1429_YPDRapa	train
17066	1430_YPDRapa	train
17067	1431_YPDRapa	train
17068	1432_YPDRapa	train
17069	1433_YPDRapa	train
17070	1434_YPDRapa	train
17071	1435_YPDRapa	train
17072	1436_YPDRapa	train
17073	1437_YPDRapa	train
17074	1438_YPDRapa	train
17075	1439_YPDRapa	train
17076	1440_YPDRapa	train
17077	1441_YPDRapa	train
17078	1442_YPDRapa	train
17079	1443_YPDRapa	train
17080	1444_YPDRapa	validation
17081	1445_YPDRapa	train
17082	1446_YPDRapa	train
17083	1447_YPDRapa	train
17084	1448_YPDRapa	train
17085	1449_YPDRapa	train
17086	1450_YPDRapa	train
17087	1451_YPDRapa	train
17088	1452_YPDRapa	train
17089	1453_YPDRapa	train
17090	1454_YPDRapa	train
17091	1455_YPDRapa	train
17092	1456_YPDRapa	train
17093	1457_YPDRapa	train
17094	1458_YPDRapa	train
17095	1459_YPDRapa	train
17096	1460_YPDRapa	train
17097	1461_YPDRapa	train
17098	1462_YPDRapa	train
17099	1463_YPDRapa	train
17100	1464_YPDRapa	validation
17101	1465_YPDRapa	train
17102	1466_YPDRapa	train
17103	1467_YPDRapa	train
17104	1468_YPDRapa	train
17105	1469_YPDRapa	validation
17106	1470_YPDRapa	train
17107	1471_YPDRapa	train
17108	1472_YPDRapa	train
17109	1473_YPDRapa	train
17110	1474_YPDRapa	train
17111	1475_YPDRapa	train
17112	1476_YPDRapa	train
17113	1477_YPDRapa	train
17114	1478_YPDRapa	validation
17115	1479_YPDRapa	train
17116	1480_YPDRapa	train
17117	1481_YPDRapa	train
17118	1482_YPDRapa	train
17119	1483_YPDRapa	train
17120	1484_YPDRapa	train
17121	1485_YPDRapa	train
17122	1486_YPDRapa	train
17123	1487_YPDRapa	train
17124	1488_YPDRapa	train
17125	1489_YPDRapa	train
17126	1490_YPDRapa	train
17127	1491_YPDRapa	train
17128	1492_YPDRapa	train
17129	1493_YPDRapa	train
17130	1494_YPDRapa	train
17131	1495_YPDRapa	train
17132	1496_YPDRapa	train
17133	1497_YPDRapa	train
17134	1498_YPDRapa	train
17135	1499_YPDRapa	train
17136	1500_YPDRapa	train
17137	1501_YPDRapa	train
17138	1502_YPDRapa	train
17139	1503_YPDRapa	train
17140	1504_YPDRapa	train
17141	1505_YPDRapa	train
17142	1506_YPDRapa	train
17143	1507_YPDRapa	train
17144	1508_YPDRapa	train
17145	1509_YPDRapa	train
17146	1510_YPDRapa	train
17147	1511_YPDRapa	train
17148	1512_YPDRapa	train
17149	1513_YPDRapa	train
17150	1514_YPDRapa	train
17151	1515_YPDRapa	train
17152	1516_YPDRapa	train
17153	1517_YPDRapa	train
17154	1518_YPDRapa	train
17155	1519_YPDRapa	train
17156	1520_YPDRapa	train
17157	1521_YPDRapa	train
17158	1522_YPDRapa	train
17159	1523_YPDRapa	train
17160	1524_YPDRapa	train
17161	1525_YPDRapa	train
17162	1526_YPDRapa	train
17163	1527_YPDRapa	train
17164	1528_YPDRapa	train
17165	1529_YPDRapa	train
17166	1530_YPDRapa	train
17167	1531_YPDRapa	train
17168	1532_YPDRapa	train
17169	1533_YPDRapa	train
17170	1534_YPDRapa	train
17171	1535_YPDRapa	train
17172	1536_YPDRapa	train
17173	1537_YPDRapa	train
17174	1538_YPDRapa	train
17175	1539_YPDRapa	train
17176	1540_YPDRapa	train
17177	1541_YPDRapa	train
17178	1542_YPDRapa	train
17179	1543_YPDRapa	train
17180	1544_YPDRapa	train
17181	1545_YPDRapa	train
17182	1546_YPDRapa	train
17183	1547_YPDRapa	train
17184	1548_YPDRapa	train
17185	1549_YPDRapa	train
17186	1550_YPDRapa	train
17187	1551_YPDRapa	train
17188	1552_YPDRapa	train
17189	1553_YPDRapa	train
17190	1554_YPDRapa	train
17191	1555_YPDRapa	train
17192	1556_YPDRapa	train
17193	1557_YPDRapa	train
17194	1558_YPDRapa	train
17195	1559_YPDRapa	validation
17196	1560_YPDRapa	train
17197	1561_YPDRapa	train
17198	1562_YPDRapa	train
17199	1563_YPDRapa	train
17200	1564_YPDRapa	train
17201	1565_YPDRapa	train
17202	1566_YPDRapa	train
17203	1567_YPDRapa	train
17204	1568_YPDRapa	train
17205	1569_YPDRapa	train
17206	1570_YPDRapa	train
17207	1571_YPDRapa	train
17208	1572_YPDRapa	train
17209	1573_YPDRapa	train
17210	1574_YPDRapa	train
17211	1575_YPDRapa	train
17212	1576_YPDRapa	train
17213	1577_YPDRapa	train
17214	1578_YPDRapa	validation
17215	1579_YPDRapa	train
17216	1580_YPDRapa	train
17217	1581_YPDRapa	train
17218	1582_YPDRapa	train
17219	1583_YPDRapa	train
17220	1584_YPDRapa	train
17221	1585_YPDRapa	validation
17222	1586_YPDRapa	train
17223	1587_YPDRapa	train
17224	1588_YPDRapa	train
17225	1589_YPDRapa	train
17226	1590_YPDRapa	train
17227	1591_YPDRapa	train
17228	1592_YPDRapa	train
17229	1593_YPDRapa	train
17230	1594_YPDRapa	train
17231	1595_YPDRapa	train
17232	1596_YPDRapa	train
17233	1597_YPDRapa	validation
17234	1598_YPDRapa	train
17235	1599_YPDRapa	train
17236	1600_YPDRapa	train
17237	1601_YPDRapa	train
17238	1602_YPDRapa	train
17239	1603_YPDRapa	train
17240	1604_YPDRapa	train
17241	1605_YPDRapa	train
17242	1606_YPDRapa	train
17243	1607_YPDRapa	train
17244	1608_YPDRapa	train
17245	1609_YPDRapa	train
17246	1610_YPDRapa	train
17247	1611_YPDRapa	train
17248	1612_YPDRapa	train
17249	1613_YPDRapa	train
17250	1614_YPDRapa	train
17251	1615_YPDRapa	train
17252	1616_YPDRapa	train
17253	1617_YPDRapa	train
17254	1618_YPDRapa	train
17255	1619_YPDRapa	train
17256	1620_YPDRapa	train
17257	1621_YPDRapa	train
17258	1622_YPDRapa	train
17259	1623_YPDRapa	train
17260	1624_YPDRapa	validation
17261	1625_YPDRapa	train
17262	1626_YPDRapa	train
17263	1627_YPDRapa	train
17264	1628_YPDRapa	train
17265	1629_YPDRapa	train
17266	1630_YPDRapa	train
17267	1631_YPDRapa	train
17268	1632_YPDRapa	train
17269	1633_YPDRapa	train
17270	1634_YPDRapa	train
17271	1635_YPDRapa	train
17272	1636_YPDRapa	train
17273	1637_YPDRapa	train
17274	1638_YPDRapa	train
17275	1639_YPDRapa	train
17276	1640_YPDRapa	train
17277	1641_YPDRapa	train
17278	1642_YPDRapa	train
17279	1643_YPDRapa	train
17280	1644_YPDRapa	train
17281	1645_YPDRapa	train
17282	1646_YPDRapa	train
17283	1647_YPDRapa	train
17284	1648_YPDRapa	train
17285	1649_YPDRapa	train
17286	1650_YPDRapa	train
17287	1651_YPDRapa	train
17288	1652_YPDRapa	train
17289	1653_YPDRapa	train
17290	1654_YPDRapa	train
17291	1655_YPDRapa	train
17292	1656_YPDRapa	train
17293	1657_YPDRapa	train
17294	1658_YPDRapa	train
17295	1659_YPDRapa	train
17296	1660_YPDRapa	train
17297	1661_YPDRapa	train
17298	1662_YPDRapa	train
17299	1663_YPDRapa	train
17300	1664_YPDRapa	train
17301	1665_YPDRapa	train
17302	1666_YPDRapa	validation
17303	1667_YPDRapa	train
17304	1668_YPDRapa	train
17305	1669_YPDRapa	train
17306	1670_YPDRapa	train
17307	1671_YPDRapa	train
17308	1672_YPDRapa	train
17309	1673_YPDRapa	train
17310	1674_YPDRapa	train
17311	1675_YPDRapa	train
17312	1676_YPDRapa	train
17313	1677_YPDRapa	train
17314	1678_YPDRapa	train
17315	1679_YPDRapa	train
17316	1680_YPDRapa	train
17317	1681_YPDRapa	train
17318	1682_YPDRapa	train
17319	1683_YPDRapa	train
17320	1684_YPDRapa	train
17321	1685_YPDRapa	train
17322	1686_YPDRapa	train
17323	1687_YPDRapa	train
17324	1688_YPDRapa	train
17325	1689_YPDRapa	train
17326	1690_YPDRapa	train
17327	1691_YPDRapa	train
17328	1692_YPDRapa	train
17329	1693_YPDRapa	train
17330	1694_YPDRapa	train
17331	1695_YPDRapa	train
17332	1696_YPDRapa	train
17333	1697_YPDRapa	train
17334	1698_YPDRapa	train
17335	1699_YPDRapa	train
17336	1700_YPDRapa	train
17337	1701_YPDRapa	train
17338	1702_YPDRapa	train
17339	1703_YPDRapa	train
17340	1704_YPDRapa	train
17341	1705_YPDRapa	validation
17342	1706_YPDRapa	train
17343	1707_YPDRapa	train
17344	1708_YPDRapa	train
17345	1709_YPDRapa	train
17346	1710_YPDRapa	train
17347	1711_YPDRapa	train
17348	1712_YPDRapa	train
17349	1713_YPDRapa	train
17350	1714_YPDRapa	train
17351	1715_YPDRapa	train
17352	1716_YPDRapa	train
17353	1717_YPDRapa	train
17354	1718_YPDRapa	train
17355	1719_YPDRapa	train
17356	1720_YPDRapa	train
17357	1721_YPDRapa	train
17358	1722_YPDRapa	train
17359	1723_YPDRapa	train
17360	1724_YPDRapa	train
17361	1725_YPDRapa	train
17362	1726_YPDRapa	train
17363	1727_YPDRapa	train
17364	1728_YPDRapa	train
17365	1729_YPDRapa	train
17366	1730_YPDRapa	train
17367	1731_YPDRapa	train
17368	1732_YPDRapa	train
17369	1733_YPDRapa	validation
17370	1734_YPDRapa	train
17371	1735_YPDRapa	train
17372	1736_YPDRapa	train
17373	1737_YPDRapa	train
17374	1738_YPDRapa	train
17375	1739_YPDRapa	train
17376	1740_YPDRapa	validation
17377	1741_YPDRapa	train
17378	1742_YPDRapa	train
17379	1743_YPDRapa	train
17380	1744_YPDRapa	train
17381	1745_YPDRapa	train
17382	1746_YPDRapa	train
17383	1747_YPDRapa	validation
17384	1748_YPDRapa	train
17385	1749_YPDRapa	train
17386	1750_YPDRapa	train
17387	1751_YPDRapa	train
17388	1752_YPDRapa	train
17389	1753_YPDRapa	train
17390	1754_YPDRapa	train
17391	1755_YPDRapa	train
17392	1756_YPDRapa	train
17393	1757_YPDRapa	train
17394	1758_YPDRapa	train
17395	1759_YPDRapa	train
17396	1760_YPDRapa	train
17397	1761_YPDRapa	train
17398	1762_YPDRapa	train
17399	1763_YPDRapa	train
17400	1764_YPDRapa	train
17401	1765_YPDRapa	validation
17402	1766_YPDRapa	validation
17403	1767_YPDRapa	train
17404	1768_YPDRapa	validation
17405	1769_YPDRapa	train
17406	1770_YPDRapa	train
17407	1771_YPDRapa	train
17408	1772_YPDRapa	train
17409	1773_YPDRapa	train
17410	1774_YPDRapa	train
17411	1775_YPDRapa	train
17412	1776_YPDRapa	train
17413	1777_YPDRapa	train
17414	1778_YPDRapa	train
17415	1779_YPDRapa	train
17416	1780_YPDRapa	train
17417	1781_YPDRapa	validation
17418	1782_YPDRapa	train
17419	1783_YPDRapa	validation
17420	1784_YPDRapa	train
17421	1785_YPDRapa	train
17422	1786_YPDRapa	train
17423	1787_YPDRapa	train
17424	1788_YPDRapa	train
17425	1789_YPDRapa	train
17426	1790_YPDRapa	train
17427	1791_YPDRapa	train
17428	1792_YPDRapa	train
17429	1793_YPDRapa	train
17430	1794_YPDRapa	train
17431	1795_YPDRapa	train
17432	1796_YPDRapa	train
17433	1797_YPDRapa	train
17434	1798_YPDRapa	train
17435	1799_YPDRapa	train
17436	1800_YPDRapa	train
17437	1801_YPDRapa	train
17438	1802_YPDRapa	train
17439	1803_YPDRapa	train
17440	1804_YPDRapa	train
17441	1805_YPDRapa	train
17442	1806_YPDRapa	train
17443	1807_YPDRapa	validation
17444	1808_YPDRapa	train
17445	1809_YPDRapa	train
17446	1810_YPDRapa	train
17447	1811_YPDRapa	train
17448	1812_YPDRapa	train
17449	1813_YPDRapa	train
17450	1814_YPDRapa	train
17451	1815_YPDRapa	train
17452	1816_YPDRapa	train
17453	1817_YPDRapa	train
17454	1818_YPDRapa	validation
17455	1819_YPDRapa	train
17456	1820_YPDRapa	train
17457	1821_YPDRapa	train
17458	1822_YPDRapa	train
17459	1823_YPDRapa	validation
17460	1824_YPDRapa	train
17461	1825_YPDRapa	train
17462	1826_YPDRapa	train
17463	1827_YPDRapa	train
17464	1828_YPDRapa	train
17465	1829_YPDRapa	train
17466	1830_YPDRapa	train
17467	1831_YPDRapa	train
17468	1832_YPDRapa	train
17469	1833_YPDRapa	train
17470	1834_YPDRapa	train
17471	1835_YPDRapa	train
17472	1836_YPDRapa	train
17473	1837_YPDRapa	train
17474	1838_YPDRapa	validation
17475	1839_YPDRapa	train
17476	1840_YPDRapa	train
17477	1841_YPDRapa	train
17478	1842_YPDRapa	train
17479	1843_YPDRapa	train
17480	1844_YPDRapa	train
17481	1845_YPDRapa	validation
17482	1846_YPDRapa	train
17483	1847_YPDRapa	train
17484	1848_YPDRapa	train
17485	1849_YPDRapa	train
17486	1850_YPDRapa	train
17487	1851_YPDRapa	train
17488	1852_YPDRapa	train
17489	1853_YPDRapa	train
17490	1854_YPDRapa	train
17491	1855_YPDRapa	train
17492	1856_YPDRapa	train
17493	1857_YPDRapa	train
17494	1858_YPDRapa	train
17495	1859_YPDRapa	train
17496	1860_YPDRapa	train
17497	1861_YPDRapa	train
17498	1862_YPDRapa	train
17499	1863_YPDRapa	train
17500	1864_YPDRapa	train
17501	1865_YPDRapa	train
17502	1866_YPDRapa	train
17503	1867_YPDRapa	train
17504	1868_YPDRapa	train
17505	1869_YPDRapa	train
17506	1870_YPDRapa	train
17507	1871_YPDRapa	train
17508	1872_YPDRapa	train
17509	1873_YPDRapa	train
17510	1874_YPDRapa	train
17511	1875_YPDRapa	train
17512	1876_YPDRapa	train
17513	1877_YPDRapa	train
17514	1878_YPDRapa	train
17515	1879_YPDRapa	train
17516	1880_YPDRapa	train
17517	1881_YPDRapa	train
17518	1882_YPDRapa	train
17519	1883_YPDRapa	train
17520	1884_YPDRapa	train
17521	1885_YPDRapa	train
17522	1886_YPDRapa	train
17523	1887_YPDRapa	train
17524	1888_YPDRapa	train
17525	1889_YPDRapa	train
17526	1890_YPDRapa	train
17527	1891_YPDRapa	train
17528	1892_YPDRapa	train
17529	1893_YPDRapa	train
17530	1894_YPDRapa	train
17531	1895_YPDRapa	train
17532	1896_YPDRapa	train
17533	1897_YPDRapa	train
17534	1898_YPDRapa	train
17535	1899_YPDRapa	train
17536	1900_YPDRapa	train
17537	1901_YPDRapa	train
17538	1902_YPDRapa	train
17539	1903_YPDRapa	train
17540	1904_YPDRapa	train
17541	1905_YPDRapa	train
17542	1906_YPDRapa	train
17543	1907_YPDRapa	train
17544	1908_YPDRapa	train
17545	1909_YPDRapa	train
17546	1910_YPDRapa	train
17547	1911_YPDRapa	train
17548	1912_YPDRapa	train
17549	1913_YPDRapa	train
17550	1914_YPDRapa	train
17551	1915_YPDRapa	train
17552	1916_YPDRapa	train
17553	1917_YPDRapa	train
17554	1918_YPDRapa	train
17555	1919_YPDRapa	train
17556	1920_YPDRapa	train
17557	1921_YPDRapa	train
17558	1922_YPDRapa	train
17559	1923_YPDRapa	train
17560	1924_YPDRapa	train
17561	1925_YPDRapa	validation
17562	1926_YPDRapa	train
17563	1927_YPDRapa	train
17564	1928_YPDRapa	train
17565	1929_YPDRapa	train
17566	1930_YPDRapa	train
17567	1931_YPDRapa	train
17568	1932_YPDRapa	train
17569	1933_YPDRapa	train
17570	1934_YPDRapa	train
17571	1935_YPDRapa	train
17572	1936_YPDRapa	train
17573	1937_YPDRapa	train
17574	1938_YPDRapa	train
17575	1939_YPDRapa	train
17576	1940_YPDRapa	train
17577	1941_YPDRapa	train
17578	1942_YPDRapa	train
17579	1943_YPDRapa	train
17580	1944_YPDRapa	train
17581	1945_YPDRapa	train
17582	1946_YPDRapa	train
17583	1947_YPDRapa	train
17584	1948_YPDRapa	train
17585	1949_YPDRapa	train
17586	1950_YPDRapa	train
17587	1951_YPDRapa	train
17588	1952_YPDRapa	train
17589	1953_YPDRapa	train
17590	1954_YPDRapa	validation
17591	1955_YPDRapa	train
17592	1956_YPDRapa	train
17593	1957_YPDRapa	train
17594	1958_YPDRapa	train
17595	1959_YPDRapa	train
17596	1960_YPDRapa	train
17597	1961_YPDRapa	train
17598	1962_YPDRapa	train
17599	1963_YPDRapa	train
17600	1964_YPDRapa	train
17601	1965_YPDRapa	train
17602	1966_YPDRapa	train
17603	1967_YPDRapa	train
17604	1968_YPDRapa	train
17605	1969_YPDRapa	train
17606	1970_YPDRapa	train
17607	1971_YPDRapa	train
17608	1972_YPDRapa	train
17609	1973_YPDRapa	train
17610	1974_YPDRapa	train
17611	1975_YPDRapa	train
17612	1976_YPDRapa	train
17613	1977_YPDRapa	train
17614	1978_YPDRapa	train
17615	1979_YPDRapa	train
17616	1980_YPDRapa	train
17617	1981_YPDRapa	train
17618	1982_YPDRapa	train
17619	1983_YPDRapa	train
17620	1984_YPDRapa	train
17621	1985_YPDRapa	train
17622	1986_YPDRapa	train
17623	1987_YPDRapa	validation
17624	1988_YPDRapa	train
17625	1989_YPDRapa	train
17626	1990_YPDRapa	train
17627	1991_YPDRapa	train
17628	1992_YPDRapa	train
17629	1993_YPDRapa	train
17630	1994_YPDRapa	train
17631	1995_YPDRapa	train
17632	1996_YPDRapa	train
17633	1997_YPDRapa	train
17634	1998_YPDRapa	train
17635	1999_YPDRapa	train
17636	2000_YPDRapa	train
17637	2001_YPDRapa	train
17638	2002_YPDRapa	train
17639	2003_YPDRapa	train
17640	2004_YPDRapa	train
17641	2005_YPDRapa	train
17642	2006_YPDRapa	train
17643	2007_YPDRapa	train
17644	2008_YPDRapa	train
17645	2009_YPDRapa	validation
17646	2010_YPDRapa	train
17647	2011_YPDRapa	train
17648	2012_YPDRapa	train
17649	2013_YPDRapa	train
17650	2014_YPDRapa	train
17651	2015_YPDRapa	train
17652	2016_YPDRapa	train
17653	2017_YPDRapa	train
17654	2018_YPDRapa	train
17655	2019_YPDRapa	train
17656	2020_YPDRapa	validation
17657	2021_YPDRapa	train
17658	2022_YPDRapa	train
17659	2023_YPDRapa	train
17660	2024_YPDRapa	train
17661	2025_YPDRapa	train
17662	2026_YPDRapa	train
17663	2027_YPDRapa	train
17664	2028_YPDRapa	train
17665	2029_YPDRapa	train
17666	2030_YPDRapa	train
17667	2031_YPDRapa	train
17668	2032_YPDRapa	train
17669	2033_YPDRapa	train
17670	2034_YPDRapa	train
17671	2035_YPDRapa	train
17672	2036_YPDRapa	train
17673	2037_YPDRapa	train
17674	2038_YPDRapa	train
17675	2039_YPDRapa	train
17676	2040_YPDRapa	train
17677	2041_YPDRapa	train
17678	2042_YPDRapa	train
17679	2043_YPDRapa	train
17680	2044_YPDRapa	validation
17681	2045_YPDRapa	train
17682	2046_YPDRapa	train
17683	2047_YPDRapa	train
17684	2048_YPDRapa	train
17685	2049_YPDRapa	train
17686	2050_YPDRapa	train
17687	2051_YPDRapa	validation
17688	2052_YPDRapa	train
17689	2053_YPDRapa	train
17690	2054_YPDRapa	validation
17691	2055_YPDRapa	train
17692	2056_YPDRapa	train
17693	2057_YPDRapa	train
17694	2058_YPDRapa	train
17695	2059_YPDRapa	train
17696	2060_YPDRapa	train
17697	2061_YPDRapa	train
17698	2062_YPDRapa	train
17699	2063_YPDRapa	validation
17700	2064_YPDRapa	train
17701	2065_YPDRapa	train
17702	2066_YPDRapa	train
17703	2067_YPDRapa	train
17704	2068_YPDRapa	train
17705	2069_YPDRapa	train
17706	2070_YPDRapa	train
17707	2071_YPDRapa	train
17708	2072_YPDRapa	train
17709	2073_YPDRapa	train
17710	2074_YPDRapa	train
17711	2075_YPDRapa	train
17712	2076_YPDRapa	train
17713	2077_YPDRapa	validation
17714	2078_YPDRapa	validation
17715	2079_YPDRapa	train
17716	2080_YPDRapa	train
17717	2081_YPDRapa	train
17718	2082_YPDRapa	train
17719	2083_YPDRapa	train
17720	2084_YPDRapa	train
17721	2085_YPDRapa	train
17722	2086_YPDRapa	train
17723	2087_YPDRapa	train
17724	2088_YPDRapa	train
17725	2089_YPDRapa	train
17726	2090_YPDRapa	train
17727	2091_YPDRapa	train
17728	2092_YPDRapa	validation
17729	2093_YPDRapa	train
17730	2094_YPDRapa	train
17731	2095_YPDRapa	train
17732	2096_YPDRapa	train
17733	2097_YPDRapa	train
17734	2098_YPDRapa	train
17735	2099_YPDRapa	train
17736	2100_YPDRapa	train
17737	2101_YPDRapa	train
17738	2102_YPDRapa	train
17739	2103_YPDRapa	train
17740	2104_YPDRapa	train
17741	2105_YPDRapa	train
17742	2106_YPDRapa	train
17743	2107_YPDRapa	train
17744	2108_YPDRapa	train
17745	2109_YPDRapa	train
17746	2110_YPDRapa	train
17747	2111_YPDRapa	train
17748	2112_YPDRapa	train
17749	2113_YPDRapa	train
17750	2114_YPDRapa	train
17751	2115_YPDRapa	train
17752	2116_YPDRapa	train
17753	2117_YPDRapa	train
17754	2118_YPDRapa	train
17755	2119_YPDRapa	train
17756	2120_YPDRapa	train
17757	2121_YPDRapa	train
17758	2122_YPDRapa	train
17759	2123_YPDRapa	train
17760	2124_YPDRapa	train
17761	2125_YPDRapa	train
17762	2126_YPDRapa	train
17763	2127_YPDRapa	train
17764	2128_YPDRapa	train
17765	2129_YPDRapa	train
17766	2130_YPDRapa	train
17767	2131_YPDRapa	train
17768	2132_YPDRapa	train
17769	2133_YPDRapa	train
17770	2134_YPDRapa	train
17771	2135_YPDRapa	train
17772	2136_YPDRapa	train
17773	2137_YPDRapa	train
17774	2138_YPDRapa	train
17775	2139_YPDRapa	train
17776	2140_YPDRapa	train
17777	2141_YPDRapa	train
17778	2142_YPDRapa	validation
17779	2143_YPDRapa	train
17780	2144_YPDRapa	train
17781	2145_YPDRapa	train
17782	2146_YPDRapa	train
17783	2147_YPDRapa	train
17784	2148_YPDRapa	train
17785	2149_YPDRapa	train
17786	2150_YPDRapa	train
17787	2151_YPDRapa	train
17788	2152_YPDRapa	train
17789	2153_YPDRapa	train
17790	2154_YPDRapa	train
17791	2155_YPDRapa	train
17792	2156_YPDRapa	train
17793	2157_YPDRapa	train
17794	2158_YPDRapa	train
17795	2159_YPDRapa	train
17796	2160_YPDRapa	train
17797	2161_YPDRapa	train
17798	2162_YPDRapa	train
17799	2163_YPDRapa	train
17800	2164_YPDRapa	train
17801	2165_YPDRapa	train
17802	2166_YPDRapa	train
17803	2167_YPDRapa	train
17804	2168_YPDRapa	train
17805	2169_YPDRapa	train
17806	2170_YPDRapa	train
17807	2171_YPDRapa	train
17808	2172_YPDRapa	train
17809	2173_YPDRapa	train
17810	2174_YPDRapa	train
17811	2175_YPDRapa	train
17812	2176_YPDRapa	train
17813	2177_YPDRapa	train
17814	2178_YPDRapa	train
17815	2179_YPDRapa	train
17816	2180_YPDRapa	train
17817	2181_YPDRapa	train
17818	2182_YPDRapa	train
17819	2183_YPDRapa	train
17820	2184_YPDRapa	train
17821	2185_YPDRapa	train
17822	2186_YPDRapa	train
17823	2187_YPDRapa	train
17824	2188_YPDRapa	train
17825	2189_YPDRapa	validation
17826	2190_YPDRapa	train
17827	2191_YPDRapa	validation
17828	2192_YPDRapa	train
17829	2193_YPDRapa	train
17830	2194_YPDRapa	train
17831	2195_YPDRapa	train
17832	2196_YPDRapa	train
17833	2197_YPDRapa	train
17834	2198_YPDRapa	train
17835	2199_YPDRapa	train
17836	2200_YPDRapa	train
17837	2201_YPDRapa	train
17838	2202_YPDRapa	train
17839	2203_YPDRapa	train
17840	2204_YPDRapa	train
17841	2205_YPDRapa	train
17842	2206_YPDRapa	train
17843	2207_YPDRapa	validation
17844	2208_YPDRapa	train
17845	2209_YPDRapa	validation
17846	2210_YPDRapa	validation
17847	2211_YPDRapa	train
17848	2212_YPDRapa	train
17849	2213_YPDRapa	train
17850	2214_YPDRapa	train
17851	2215_YPDRapa	train
17852	2216_YPDRapa	train
17853	2217_YPDRapa	train
17854	2218_YPDRapa	train
17855	2219_YPDRapa	train
17856	2220_YPDRapa	validation
17857	2221_YPDRapa	train
17858	2222_YPDRapa	train
17859	2223_YPDRapa	train
17860	2224_YPDRapa	train
17861	2225_YPDRapa	train
17862	2226_YPDRapa	train
17863	2227_YPDRapa	train
17864	2228_YPDRapa	train
17865	2229_YPDRapa	train
17866	2230_YPDRapa	train
17867	2231_YPDRapa	train
17868	2232_YPDRapa	validation
17869	2233_YPDRapa	train
17870	2234_YPDRapa	train
17871	2235_YPDRapa	train
17872	2236_YPDRapa	train
17873	2237_YPDRapa	train
17874	2238_YPDRapa	train
17875	2239_YPDRapa	train
17876	2240_YPDRapa	train
17877	2241_YPDRapa	train
17878	2242_YPDRapa	train
17879	2243_YPDRapa	train
17880	2244_YPDRapa	train
17881	2245_YPDRapa	train
17882	2246_YPDRapa	train
17883	2247_YPDRapa	train
17884	2248_YPDRapa	train
17885	2249_YPDRapa	train
17886	2250_YPDRapa	train
17887	2251_YPDRapa	train
17888	2252_YPDRapa	train
17889	2253_YPDRapa	train
17890	2254_YPDRapa	train
17891	2255_YPDRapa	train
17892	2256_YPDRapa	train
17893	2257_YPDRapa	train
17894	2258_YPDRapa	train
17895	2259_YPDRapa	train
17896	2260_YPDRapa	train
17897	2261_YPDRapa	train
17898	2262_YPDRapa	train
17899	2263_YPDRapa	train
17900	2264_YPDRapa	train
17901	2265_YPDRapa	train
17902	2266_YPDRapa	train
17903	2267_YPDRapa	validation
17904	2268_YPDRapa	train
17905	2269_YPDRapa	train
17906	2270_YPDRapa	train
17907	2271_YPDRapa	train
17908	2272_YPDRapa	train
17909	2273_YPDRapa	train
17910	2274_YPDRapa	train
17911	2275_YPDRapa	train
17912	2276_YPDRapa	train
17913	2277_YPDRapa	train
17914	2278_YPDRapa	train
17915	2279_YPDRapa	train
17916	2280_YPDRapa	train
17917	2281_YPDRapa	train
17918	2282_YPDRapa	validation
17919	2283_YPDRapa	train
17920	2284_YPDRapa	train
17921	2285_YPDRapa	train
17922	2286_YPDRapa	train
17923	2287_YPDRapa	train
17924	2288_YPDRapa	train
17925	2289_YPDRapa	train
17926	2290_YPDRapa	train
17927	2291_YPDRapa	train
17928	2292_YPDRapa	train
17929	2293_YPDRapa	train
17930	2294_YPDRapa	train
17931	2295_YPDRapa	train
17932	2296_YPDRapa	train
17933	2297_YPDRapa	train
17934	2298_YPDRapa	train
17935	2299_YPDRapa	validation
17936	2300_YPDRapa	train
17937	2301_YPDRapa	train
17938	2302_YPDRapa	train
17939	2303_YPDRapa	train
17940	2304_YPDRapa	train
17941	2305_YPDRapa	train
17942	2306_YPDRapa	train
17943	2307_YPDRapa	validation
17944	2308_YPDRapa	train
17945	2309_YPDRapa	train
17946	2310_YPDRapa	train
17947	2311_YPDRapa	train
17948	2312_YPDRapa	train
17949	2313_YPDRapa	train
17950	2314_YPDRapa	train
17951	2315_YPDRapa	train
17952	2316_YPDRapa	train
17953	2317_YPDRapa	train
17954	2318_YPDRapa	train
17955	2319_YPDRapa	train
17956	2320_YPDRapa	train
17957	2321_YPDRapa	train
17958	2322_YPDRapa	train
17959	2323_YPDRapa	train
17960	2324_YPDRapa	train
17961	2325_YPDRapa	train
17962	2326_YPDRapa	train
17963	2327_YPDRapa	train
17964	2328_YPDRapa	train
17965	2329_YPDRapa	train
17966	2330_YPDRapa	train
17967	2331_YPDRapa	train
17968	2332_YPDRapa	train
17969	2333_YPDRapa	train
17970	2334_YPDRapa	train
17971	2335_YPDRapa	train
17972	2336_YPDRapa	train
17973	2337_YPDRapa	train
17974	2338_YPDRapa	train
17975	2339_YPDRapa	train
17976	2340_YPDRapa	train
17977	2341_YPDRapa	train
17978	2342_YPDRapa	train
17979	2343_YPDRapa	train
17980	2344_YPDRapa	train
17981	2345_YPDRapa	train
17982	2346_YPDRapa	train
17983	2347_YPDRapa	train
17984	2348_YPDRapa	train
17985	2349_YPDRapa	train
17986	2350_YPDRapa	train
17987	2351_YPDRapa	train
17988	2352_YPDRapa	train
17989	2353_YPDRapa	train
17990	2354_YPDRapa	train
17991	2355_YPDRapa	validation
17992	2356_YPDRapa	train
17993	2357_YPDRapa	train
17994	2358_YPDRapa	validation
17995	2359_YPDRapa	train
17996	2360_YPDRapa	train
17997	2361_YPDRapa	train
17998	2362_YPDRapa	train
17999	2363_YPDRapa	train
18000	2364_YPDRapa	train
18001	2365_YPDRapa	train
18002	2366_YPDRapa	train
18003	2367_YPDRapa	train
18004	2368_YPDRapa	train
18005	2369_YPDRapa	train
18006	2370_YPDRapa	train
18007	2371_YPDRapa	train
18008	2372_YPDRapa	validation
18009	2373_YPDRapa	train
18010	2374_YPDRapa	train
18011	2375_YPDRapa	train
18012	2376_YPDRapa	train
18013	2377_YPDRapa	train
18014	2378_YPDRapa	train
18015	2379_YPDRapa	train
18016	2380_YPDRapa	validation
18017	2381_YPDRapa	train
18018	2382_YPDRapa	validation
18019	2383_YPDRapa	train
18020	2384_YPDRapa	train
18021	2385_YPDRapa	train
18022	2386_YPDRapa	train
18023	2387_YPDRapa	train
18024	2388_YPDRapa	train
18025	2389_YPDRapa	train
18026	2390_YPDRapa	train
18027	2391_YPDRapa	train
18028	2392_YPDRapa	train
18029	2393_YPDRapa	train
18030	2394_YPDRapa	train
18031	2395_YPDRapa	train
18032	2396_YPDRapa	train
18033	2397_YPDRapa	train
18034	2398_YPDRapa	train
18035	2399_YPDRapa	train
18036	2400_YPDRapa	train
18037	2401_YPDRapa	validation
18038	2402_YPDRapa	train
18039	2403_YPDRapa	train
18040	2404_YPDRapa	train
18041	2405_YPDRapa	train
18042	2406_YPDRapa	train
18043	2407_YPDRapa	train
18044	2408_YPDRapa	train
18045	2409_YPDRapa	train
18046	2410_YPDRapa	train
18047	2411_YPDRapa	train
18048	2412_YPDRapa	train
18049	2413_YPDRapa	validation
18050	2414_YPDRapa	train
18051	2415_YPDRapa	train
18052	2416_YPDRapa	train
18053	2417_YPDRapa	train
18054	2418_YPDRapa	train
18055	2419_YPDRapa	train
18056	2420_YPDRapa	train
18057	2421_YPDRapa	train
18058	2422_YPDRapa	train
18059	2423_YPDRapa	train
18060	2424_YPDRapa	train
18061	2425_YPDRapa	train
18062	2426_YPDRapa	train
18063	2427_YPDRapa	train
18064	2428_YPDRapa	train
18065	2429_YPDRapa	train
18066	2430_YPDRapa	train
18067	2431_YPDRapa	train
18068	2432_YPDRapa	train
18069	2433_YPDRapa	train
18070	2434_YPDRapa	train
18071	2435_YPDRapa	train
18072	2436_YPDRapa	train
18073	2437_YPDRapa	train
18074	2438_YPDRapa	train
18075	2439_YPDRapa	train
18076	2440_YPDRapa	train
18077	2441_YPDRapa	train
18078	2442_YPDRapa	train
18079	2443_YPDRapa	train
18080	2444_YPDRapa	train
18081	2445_YPDRapa	train
18082	2446_YPDRapa	train
18083	2447_YPDRapa	train
18084	2448_YPDRapa	train
18085	2449_YPDRapa	train
18086	2450_YPDRapa	validation
18087	2451_YPDRapa	train
18088	2452_YPDRapa	train
18089	2453_YPDRapa	train
18090	2454_YPDRapa	train
18091	2455_YPDRapa	train
18092	2456_YPDRapa	train
18093	2457_YPDRapa	train
18094	2458_YPDRapa	train
18095	2459_YPDRapa	train
18096	2460_YPDRapa	train
18097	2461_YPDRapa	train
18098	2462_YPDRapa	train
18099	2463_YPDRapa	train
18100	2464_YPDRapa	train
18101	2465_YPDRapa	train
18102	2466_YPDRapa	train
18103	2467_YPDRapa	train
18104	2468_YPDRapa	train
18105	2469_YPDRapa	train
18106	2470_YPDRapa	train
18107	2471_YPDRapa	train
18108	2472_YPDRapa	train
18109	2473_YPDRapa	train
18110	2474_YPDRapa	train
18111	2475_YPDRapa	train
18112	2476_YPDRapa	train
18113	2477_YPDRapa	train
18114	2478_YPDRapa	train
18115	2479_YPDRapa	train
18116	2480_YPDRapa	train
18117	2481_YPDRapa	train
18118	2482_YPDRapa	train
18119	2483_YPDRapa	train
18120	2484_YPDRapa	train
18121	2485_YPDRapa	train
18122	2486_YPDRapa	train
18123	2487_YPDRapa	train
18124	2488_YPDRapa	train
18125	2489_YPDRapa	train
18126	2490_YPDRapa	train
18127	2491_YPDRapa	train
18128	2492_YPDRapa	train
18129	2493_YPDRapa	train
18130	2494_YPDRapa	train
18131	2495_YPDRapa	train
18132	2496_YPDRapa	train
18133	2497_YPDRapa	train
18134	2498_YPDRapa	train
18135	2499_YPDRapa	train
18136	2500_YPDRapa	train
18137	2501_YPDRapa	train
18138	2502_YPDRapa	train
18139	2503_YPDRapa	train
18140	2504_YPDRapa	train
18141	2505_YPDRapa	train
18142	2506_YPDRapa	train
18143	2507_YPDRapa	train
18144	2508_YPDRapa	train
18145	2509_YPDRapa	train
18146	2510_YPDRapa	train
18147	2511_YPDRapa	train
18148	2512_YPDRapa	train
18149	2513_YPDRapa	train
18150	2514_YPDRapa	train
18151	2515_YPDRapa	train
18152	2516_YPDRapa	train
18153	2517_YPDRapa	train
18154	2518_YPDRapa	validation
18155	2519_YPDRapa	train
18156	2520_YPDRapa	train
18157	2521_YPDRapa	validation
18158	2522_YPDRapa	train
18159	2523_YPDRapa	train
18160	2524_YPDRapa	train
18161	2525_YPDRapa	train
18162	2526_YPDRapa	train
18163	2527_YPDRapa	train
18164	2528_YPDRapa	train
18165	2529_YPDRapa	train
18166	2530_YPDRapa	train
18167	2531_YPDRapa	train
18168	2532_YPDRapa	train
18169	2533_YPDRapa	train
18170	2534_YPDRapa	train
18171	2535_YPDRapa	train
18172	2536_YPDRapa	train
18173	2537_YPDRapa	train
18174	2538_YPDRapa	train
18175	2539_YPDRapa	train
18176	2540_YPDRapa	train
18177	2541_YPDRapa	train
18178	2542_YPDRapa	train
18179	2543_YPDRapa	train
18180	2544_YPDRapa	train
18181	2545_YPDRapa	validation
18182	2546_YPDRapa	train
18183	2547_YPDRapa	train
18184	2548_YPDRapa	train
18185	2549_YPDRapa	train
18186	2550_YPDRapa	train
18187	2551_YPDRapa	train
18188	2552_YPDRapa	train
18189	2553_YPDRapa	train
18190	2554_YPDRapa	train
18191	2555_YPDRapa	train
18192	2556_YPDRapa	train
18193	2557_YPDRapa	train
18194	2558_YPDRapa	train
18195	2559_YPDRapa	train
18196	2560_YPDRapa	validation
18197	2561_YPDRapa	train
18198	2562_YPDRapa	train
18199	2563_YPDRapa	train
18200	2564_YPDRapa	train
18201	2565_YPDRapa	train
18202	2566_YPDRapa	train
18203	2567_YPDRapa	train
18204	2568_YPDRapa	train
18205	2569_YPDRapa	train
18206	2570_YPDRapa	train
18207	2571_YPDRapa	train
18208	2572_YPDRapa	train
18209	2573_YPDRapa	train
18210	2574_YPDRapa	train
18211	2575_YPDRapa	train
18212	2576_YPDRapa	train
18213	2577_YPDRapa	train
18214	2578_YPDRapa	train
18215	2579_YPDRapa	train
18216	2580_YPDRapa	train
18217	2581_YPDRapa	train
18218	2582_YPDRapa	train
18219	2583_YPDRapa	train
18220	2584_YPDRapa	train
18221	2585_YPDRapa	train
18222	2586_YPDRapa	train
18223	2587_YPDRapa	train
18224	2588_YPDRapa	train
18225	2589_YPDRapa	train
18226	2590_YPDRapa	train
18227	2591_YPDRapa	train
18228	2592_YPDRapa	train
18229	2593_YPDRapa	train
18230	2594_YPDRapa	train
18231	2595_YPDRapa	train
18232	2596_YPDRapa	train
18233	2597_YPDRapa	train
18234	2598_YPDRapa	train
18235	2599_YPDRapa	train
18236	2600_YPDRapa	train
18237	2601_YPDRapa	train
18238	2602_YPDRapa	train
18239	2603_YPDRapa	validation
18240	2604_YPDRapa	train
18241	2605_YPDRapa	train
18242	2606_YPDRapa	train
18243	2607_YPDRapa	train
18244	2608_YPDRapa	train
18245	2609_YPDRapa	train
18246	2610_YPDRapa	train
18247	2611_YPDRapa	train
18248	2612_YPDRapa	train
18249	2613_YPDRapa	train
18250	2614_YPDRapa	train
18251	2615_YPDRapa	train
18252	2616_YPDRapa	train
18253	2617_YPDRapa	train
18254	2618_YPDRapa	train
18255	2619_YPDRapa	train
18256	2620_YPDRapa	train
18257	2621_YPDRapa	train
18258	2622_YPDRapa	train
18259	2623_YPDRapa	train
18260	2624_YPDRapa	train
18261	2625_YPDRapa	train
18262	2626_YPDRapa	train
18263	2627_YPDRapa	train
18264	2628_YPDRapa	train
18265	2629_YPDRapa	train
18266	2630_YPDRapa	train
18267	2631_YPDRapa	train
18268	2632_YPDRapa	train
18269	2633_YPDRapa	train
18270	2634_YPDRapa	train
18271	2635_YPDRapa	train
18272	2636_YPDRapa	train
18273	2637_YPDRapa	train
18274	2638_YPDRapa	train
18275	2639_YPDRapa	train
18276	2640_YPDRapa	validation
18277	2641_YPDRapa	train
18278	2642_YPDRapa	train
18279	2643_YPDRapa	validation
18280	2644_YPDRapa	train
18281	2645_YPDRapa	train
18282	2646_YPDRapa	validation
18283	2647_YPDRapa	train
18284	2648_YPDRapa	train
18285	2649_YPDRapa	train
18286	2650_YPDRapa	train
18287	2651_YPDRapa	train
18288	2652_YPDRapa	train
18289	2653_YPDRapa	train
18290	2654_YPDRapa	train
18291	2655_YPDRapa	validation
18292	2656_YPDRapa	train
18293	2657_YPDRapa	train
18294	2658_YPDRapa	train
18295	2659_YPDRapa	train
18296	2660_YPDRapa	train
18297	2661_YPDRapa	train
18298	2662_YPDRapa	train
18299	2663_YPDRapa	train
18300	2664_YPDRapa	train
18301	2665_YPDRapa	train
18302	2666_YPDRapa	train
18303	2667_YPDRapa	train
18304	2668_YPDRapa	train
18305	2669_YPDRapa	train
18306	2670_YPDRapa	train
18307	2671_YPDRapa	train
18308	2672_YPDRapa	train
18309	2673_YPDRapa	validation
18310	2674_YPDRapa	train
18311	2675_YPDRapa	train
18312	2676_YPDRapa	train
18313	2677_YPDRapa	train
18314	2678_YPDRapa	train
18315	2679_YPDRapa	train
18316	2680_YPDRapa	train
18317	2681_YPDRapa	train
18318	2682_YPDRapa	train
18319	2683_YPDRapa	train
18320	2684_YPDRapa	train
18321	2685_YPDRapa	train
18322	2686_YPDRapa	validation
18323	2687_YPDRapa	train
18324	2688_YPDRapa	train
18325	2689_YPDRapa	train
18326	2690_YPDRapa	train
18327	2691_YPDRapa	train
18328	2692_YPDRapa	train
18329	2693_YPDRapa	train
18330	2694_YPDRapa	train
18331	2695_YPDRapa	train
18332	2696_YPDRapa	train
18333	2697_YPDRapa	train
18334	2698_YPDRapa	train
18335	2699_YPDRapa	train
18336	2700_YPDRapa	train
18337	2701_YPDRapa	train
18338	2702_YPDRapa	train
18339	2703_YPDRapa	train
18340	2704_YPDRapa	train
18341	2705_YPDRapa	train
18342	2706_YPDRapa	train
18343	2707_YPDRapa	validation
18344	2708_YPDRapa	train
18345	2709_YPDRapa	validation
18346	2710_YPDRapa	train
18347	2711_YPDRapa	train
18348	2712_YPDRapa	train
18349	2713_YPDRapa	train
18350	2714_YPDRapa	train
18351	2715_YPDRapa	train
18352	2716_YPDRapa	train
18353	2717_YPDRapa	train
18354	2718_YPDRapa	train
18355	2719_YPDRapa	train
18356	2720_YPDRapa	train
18357	2721_YPDRapa	train
18358	2722_YPDRapa	validation
18359	2723_YPDRapa	train
18360	2724_YPDRapa	train
18361	2725_YPDRapa	train
18362	2726_YPDRapa	train
18363	2727_YPDRapa	train
18364	2728_YPDRapa	train
18365	2729_YPDRapa	train
18366	2730_YPDRapa	train
18367	2731_YPDRapa	train
18368	2732_YPDRapa	train
18369	2733_YPDRapa	train
18370	2734_YPDRapa	train
18371	2735_YPDRapa	train
18372	2736_YPDRapa	train
18373	2737_YPDRapa	train
18374	2738_YPDRapa	train
18375	2739_YPDRapa	train
18376	2740_YPDRapa	train
18377	2741_YPDRapa	train
18378	2742_YPDRapa	train
18379	2743_YPDRapa	train
18380	2744_YPDRapa	train
18381	2745_YPDRapa	train
18382	2746_YPDRapa	train
18383	2747_YPDRapa	train
18384	2748_YPDRapa	train
18385	2749_YPDRapa	train
18386	2750_YPDRapa	train
18387	2751_YPDRapa	train
18388	2752_YPDRapa	train
18389	2753_YPDRapa	train
18390	2754_YPDRapa	train
18391	2755_YPDRapa	train
18392	2756_YPDRapa	train
18393	2757_YPDRapa	train
18394	2758_YPDRapa	train
18395	2759_YPDRapa	train
18396	2760_YPDRapa	train
18397	2761_YPDRapa	train
18398	2762_YPDRapa	train
18399	2763_YPDRapa	train
18400	2764_YPDRapa	train
18401	2765_YPDRapa	train
18402	2766_YPDRapa	train
18403	2767_YPDRapa	train
18404	2768_YPDRapa	train
18405	2769_YPDRapa	train
18406	2770_YPDRapa	train
18407	2771_YPDRapa	train
18408	2772_YPDRapa	train
18409	2773_YPDRapa	train
18410	2774_YPDRapa	train
18411	2775_YPDRapa	train
18412	2776_YPDRapa	train
18413	2777_YPDRapa	train
18414	2778_YPDRapa	train
18415	2779_YPDRapa	train
18416	2780_YPDRapa	train
18417	2781_YPDRapa	train
18418	2782_YPDRapa	train
18419	2783_YPDRapa	train
18420	2784_YPDRapa	train
18421	2785_YPDRapa	train
18422	2786_YPDRapa	train
18423	2787_YPDRapa	train
18424	2788_YPDRapa	train
18425	2789_YPDRapa	train
18426	2790_YPDRapa	train
18427	2791_YPDRapa	train
18428	2792_YPDRapa	train
18429	2793_YPDRapa	train
18430	2794_YPDRapa	train
18431	2795_YPDRapa	train
18432	2796_YPDRapa	train
18433	2797_YPDRapa	train
18434	2798_YPDRapa	train
18435	2799_YPDRapa	train
18436	2800_YPDRapa	train
18437	2801_YPDRapa	train
18438	2802_YPDRapa	train
18439	2803_YPDRapa	train
18440	2804_YPDRapa	train
18441	2805_YPDRapa	train
18442	2806_YPDRapa	train
18443	2807_YPDRapa	validation
18444	2808_YPDRapa	validation
18445	2809_YPDRapa	train
18446	2810_YPDRapa	train
18447	2811_YPDRapa	train
18448	2812_YPDRapa	train
18449	2813_YPDRapa	train
18450	2814_YPDRapa	train
18451	2815_YPDRapa	train
18452	2816_YPDRapa	train
18453	2817_YPDRapa	train
18454	2818_YPDRapa	train
18455	2819_YPDRapa	train
18456	2820_YPDRapa	train
18457	2821_YPDRapa	train
18458	2822_YPDRapa	train
18459	2823_YPDRapa	validation
18460	2824_YPDRapa	train
18461	2825_YPDRapa	train
18462	2826_YPDRapa	train
18463	2827_YPDRapa	train
18464	2828_YPDRapa	train
18465	2829_YPDRapa	train
18466	2830_YPDRapa	train
18467	2831_YPDRapa	validation
18468	2832_YPDRapa	train
18469	2833_YPDRapa	train
18470	2834_YPDRapa	train
18471	2835_YPDRapa	train
18472	2836_YPDRapa	train
18473	2837_YPDRapa	train
18474	2838_YPDRapa	validation
18475	2839_YPDRapa	train
18476	2840_YPDRapa	train
18477	2841_YPDRapa	train
18478	2842_YPDRapa	validation
18479	2843_YPDRapa	train
18480	2844_YPDRapa	train
18481	2845_YPDRapa	train
18482	2846_YPDRapa	train
18483	2847_YPDRapa	train
18484	2848_YPDRapa	train
18485	2849_YPDRapa	train
18486	2850_YPDRapa	train
18487	2851_YPDRapa	train
18488	2852_YPDRapa	validation
18489	2853_YPDRapa	train
18490	2854_YPDRapa	train
18491	2855_YPDRapa	train
18492	2856_YPDRapa	train
18493	2857_YPDRapa	train
18494	2858_YPDRapa	train
18495	2859_YPDRapa	train
18496	2860_YPDRapa	train
18497	2861_YPDRapa	train
18498	2862_YPDRapa	train
18499	2863_YPDRapa	train
18500	2864_YPDRapa	train
18501	2865_YPDRapa	train
18502	2866_YPDRapa	train
18503	2867_YPDRapa	train
18504	2868_YPDRapa	train
18505	2869_YPDRapa	train
18506	2870_YPDRapa	train
18507	2871_YPDRapa	train
18508	2872_YPDRapa	train
18509	2873_YPDRapa	train
18510	2874_YPDRapa	train
18511	2875_YPDRapa	train
18512	2876_YPDRapa	train
18513	2877_YPDRapa	train
18514	2878_YPDRapa	train
18515	2879_YPDRapa	train
18516	2880_YPDRapa	train
18517	2881_YPDRapa	train
18518	2882_YPDRapa	validation
18519	2883_YPDRapa	train
18520	2884_YPDRapa	train
18521	2885_YPDRapa	train
18522	2886_YPDRapa	train
18523	2887_YPDRapa	train
18524	2888_YPDRapa	train
18525	2889_YPDRapa	train
18526	2890_YPDRapa	train
18527	2891_YPDRapa	train
18528	2892_YPDRapa	train
18529	2893_YPDRapa	train
18530	2894_YPDRapa	train
18531	2895_YPDRapa	train
18532	2896_YPDRapa	train
18533	2897_YPDRapa	train
18534	2898_YPDRapa	train
18535	2899_YPDRapa	train
18536	2900_YPDRapa	validation
18537	2901_YPDRapa	train
18538	2902_YPDRapa	train
18539	2903_YPDRapa	train
18540	2904_YPDRapa	validation
18541	2905_YPDRapa	train
18542	2906_YPDRapa	train
18543	2907_YPDRapa	train
18544	2908_YPDRapa	train
18545	2909_YPDRapa	train
18546	2910_YPDRapa	train
18547	2911_YPDRapa	train
18548	2912_YPDRapa	train
18549	2913_YPDRapa	validation
18550	2914_YPDRapa	train
18551	2915_YPDRapa	train
18552	2916_YPDRapa	train
18553	2917_YPDRapa	train
18554	2918_YPDRapa	validation
18555	2919_YPDRapa	train
18556	2920_YPDRapa	train
18557	2921_YPDRapa	train
18558	2922_YPDRapa	train
18559	2923_YPDRapa	train
18560	2924_YPDRapa	train
18561	2925_YPDRapa	train
18562	2926_YPDRapa	train
18563	2927_YPDRapa	train
18564	2928_YPDRapa	train
18565	2929_YPDRapa	train
18566	2930_YPDRapa	train
18567	2931_YPDRapa	train
18568	2932_YPDRapa	train
18569	2933_YPDRapa	train
18570	2934_YPDRapa	train
18571	2935_YPDRapa	train
18572	2936_YPDRapa	train
18573	2937_YPDRapa	train
18574	2938_YPDRapa	train
18575	2939_YPDRapa	train
18576	2940_YPDRapa	train
18577	2941_YPDRapa	train
18578	2942_YPDRapa	train
18579	2943_YPDRapa	train
18580	2944_YPDRapa	train
18581	2945_YPDRapa	train
18582	2946_YPDRapa	train
18583	2947_YPDRapa	train
18584	2948_YPDRapa	train
18585	2949_YPDRapa	train
18586	2950_YPDRapa	train
18587	2951_YPDRapa	train
18588	2952_YPDRapa	train
18589	2953_YPDRapa	train
18590	2954_YPDRapa	train
18591	2955_YPDRapa	train
18592	2956_YPDRapa	train
18593	2957_YPDRapa	train
18594	2958_YPDRapa	train
18595	2959_YPDRapa	train
18596	2960_YPDRapa	validation
18597	2961_YPDRapa	train
18598	2962_YPDRapa	train
18599	2963_YPDRapa	train
18600	2964_YPDRapa	train
18601	2965_YPDRapa	train
18602	2966_YPDRapa	train
18603	2967_YPDRapa	train
18604	2968_YPDRapa	train
18605	2969_YPDRapa	train
18606	2970_YPDRapa	train
18607	2971_YPDRapa	train
18608	2972_YPDRapa	train
18609	2973_YPDRapa	train
18610	2974_YPDRapa	train
18611	2975_YPDRapa	train
18612	2976_YPDRapa	train
18613	2977_YPDRapa	train
18614	2978_YPDRapa	train
18615	2979_YPDRapa	train
18616	2980_YPDRapa	train
18617	2981_YPDRapa	train
18618	2982_YPDRapa	train
18619	2983_YPDRapa	train
18620	2984_YPDRapa	train
18621	2985_YPDRapa	train
18622	2986_YPDRapa	train
18623	2987_YPDRapa	train
18624	2988_YPDRapa	train
18625	2989_YPDRapa	train
18626	2990_YPDRapa	train
18627	2991_YPDRapa	train
18628	2992_YPDRapa	train
18629	2993_YPDRapa	train
18630	2994_YPDRapa	validation
18631	2995_YPDRapa	train
18632	2996_YPDRapa	train
18633	2997_YPDRapa	train
18634	2998_YPDRapa	train
18635	2999_YPDRapa	validation
18636	3000_YPDRapa	train
18637	3001_YPDRapa	train
18638	3002_YPDRapa	train
18639	3003_YPDRapa	train
18640	3004_YPDRapa	train
18641	3005_YPDRapa	train
18642	3006_YPDRapa	train
18643	3007_YPDRapa	train
18644	3008_YPDRapa	train
18645	3009_YPDRapa	train
18646	3010_YPDRapa	train
18647	3011_YPDRapa	train
18648	3012_YPDRapa	train
18649	3013_YPDRapa	train
18650	3014_YPDRapa	train
18651	3015_YPDRapa	train
18652	3016_YPDRapa	train
18653	3017_YPDRapa	train
18654	3018_YPDRapa	train
18655	3019_YPDRapa	train
18656	3020_YPDRapa	train
18657	3021_YPDRapa	train
18658	3022_YPDRapa	train
18659	3023_YPDRapa	train
18660	3024_YPDRapa	train
18661	3025_YPDRapa	train
18662	3026_YPDRapa	train
18663	3027_YPDRapa	train
18664	3028_YPDRapa	train
18665	3029_YPDRapa	train
18666	3030_YPDRapa	train
18667	3031_YPDRapa	train
18668	3032_YPDRapa	train
18669	3033_YPDRapa	train
18670	3034_YPDRapa	train
18671	3035_YPDRapa	train
18672	3036_YPDRapa	train
18673	3037_YPDRapa	train
18674	3038_YPDRapa	train
18675	3039_YPDRapa	train
18676	3040_YPDRapa	train
18677	3041_YPDRapa	train
18678	3042_YPDRapa	train
18679	3043_YPDRapa	train
18680	3044_YPDRapa	train
18681	3045_YPDRapa	train
18682	3046_YPDRapa	train
18683	3047_YPDRapa	train
18684	3048_YPDRapa	train
18685	3049_YPDRapa	validation
18686	3050_YPDRapa	train
18687	3051_YPDRapa	train
18688	3052_YPDRapa	train
18689	3053_YPDRapa	train
18690	3054_YPDRapa	train
18691	3055_YPDRapa	train
18692	3056_YPDRapa	train
18693	3057_YPDRapa	train
18694	3058_YPDRapa	train
18695	3059_YPDRapa	train
18696	3060_YPDRapa	train
18697	3061_YPDRapa	train
18698	3062_YPDRapa	train
18699	3063_YPDRapa	train
18700	3064_YPDRapa	train
18701	3065_YPDRapa	train
18702	3066_YPDRapa	train
18703	3067_YPDRapa	train
18704	3068_YPDRapa	train
18705	3069_YPDRapa	validation
18706	3070_YPDRapa	train
18707	3071_YPDRapa	train
18708	3072_YPDRapa	train
18709	3073_YPDRapa	train
18710	3074_YPDRapa	train
18711	3075_YPDRapa	train
18712	3076_YPDRapa	train
18713	3077_YPDRapa	train
18714	3078_YPDRapa	train
18715	3079_YPDRapa	train
18716	3080_YPDRapa	train
18717	3081_YPDRapa	train
18718	3082_YPDRapa	train
18719	3083_YPDRapa	train
18720	3084_YPDRapa	train
18721	3085_YPDRapa	train
18722	3086_YPDRapa	train
18723	3087_YPDRapa	train
18724	3088_YPDRapa	train
18725	3089_YPDRapa	train
18726	3090_YPDRapa	train
18727	3091_YPDRapa	train
18728	3092_YPDRapa	train
18729	3093_YPDRapa	train
18730	3094_YPDRapa	train
18731	3095_YPDRapa	train
18732	3096_YPDRapa	train
18733	3097_YPDRapa	train
18734	3098_YPDRapa	train
18735	3099_YPDRapa	train
18736	3100_YPDRapa	train
18737	3101_YPDRapa	train
18738	3102_YPDRapa	train
18739	3103_YPDRapa	train
18740	3104_YPDRapa	train
18741	3105_YPDRapa	validation
18742	3106_YPDRapa	train
18743	3107_YPDRapa	train
18744	3108_YPDRapa	train
18745	3109_YPDRapa	train
18746	3110_YPDRapa	train
18747	3111_YPDRapa	train
18748	3112_YPDRapa	train
18749	3113_YPDRapa	train
18750	3114_YPDRapa	train
18751	3115_YPDRapa	train
18752	3116_YPDRapa	train
18753	3117_YPDRapa	train
18754	3118_YPDRapa	train
18755	3119_YPDRapa	train
18756	3120_YPDRapa	train
18757	3121_YPDRapa	train
18758	3122_YPDRapa	train
18759	3123_YPDRapa	train
18760	3124_YPDRapa	train
18761	3125_YPDRapa	train
18762	3126_YPDRapa	train
18763	3127_YPDRapa	train
18764	3128_YPDRapa	train
18765	3129_YPDRapa	train
18766	3130_YPDRapa	train
18767	3131_YPDRapa	train
18768	3132_YPDRapa	train
18769	3133_YPDRapa	train
18770	3134_YPDRapa	train
18771	3135_YPDRapa	train
18772	3136_YPDRapa	train
18773	3137_YPDRapa	train
18774	3138_YPDRapa	train
18775	3139_YPDRapa	train
18776	3140_YPDRapa	validation
18777	3141_YPDRapa	train
18778	3142_YPDRapa	train
18779	3143_YPDRapa	train
18780	3144_YPDRapa	train
18781	3145_YPDRapa	train
18782	3146_YPDRapa	train
18783	3147_YPDRapa	train
18784	3148_YPDRapa	train
18785	3149_YPDRapa	train
18786	3150_YPDRapa	train
18787	3151_YPDRapa	train
18788	3152_YPDRapa	train
18789	3153_YPDRapa	train
18790	3154_YPDRapa	validation
18791	3155_YPDRapa	validation
18792	3156_YPDRapa	train
18793	3157_YPDRapa	train
18794	3158_YPDRapa	train
18795	3159_YPDRapa	train
18796	3160_YPDRapa	train
18797	3161_YPDRapa	train
18798	3162_YPDRapa	train
18799	3163_YPDRapa	train
18800	3164_YPDRapa	train
18801	3165_YPDRapa	train
18802	3166_YPDRapa	train
18803	3167_YPDRapa	train
18804	3168_YPDRapa	train
18805	3169_YPDRapa	train
18806	3170_YPDRapa	train
18807	3171_YPDRapa	train
18808	3172_YPDRapa	train
18809	3173_YPDRapa	train
18810	3174_YPDRapa	train
18811	3175_YPDRapa	train
18812	3176_YPDRapa	validation
18813	3177_YPDRapa	train
18814	3178_YPDRapa	train
18815	3179_YPDRapa	train
18816	3180_YPDRapa	train
18817	3181_YPDRapa	train
18818	3182_YPDRapa	train
18819	3183_YPDRapa	train
18820	3184_YPDRapa	validation
18821	3185_YPDRapa	train
18822	3186_YPDRapa	train
18823	3187_YPDRapa	train
18824	3188_YPDRapa	train
18825	3189_YPDRapa	train
18826	3190_YPDRapa	train
18827	3191_YPDRapa	train
18828	3192_YPDRapa	train
18829	3193_YPDRapa	train
18830	3194_YPDRapa	train
18831	3195_YPDRapa	train
18832	3196_YPDRapa	train
18833	3197_YPDRapa	train
18834	3198_YPDRapa	train
18835	3199_YPDRapa	train
18836	3200_YPDRapa	train
18837	3201_YPDRapa	train
18838	3202_YPDRapa	train
18839	3203_YPDRapa	train
18840	3204_YPDRapa	train
18841	3205_YPDRapa	train
18842	3206_YPDRapa	train
18843	3207_YPDRapa	train
18844	3208_YPDRapa	train
18845	3209_YPDRapa	train
18846	3210_YPDRapa	train
18847	3211_YPDRapa	train
18848	3212_YPDRapa	train
18849	3213_YPDRapa	train
18850	3214_YPDRapa	train
18851	3215_YPDRapa	train
18852	3216_YPDRapa	train
18853	3217_YPDRapa	train
18854	3218_YPDRapa	train
18855	3219_YPDRapa	train
18856	3220_YPDRapa	train
18857	3221_YPDRapa	train
18858	3222_YPDRapa	train
18859	3223_YPDRapa	train
18860	3224_YPDRapa	train
18861	3225_YPDRapa	train
18862	3226_YPDRapa	train
18863	3227_YPDRapa	train
18864	3228_YPDRapa	train
18865	3229_YPDRapa	train
18866	3230_YPDRapa	train
18867	3231_YPDRapa	train
18868	3232_YPDRapa	train
18869	3233_YPDRapa	train
18870	3234_YPDRapa	train
18871	3235_YPDRapa	train
18872	3236_YPDRapa	train
18873	3237_YPDRapa	train
18874	3238_YPDRapa	train
18875	3239_YPDRapa	train
18876	3240_YPDRapa	train
18877	3241_YPDRapa	train
18878	3242_YPDRapa	train
18879	3243_YPDRapa	train
18880	3244_YPDRapa	train
18881	3245_YPDRapa	train
18882	3246_YPDRapa	train
18883	3247_YPDRapa	train
18884	3248_YPDRapa	train
18885	3249_YPDRapa	train
18886	3250_YPDRapa	train
18887	3251_YPDRapa	train
18888	3252_YPDRapa	train
18889	3253_YPDRapa	train
18890	3254_YPDRapa	train
18891	3255_YPDRapa	train
18892	3256_YPDRapa	train
18893	3257_YPDRapa	train
18894	3258_YPDRapa	train
18895	3259_YPDRapa	train
18896	3260_YPDRapa	train
18897	3261_YPDRapa	train
18898	3262_YPDRapa	train
18899	3263_YPDRapa	train
18900	3264_YPDRapa	train
18901	3265_YPDRapa	train
18902	3266_YPDRapa	train
18903	3267_YPDRapa	train
18904	3268_YPDRapa	train
18905	3269_YPDRapa	validation
18906	3270_YPDRapa	train
18907	3271_YPDRapa	train
18908	3272_YPDRapa	train
18909	3273_YPDRapa	train
18910	3274_YPDRapa	train
18911	3275_YPDRapa	train
18912	3276_YPDRapa	train
18913	3277_YPDRapa	train
18914	3278_YPDRapa	train
18915	3279_YPDRapa	train
18916	3280_YPDRapa	train
18917	3281_YPDRapa	train
18918	3282_YPDRapa	train
18919	3283_YPDRapa	train
18920	3284_YPDRapa	train
18921	3285_YPDRapa	train
18922	3286_YPDRapa	train
18923	3287_YPDRapa	train
18924	3288_YPDRapa	train
18925	3289_YPDRapa	train
18926	3290_YPDRapa	train
18927	3291_YPDRapa	train
18928	3292_YPDRapa	validation
18929	3293_YPDRapa	train
18930	3294_YPDRapa	train
18931	3295_YPDRapa	train
18932	3296_YPDRapa	train
18933	3297_YPDRapa	train
18934	3298_YPDRapa	train
18935	3299_YPDRapa	train
18936	3300_YPDRapa	train
18937	3301_YPDRapa	train
18938	3302_YPDRapa	train
18939	3303_YPDRapa	train
18940	3304_YPDRapa	train
18941	3305_YPDRapa	train
18942	3306_YPDRapa	train
18943	3307_YPDRapa	train
18944	3308_YPDRapa	train
18945	3309_YPDRapa	train
18946	3310_YPDRapa	train
18947	3311_YPDRapa	train
18948	3312_YPDRapa	train
18949	3313_YPDRapa	train
18950	3314_YPDRapa	train
18951	3315_YPDRapa	train
18952	3316_YPDRapa	train
18953	3317_YPDRapa	train
18954	3318_YPDRapa	train
18955	3319_YPDRapa	train
18956	3320_YPDRapa	train
18957	3321_YPDRapa	train
18958	3322_YPDRapa	validation
18959	3323_YPDRapa	train
18960	3324_YPDRapa	train
18961	3325_YPDRapa	train
18962	3326_YPDRapa	train
18963	3327_YPDRapa	train
18964	3328_YPDRapa	train
18965	3329_YPDRapa	train
18966	3330_YPDRapa	train
18967	3331_YPDRapa	train
18968	3332_YPDRapa	train
18969	3333_YPDRapa	train
18970	3334_YPDRapa	train
18971	3335_YPDRapa	train
18972	3336_YPDRapa	train
18973	3337_YPDRapa	train
18974	3338_YPDRapa	train
18975	3339_YPDRapa	train
18976	3340_YPDRapa	train
18977	3341_YPDRapa	train
18978	3342_YPDRapa	train
18979	3343_YPDRapa	train
18980	3344_YPDRapa	train
18981	3345_YPDRapa	train
18982	3346_YPDRapa	train
18983	3347_YPDRapa	train
18984	3348_YPDRapa	train
18985	3349_YPDRapa	train
18986	3350_YPDRapa	train
18987	3351_YPDRapa	train
18988	3352_YPDRapa	train
18989	3353_YPDRapa	train
18990	3354_YPDRapa	train
18991	3355_YPDRapa	train
18992	3356_YPDRapa	train
18993	3357_YPDRapa	validation
18994	3358_YPDRapa	validation
18995	3359_YPDRapa	train
18996	3360_YPDRapa	train
18997	3361_YPDRapa	validation
18998	3362_YPDRapa	train
18999	3363_YPDRapa	train
19000	3364_YPDRapa	validation
19001	3365_YPDRapa	train
19002	3366_YPDRapa	train
19003	3367_YPDRapa	train
19004	3368_YPDRapa	validation
19005	3369_YPDRapa	train
19006	3370_YPDRapa	train
19007	3371_YPDRapa	train
19008	3372_YPDRapa	train
19009	3373_YPDRapa	train
19010	3374_YPDRapa	train
19011	3375_YPDRapa	train
19012	3376_YPDRapa	train
19013	3377_YPDRapa	train
19014	3378_YPDRapa	train
19015	3379_YPDRapa	train
19016	3380_YPDRapa	train
19017	3381_YPDRapa	train
19018	3382_YPDRapa	train
19019	3383_YPDRapa	train
19020	3384_YPDRapa	train
19021	3385_YPDRapa	validation
19022	3386_YPDRapa	train
19023	3387_YPDRapa	train
19024	3388_YPDRapa	train
19025	3389_YPDRapa	train
19026	3390_YPDRapa	train
19027	3391_YPDRapa	train
19028	3392_YPDRapa	train
19029	3393_YPDRapa	train
19030	3394_YPDRapa	train
19031	3395_YPDRapa	train
19032	3396_YPDRapa	train
19033	3397_YPDRapa	train
19034	3398_YPDRapa	train
19035	3399_YPDRapa	train
19036	3400_YPDRapa	train
19037	3401_YPDRapa	train
19038	3402_YPDRapa	validation
19039	3403_YPDRapa	train
19040	3404_YPDRapa	train
19041	3405_YPDRapa	train
19042	3406_YPDRapa	train
19043	3407_YPDRapa	train
19044	3408_YPDRapa	train
19045	3409_YPDRapa	train
19046	3410_YPDRapa	train
19047	3411_YPDRapa	train
19048	3412_YPDRapa	train
19049	3413_YPDRapa	train
19050	3414_YPDRapa	train
19051	3415_YPDRapa	train
19052	3416_YPDRapa	train
19053	3417_YPDRapa	train
19054	3418_YPDRapa	train
19055	3419_YPDRapa	train
19056	3420_YPDRapa	train
19057	3421_YPDRapa	train
19058	3422_YPDRapa	train
19059	3423_YPDRapa	train
19060	3424_YPDRapa	train
19061	3425_YPDRapa	train
19062	3426_YPDRapa	train
19063	3427_YPDRapa	train
19064	3428_YPDRapa	train
19065	3429_YPDRapa	train
19066	3430_YPDRapa	train
19067	3431_YPDRapa	train
19068	3432_YPDRapa	train
19069	3433_YPDRapa	train
19070	3434_YPDRapa	train
19071	3435_YPDRapa	train
19072	3436_YPDRapa	train
19073	3437_YPDRapa	train
19074	3438_YPDRapa	train
19075	3439_YPDRapa	validation
19076	3440_YPDRapa	train
19077	3441_YPDRapa	train
19078	3442_YPDRapa	validation
19079	3443_YPDRapa	train
19080	3444_YPDRapa	train
19081	3445_YPDRapa	train
19082	3446_YPDRapa	train
19083	3447_YPDRapa	train
19084	3448_YPDRapa	train
19085	3449_YPDRapa	train
19086	3450_YPDRapa	train
19087	3451_YPDRapa	train
19088	3452_YPDRapa	train
19089	3453_YPDRapa	train
19090	3454_YPDRapa	train
19091	3455_YPDRapa	train
19092	3456_YPDRapa	train
19093	3457_YPDRapa	train
19094	3458_YPDRapa	train
19095	3459_YPDRapa	train
19096	3460_YPDRapa	train
19097	3461_YPDRapa	train
19098	3462_YPDRapa	train
19099	3463_YPDRapa	train
19100	3464_YPDRapa	train
19101	3465_YPDRapa	train
19102	3466_YPDRapa	train
19103	3467_YPDRapa	train
19104	3468_YPDRapa	train
19105	3469_YPDRapa	train
19106	3470_YPDRapa	train
19107	3471_YPDRapa	train
19108	3472_YPDRapa	train
19109	3473_YPDRapa	train
19110	3474_YPDRapa	validation
19111	3475_YPDRapa	train
19112	3476_YPDRapa	train
19113	3477_YPDRapa	train
19114	3478_YPDRapa	train
19115	3479_YPDRapa	train
19116	3480_YPDRapa	train
19117	3481_YPDRapa	train
19118	3482_YPDRapa	train
19119	3483_YPDRapa	train
19120	3484_YPDRapa	train
19121	3485_YPDRapa	train
19122	3486_YPDRapa	train
19123	3487_YPDRapa	train
19124	3488_YPDRapa	validation
19125	3489_YPDRapa	train
19126	3490_YPDRapa	train
19127	3491_YPDRapa	train
19128	3492_YPDRapa	validation
19129	3493_YPDRapa	train
19130	3494_YPDRapa	train
19131	3495_YPDRapa	train
19132	3496_YPDRapa	train
19133	3497_YPDRapa	train
19134	3498_YPDRapa	train
19135	3499_YPDRapa	train
19136	3500_YPDRapa	train
19137	3501_YPDRapa	train
19138	3502_YPDRapa	train
19139	3503_YPDRapa	train
19140	3504_YPDRapa	train
19141	3505_YPDRapa	train
19142	3506_YPDRapa	train
19143	3507_YPDRapa	train
19144	3508_YPDRapa	train
19145	3509_YPDRapa	train
19146	3510_YPDRapa	train
19147	3511_YPDRapa	train
19148	3512_YPDRapa	train
19149	3513_YPDRapa	train
19150	3514_YPDRapa	train
19151	3515_YPDRapa	train
19152	3516_YPDRapa	train
19153	3517_YPDRapa	train
19154	3518_YPDRapa	train
19155	3519_YPDRapa	train
19156	3520_YPDRapa	train
19157	3521_YPDRapa	train
19158	3522_YPDRapa	train
19159	3523_YPDRapa	train
19160	3524_YPDRapa	train
19161	3525_YPDRapa	train
19162	3526_YPDRapa	train
19163	3527_YPDRapa	train
19164	3528_YPDRapa	train
19165	3529_YPDRapa	train
19166	3530_YPDRapa	train
19167	3531_YPDRapa	train
19168	3532_YPDRapa	validation
19169	3533_YPDRapa	train
19170	3534_YPDRapa	train
19171	3535_YPDRapa	train
19172	3536_YPDRapa	train
19173	3537_YPDRapa	train
19174	3538_YPDRapa	train
19175	3539_YPDRapa	train
19176	3540_YPDRapa	train
19177	3541_YPDRapa	train
19178	3542_YPDRapa	train
19179	3543_YPDRapa	train
19180	3544_YPDRapa	train
19181	3545_YPDRapa	train
19182	3546_YPDRapa	validation
19183	3547_YPDRapa	train
19184	3548_YPDRapa	train
19185	3549_YPDRapa	train
19186	3550_YPDRapa	train
19187	3551_YPDRapa	train
19188	3552_YPDRapa	train
19189	3553_YPDRapa	train
19190	3554_YPDRapa	train
19191	3555_YPDRapa	train
19192	3556_YPDRapa	train
19193	3557_YPDRapa	train
19194	3558_YPDRapa	train
19195	3559_YPDRapa	train
19196	3560_YPDRapa	train
19197	3561_YPDRapa	train
19198	3562_YPDRapa	train
19199	3563_YPDRapa	train
19200	3564_YPDRapa	train
19201	3565_YPDRapa	train
19202	3566_YPDRapa	train
19203	3567_YPDRapa	train
19204	3568_YPDRapa	train
19205	3569_YPDRapa	train
19206	3570_YPDRapa	train
19207	3571_YPDRapa	train
19208	3572_YPDRapa	train
19209	3573_YPDRapa	train
19210	3574_YPDRapa	train
19211	3575_YPDRapa	train
19212	3576_YPDRapa	train
19213	3577_YPDRapa	train
19214	3578_YPDRapa	train
19215	3579_YPDRapa	train
19216	3580_YPDRapa	train
19217	3581_YPDRapa	train
19218	3582_YPDRapa	train
19219	3583_YPDRapa	train
19220	3584_YPDRapa	train
19221	3585_YPDRapa	train
19222	3586_YPDRapa	train
19223	3587_YPDRapa	train
19224	3588_YPDRapa	train
19225	3589_YPDRapa	train
19226	3590_YPDRapa	train
19227	3591_YPDRapa	train
19228	3592_YPDRapa	train
19229	3593_YPDRapa	train
19230	3594_YPDRapa	train
19231	3595_YPDRapa	train
19232	3596_YPDRapa	train
19233	3597_YPDRapa	validation
19234	3598_YPDRapa	train
19235	3599_YPDRapa	train
19236	3600_YPDRapa	validation
19237	3601_YPDRapa	train
19238	3602_YPDRapa	train
19239	3603_YPDRapa	train
19240	3604_YPDRapa	train
19241	3605_YPDRapa	train
19242	3606_YPDRapa	train
19243	3607_YPDRapa	train
19244	3608_YPDRapa	train
19245	3609_YPDRapa	train
19246	3610_YPDRapa	train
19247	3611_YPDRapa	train
19248	3612_YPDRapa	train
19249	3613_YPDRapa	train
19250	3614_YPDRapa	train
19251	3615_YPDRapa	train
19252	3616_YPDRapa	validation
19253	3617_YPDRapa	train
19254	3618_YPDRapa	train
19255	3619_YPDRapa	train
19256	3620_YPDRapa	train
19257	3621_YPDRapa	train
19258	3622_YPDRapa	train
19259	3623_YPDRapa	train
19260	3624_YPDRapa	train
19261	3625_YPDRapa	train
19262	3626_YPDRapa	train
19263	3627_YPDRapa	train
19264	3628_YPDRapa	train
19265	3629_YPDRapa	train
19266	3630_YPDRapa	train
19267	3631_YPDRapa	train
19268	3632_YPDRapa	train
19269	3633_YPDRapa	train
19270	3634_YPDRapa	train
19271	3635_YPDRapa	train
19272	3636_YPDRapa	train
19273	3637_YPDRapa	train
19274	3638_YPDRapa	train
19275	3639_YPDRapa	train
19276	3640_YPDRapa	train
19277	3641_YPDRapa	train
19278	3642_YPDRapa	validation
19279	3643_YPDRapa	train
19280	3644_YPDRapa	train
19281	3645_YPDRapa	train
19282	3646_YPDRapa	train
19283	3647_YPDRapa	train
19284	3648_YPDRapa	train
19285	3649_YPDRapa	train
19286	3650_YPDRapa	train
19287	3651_YPDRapa	train
19288	3652_YPDRapa	train
19289	3653_YPDRapa	train
19290	3654_YPDRapa	train
19291	3655_YPDRapa	train
19292	3656_YPDRapa	train
19293	3657_YPDRapa	train
19294	3658_YPDRapa	train
19295	3659_YPDRapa	train
19296	3660_YPDRapa	train
19297	3661_YPDRapa	train
19298	3662_YPDRapa	validation
19299	3663_YPDRapa	train
19300	3664_YPDRapa	train
19301	3665_YPDRapa	train
19302	3666_YPDRapa	train
19303	3667_YPDRapa	train
19304	3668_YPDRapa	train
19305	3669_YPDRapa	train
19306	3670_YPDRapa	train
19307	3671_YPDRapa	train
19308	3672_YPDRapa	train
19309	3673_YPDRapa	train
19310	3674_YPDRapa	train
19311	3675_YPDRapa	train
19312	3676_YPDRapa	train
19313	3677_YPDRapa	train
19314	3678_YPDRapa	train
19315	3679_YPDRapa	train
19316	3680_YPDRapa	train
19317	3681_YPDRapa	train
19318	3682_YPDRapa	validation
19319	3683_YPDRapa	train
19320	3684_YPDRapa	train
19321	3685_YPDRapa	train
19322	3686_YPDRapa	train
19323	3687_YPDRapa	train
19324	3688_YPDRapa	train
19325	3689_YPDRapa	train
19326	3690_YPDRapa	train
19327	3691_YPDRapa	train
19328	3692_YPDRapa	train
19329	3693_YPDRapa	train
19330	3694_YPDRapa	train
19331	3695_YPDRapa	train
19332	3696_YPDRapa	train
19333	3697_YPDRapa	train
19334	3698_YPDRapa	train
19335	3699_YPDRapa	train
19336	3700_YPDRapa	validation
19337	3701_YPDRapa	train
19338	3702_YPDRapa	train
19339	3703_YPDRapa	train
19340	3704_YPDRapa	train
19341	3705_YPDRapa	train
19342	3706_YPDRapa	train
19343	3707_YPDRapa	train
19344	3708_YPDRapa	train
19345	3709_YPDRapa	train
19346	3710_YPDRapa	train
19347	3711_YPDRapa	train
19348	3712_YPDRapa	train
19349	3713_YPDRapa	train
19350	3714_YPDRapa	train
19351	3715_YPDRapa	train
19352	3716_YPDRapa	train
19353	3717_YPDRapa	train
19354	3718_YPDRapa	train
19355	3719_YPDRapa	train
19356	3720_YPDRapa	train
19357	3721_YPDRapa	train
19358	3722_YPDRapa	train
19359	3723_YPDRapa	train
19360	3724_YPDRapa	train
19361	3725_YPDRapa	train
19362	3726_YPDRapa	train
19363	3727_YPDRapa	train
19364	3728_YPDRapa	train
19365	3729_YPDRapa	train
19366	3730_YPDRapa	validation
19367	3731_YPDRapa	train
19368	3732_YPDRapa	validation
19369	3733_YPDRapa	train
19370	3734_YPDRapa	train
19371	3735_YPDRapa	train
19372	3736_YPDRapa	validation
19373	3737_YPDRapa	train
19374	3738_YPDRapa	train
19375	3739_YPDRapa	train
19376	3740_YPDRapa	train
19377	3741_YPDRapa	train
19378	3742_YPDRapa	train
19379	3743_YPDRapa	train
19380	3744_YPDRapa	validation
19381	3745_YPDRapa	train
19382	3746_YPDRapa	train
19383	3747_YPDRapa	train
19384	3748_YPDRapa	train
19385	3749_YPDRapa	train
19386	3750_YPDRapa	train
19387	3751_YPDRapa	train
19388	3752_YPDRapa	train
19389	3753_YPDRapa	train
19390	3754_YPDRapa	train
19391	3755_YPDRapa	train
19392	3756_YPDRapa	validation
19393	3757_YPDRapa	train
19394	3758_YPDRapa	train
19395	3759_YPDRapa	train
19396	3760_YPDRapa	train
19397	3761_YPDRapa	train
19398	3762_YPDRapa	train
19399	3763_YPDRapa	train
19400	3764_YPDRapa	validation
19401	3765_YPDRapa	train
19402	3766_YPDRapa	train
19403	3767_YPDRapa	train
19404	3768_YPDRapa	train
19405	3769_YPDRapa	train
19406	3770_YPDRapa	train
19407	3771_YPDRapa	train
19408	3772_YPDRapa	train
19409	3773_YPDRapa	train
19410	3774_YPDRapa	train
19411	3775_YPDRapa	train
19412	3776_YPDRapa	train
19413	3777_YPDRapa	train
19414	3778_YPDRapa	train
19415	3779_YPDRapa	train
19416	3780_YPDRapa	train
19417	3781_YPDRapa	train
19418	3782_YPDRapa	train
19419	3783_YPDRapa	train
19420	3784_YPDRapa	train
19421	3785_YPDRapa	train
19422	3786_YPDRapa	train
19423	3787_YPDRapa	train
19424	3788_YPDRapa	train
19425	3789_YPDRapa	train
19426	3790_YPDRapa	train
19427	3791_YPDRapa	train
19428	3792_YPDRapa	train
19429	3793_YPDRapa	validation
19430	3794_YPDRapa	train
19431	3795_YPDRapa	train
19432	3796_YPDRapa	train
19433	3797_YPDRapa	train
19434	3798_YPDRapa	train
19435	3799_YPDRapa	train
19436	3800_YPDRapa	train
19437	3801_YPDRapa	train
19438	3802_YPDRapa	train
19439	3803_YPDRapa	train
19440	3804_YPDRapa	train
19441	3805_YPDRapa	train
19442	3806_YPDRapa	train
19443	3807_YPDRapa	validation
19444	3808_YPDRapa	train
19445	3809_YPDRapa	validation
19446	3810_YPDRapa	train
19447	3811_YPDRapa	train
19448	3812_YPDRapa	train
19449	3813_YPDRapa	train
19450	3814_YPDRapa	validation
19451	3815_YPDRapa	train
19452	3816_YPDRapa	train
19453	3817_YPDRapa	train
19454	3818_YPDRapa	train
19455	3819_YPDRapa	train
19456	3820_YPDRapa	train
19457	3821_YPDRapa	train
19458	3822_YPDRapa	train
19459	3823_YPDRapa	train
19460	3824_YPDRapa	train
19461	3825_YPDRapa	train
19462	3826_YPDRapa	train
19463	3827_YPDRapa	train
19464	3828_YPDRapa	train
19465	3829_YPDRapa	train
19466	3830_YPDRapa	train
19467	3831_YPDRapa	train
19468	3832_YPDRapa	train
19469	3833_YPDRapa	train
19470	3834_YPDRapa	train
19471	3835_YPDRapa	train
19472	3836_YPDRapa	train
19473	3837_YPDRapa	train
19474	3838_YPDRapa	train
19475	3839_YPDRapa	train
19476	3840_YPDRapa	validation
19477	3841_YPDRapa	train
19478	3842_YPDRapa	train
19479	3843_YPDRapa	train
19480	3844_YPDRapa	train
19481	3845_YPDRapa	train
19482	3846_YPDRapa	train
19483	3847_YPDRapa	train
19484	3848_YPDRapa	train
19485	3849_YPDRapa	train
19486	3850_YPDRapa	train
19487	3851_YPDRapa	train
19488	3852_YPDRapa	train
19489	3853_YPDRapa	train
19490	3854_YPDRapa	train
19491	3855_YPDRapa	train
19492	3856_YPDRapa	train
19493	3857_YPDRapa	train
19494	3858_YPDRapa	train
19495	3859_YPDRapa	train
19496	3860_YPDRapa	train
19497	3861_YPDRapa	train
19498	3862_YPDRapa	train
19499	3863_YPDRapa	train
19500	3864_YPDRapa	validation
19501	3865_YPDRapa	train
19502	3866_YPDRapa	train
19503	3867_YPDRapa	train
19504	3868_YPDRapa	train
19505	3869_YPDRapa	train
19506	3870_YPDRapa	train
19507	3871_YPDRapa	train
19508	3872_YPDRapa	train
19509	3873_YPDRapa	train
19510	3874_YPDRapa	train
19511	3875_YPDRapa	train
19512	3876_YPDRapa	train
19513	3877_YPDRapa	train
19514	3878_YPDRapa	train
19515	3879_YPDRapa	train
19516	3880_YPDRapa	train
19517	3881_YPDRapa	train
19518	3882_YPDRapa	train
19519	3883_YPDRapa	train
19520	3884_YPDRapa	train
19521	3885_YPDRapa	train
19522	3886_YPDRapa	train
19523	3887_YPDRapa	train
19524	3888_YPDRapa	train
19525	3889_YPDRapa	train
19526	3890_YPDRapa	train
19527	3891_YPDRapa	train
19528	3892_YPDRapa	train
19529	3893_YPDRapa	train
19530	3894_YPDRapa	train
19531	3895_YPDRapa	train
19532	3896_YPDRapa	train
19533	3897_YPDRapa	train
19534	3898_YPDRapa	train
19535	3899_YPDRapa	validation
19536	3900_YPDRapa	train
19537	3901_YPDRapa	train
19538	3902_YPDRapa	train
19539	3903_YPDRapa	train
19540	3904_YPDRapa	validation
19541	3905_YPDRapa	train
19542	3906_YPDRapa	train
19543	3907_YPDRapa	train
19544	3908_YPDRapa	train
19545	3909_YPDRapa	train
19546	3910_YPDRapa	train
19547	3911_YPDRapa	train
19548	3912_YPDRapa	train
19549	3913_YPDRapa	train
19550	3914_YPDRapa	train
19551	3915_YPDRapa	train
19552	3916_YPDRapa	train
19553	3917_YPDRapa	train
19554	3918_YPDRapa	train
19555	3919_YPDRapa	train
19556	3920_YPDRapa	train
19557	3921_YPDRapa	train
19558	3922_YPDRapa	train
19559	3923_YPDRapa	train
19560	3924_YPDRapa	validation
19561	3925_YPDRapa	validation
19562	3926_YPDRapa	train
19563	3927_YPDRapa	train
19564	3928_YPDRapa	train
19565	3929_YPDRapa	train
19566	3930_YPDRapa	validation
19567	3931_YPDRapa	train
19568	3932_YPDRapa	train
19569	3933_YPDRapa	train
19570	3934_YPDRapa	validation
19571	3935_YPDRapa	train
19572	3936_YPDRapa	train
19573	3937_YPDRapa	train
19574	3938_YPDRapa	train
19575	3939_YPDRapa	train
19576	3940_YPDRapa	train
19577	3941_YPDRapa	train
19578	3942_YPDRapa	train
19579	3943_YPDRapa	train
19580	3944_YPDRapa	train
19581	3945_YPDRapa	train
19582	3946_YPDRapa	train
19583	3947_YPDRapa	train
19584	3948_YPDRapa	train
19585	3949_YPDRapa	train
19586	3950_YPDRapa	train
19587	3951_YPDRapa	train
19588	3952_YPDRapa	train
19589	3953_YPDRapa	train
19590	3954_YPDRapa	train
19591	3955_YPDRapa	train
19592	3956_YPDRapa	train
19593	3957_YPDRapa	train
19594	3958_YPDRapa	train
19595	3959_YPDRapa	train
19596	3960_YPDRapa	train
19597	3961_YPDRapa	train
19598	3962_YPDRapa	validation
19599	3963_YPDRapa	train
19600	3964_YPDRapa	train
19601	3965_YPDRapa	train
19602	3966_YPDRapa	train
19603	3967_YPDRapa	train
19604	3968_YPDRapa	train
19605	3969_YPDRapa	train
19606	3970_YPDRapa	train
19607	3971_YPDRapa	train
19608	3972_YPDRapa	train
19609	3973_YPDRapa	train
19610	3974_YPDRapa	train
19611	3975_YPDRapa	train
19612	3976_YPDRapa	validation
19613	3977_YPDRapa	train
19614	3978_YPDRapa	train
19615	3979_YPDRapa	train
19616	3980_YPDRapa	train
19617	3981_YPDRapa	train
19618	3982_YPDRapa	train
19619	3983_YPDRapa	train
19620	3984_YPDRapa	validation
19621	3985_YPDRapa	train
19622	3986_YPDRapa	train
19623	3987_YPDRapa	train
19624	3988_YPDRapa	train
19625	3989_YPDRapa	train
19626	3990_YPDRapa	train
19627	3991_YPDRapa	train
19628	3992_YPDRapa	train
19629	3993_YPDRapa	train
19630	3994_YPDRapa	train
19631	3995_YPDRapa	train
19632	3996_YPDRapa	train
19633	3997_YPDRapa	train
19634	3998_YPDRapa	train
19635	3999_YPDRapa	train
19636	4000_YPDRapa	train
19637	4001_YPDRapa	train
19638	4002_YPDRapa	train
19639	4003_YPDRapa	train
19640	4004_YPDRapa	train
19641	4005_YPDRapa	train
19642	4006_YPDRapa	train
19643	4007_YPDRapa	train
19644	4008_YPDRapa	train
19645	4009_YPDRapa	train
19646	4010_YPDRapa	train
19647	4011_YPDRapa	train
19648	4012_YPDRapa	train
19649	4013_YPDRapa	train
19650	4014_YPDRapa	train
19651	4015_YPDRapa	train
19652	4016_YPDRapa	train
19653	4017_YPDRapa	train
19654	4018_YPDRapa	train
19655	4019_YPDRapa	train
19656	4020_YPDRapa	train
19657	4021_YPDRapa	train
19658	4022_YPDRapa	train
19659	4023_YPDRapa	train
19660	4024_YPDRapa	train
19661	4025_YPDRapa	train
19662	4026_YPDRapa	train
19663	4027_YPDRapa	train
19664	4028_YPDRapa	train
19665	4029_YPDRapa	train
19666	4030_YPDRapa	train
19667	4031_YPDRapa	train
19668	4032_YPDRapa	train
19669	4033_YPDRapa	train
19670	4034_YPDRapa	train
19671	4035_YPDRapa	train
19672	4036_YPDRapa	train
19673	4037_YPDRapa	train
19674	4038_YPDRapa	train
19675	4039_YPDRapa	train
19676	4040_YPDRapa	train
19677	4041_YPDRapa	train
19678	4042_YPDRapa	train
19679	4043_YPDRapa	train
19680	4044_YPDRapa	train
19681	4045_YPDRapa	train
19682	4046_YPDRapa	train
19683	4047_YPDRapa	train
19684	4048_YPDRapa	train
19685	4049_YPDRapa	train
19686	4050_YPDRapa	train
19687	4051_YPDRapa	train
19688	4052_YPDRapa	train
19689	4053_YPDRapa	train
19690	4054_YPDRapa	train
19691	4055_YPDRapa	train
19692	4056_YPDRapa	train
19693	4057_YPDRapa	train
19694	4058_YPDRapa	train
19695	4059_YPDRapa	train
19696	4060_YPDRapa	train
19697	4061_YPDRapa	train
19698	4062_YPDRapa	train
19699	4063_YPDRapa	train
19700	4064_YPDRapa	train
19701	4065_YPDRapa	train
19702	4066_YPDRapa	train
19703	4067_YPDRapa	train
19704	4068_YPDRapa	train
19705	4069_YPDRapa	train
19706	4070_YPDRapa	train
19707	4071_YPDRapa	train
19708	4072_YPDRapa	train
19709	4073_YPDRapa	train
19710	4074_YPDRapa	train
19711	4075_YPDRapa	train
19712	4076_YPDRapa	train
19713	4077_YPDRapa	train
19714	4078_YPDRapa	train
19715	4079_YPDRapa	train
19716	4080_YPDRapa	train
19717	4081_YPDRapa	train
19718	4082_YPDRapa	train
19719	4083_YPDRapa	train
19720	4084_YPDRapa	train
19721	4085_YPDRapa	train
19722	4086_YPDRapa	train
19723	4087_YPDRapa	train
19724	4088_YPDRapa	train
19725	4089_YPDRapa	train
19726	4090_YPDRapa	train
19727	4091_YPDRapa	train
19728	4092_YPDRapa	train
19729	4093_YPDRapa	train
19730	4094_YPDRapa	train
19731	4095_YPDRapa	train
19732	4096_YPDRapa	train
19733	4097_YPDRapa	train
19734	4098_YPDRapa	train
19735	4099_YPDRapa	train
19736	4100_YPDRapa	train
19737	4101_YPDRapa	train
19738	4102_YPDRapa	train
19739	4103_YPDRapa	train
19740	4104_YPDRapa	train
19741	4105_YPDRapa	train
19742	4106_YPDRapa	train
19743	4107_YPDRapa	train
19744	4108_YPDRapa	train
19745	4109_YPDRapa	train
19746	4110_YPDRapa	train
19747	4111_YPDRapa	train
19748	4112_YPDRapa	train
19749	4113_YPDRapa	train
19750	4114_YPDRapa	train
19751	4115_YPDRapa	train
19752	4116_YPDRapa	train
19753	4117_YPDRapa	train
19754	4118_YPDRapa	train
19755	4119_YPDRapa	train
19756	4120_YPDRapa	train
19757	4121_YPDRapa	train
19758	4122_YPDRapa	train
19759	4123_YPDRapa	train
19760	4124_YPDRapa	train
19761	4125_YPDRapa	train
19762	4126_YPDRapa	train
19763	4127_YPDRapa	validation
19764	4128_YPDRapa	train
19765	4129_YPDRapa	train
19766	4130_YPDRapa	train
19767	4131_YPDRapa	train
19768	4132_YPDRapa	train
19769	4133_YPDRapa	train
19770	4134_YPDRapa	train
19771	4135_YPDRapa	train
19772	4136_YPDRapa	train
19773	4137_YPDRapa	validation
19774	4138_YPDRapa	train
19775	4139_YPDRapa	train
19776	4140_YPDRapa	train
19777	4141_YPDRapa	train
19778	4142_YPDRapa	train
19779	4143_YPDRapa	train
19780	4144_YPDRapa	train
19781	4145_YPDRapa	train
19782	4146_YPDRapa	train
19783	4147_YPDRapa	train
19784	4148_YPDRapa	validation
19785	4149_YPDRapa	train
19786	4150_YPDRapa	train
19787	4151_YPDRapa	train
19788	4152_YPDRapa	train
19789	4153_YPDRapa	train
19790	4154_YPDRapa	train
19791	4155_YPDRapa	train
19792	4156_YPDRapa	train
19793	4157_YPDRapa	train
19794	4158_YPDRapa	train
19795	4159_YPDRapa	train
19796	4160_YPDRapa	train
19797	4161_YPDRapa	train
19798	4162_YPDRapa	train
19799	4163_YPDRapa	train
19800	4164_YPDRapa	train
19801	4165_YPDRapa	train
19802	4166_YPDRapa	train
19803	4167_YPDRapa	train
19804	4168_YPDRapa	train
19805	4169_YPDRapa	train
19806	4170_YPDRapa	train
19807	4171_YPDRapa	train
19808	4172_YPDRapa	train
19809	4173_YPDRapa	train
19810	4174_YPDRapa	train
19811	4175_YPDRapa	train
19812	4176_YPDRapa	train
19813	4177_YPDRapa	train
19814	4178_YPDRapa	train
19815	4179_YPDRapa	train
19816	4180_YPDRapa	train
19817	4181_YPDRapa	train
19818	4182_YPDRapa	train
19819	4183_YPDRapa	train
19820	4184_YPDRapa	train
19821	4185_YPDRapa	train
19822	4186_YPDRapa	train
19823	4187_YPDRapa	train
19824	4188_YPDRapa	train
19825	4189_YPDRapa	train
19826	4190_YPDRapa	train
19827	4191_YPDRapa	train
19828	4192_YPDRapa	train
19829	4193_YPDRapa	train
19830	4194_YPDRapa	train
19831	4195_YPDRapa	validation
19832	4196_YPDRapa	train
19833	4197_YPDRapa	train
19834	4198_YPDRapa	train
19835	4199_YPDRapa	train
19836	4200_YPDRapa	train
19837	4201_YPDRapa	validation
19838	4202_YPDRapa	train
19839	4203_YPDRapa	train
19840	4204_YPDRapa	train
19841	4205_YPDRapa	train
19842	4206_YPDRapa	train
19843	4207_YPDRapa	train
19844	4208_YPDRapa	train
19845	4209_YPDRapa	train
19846	4210_YPDRapa	train
19847	4211_YPDRapa	train
19848	4212_YPDRapa	train
19849	4213_YPDRapa	train
19850	4214_YPDRapa	train
19851	4215_YPDRapa	train
19852	4216_YPDRapa	train
19853	4217_YPDRapa	train
19854	4218_YPDRapa	train
19855	4219_YPDRapa	train
19856	4220_YPDRapa	train
19857	4221_YPDRapa	train
19858	4222_YPDRapa	train
19859	4223_YPDRapa	train
19860	4224_YPDRapa	train
19861	4225_YPDRapa	train
19862	4226_YPDRapa	train
19863	4227_YPDRapa	train
19864	4228_YPDRapa	train
19865	4229_YPDRapa	train
19866	4230_YPDRapa	train
19867	4231_YPDRapa	train
19868	4232_YPDRapa	train
19869	4233_YPDRapa	train
19870	4234_YPDRapa	train
19871	4235_YPDRapa	train
19872	4236_YPDRapa	validation
19873	4237_YPDRapa	train
19874	4238_YPDRapa	train
19875	4239_YPDRapa	train
19876	4240_YPDRapa	train
19877	4241_YPDRapa	train
19878	4242_YPDRapa	validation
19879	4243_YPDRapa	validation
19880	4244_YPDRapa	train
19881	4245_YPDRapa	train
19882	4246_YPDRapa	train
19883	4247_YPDRapa	train
19884	4248_YPDRapa	train
19885	4249_YPDRapa	train
19886	4250_YPDRapa	train
19887	4251_YPDRapa	train
19888	4252_YPDRapa	train
19889	4253_YPDRapa	train
19890	4254_YPDRapa	train
19891	4255_YPDRapa	train
19892	4256_YPDRapa	train
19893	4257_YPDRapa	train
19894	4258_YPDRapa	train
19895	4259_YPDRapa	train
19896	4260_YPDRapa	train
19897	4261_YPDRapa	train
19898	4262_YPDRapa	train
19899	4263_YPDRapa	train
19900	4264_YPDRapa	train
19901	4265_YPDRapa	train
19902	4266_YPDRapa	train
19903	4267_YPDRapa	train
19904	4268_YPDRapa	train
19905	4269_YPDRapa	train
19906	4270_YPDRapa	validation
19907	4271_YPDRapa	train
19908	4272_YPDRapa	train
19909	4273_YPDRapa	train
19910	4274_YPDRapa	train
19911	4275_YPDRapa	train
19912	4276_YPDRapa	train
19913	4277_YPDRapa	train
19914	4278_YPDRapa	train
19915	4279_YPDRapa	train
19916	4280_YPDRapa	train
19917	4281_YPDRapa	train
19918	4282_YPDRapa	train
19919	4283_YPDRapa	train
19920	4284_YPDRapa	train
19921	4285_YPDRapa	train
19922	4286_YPDRapa	train
19923	4287_YPDRapa	train
19924	4288_YPDRapa	train
19925	4289_YPDRapa	train
19926	4290_YPDRapa	validation
19927	4291_YPDRapa	train
19928	4292_YPDRapa	train
19929	4293_YPDRapa	train
19930	4294_YPDRapa	train
19931	4295_YPDRapa	train
19932	4296_YPDRapa	train
19933	4297_YPDRapa	train
19934	4298_YPDRapa	validation
19935	4299_YPDRapa	train
19936	4300_YPDRapa	train
19937	4301_YPDRapa	train
19938	4302_YPDRapa	train
19939	4303_YPDRapa	train
19940	4304_YPDRapa	train
19941	4305_YPDRapa	train
19942	4306_YPDRapa	train
19943	4307_YPDRapa	train
19944	4308_YPDRapa	train
19945	4309_YPDRapa	train
19946	4310_YPDRapa	train
19947	4311_YPDRapa	train
19948	4312_YPDRapa	train
19949	4313_YPDRapa	train
19950	4314_YPDRapa	train
19951	4315_YPDRapa	train
19952	4316_YPDRapa	validation
19953	4317_YPDRapa	train
19954	4318_YPDRapa	train
19955	4319_YPDRapa	train
19956	4320_YPDRapa	train
19957	4321_YPDRapa	train
19958	4322_YPDRapa	train
19959	4323_YPDRapa	validation
19960	4324_YPDRapa	train
19961	4325_YPDRapa	train
19962	4326_YPDRapa	validation
19963	4327_YPDRapa	train
19964	4328_YPDRapa	train
19965	4329_YPDRapa	train
19966	4330_YPDRapa	train
19967	4331_YPDRapa	train
19968	4332_YPDRapa	train
19969	4333_YPDRapa	train
19970	4334_YPDRapa	train
19971	4335_YPDRapa	train
19972	4336_YPDRapa	train
19973	4337_YPDRapa	train
19974	4338_YPDRapa	train
19975	4339_YPDRapa	train
19976	4340_YPDRapa	train
19977	4341_YPDRapa	train
19978	4342_YPDRapa	train
19979	4343_YPDRapa	train
19980	4344_YPDRapa	train
19981	4345_YPDRapa	train
19982	4346_YPDRapa	train
19983	4347_YPDRapa	train
19984	4348_YPDRapa	train
19985	4349_YPDRapa	train
19986	4350_YPDRapa	train
19987	4351_YPDRapa	train
19988	4352_YPDRapa	train
19989	4353_YPDRapa	train
19990	4354_YPDRapa	train
19991	4355_YPDRapa	train
19992	4356_YPDRapa	train
19993	4357_YPDRapa	train
19994	4358_YPDRapa	train
19995	4359_YPDRapa	train
19996	4360_YPDRapa	train
19997	4361_YPDRapa	train
19998	4362_YPDRapa	train
19999	4363_YPDRapa	train
20000	4364_YPDRapa	train
20001	4365_YPDRapa	train
20002	4366_YPDRapa	train
20003	4367_YPDRapa	train
20004	4368_YPDRapa	train
20005	4369_YPDRapa	train
20006	4370_YPDRapa	train
20007	4371_YPDRapa	train
20008	4372_YPDRapa	train
20009	4373_YPDRapa	train
20010	4374_YPDRapa	train
20011	4375_YPDRapa	validation
20012	4376_YPDRapa	train
20013	4377_YPDRapa	train
20014	4378_YPDRapa	train
20015	4379_YPDRapa	train
20016	4380_YPDRapa	train
20017	4381_YPDRapa	train
20018	4382_YPDRapa	train
20019	4383_YPDRapa	train
20020	4384_YPDRapa	train
20021	4385_YPDRapa	train
20022	4386_YPDRapa	train
20023	4387_YPDRapa	train
20024	4388_YPDRapa	train
20025	4389_YPDRapa	train
20026	4390_YPDRapa	train
20027	4391_YPDRapa	train
20028	4392_YPDRapa	train
20029	4393_YPDRapa	train
20030	4394_YPDRapa	validation
20031	4395_YPDRapa	validation
20032	4396_YPDRapa	train
20033	4397_YPDRapa	train
20034	4398_YPDRapa	train
20035	4399_YPDRapa	train
20036	4400_YPDRapa	train
20037	4401_YPDRapa	train
20038	4402_YPDRapa	train
20039	4403_YPDRapa	train
20040	4404_YPDRapa	train
20041	4405_YPDRapa	train
20042	4406_YPDRapa	train
20043	4407_YPDRapa	train
20044	4408_YPDRapa	train
20045	4409_YPDRapa	train
20046	4410_YPDRapa	train
20047	4411_YPDRapa	validation
20048	4412_YPDRapa	train
20049	4413_YPDRapa	train
20050	4414_YPDRapa	train
20051	4415_YPDRapa	train
20052	4416_YPDRapa	train
20053	4417_YPDRapa	train
20054	4418_YPDRapa	train
20055	4419_YPDRapa	train
20056	4420_YPDRapa	train
20057	4421_YPDRapa	train
20058	4422_YPDRapa	train
20059	4423_YPDRapa	train
20060	4424_YPDRapa	train
20061	4425_YPDRapa	validation
20062	4426_YPDRapa	train
20063	4427_YPDRapa	validation
20064	4428_YPDRapa	train
20065	4429_YPDRapa	train
20066	4430_YPDRapa	train
20067	4431_YPDRapa	train
20068	4432_YPDRapa	train
20069	4433_YPDRapa	train
20070	4434_YPDRapa	train
20071	4435_YPDRapa	train
20072	4436_YPDRapa	validation
20073	4437_YPDRapa	train
20074	4438_YPDRapa	train
20075	4439_YPDRapa	train
20076	4440_YPDRapa	train
20077	4441_YPDRapa	train
20078	4442_YPDRapa	train
20079	4443_YPDRapa	train
20080	4444_YPDRapa	train
20081	4445_YPDRapa	train
20082	4446_YPDRapa	train
20083	4447_YPDRapa	train
20084	4448_YPDRapa	train
20085	4449_YPDRapa	train
20086	4450_YPDRapa	train
20087	4451_YPDRapa	train
20088	4452_YPDRapa	train
20089	4453_YPDRapa	validation
20090	4454_YPDRapa	train
20091	4455_YPDRapa	train
20092	4456_YPDRapa	validation
20093	4457_YPDRapa	train
20094	4458_YPDRapa	train
20095	4459_YPDRapa	train
20096	4460_YPDRapa	train
20097	4461_YPDRapa	train
20098	4462_YPDRapa	train
20099	4463_YPDRapa	train
20100	4464_YPDRapa	train
20101	4465_YPDRapa	train
20102	4466_YPDRapa	train
20103	4467_YPDRapa	train
20104	4468_YPDRapa	train
20105	4469_YPDRapa	train
20106	4470_YPDRapa	train
20107	4471_YPDRapa	train
20108	4472_YPDRapa	validation
20109	4473_YPDRapa	train
20110	4474_YPDRapa	train
20111	4475_YPDRapa	train
20112	4476_YPDRapa	train
20113	4477_YPDRapa	train
20114	4478_YPDRapa	train
20115	4479_YPDRapa	train
20116	4480_YPDRapa	train
20117	4481_YPDRapa	train
20118	4482_YPDRapa	train
20119	4483_YPDRapa	train
20120	4484_YPDRapa	train
20121	4485_YPDRapa	validation
20122	4486_YPDRapa	validation
20123	4487_YPDRapa	train
20124	4488_YPDRapa	train
20125	4489_YPDRapa	train
20126	4490_YPDRapa	train
20127	4491_YPDRapa	train
20128	4492_YPDRapa	validation
20129	4493_YPDRapa	train
20130	4494_YPDRapa	validation
20131	4495_YPDRapa	train
20132	4496_YPDRapa	train
20133	4497_YPDRapa	train
20134	4498_YPDRapa	train
20135	4499_YPDRapa	train
20136	4500_YPDRapa	train
20137	4501_YPDRapa	train
20138	4502_YPDRapa	train
20139	4503_YPDRapa	train
20140	4504_YPDRapa	train
20141	4505_YPDRapa	validation
20142	4506_YPDRapa	train
20143	4507_YPDRapa	train
20144	4508_YPDRapa	train
20145	4509_YPDRapa	validation
20146	4510_YPDRapa	train
20147	4511_YPDRapa	train
20148	4512_YPDRapa	train
20149	4513_YPDRapa	train
20150	4514_YPDRapa	train
20151	4515_YPDRapa	train
20152	4516_YPDRapa	train
20153	4517_YPDRapa	train
20154	4518_YPDRapa	train
20155	4519_YPDRapa	train
20156	4520_YPDRapa	validation
20157	4521_YPDRapa	train
20158	4522_YPDRapa	train
20159	4523_YPDRapa	train
20160	4524_YPDRapa	train
20161	4525_YPDRapa	train
20162	4526_YPDRapa	train
20163	4527_YPDRapa	validation
20164	4528_YPDRapa	train
20165	4529_YPDRapa	train
20166	4530_YPDRapa	train
20167	4531_YPDRapa	train
20168	4532_YPDRapa	train
20169	4533_YPDRapa	train
20170	4534_YPDRapa	train
20171	4535_YPDRapa	train
20172	4536_YPDRapa	train
20173	4537_YPDRapa	train
20174	4538_YPDRapa	validation
20175	4539_YPDRapa	train
20176	4540_YPDRapa	train
20177	4541_YPDRapa	train
20178	4542_YPDRapa	train
20179	4543_YPDRapa	train
20180	4544_YPDRapa	train
20181	4545_YPDRapa	train
20182	4546_YPDRapa	train
20183	4547_YPDRapa	train
20184	4548_YPDRapa	train
20185	4549_YPDRapa	train
20186	4550_YPDRapa	train
20187	4551_YPDRapa	train
20188	4552_YPDRapa	train
20189	4553_YPDRapa	train
20190	4554_YPDRapa	train
20191	4555_YPDRapa	train
20192	4556_YPDRapa	train
20193	4557_YPDRapa	train
20194	4558_YPDRapa	train
20195	4559_YPDRapa	train
20196	4560_YPDRapa	validation
20197	4561_YPDRapa	train
20198	4562_YPDRapa	train
20199	4563_YPDRapa	train
20200	4564_YPDRapa	train
20201	4565_YPDRapa	train
20202	4566_YPDRapa	train
20203	4567_YPDRapa	train
20204	4568_YPDRapa	train
20205	4569_YPDRapa	train
20206	4570_YPDRapa	train
20207	4571_YPDRapa	train
20208	4572_YPDRapa	train
20209	4573_YPDRapa	train
20210	4574_YPDRapa	train
20211	4575_YPDRapa	train
20212	4576_YPDRapa	train
20213	4577_YPDRapa	train
20214	4578_YPDRapa	train
20215	4579_YPDRapa	train
20216	4580_YPDRapa	validation
20217	4581_YPDRapa	train
20218	4582_YPDRapa	train
20219	4583_YPDRapa	train
20220	4584_YPDRapa	validation
20221	4585_YPDRapa	train
20222	4586_YPDRapa	train
20223	4587_YPDRapa	train
20224	4588_YPDRapa	train
20225	4589_YPDRapa	train
20226	4590_YPDRapa	train
20227	4591_YPDRapa	train
20228	4592_YPDRapa	train
20229	4593_YPDRapa	train
20230	4594_YPDRapa	train
20231	4595_YPDRapa	train
20232	4596_YPDRapa	train
20233	4597_YPDRapa	train
20234	4598_YPDRapa	train
20235	4599_YPDRapa	train
20236	4600_YPDRapa	train
20237	4601_YPDRapa	train
20238	4602_YPDRapa	train
20239	4603_YPDRapa	train
20240	4604_YPDRapa	train
20241	4605_YPDRapa	train
20242	4606_YPDRapa	train
20243	4607_YPDRapa	train
20244	4608_YPDRapa	train
20245	4609_YPDRapa	train
20246	4610_YPDRapa	train
20247	4611_YPDRapa	train
20248	4612_YPDRapa	train
20249	4613_YPDRapa	train
20250	4614_YPDRapa	train
20251	4615_YPDRapa	train
20252	4616_YPDRapa	train
20253	4617_YPDRapa	train
20254	4618_YPDRapa	train
20255	4619_YPDRapa	train
20256	4620_YPDRapa	train
20257	4621_YPDRapa	train
20258	4622_YPDRapa	train
20259	4623_YPDRapa	train
20260	4624_YPDRapa	train
20261	4625_YPDRapa	train
20262	4626_YPDRapa	train
20263	4627_YPDRapa	train
20264	4628_YPDRapa	train
20265	4629_YPDRapa	train
20266	4630_YPDRapa	validation
20267	4631_YPDRapa	train
20268	4632_YPDRapa	train
20269	4633_YPDRapa	train
20270	4634_YPDRapa	train
20271	4635_YPDRapa	train
20272	4636_YPDRapa	train
20273	4637_YPDRapa	train
20274	4638_YPDRapa	train
20275	4639_YPDRapa	train
20276	4640_YPDRapa	train
20277	4641_YPDRapa	train
20278	4642_YPDRapa	train
20279	4643_YPDRapa	train
20280	4644_YPDRapa	train
20281	4645_YPDRapa	train
20282	4646_YPDRapa	train
20283	4647_YPDRapa	train
20284	4648_YPDRapa	train
20285	4649_YPDRapa	train
20286	4650_YPDRapa	train
20287	4651_YPDRapa	train
20288	4652_YPDRapa	train
20289	4653_YPDRapa	train
20290	4654_YPDRapa	train
20291	4655_YPDRapa	train
20292	4656_YPDRapa	train
20293	4657_YPDRapa	train
20294	4658_YPDRapa	train
20295	4659_YPDRapa	train
20296	4660_YPDRapa	train
20297	4661_YPDRapa	train
20298	4662_YPDRapa	train
20299	4663_YPDRapa	train
20300	4664_YPDRapa	train
20301	4665_YPDRapa	train
20302	4666_YPDRapa	train
20303	4667_YPDRapa	train
20304	4668_YPDRapa	train
20305	4669_YPDRapa	train
20306	4670_YPDRapa	train
20307	4671_YPDRapa	train
20308	4672_YPDRapa	train
20309	4673_YPDRapa	validation
20310	4674_YPDRapa	train
20311	4675_YPDRapa	train
20312	4676_YPDRapa	train
20313	4677_YPDRapa	train
20314	4678_YPDRapa	train
20315	4679_YPDRapa	train
20316	4680_YPDRapa	train
20317	4681_YPDRapa	train
20318	4682_YPDRapa	train
20319	4683_YPDRapa	train
20320	4684_YPDRapa	train
20321	4685_YPDRapa	train
20322	4686_YPDRapa	train
20323	4687_YPDRapa	train
20324	4688_YPDRapa	validation
20325	4689_YPDRapa	train
20326	4690_YPDRapa	train
20327	4691_YPDRapa	train
20328	4692_YPDRapa	train
20329	4693_YPDRapa	train
20330	4694_YPDRapa	train
20331	4695_YPDRapa	train
20332	4696_YPDRapa	train
20333	4697_YPDRapa	train
20334	4698_YPDRapa	train
20335	4699_YPDRapa	train
20336	4700_YPDRapa	train
20337	4701_YPDRapa	train
20338	4702_YPDRapa	train
20339	4703_YPDRapa	train
20340	4704_YPDRapa	train
20341	4705_YPDRapa	train
20342	4706_YPDRapa	train
20343	4707_YPDRapa	train
20344	4708_YPDRapa	train
20345	4709_YPDRapa	train
20346	4710_YPDRapa	train
20347	4711_YPDRapa	train
20348	4712_YPDRapa	train
20349	4713_YPDRapa	train
20350	4714_YPDRapa	train
20351	4715_YPDRapa	train
20352	4716_YPDRapa	train
20353	4717_YPDRapa	train
20354	4718_YPDRapa	train
20355	4719_YPDRapa	train
20356	4720_YPDRapa	train
20357	4721_YPDRapa	train
20358	4722_YPDRapa	validation
20359	4723_YPDRapa	train
20360	4724_YPDRapa	train
20361	4725_YPDRapa	train
20362	4726_YPDRapa	train
20363	4727_YPDRapa	train
20364	4728_YPDRapa	train
20365	4729_YPDRapa	train
20366	4730_YPDRapa	train
20367	4731_YPDRapa	train
20368	4732_YPDRapa	train
20369	4733_YPDRapa	train
20370	4734_YPDRapa	train
20371	4735_YPDRapa	train
20372	4736_YPDRapa	train
20373	4737_YPDRapa	train
20374	4738_YPDRapa	train
20375	4739_YPDRapa	train
20376	4740_YPDRapa	train
20377	4741_YPDRapa	train
20378	4742_YPDRapa	train
20379	4743_YPDRapa	train
20380	4744_YPDRapa	train
20381	4745_YPDRapa	train
20382	4746_YPDRapa	train
20383	4747_YPDRapa	train
20384	4748_YPDRapa	train
20385	4749_YPDRapa	train
20386	4750_YPDRapa	train
20387	4751_YPDRapa	train
20388	4752_YPDRapa	train
20389	4753_YPDRapa	train
20390	4754_YPDRapa	train
20391	4755_YPDRapa	train
20392	4756_YPDRapa	train
20393	4757_YPDRapa	train
20394	4758_YPDRapa	train
20395	4759_YPDRapa	train
20396	4760_YPDRapa	train
20397	4761_YPDRapa	train
20398	4762_YPDRapa	train
20399	4763_YPDRapa	train
20400	4764_YPDRapa	train
20401	4765_YPDRapa	train
20402	4766_YPDRapa	train
20403	4767_YPDRapa	train
20404	4768_YPDRapa	train
20405	4769_YPDRapa	train
20406	4770_YPDRapa	train
20407	4771_YPDRapa	train
20408	4772_YPDRapa	train
20409	4773_YPDRapa	train
20410	4774_YPDRapa	train
20411	4775_YPDRapa	train
20412	4776_YPDRapa	train
20413	4777_YPDRapa	train
20414	4778_YPDRapa	train
20415	4779_YPDRapa	train
20416	4780_YPDRapa	train
20417	4781_YPDRapa	train
20418	4782_YPDRapa	train
20419	4783_YPDRapa	train
20420	4784_YPDRapa	train
20421	4785_YPDRapa	train
20422	4786_YPDRapa	train
20423	4787_YPDRapa	train
20424	4788_YPDRapa	train
20425	4789_YPDRapa	train
20426	4790_YPDRapa	train
20427	4791_YPDRapa	train
20428	4792_YPDRapa	train
20429	4793_YPDRapa	train
20430	4794_YPDRapa	train
20431	4795_YPDRapa	train
20432	4796_YPDRapa	validation
20433	4797_YPDRapa	train
20434	4798_YPDRapa	train
20435	4799_YPDRapa	train
20436	4800_YPDRapa	train
20437	4801_YPDRapa	train
20438	4802_YPDRapa	train
20439	4803_YPDRapa	train
20440	4804_YPDRapa	train
20441	4805_YPDRapa	validation
20442	4806_YPDRapa	train
20443	4807_YPDRapa	validation
20444	4808_YPDRapa	train
20445	4809_YPDRapa	train
20446	4810_YPDRapa	train
20447	4811_YPDRapa	train
20448	4812_YPDRapa	train
20449	4813_YPDRapa	train
20450	4814_YPDRapa	train
20451	4815_YPDRapa	validation
20452	4816_YPDRapa	train
20453	4817_YPDRapa	train
20454	4818_YPDRapa	train
20455	4819_YPDRapa	train
20456	4820_YPDRapa	train
20457	4821_YPDRapa	train
20458	4822_YPDRapa	train
20459	4823_YPDRapa	train
20460	4824_YPDRapa	train
20461	4825_YPDRapa	train
20462	4826_YPDRapa	train
20463	4827_YPDRapa	validation
20464	4828_YPDRapa	validation
20465	4829_YPDRapa	train
20466	4830_YPDRapa	train
20467	4831_YPDRapa	train
20468	4832_YPDRapa	train
20469	4833_YPDRapa	train
20470	4834_YPDRapa	train
20471	4835_YPDRapa	train
20472	4836_YPDRapa	train
20473	4837_YPDRapa	train
20474	4838_YPDRapa	train
20475	4839_YPDRapa	validation
20476	4840_YPDRapa	train
20477	4841_YPDRapa	train
20478	4842_YPDRapa	train
20479	4843_YPDRapa	train
20480	4844_YPDRapa	train
20481	4845_YPDRapa	train
20482	4846_YPDRapa	train
20483	4847_YPDRapa	train
20484	4848_YPDRapa	train
20485	4849_YPDRapa	train
20486	4850_YPDRapa	train
20487	4851_YPDRapa	train
20488	4852_YPDRapa	train
20489	4853_YPDRapa	train
20490	4854_YPDRapa	train
20491	4855_YPDRapa	train
20492	4856_YPDRapa	train
20493	4857_YPDRapa	train
20494	4858_YPDRapa	validation
20495	4859_YPDRapa	train
20496	4860_YPDRapa	train
20497	4861_YPDRapa	train
20498	4862_YPDRapa	validation
20499	4863_YPDRapa	train
20500	4864_YPDRapa	train
20501	4865_YPDRapa	train
20502	4866_YPDRapa	train
20503	4867_YPDRapa	train
20504	4868_YPDRapa	train
20505	4869_YPDRapa	train
20506	4870_YPDRapa	train
20507	4871_YPDRapa	train
20508	4872_YPDRapa	train
20509	4873_YPDRapa	train
20510	4874_YPDRapa	train
20511	4875_YPDRapa	train
20512	4876_YPDRapa	validation
20513	4877_YPDRapa	train
20514	4878_YPDRapa	validation
20515	4879_YPDRapa	train
20516	4880_YPDRapa	train
20517	4881_YPDRapa	train
20518	4882_YPDRapa	train
20519	4883_YPDRapa	train
20520	4884_YPDRapa	train
20521	4885_YPDRapa	train
20522	4886_YPDRapa	train
20523	4887_YPDRapa	train
20524	4888_YPDRapa	train
20525	4889_YPDRapa	train
20526	4890_YPDRapa	train
20527	4891_YPDRapa	train
20528	4892_YPDRapa	train
20529	4893_YPDRapa	train
20530	4894_YPDRapa	train
20531	4895_YPDRapa	train
20532	4896_YPDRapa	train
20533	4897_YPDRapa	train
20534	4898_YPDRapa	validation
20535	4899_YPDRapa	train
20536	4900_YPDRapa	train
20537	4901_YPDRapa	train
20538	4902_YPDRapa	train
20539	4903_YPDRapa	train
20540	4904_YPDRapa	train
20541	4905_YPDRapa	train
20542	4906_YPDRapa	train
20543	4907_YPDRapa	train
20544	4908_YPDRapa	train
20545	4909_YPDRapa	train
20546	4910_YPDRapa	train
20547	4911_YPDRapa	train
20548	4912_YPDRapa	train
20549	4913_YPDRapa	train
20550	4914_YPDRapa	train
20551	4915_YPDRapa	train
20552	4916_YPDRapa	train
20553	4917_YPDRapa	train
20554	4918_YPDRapa	train
20555	4919_YPDRapa	train
20556	4920_YPDRapa	train
20557	4921_YPDRapa	train
20558	4922_YPDRapa	train
20559	4923_YPDRapa	train
20560	4924_YPDRapa	train
20561	4925_YPDRapa	train
20562	4926_YPDRapa	train
20563	4927_YPDRapa	train
20564	4928_YPDRapa	train
20565	4929_YPDRapa	train
20566	4930_YPDRapa	train
20567	4931_YPDRapa	train
20568	4932_YPDRapa	train
20569	4933_YPDRapa	train
20570	4934_YPDRapa	train
20571	4935_YPDRapa	train
20572	4936_YPDRapa	train
20573	4937_YPDRapa	train
20574	4938_YPDRapa	train
20575	4939_YPDRapa	train
20576	4940_YPDRapa	train
20577	4941_YPDRapa	train
20578	4942_YPDRapa	train
20579	4943_YPDRapa	validation
20580	4944_YPDRapa	train
20581	4945_YPDRapa	train
20582	4946_YPDRapa	train
20583	4947_YPDRapa	train
20584	4948_YPDRapa	train
20585	4949_YPDRapa	train
20586	4950_YPDRapa	validation
20587	4951_YPDRapa	train
20588	4952_YPDRapa	train
20589	4953_YPDRapa	train
20590	4954_YPDRapa	validation
20591	4955_YPDRapa	train
20592	4956_YPDRapa	train
20593	4957_YPDRapa	train
20594	4958_YPDRapa	train
20595	4959_YPDRapa	train
20596	4960_YPDRapa	train
20597	4961_YPDRapa	validation
20598	4962_YPDRapa	train
20599	4963_YPDRapa	train
20600	4964_YPDRapa	train
20601	4965_YPDRapa	train
20602	4966_YPDRapa	train
20603	4967_YPDRapa	train
20604	4968_YPDRapa	train
20605	4969_YPDRapa	train
20606	4970_YPDRapa	train
20607	4971_YPDRapa	train
20608	4972_YPDRapa	train
20609	4973_YPDRapa	train
20610	4974_YPDRapa	train
20611	4975_YPDRapa	train
20612	4976_YPDRapa	train
20613	4977_YPDRapa	train
20614	4978_YPDRapa	train
20615	4979_YPDRapa	train
20616	4980_YPDRapa	train
20617	4981_YPDRapa	train
20618	4982_YPDRapa	train
20619	4983_YPDRapa	train
20620	4984_YPDRapa	train
20621	4985_YPDRapa	train
20622	4986_YPDRapa	train
20623	4987_YPDRapa	train
20624	4988_YPDRapa	train
20625	4989_YPDRapa	train
20626	4990_YPDRapa	train
20627	4991_YPDRapa	train
20628	4992_YPDRapa	train
20629	4993_YPDRapa	train
20630	4994_YPDRapa	train
20631	4995_YPDRapa	train
20632	4996_YPDRapa	train
20633	4997_YPDRapa	train
20634	4998_YPDRapa	train
20635	4999_YPDRapa	train
20636	5000_YPDRapa	train
20637	5001_YPDRapa	train
20638	5002_YPDRapa	train
20639	5003_YPDRapa	train
20640	5004_YPDRapa	train
20641	5005_YPDRapa	train
20642	5006_YPDRapa	train
20643	5007_YPDRapa	train
20644	5008_YPDRapa	train
20645	5009_YPDRapa	train
20646	5010_YPDRapa	train
20647	5011_YPDRapa	train
20648	5012_YPDRapa	train
20649	5013_YPDRapa	train
20650	5014_YPDRapa	train
20651	5015_YPDRapa	train
20652	5016_YPDRapa	train
20653	5017_YPDRapa	train
20654	5018_YPDRapa	train
20655	5019_YPDRapa	train
20656	5020_YPDRapa	train
20657	5021_YPDRapa	train
20658	5022_YPDRapa	train
20659	5023_YPDRapa	train
20660	5024_YPDRapa	train
20661	5025_YPDRapa	train
20662	5026_YPDRapa	train
20663	5027_YPDRapa	train
20664	5028_YPDRapa	train
20665	5029_YPDRapa	train
20666	5030_YPDRapa	train
20667	5031_YPDRapa	train
20668	5032_YPDRapa	train
20669	5033_YPDRapa	train
20670	5034_YPDRapa	train
20671	5035_YPDRapa	validation
20672	5036_YPDRapa	train
20673	5037_YPDRapa	train
20674	5038_YPDRapa	train
20675	5039_YPDRapa	train
20676	5040_YPDRapa	train
20677	5041_YPDRapa	train
20678	5042_YPDRapa	train
20679	5043_YPDRapa	train
20680	5044_YPDRapa	train
20681	5045_YPDRapa	train
20682	5046_YPDRapa	train
20683	5047_YPDRapa	train
20684	5048_YPDRapa	validation
20685	5049_YPDRapa	train
20686	5050_YPDRapa	train
20687	5051_YPDRapa	train
20688	5052_YPDRapa	train
20689	5053_YPDRapa	train
20690	5054_YPDRapa	train
20691	5055_YPDRapa	train
20692	5056_YPDRapa	train
20693	5057_YPDRapa	train
20694	5058_YPDRapa	train
20695	5059_YPDRapa	train
20696	5060_YPDRapa	train
20697	5061_YPDRapa	train
20698	5062_YPDRapa	train
20699	5063_YPDRapa	train
20700	5064_YPDRapa	train
20701	5065_YPDRapa	train
20702	5066_YPDRapa	train
20703	5067_YPDRapa	train
20704	5068_YPDRapa	train
20705	5069_YPDRapa	train
20706	5070_YPDRapa	train
20707	5071_YPDRapa	train
20708	5072_YPDRapa	train
20709	5073_YPDRapa	train
20710	5074_YPDRapa	train
20711	5075_YPDRapa	train
20712	5076_YPDRapa	train
20713	5077_YPDRapa	train
20714	5078_YPDRapa	train
20715	5079_YPDRapa	train
20716	5080_YPDRapa	train
20717	5081_YPDRapa	train
20718	5082_YPDRapa	train
20719	5083_YPDRapa	train
20720	5084_YPDRapa	train
20721	5085_YPDRapa	train
20722	5086_YPDRapa	train
20723	5087_YPDRapa	train
20724	5088_YPDRapa	train
20725	5089_YPDRapa	train
20726	5090_YPDRapa	train
20727	5091_YPDRapa	train
20728	5092_YPDRapa	train
20729	5093_YPDRapa	validation
20730	5094_YPDRapa	train
20731	5095_YPDRapa	validation
20732	5096_YPDRapa	train
20733	5097_YPDRapa	train
20734	5098_YPDRapa	train
20735	5099_YPDRapa	train
20736	5100_YPDRapa	train
20737	5101_YPDRapa	train
20738	5102_YPDRapa	train
20739	5103_YPDRapa	train
20740	5104_YPDRapa	train
20741	5105_YPDRapa	train
20742	5106_YPDRapa	train
20743	5107_YPDRapa	train
20744	5108_YPDRapa	train
20745	5109_YPDRapa	train
20746	5110_YPDRapa	train
20747	5111_YPDRapa	validation
20748	5112_YPDRapa	train
20749	5113_YPDRapa	train
20750	5114_YPDRapa	train
20751	5115_YPDRapa	train
20752	5116_YPDRapa	train
20753	5117_YPDRapa	train
20754	5118_YPDRapa	train
20755	5119_YPDRapa	train
20756	5120_YPDRapa	train
20757	5121_YPDRapa	train
20758	5122_YPDRapa	train
20759	5123_YPDRapa	train
20760	5124_YPDRapa	train
20761	5125_YPDRapa	train
20762	5126_YPDRapa	train
20763	5127_YPDRapa	train
20764	5128_YPDRapa	train
20765	5129_YPDRapa	train
20766	5130_YPDRapa	train
20767	5131_YPDRapa	train
20768	5132_YPDRapa	train
20769	5133_YPDRapa	train
20770	5134_YPDRapa	train
20771	5135_YPDRapa	validation
20772	5136_YPDRapa	train
20773	5137_YPDRapa	train
20774	5138_YPDRapa	train
20775	5139_YPDRapa	validation
20776	5140_YPDRapa	train
20777	5141_YPDRapa	train
20778	5142_YPDRapa	train
20779	5143_YPDRapa	validation
20780	5144_YPDRapa	train
20781	5145_YPDRapa	train
20782	5146_YPDRapa	train
20783	5147_YPDRapa	train
20784	5148_YPDRapa	train
20785	5149_YPDRapa	train
20786	5150_YPDRapa	train
20787	5151_YPDRapa	train
20788	5152_YPDRapa	train
20789	5153_YPDRapa	train
20790	5154_YPDRapa	train
20791	5155_YPDRapa	train
20792	5156_YPDRapa	train
20793	5157_YPDRapa	train
20794	5158_YPDRapa	train
20795	5159_YPDRapa	validation
20796	5160_YPDRapa	train
20797	5161_YPDRapa	train
20798	5162_YPDRapa	train
20799	5163_YPDRapa	train
20800	5164_YPDRapa	train
20801	5165_YPDRapa	train
20802	5166_YPDRapa	train
20803	5167_YPDRapa	train
20804	5168_YPDRapa	train
20805	5169_YPDRapa	train
20806	5170_YPDRapa	train
20807	5171_YPDRapa	train
20808	5172_YPDRapa	train
20809	5173_YPDRapa	train
20810	5174_YPDRapa	validation
20811	5175_YPDRapa	train
20812	5176_YPDRapa	train
20813	5177_YPDRapa	train
20814	5178_YPDRapa	train
20815	5179_YPDRapa	train
20816	5180_YPDRapa	train
20817	5181_YPDRapa	train
20818	5182_YPDRapa	train
20819	5183_YPDRapa	train
20820	5184_YPDRapa	train
20821	5185_YPDRapa	train
20822	5186_YPDRapa	train
20823	5187_YPDRapa	train
20824	5188_YPDRapa	train
20825	5189_YPDRapa	train
20826	5190_YPDRapa	train
20827	5191_YPDRapa	train
20828	5192_YPDRapa	train
20829	5193_YPDRapa	train
20830	5194_YPDRapa	validation
20831	5195_YPDRapa	train
20832	5196_YPDRapa	train
20833	5197_YPDRapa	train
20834	5198_YPDRapa	train
20835	5199_YPDRapa	train
20836	5200_YPDRapa	train
20837	5201_YPDRapa	train
20838	5202_YPDRapa	train
20839	5203_YPDRapa	train
20840	5204_YPDRapa	train
20841	5205_YPDRapa	train
20842	5206_YPDRapa	train
20843	5207_YPDRapa	train
20844	5208_YPDRapa	train
20845	5209_YPDRapa	train
20846	5210_YPDRapa	train
20847	5211_YPDRapa	train
20848	5212_YPDRapa	train
20849	5213_YPDRapa	train
20850	5214_YPDRapa	train
20851	5215_YPDRapa	train
20852	5216_YPDRapa	train
20853	5217_YPDRapa	train
20854	5218_YPDRapa	train
20855	5219_YPDRapa	validation
20856	5220_YPDRapa	train
20857	5221_YPDRapa	train
20858	5222_YPDRapa	train
20859	5223_YPDRapa	train
20860	5224_YPDRapa	train
20861	5225_YPDRapa	train
20862	5226_YPDRapa	train
20863	5227_YPDRapa	validation
20864	5228_YPDRapa	train
20865	5229_YPDRapa	train
20866	5230_YPDRapa	train
20867	5231_YPDRapa	train
20868	5232_YPDRapa	train
20869	5233_YPDRapa	train
20870	5234_YPDRapa	train
20871	5235_YPDRapa	train
20872	5236_YPDRapa	train
20873	5237_YPDRapa	train
20874	5238_YPDRapa	train
20875	5239_YPDRapa	train
20876	5240_YPDRapa	train
20877	5241_YPDRapa	train
20878	5242_YPDRapa	train
20879	5243_YPDRapa	train
20880	5244_YPDRapa	train
20881	5245_YPDRapa	train
20882	5246_YPDRapa	validation
20883	5247_YPDRapa	train
20884	5248_YPDRapa	train
20885	5249_YPDRapa	train
20886	5250_YPDRapa	train
20887	5251_YPDRapa	train
20888	5252_YPDRapa	train
20889	5253_YPDRapa	train
20890	5254_YPDRapa	train
20891	5255_YPDRapa	train
20892	5256_YPDRapa	train
20893	5257_YPDRapa	train
20894	5258_YPDRapa	train
20895	5259_YPDRapa	validation
20896	5260_YPDRapa	train
20897	5261_YPDRapa	train
20898	5262_YPDRapa	train
20899	5263_YPDRapa	train
20900	5264_YPDRapa	train
20901	5265_YPDRapa	train
20902	5266_YPDRapa	train
20903	5267_YPDRapa	train
20904	5268_YPDRapa	train
20905	5269_YPDRapa	validation
20906	5270_YPDRapa	train
20907	5271_YPDRapa	train
20908	5272_YPDRapa	train
20909	5273_YPDRapa	train
20910	5274_YPDRapa	train
20911	5275_YPDRapa	train
20912	5276_YPDRapa	train
20913	5277_YPDRapa	train
20914	5278_YPDRapa	train
20915	5279_YPDRapa	train
20916	5280_YPDRapa	train
20917	5281_YPDRapa	train
20918	5282_YPDRapa	train
20919	5283_YPDRapa	train
20920	5284_YPDRapa	train
20921	5285_YPDRapa	train
20922	5286_YPDRapa	train
20923	5287_YPDRapa	validation
20924	5288_YPDRapa	train
20925	5289_YPDRapa	train
20926	5290_YPDRapa	train
20927	5291_YPDRapa	train
20928	5292_YPDRapa	train
20929	5293_YPDRapa	train
20930	5294_YPDRapa	train
20931	5295_YPDRapa	train
20932	5296_YPDRapa	train
20933	5297_YPDRapa	train
20934	5298_YPDRapa	train
20935	5299_YPDRapa	train
20936	5300_YPDRapa	train
20937	5301_YPDRapa	train
20938	5302_YPDRapa	train
20939	5303_YPDRapa	train
20940	5304_YPDRapa	train
20941	5305_YPDRapa	train
20942	5306_YPDRapa	validation
20943	5307_YPDRapa	train
20944	5308_YPDRapa	train
20945	5309_YPDRapa	train
20946	5310_YPDRapa	train
20947	5311_YPDRapa	train
20948	5312_YPDRapa	train
20949	5313_YPDRapa	train
20950	5314_YPDRapa	train
20951	5315_YPDRapa	train
20952	5316_YPDRapa	train
20953	5317_YPDRapa	train
20954	5318_YPDRapa	train
20955	5319_YPDRapa	train
20956	5320_YPDRapa	train
20957	5321_YPDRapa	train
20958	5322_YPDRapa	train
20959	5323_YPDRapa	train
20960	5324_YPDRapa	train
20961	5325_YPDRapa	train
20962	5326_YPDRapa	train
20963	5327_YPDRapa	train
20964	5328_YPDRapa	train
20965	5329_YPDRapa	train
20966	5330_YPDRapa	train
20967	5331_YPDRapa	train
20968	5332_YPDRapa	train
20969	5333_YPDRapa	train
20970	5334_YPDRapa	train
20971	5335_YPDRapa	train
20972	5336_YPDRapa	train
20973	5337_YPDRapa	train
20974	5338_YPDRapa	train
20975	5339_YPDRapa	train
20976	5340_YPDRapa	train
20977	5341_YPDRapa	train
20978	5342_YPDRapa	train
20979	5343_YPDRapa	train
20980	5344_YPDRapa	train
20981	5345_YPDRapa	train
20982	5346_YPDRapa	train
20983	5347_YPDRapa	train
20984	5348_YPDRapa	train
20985	5349_YPDRapa	train
20986	5350_YPDRapa	train
20987	5351_YPDRapa	train
20988	5352_YPDRapa	validation
20989	5353_YPDRapa	train
20990	5354_YPDRapa	train
20991	5355_YPDRapa	train
20992	5356_YPDRapa	train
20993	5357_YPDRapa	train
20994	5358_YPDRapa	train
20995	5359_YPDRapa	train
20996	5360_YPDRapa	train
20997	5361_YPDRapa	train
20998	5362_YPDRapa	train
20999	5363_YPDRapa	train
21000	5364_YPDRapa	train
21001	5365_YPDRapa	train
21002	5366_YPDRapa	train
21003	5367_YPDRapa	train
21004	5368_YPDRapa	train
21005	5369_YPDRapa	train
21006	5370_YPDRapa	train
21007	5371_YPDRapa	validation
21008	5372_YPDRapa	validation
21009	5373_YPDRapa	train
21010	5374_YPDRapa	validation
21011	5375_YPDRapa	train
21012	5376_YPDRapa	train
21013	5377_YPDRapa	train
21014	5378_YPDRapa	train
21015	5379_YPDRapa	train
21016	5380_YPDRapa	train
21017	5381_YPDRapa	train
21018	5382_YPDRapa	train
21019	5383_YPDRapa	train
21020	5384_YPDRapa	train
21021	5385_YPDRapa	train
21022	5386_YPDRapa	train
21023	5387_YPDRapa	train
21024	5388_YPDRapa	train
21025	5389_YPDRapa	train
21026	5390_YPDRapa	train
21027	5391_YPDRapa	train
21028	5392_YPDRapa	train
21029	5393_YPDRapa	train
21030	5394_YPDRapa	train
21031	5395_YPDRapa	train
21032	5396_YPDRapa	train
21033	5397_YPDRapa	train
21034	5398_YPDRapa	train
21035	5399_YPDRapa	train
21036	5400_YPDRapa	train
21037	5401_YPDRapa	train
21038	5402_YPDRapa	train
21039	5403_YPDRapa	train
21040	5404_YPDRapa	train
21041	5405_YPDRapa	train
21042	5406_YPDRapa	train
21043	5407_YPDRapa	train
21044	5408_YPDRapa	train
21045	5409_YPDRapa	train
21046	5410_YPDRapa	train
21047	5411_YPDRapa	train
21048	5412_YPDRapa	train
21049	5413_YPDRapa	train
21050	5414_YPDRapa	train
21051	5415_YPDRapa	train
21052	5416_YPDRapa	train
21053	5417_YPDRapa	train
21054	5418_YPDRapa	train
21055	5419_YPDRapa	train
21056	5420_YPDRapa	train
21057	5421_YPDRapa	train
21058	5422_YPDRapa	train
21059	5423_YPDRapa	train
21060	5424_YPDRapa	train
21061	5425_YPDRapa	train
21062	5426_YPDRapa	train
21063	5427_YPDRapa	train
21064	5428_YPDRapa	train
21065	5429_YPDRapa	train
21066	5430_YPDRapa	train
21067	5431_YPDRapa	train
21068	5432_YPDRapa	train
21069	5433_YPDRapa	train
21070	5434_YPDRapa	train
21071	5435_YPDRapa	train
21072	5436_YPDRapa	train
21073	5437_YPDRapa	train
21074	5438_YPDRapa	train
21075	5439_YPDRapa	train
21076	5440_YPDRapa	train
21077	5441_YPDRapa	train
21078	5442_YPDRapa	train
21079	5443_YPDRapa	train
21080	5444_YPDRapa	train
21081	5445_YPDRapa	train
21082	5446_YPDRapa	train
21083	5447_YPDRapa	train
21084	5448_YPDRapa	train
21085	5449_YPDRapa	train
21086	5450_YPDRapa	train
21087	5451_YPDRapa	train
21088	5452_YPDRapa	train
21089	5453_YPDRapa	validation
21090	5454_YPDRapa	train
21091	5455_YPDRapa	train
21092	5456_YPDRapa	train
21093	5457_YPDRapa	validation
21094	5458_YPDRapa	train
21095	5459_YPDRapa	train
21096	5460_YPDRapa	train
21097	5461_YPDRapa	train
21098	5462_YPDRapa	train
21099	5463_YPDRapa	train
21100	5464_YPDRapa	train
21101	5465_YPDRapa	train
21102	5466_YPDRapa	train
21103	5467_YPDRapa	train
21104	5468_YPDRapa	train
21105	5469_YPDRapa	train
21106	5470_YPDRapa	train
21107	5471_YPDRapa	train
21108	5472_YPDRapa	train
21109	5473_YPDRapa	train
21110	5474_YPDRapa	train
21111	5475_YPDRapa	train
21112	5476_YPDRapa	train
21113	5477_YPDRapa	train
21114	5478_YPDRapa	train
21115	5479_YPDRapa	train
21116	5480_YPDRapa	train
21117	5481_YPDRapa	validation
21118	5482_YPDRapa	train
21119	5483_YPDRapa	train
21120	5484_YPDRapa	train
21121	5485_YPDRapa	train
21122	5486_YPDRapa	train
21123	5487_YPDRapa	train
21124	5488_YPDRapa	train
21125	5489_YPDRapa	train
21126	5490_YPDRapa	train
21127	5491_YPDRapa	train
21128	5492_YPDRapa	train
21129	5493_YPDRapa	train
21130	5494_YPDRapa	train
21131	5495_YPDRapa	train
21132	5496_YPDRapa	train
21133	5497_YPDRapa	train
21134	5498_YPDRapa	train
21135	5499_YPDRapa	train
21136	5500_YPDRapa	train
21137	5501_YPDRapa	train
21138	5502_YPDRapa	train
21139	5503_YPDRapa	train
21140	5504_YPDRapa	train
21141	5505_YPDRapa	train
21142	5506_YPDRapa	train
21143	5507_YPDRapa	train
21144	5508_YPDRapa	train
21145	5509_YPDRapa	train
21146	5510_YPDRapa	train
21147	5511_YPDRapa	train
21148	5512_YPDRapa	train
21149	5513_YPDRapa	train
21150	5514_YPDRapa	train
21151	5515_YPDRapa	train
21152	5516_YPDRapa	train
21153	5517_YPDRapa	train
21154	5518_YPDRapa	train
21155	5519_YPDRapa	train
21156	5520_YPDRapa	train
21157	5521_YPDRapa	train
21158	5522_YPDRapa	train
21159	5523_YPDRapa	train
21160	5524_YPDRapa	train
21161	5525_YPDRapa	train
21162	5526_YPDRapa	train
21163	5527_YPDRapa	train
21164	5528_YPDRapa	train
21165	5529_YPDRapa	train
21166	5530_YPDRapa	train
21167	5531_YPDRapa	train
21168	5532_YPDRapa	train
21169	5533_YPDRapa	train
21170	5534_YPDRapa	train
21171	5535_YPDRapa	validation
21172	5536_YPDRapa	train
21173	5537_YPDRapa	train
21174	5538_YPDRapa	train
21175	5539_YPDRapa	train
21176	5540_YPDRapa	train
21177	5541_YPDRapa	train
21178	5542_YPDRapa	train
21179	5543_YPDRapa	train
21180	5544_YPDRapa	train
21181	5545_YPDRapa	train
21182	5546_YPDRapa	train
21183	5547_YPDRapa	train
21184	5548_YPDRapa	train
21185	5549_YPDRapa	train
21186	5550_YPDRapa	train
21187	5551_YPDRapa	train
21188	5552_YPDRapa	train
21189	5553_YPDRapa	train
21190	5554_YPDRapa	train
21191	5555_YPDRapa	train
21192	5556_YPDRapa	train
21193	5557_YPDRapa	train
21194	5558_YPDRapa	train
21195	5559_YPDRapa	train
21196	5560_YPDRapa	validation
21197	5561_YPDRapa	validation
21198	5562_YPDRapa	train
21199	5563_YPDRapa	validation
21200	5564_YPDRapa	train
21201	5565_YPDRapa	train
21202	5566_YPDRapa	train
21203	5567_YPDRapa	train
21204	5568_YPDRapa	train
21205	5569_YPDRapa	train
21206	5570_YPDRapa	train
21207	5571_YPDRapa	train
21208	5572_YPDRapa	train
21209	5573_YPDRapa	train
21210	5574_YPDRapa	train
21211	5575_YPDRapa	train
21212	5576_YPDRapa	train
21213	5577_YPDRapa	train
21214	5578_YPDRapa	train
21215	5579_YPDRapa	train
21216	5580_YPDRapa	train
21217	5581_YPDRapa	train
21218	5582_YPDRapa	train
21219	5583_YPDRapa	train
21220	5584_YPDRapa	train
21221	5585_YPDRapa	train
21222	5586_YPDRapa	train
21223	5587_YPDRapa	train
21224	5588_YPDRapa	train
21225	5589_YPDRapa	train
21226	5590_YPDRapa	train
21227	5591_YPDRapa	train
21228	5592_YPDRapa	train
21229	5593_YPDRapa	train
21230	5594_YPDRapa	train
21231	5595_YPDRapa	train
21232	5596_YPDRapa	train
21233	5597_YPDRapa	train
21234	5598_YPDRapa	train
21235	5599_YPDRapa	train
21236	5600_YPDRapa	train
21237	5601_YPDRapa	train
21238	5602_YPDRapa	train
21239	5603_YPDRapa	train
21240	5604_YPDRapa	train
21241	5605_YPDRapa	train
21242	5606_YPDRapa	train
21243	5607_YPDRapa	train
21244	5608_YPDRapa	train
21245	5609_YPDRapa	train
21246	5610_YPDRapa	train
21247	5611_YPDRapa	train
21248	5612_YPDRapa	train
21249	5613_YPDRapa	train
21250	5614_YPDRapa	train
21251	5615_YPDRapa	train
21252	5616_YPDRapa	train
21253	5617_YPDRapa	train
21254	5618_YPDRapa	train
21255	5619_YPDRapa	train
21256	5620_YPDRapa	train
21257	5621_YPDRapa	train
21258	5622_YPDRapa	train
21259	5623_YPDRapa	train
21260	5624_YPDRapa	train
21261	5625_YPDRapa	train
21262	5626_YPDRapa	train
21263	5627_YPDRapa	train
21264	5628_YPDRapa	train
21265	5629_YPDRapa	train
21266	5630_YPDRapa	train
21267	5631_YPDRapa	validation
21268	5632_YPDRapa	train
21269	5633_YPDRapa	train
21270	5634_YPDRapa	train
21271	5635_YPDRapa	train
21272	5636_YPDRapa	train
21273	5637_YPDRapa	train
21274	5638_YPDRapa	train
21275	5639_YPDRapa	train
21276	5640_YPDRapa	train
21277	5641_YPDRapa	train
21278	5642_YPDRapa	train
21279	5643_YPDRapa	train
21280	5644_YPDRapa	train
21281	5645_YPDRapa	train
21282	5646_YPDRapa	train
21283	5647_YPDRapa	train
21284	5648_YPDRapa	train
21285	5649_YPDRapa	train
21286	5650_YPDRapa	train
21287	5651_YPDRapa	train
21288	5652_YPDRapa	validation
21289	5653_YPDRapa	train
21290	5654_YPDRapa	train
21291	5655_YPDRapa	train
21292	5656_YPDRapa	train
21293	5657_YPDRapa	train
21294	5658_YPDRapa	train
21295	5659_YPDRapa	train
21296	5660_YPDRapa	train
21297	5661_YPDRapa	train
21298	5662_YPDRapa	train
21299	5663_YPDRapa	train
21300	5664_YPDRapa	train
21301	5665_YPDRapa	train
21302	5666_YPDRapa	train
21303	5667_YPDRapa	train
21304	5668_YPDRapa	train
21305	5669_YPDRapa	train
21306	5670_YPDRapa	train
21307	5671_YPDRapa	train
21308	5672_YPDRapa	train
21309	5673_YPDRapa	train
21310	5674_YPDRapa	train
21311	5675_YPDRapa	validation
21312	5676_YPDRapa	train
21313	5677_YPDRapa	train
21314	5678_YPDRapa	train
21315	5679_YPDRapa	train
21316	5680_YPDRapa	train
21317	5681_YPDRapa	train
21318	5682_YPDRapa	train
21319	5683_YPDRapa	train
21320	5684_YPDRapa	train
21321	5685_YPDRapa	train
21322	5686_YPDRapa	train
21323	5687_YPDRapa	train
21324	5688_YPDRapa	train
21325	5689_YPDRapa	train
21326	5690_YPDRapa	train
21327	5691_YPDRapa	train
21328	5692_YPDRapa	train
21329	5693_YPDRapa	validation
21330	5694_YPDRapa	train
21331	5695_YPDRapa	validation
21332	5696_YPDRapa	train
21333	5697_YPDRapa	train
21334	5698_YPDRapa	train
21335	5699_YPDRapa	train
21336	5700_YPDRapa	train
21337	5701_YPDRapa	train
21338	5702_YPDRapa	train
21339	5703_YPDRapa	train
21340	5704_YPDRapa	train
21341	5705_YPDRapa	train
21342	5706_YPDRapa	train
21343	5707_YPDRapa	train
21344	5708_YPDRapa	train
21345	5709_YPDRapa	train
21346	5710_YPDRapa	train
21347	5711_YPDRapa	train
21348	5712_YPDRapa	validation
21349	5713_YPDRapa	train
21350	5714_YPDRapa	train
21351	5715_YPDRapa	train
21352	5716_YPDRapa	train
21353	5717_YPDRapa	train
21354	5718_YPDRapa	train
21355	5719_YPDRapa	train
21356	5720_YPDRapa	train
21357	5721_YPDRapa	train
21358	5722_YPDRapa	train
21359	5723_YPDRapa	train
21360	5724_YPDRapa	train
21361	5725_YPDRapa	train
21362	5726_YPDRapa	train
21363	5727_YPDRapa	train
21364	5728_YPDRapa	train
21365	5729_YPDRapa	train
21366	5730_YPDRapa	train
21367	5731_YPDRapa	train
21368	5732_YPDRapa	train
21369	5733_YPDRapa	train
21370	5734_YPDRapa	train
21371	5735_YPDRapa	train
21372	5736_YPDRapa	train
21373	5737_YPDRapa	train
21374	5738_YPDRapa	train
21375	5739_YPDRapa	train
21376	5740_YPDRapa	train
21377	5741_YPDRapa	train
21378	5742_YPDRapa	train
21379	5743_YPDRapa	train
21380	5744_YPDRapa	train
21381	5745_YPDRapa	train
21382	5746_YPDRapa	train
21383	5747_YPDRapa	train
21384	5748_YPDRapa	train
21385	5749_YPDRapa	train
21386	5750_YPDRapa	train
21387	5751_YPDRapa	train
21388	5752_YPDRapa	train
21389	5753_YPDRapa	train
21390	5754_YPDRapa	train
21391	5755_YPDRapa	train
21392	5756_YPDRapa	train
21393	5757_YPDRapa	train
21394	5758_YPDRapa	train
21395	5759_YPDRapa	train
21396	5760_YPDRapa	train
21397	5761_YPDRapa	train
21398	5762_YPDRapa	train
21399	5763_YPDRapa	train
21400	5764_YPDRapa	train
21401	5765_YPDRapa	train
21402	5766_YPDRapa	train
21403	5767_YPDRapa	train
21404	5768_YPDRapa	train
21405	5769_YPDRapa	train
21406	5770_YPDRapa	train
21407	5771_YPDRapa	train
21408	5772_YPDRapa	train
21409	5773_YPDRapa	train
21410	5774_YPDRapa	train
21411	5775_YPDRapa	train
21412	5776_YPDRapa	train
21413	5777_YPDRapa	train
21414	5778_YPDRapa	train
21415	5779_YPDRapa	validation
21416	5780_YPDRapa	train
21417	5781_YPDRapa	train
21418	5782_YPDRapa	train
21419	5783_YPDRapa	validation
21420	5784_YPDRapa	train
21421	5785_YPDRapa	train
21422	5786_YPDRapa	train
21423	5787_YPDRapa	train
21424	5788_YPDRapa	train
21425	5789_YPDRapa	validation
21426	5790_YPDRapa	train
21427	5791_YPDRapa	train
21428	5792_YPDRapa	train
21429	5793_YPDRapa	train
21430	5794_YPDRapa	train
21431	5795_YPDRapa	train
21432	5796_YPDRapa	train
21433	5797_YPDRapa	train
21434	5798_YPDRapa	train
21435	5799_YPDRapa	train
21436	5800_YPDRapa	train
21437	5801_YPDRapa	train
21438	5802_YPDRapa	train
21439	5803_YPDRapa	train
21440	5804_YPDRapa	train
21441	5805_YPDRapa	train
21442	5806_YPDRapa	train
21443	5807_YPDRapa	train
21444	5808_YPDRapa	train
21445	5809_YPDRapa	train
21446	5810_YPDRapa	train
21447	5811_YPDRapa	train
21448	5812_YPDRapa	train
21449	5813_YPDRapa	train
21450	5814_YPDRapa	train
21451	5815_YPDRapa	train
21452	5816_YPDRapa	train
21453	5817_YPDRapa	train
21454	5818_YPDRapa	train
21455	5819_YPDRapa	train
21456	5820_YPDRapa	train
21457	5821_YPDRapa	validation
21458	5822_YPDRapa	train
21459	5823_YPDRapa	train
21460	5824_YPDRapa	train
21461	5825_YPDRapa	train
21462	5826_YPDRapa	train
21463	5827_YPDRapa	train
21464	5828_YPDRapa	train
21465	5829_YPDRapa	train
21466	5830_YPDRapa	train
21467	5831_YPDRapa	train
21468	5832_YPDRapa	train
21469	5833_YPDRapa	train
21470	5834_YPDRapa	train
21471	5835_YPDRapa	train
21472	5836_YPDRapa	train
21473	5837_YPDRapa	train
21474	5838_YPDRapa	train
21475	5839_YPDRapa	train
21476	5840_YPDRapa	train
21477	5841_YPDRapa	train
21478	5842_YPDRapa	train
21479	5843_YPDRapa	train
21480	5844_YPDRapa	validation
21481	5845_YPDRapa	train
21482	5846_YPDRapa	train
21483	5847_YPDRapa	train
21484	5848_YPDRapa	train
21485	5849_YPDRapa	train
21486	5850_YPDRapa	train
21487	5851_YPDRapa	train
21488	5852_YPDRapa	train
21489	5853_YPDRapa	train
21490	5854_YPDRapa	train
21491	5855_YPDRapa	train
21492	5856_YPDRapa	train
21493	5857_YPDRapa	train
21494	5858_YPDRapa	train
21495	5859_YPDRapa	train
21496	5860_YPDRapa	train
21497	5861_YPDRapa	train
21498	5862_YPDRapa	train
21499	5863_YPDRapa	train
21500	5864_YPDRapa	train
21501	5865_YPDRapa	train
21502	5866_YPDRapa	train
21503	5867_YPDRapa	train
21504	5868_YPDRapa	validation
21505	5869_YPDRapa	train
21506	5870_YPDRapa	train
21507	5871_YPDRapa	train
21508	5872_YPDRapa	train
21509	5873_YPDRapa	train
21510	5874_YPDRapa	train
21511	5875_YPDRapa	train
21512	5876_YPDRapa	train
21513	5877_YPDRapa	train
21514	5878_YPDRapa	train
21515	5879_YPDRapa	train
21516	5880_YPDRapa	train
21517	5881_YPDRapa	train
21518	5882_YPDRapa	train
21519	5883_YPDRapa	train
21520	5884_YPDRapa	train
21521	5885_YPDRapa	train
21522	5886_YPDRapa	train
21523	5887_YPDRapa	train
21524	5888_YPDRapa	train
21525	5889_YPDRapa	train
21526	5890_YPDRapa	train
21527	5891_YPDRapa	train
21528	5892_YPDRapa	train
21529	5893_YPDRapa	train
21530	5894_YPDRapa	train
21531	5895_YPDRapa	train
21532	5896_YPDRapa	train
21533	5897_YPDRapa	train
21534	5898_YPDRapa	train
21535	5899_YPDRapa	train
21536	5900_YPDRapa	train
21537	5901_YPDRapa	train
21538	5902_YPDRapa	train
21539	5903_YPDRapa	train
21540	5904_YPDRapa	train
21541	5905_YPDRapa	train
21542	5906_YPDRapa	train
21543	5907_YPDRapa	train
21544	5908_YPDRapa	train
21545	5909_YPDRapa	train
21546	5910_YPDRapa	train
21547	5911_YPDRapa	train
21548	5912_YPDRapa	train
21549	5913_YPDRapa	train
21550	5914_YPDRapa	train
21551	5915_YPDRapa	train
21552	5916_YPDRapa	train
21553	5917_YPDRapa	train
21554	5918_YPDRapa	train
21555	5919_YPDRapa	train
21556	5920_YPDRapa	train
21557	5921_YPDRapa	train
21558	5922_YPDRapa	train
21559	5923_YPDRapa	train
21560	5924_YPDRapa	train
21561	5925_YPDRapa	train
21562	5926_YPDRapa	train
21563	5927_YPDRapa	validation
21564	5928_YPDRapa	train
21565	5929_YPDRapa	train
21566	5930_YPDRapa	train
21567	5931_YPDRapa	train
21568	5932_YPDRapa	train
21569	5933_YPDRapa	train
21570	5934_YPDRapa	train
21571	5935_YPDRapa	train
21572	5936_YPDRapa	train
21573	5937_YPDRapa	train
21574	5938_YPDRapa	train
21575	5939_YPDRapa	train
21576	5940_YPDRapa	train
21577	5941_YPDRapa	train
21578	5942_YPDRapa	train
21579	5943_YPDRapa	train
21580	5944_YPDRapa	validation
21581	5945_YPDRapa	train
21582	5946_YPDRapa	train
21583	5947_YPDRapa	train
21584	5948_YPDRapa	train
21585	5949_YPDRapa	train
21586	5950_YPDRapa	train
21587	5951_YPDRapa	train
21588	5952_YPDRapa	train
21589	5953_YPDRapa	train
21590	5954_YPDRapa	train
21591	5955_YPDRapa	train
21592	5956_YPDRapa	train
21593	5957_YPDRapa	validation
21594	5958_YPDRapa	train
21595	5959_YPDRapa	validation
21596	5960_YPDRapa	train
21597	5961_YPDRapa	train
21598	5962_YPDRapa	train
21599	5963_YPDRapa	train
21600	5964_YPDRapa	train
21601	5965_YPDRapa	train
21602	5966_YPDRapa	train
21603	5967_YPDRapa	train
21604	5968_YPDRapa	train
21605	5969_YPDRapa	train
21606	5970_YPDRapa	train
21607	5971_YPDRapa	train
21608	5972_YPDRapa	train
21609	5973_YPDRapa	train
21610	5974_YPDRapa	train
21611	5975_YPDRapa	train
21612	5976_YPDRapa	train
21613	5977_YPDRapa	train
21614	5978_YPDRapa	train
21615	5979_YPDRapa	train
21616	5980_YPDRapa	train
21617	5981_YPDRapa	train
21618	5982_YPDRapa	validation
21619	5983_YPDRapa	train
21620	5984_YPDRapa	train
21621	5985_YPDRapa	train
21622	5986_YPDRapa	train
21623	5987_YPDRapa	train
21624	5988_YPDRapa	train
21625	5989_YPDRapa	train
21626	5990_YPDRapa	train
21627	5991_YPDRapa	train
21628	5992_YPDRapa	train
21629	5993_YPDRapa	train
21630	5994_YPDRapa	train
21631	5995_YPDRapa	train
21632	5996_YPDRapa	train
21633	5997_YPDRapa	train
21634	5998_YPDRapa	train
21635	5999_YPDRapa	train
21636	6000_YPDRapa	train
21637	6001_YPDRapa	train
21638	6002_YPDRapa	train
21639	6003_YPDRapa	train
21640	6004_YPDRapa	train
21641	6005_YPDRapa	train
21642	6006_YPDRapa	train
21643	6007_YPDRapa	train
21644	6008_YPDRapa	train
21645	6009_YPDRapa	train
21646	6010_YPDRapa	train
21647	6011_YPDRapa	validation
21648	6012_YPDRapa	train
21649	6013_YPDRapa	train
21650	6014_YPDRapa	train
21651	6015_YPDRapa	train
21652	6016_YPDRapa	train
21653	6017_YPDRapa	train
21654	6018_YPDRapa	train
21655	6019_YPDRapa	train
21656	6020_YPDRapa	train
21657	6021_YPDRapa	train
21658	6022_YPDRapa	train
21659	6023_YPDRapa	train
21660	6024_YPDRapa	train
21661	6025_YPDRapa	train
21662	6026_YPDRapa	train
21663	6027_YPDRapa	train
21664	6028_YPDRapa	train
21665	6029_YPDRapa	train
21666	6030_YPDRapa	train
21667	6031_YPDRapa	train
21668	6032_YPDRapa	train
21669	6033_YPDRapa	train
21670	6034_YPDRapa	train
21671	6035_YPDRapa	train
21672	6036_YPDRapa	train
21673	6037_YPDRapa	train
21674	6038_YPDRapa	train
21675	6039_YPDRapa	train
21676	6040_YPDRapa	train
21677	6041_YPDRapa	train
21678	6042_YPDRapa	train
21679	6043_YPDRapa	train
21680	6044_YPDRapa	train
21681	6045_YPDRapa	train
21682	6046_YPDRapa	train
21683	6047_YPDRapa	train
21684	6048_YPDRapa	train
21685	6049_YPDRapa	train
21686	6050_YPDRapa	train
21687	6051_YPDRapa	train
21688	6052_YPDRapa	train
21689	6053_YPDRapa	train
21690	6054_YPDRapa	train
21691	6055_YPDRapa	train
21692	6056_YPDRapa	train
21693	6057_YPDRapa	train
21694	6058_YPDRapa	train
21695	6059_YPDRapa	train
21696	6060_YPDRapa	train
21697	6061_YPDRapa	train
21698	6062_YPDRapa	train
21699	6063_YPDRapa	train
21700	6064_YPDRapa	train
21701	6065_YPDRapa	train
21702	6066_YPDRapa	train
21703	6067_YPDRapa	train
21704	6068_YPDRapa	train
21705	6069_YPDRapa	train
21706	6070_YPDRapa	train
21707	6071_YPDRapa	validation
21708	6072_YPDRapa	train
21709	6073_YPDRapa	train
21710	6074_YPDRapa	train
21711	6075_YPDRapa	train
21712	6076_YPDRapa	train
21713	6077_YPDRapa	train
21714	6078_YPDRapa	train
21715	6079_YPDRapa	train
21716	6080_YPDRapa	train
21717	6081_YPDRapa	train
21718	6082_YPDRapa	train
21719	6083_YPDRapa	train
21720	6084_YPDRapa	train
21721	6085_YPDRapa	train
21722	6086_YPDRapa	train
21723	6087_YPDRapa	train
21724	6088_YPDRapa	train
21725	6089_YPDRapa	train
21726	6090_YPDRapa	train
21727	6091_YPDRapa	train
21728	6092_YPDRapa	train
21729	6093_YPDRapa	validation
21730	6094_YPDRapa	train
21731	6095_YPDRapa	train
21732	6096_YPDRapa	train
21733	6097_YPDRapa	validation
21734	6098_YPDRapa	train
21735	6099_YPDRapa	train
21736	6100_YPDRapa	train
21737	6101_YPDRapa	train
21738	6102_YPDRapa	train
21739	6103_YPDRapa	train
21740	6104_YPDRapa	train
21741	6105_YPDRapa	train
21742	6106_YPDRapa	train
21743	6107_YPDRapa	train
21744	6108_YPDRapa	train
21745	6109_YPDRapa	train
21746	6110_YPDRapa	train
21747	6111_YPDRapa	train
21748	6112_YPDRapa	train
21749	6113_YPDRapa	train
21750	6114_YPDRapa	train
21751	6115_YPDRapa	train
21752	6116_YPDRapa	train
21753	6117_YPDRapa	train
21754	6118_YPDRapa	train
21755	6119_YPDRapa	validation
21756	6120_YPDRapa	train
21757	6121_YPDRapa	train
21758	6122_YPDRapa	validation
21759	6123_YPDRapa	train
21760	6124_YPDRapa	train
21761	6125_YPDRapa	train
21762	6126_YPDRapa	train
21763	6127_YPDRapa	train
21764	6128_YPDRapa	train
21765	6129_YPDRapa	train
21766	6130_YPDRapa	train
21767	6131_YPDRapa	train
21768	6132_YPDRapa	train
21769	6133_YPDRapa	train
21770	6134_YPDRapa	validation
21771	6135_YPDRapa	train
21772	6136_YPDRapa	train
21773	6137_YPDRapa	train
21774	6138_YPDRapa	train
21775	6139_YPDRapa	train
21776	6140_YPDRapa	train
21777	6141_YPDRapa	train
21778	6142_YPDRapa	train
21779	6143_YPDRapa	train
21780	6144_YPDRapa	train
21781	6145_YPDRapa	validation
21782	6146_YPDRapa	train
21783	6147_YPDRapa	train
21784	6148_YPDRapa	train
21785	6149_YPDRapa	train
21786	6150_YPDRapa	validation
21787	6151_YPDRapa	train
21788	6152_YPDRapa	train
21789	6153_YPDRapa	train
21790	6154_YPDRapa	train
21791	6155_YPDRapa	train
21792	6156_YPDRapa	train
21793	6157_YPDRapa	train
21794	6158_YPDRapa	validation
21795	6159_YPDRapa	validation
21796	6160_YPDRapa	train
21797	6161_YPDRapa	train
21798	6162_YPDRapa	train
21799	6163_YPDRapa	train
21800	6164_YPDRapa	train
21801	6165_YPDRapa	train
21802	6166_YPDRapa	train
21803	6167_YPDRapa	train
21804	6168_YPDRapa	train
21805	6169_YPDRapa	train
21806	6170_YPDRapa	train
21807	6171_YPDRapa	train
21808	6172_YPDRapa	train
21809	6173_YPDRapa	validation
21810	6174_YPDRapa	train
21811	6175_YPDRapa	train
21812	6176_YPDRapa	train
21813	6177_YPDRapa	train
21814	6178_YPDRapa	train
21815	6179_YPDRapa	train
21816	6180_YPDRapa	train
21817	6181_YPDRapa	train
21818	6182_YPDRapa	train
21819	6183_YPDRapa	train
21820	6184_YPDRapa	train
21821	6185_YPDRapa	train
21822	6186_YPDRapa	train
21823	6187_YPDRapa	train
21824	6188_YPDRapa	train
21825	6189_YPDRapa	train
21826	6190_YPDRapa	validation
21827	6191_YPDRapa	train
21828	6192_YPDRapa	train
21829	6193_YPDRapa	train
21830	6194_YPDRapa	train
21831	6195_YPDRapa	train
21832	6196_YPDRapa	train
21833	6197_YPDRapa	train
21834	6198_YPDRapa	train
21835	6199_YPDRapa	train
21836	6200_YPDRapa	train
21837	6201_YPDRapa	train
21838	6202_YPDRapa	train
21839	6203_YPDRapa	train
21840	6204_YPDRapa	train
21841	6205_YPDRapa	train
21842	6206_YPDRapa	train
21843	6207_YPDRapa	train
21844	6208_YPDRapa	train
21845	6209_YPDRapa	train
21846	6210_YPDRapa	train
21847	6211_YPDRapa	train
21848	6212_YPDRapa	train
21849	6213_YPDRapa	train
21850	6214_YPDRapa	train
21851	6215_YPDRapa	train
21852	6216_YPDRapa	train
21853	6217_YPDRapa	train
21854	6218_YPDRapa	train
21855	6219_YPDRapa	train
21856	6220_YPDRapa	train
21857	6221_YPDRapa	train
21858	6222_YPDRapa	train
21859	6223_YPDRapa	train
21860	6224_YPDRapa	train
21861	6225_YPDRapa	train
21862	6226_YPDRapa	train
21863	6227_YPDRapa	train
21864	6228_YPDRapa	train
21865	6229_YPDRapa	train
21866	6230_YPDRapa	train
21867	6231_YPDRapa	train
21868	6232_YPDRapa	validation
21869	6233_YPDRapa	train
21870	6234_YPDRapa	train
21871	6235_YPDRapa	train
21872	6236_YPDRapa	train
21873	6237_YPDRapa	train
21874	6238_YPDRapa	train
21875	6239_YPDRapa	train
21876	6240_YPDRapa	train
21877	6241_YPDRapa	train
21878	6242_YPDRapa	train
21879	6243_YPDRapa	train
21880	6244_YPDRapa	train
21881	6245_YPDRapa	train
21882	6246_YPDRapa	train
21883	6247_YPDRapa	train
21884	6248_YPDRapa	train
21885	6249_YPDRapa	validation
21886	6250_YPDRapa	train
21887	6251_YPDRapa	train
21888	6252_YPDRapa	train
21889	6253_YPDRapa	train
21890	6254_YPDRapa	train
21891	6255_YPDRapa	train
21892	6256_YPDRapa	train
21893	6257_YPDRapa	train
21894	6258_YPDRapa	train
21895	6259_YPDRapa	train
21896	6260_YPDRapa	train
21897	6261_YPDRapa	train
21898	6262_YPDRapa	train
21899	6263_YPDRapa	train
21900	6264_YPDRapa	train
21901	6265_YPDRapa	train
21902	6266_YPDRapa	train
21903	6267_YPDRapa	train
21904	6268_YPDRapa	train
21905	6269_YPDRapa	train
21906	6270_YPDRapa	train
21907	6271_YPDRapa	train
21908	6272_YPDRapa	train
21909	6273_YPDRapa	train
21910	6274_YPDRapa	validation
21911	6275_YPDRapa	train
21912	6276_YPDRapa	train
21913	6277_YPDRapa	train
21914	6278_YPDRapa	train
21915	6279_YPDRapa	train
21916	6280_YPDRapa	train
21917	6281_YPDRapa	train
21918	6282_YPDRapa	train
21919	6283_YPDRapa	train
21920	6284_YPDRapa	train
21921	6285_YPDRapa	train
21922	6286_YPDRapa	validation
21923	6287_YPDRapa	validation
21924	6288_YPDRapa	train
21925	6289_YPDRapa	train
21926	6290_YPDRapa	train
21927	6291_YPDRapa	train
21928	6292_YPDRapa	train
21929	6293_YPDRapa	train
21930	6294_YPDRapa	train
21931	6295_YPDRapa	train
21932	6296_YPDRapa	train
21933	6297_YPDRapa	train
21934	6298_YPDRapa	train
21935	6299_YPDRapa	train
21936	6300_YPDRapa	train
21937	6301_YPDRapa	train
21938	6302_YPDRapa	train
21939	6303_YPDRapa	train
21940	6304_YPDRapa	validation
21941	6305_YPDRapa	train
21942	6306_YPDRapa	train
21943	6307_YPDRapa	train
21944	6308_YPDRapa	train
21945	6309_YPDRapa	train
21946	6310_YPDRapa	train
21947	6311_YPDRapa	train
21948	6312_YPDRapa	train
21949	6313_YPDRapa	train
21950	6314_YPDRapa	train
21951	6315_YPDRapa	train
21952	6316_YPDRapa	train
21953	6317_YPDRapa	validation
21954	6318_YPDRapa	train
21955	6319_YPDRapa	train
21956	6320_YPDRapa	train
21957	6321_YPDRapa	train
21958	6322_YPDRapa	train
21959	6323_YPDRapa	train
21960	6324_YPDRapa	train
21961	6325_YPDRapa	train
21962	6326_YPDRapa	train
21963	6327_YPDRapa	train
21964	6328_YPDRapa	train
21965	6329_YPDRapa	train
21966	6330_YPDRapa	train
21967	6331_YPDRapa	train
21968	6332_YPDRapa	train
21969	6333_YPDRapa	train
21970	6334_YPDRapa	train
21971	6335_YPDRapa	train
21972	6336_YPDRapa	train
21973	6337_YPDRapa	train
21974	6338_YPDRapa	train
21975	6339_YPDRapa	train
21976	6340_YPDRapa	train
21977	6341_YPDRapa	train
21978	6342_YPDRapa	train
21979	6343_YPDRapa	train
21980	6344_YPDRapa	train
21981	6345_YPDRapa	train
21982	6346_YPDRapa	train
21983	6347_YPDRapa	train
21984	6348_YPDRapa	train
21985	6349_YPDRapa	train
21986	6350_YPDRapa	train
21987	6351_YPDRapa	train
21988	6352_YPDRapa	validation
21989	6353_YPDRapa	train
21990	6354_YPDRapa	train
21991	6355_YPDRapa	train
21992	6356_YPDRapa	train
21993	6357_YPDRapa	train
21994	6358_YPDRapa	train
21995	6359_YPDRapa	train
21996	6360_YPDRapa	train
21997	6361_YPDRapa	train
21998	6362_YPDRapa	train
21999	6363_YPDRapa	train
22000	6364_YPDRapa	train
22001	6365_YPDRapa	train
22002	6366_YPDRapa	train
22003	6367_YPDRapa	train
22004	6368_YPDRapa	train
22005	6369_YPDRapa	train
22006	6370_YPDRapa	train
22007	6371_YPDRapa	train
22008	6372_YPDRapa	train
22009	6373_YPDRapa	train
22010	6374_YPDRapa	train
22011	6375_YPDRapa	train
22012	6376_YPDRapa	train
22013	6377_YPDRapa	train
22014	6378_YPDRapa	train
22015	6379_YPDRapa	train
22016	6380_YPDRapa	train
22017	6381_YPDRapa	train
22018	6382_YPDRapa	train
22019	6383_YPDRapa	train
22020	6384_YPDRapa	train
22021	6385_YPDRapa	train
22022	6386_YPDRapa	train
22023	6387_YPDRapa	train
22024	6388_YPDRapa	train
22025	6389_YPDRapa	train
22026	6390_YPDRapa	train
22027	6391_YPDRapa	train
22028	6392_YPDRapa	train
22029	6393_YPDRapa	train
22030	6394_YPDRapa	train
22031	6395_YPDRapa	train
22032	6396_YPDRapa	train
22033	6397_YPDRapa	train
22034	6398_YPDRapa	train
22035	6399_YPDRapa	train
22036	6400_YPDRapa	train
22037	6401_YPDRapa	train
22038	6402_YPDRapa	train
22039	6403_YPDRapa	train
22040	6404_YPDRapa	validation
22041	6405_YPDRapa	train
22042	6406_YPDRapa	train
22043	6407_YPDRapa	train
22044	6408_YPDRapa	train
22045	6409_YPDRapa	train
22046	6410_YPDRapa	train
22047	6411_YPDRapa	train
22048	6412_YPDRapa	train
22049	6413_YPDRapa	train
22050	6414_YPDRapa	train
22051	6415_YPDRapa	train
22052	6416_YPDRapa	train
22053	6417_YPDRapa	train
22054	6418_YPDRapa	train
22055	6419_YPDRapa	train
22056	6420_YPDRapa	train
22057	6421_YPDRapa	train
22058	6422_YPDRapa	train
22059	6423_YPDRapa	train
22060	6424_YPDRapa	train
22061	6425_YPDRapa	train
22062	6426_YPDRapa	train
22063	6427_YPDRapa	train
22064	6428_YPDRapa	train
22065	6429_YPDRapa	train
22066	6430_YPDRapa	train
22067	6431_YPDRapa	train
22068	6432_YPDRapa	train
22069	6433_YPDRapa	train
22070	6434_YPDRapa	train
22071	6435_YPDRapa	train
22072	6436_YPDRapa	train
22073	6437_YPDRapa	train
22074	6438_YPDRapa	train
22075	6439_YPDRapa	train
22076	6440_YPDRapa	train
22077	6441_YPDRapa	validation
22078	6442_YPDRapa	train
22079	6443_YPDRapa	train
22080	6444_YPDRapa	train
22081	6445_YPDRapa	train
22082	6446_YPDRapa	train
22083	6447_YPDRapa	train
22084	6448_YPDRapa	train
22085	6449_YPDRapa	train
22086	6450_YPDRapa	train
22087	6451_YPDRapa	train
22088	6452_YPDRapa	train
22089	6453_YPDRapa	train
22090	6454_YPDRapa	train
22091	6455_YPDRapa	train
22092	6456_YPDRapa	train
22093	6457_YPDRapa	train
22094	6458_YPDRapa	train
22095	6459_YPDRapa	train
22096	6460_YPDRapa	train
22097	6461_YPDRapa	train
22098	6462_YPDRapa	train
22099	6463_YPDRapa	train
22100	6464_YPDRapa	train
22101	6465_YPDRapa	train
22102	6466_YPDRapa	train
22103	6467_YPDRapa	train
22104	6468_YPDRapa	train
22105	6469_YPDRapa	train
22106	6470_YPDRapa	train
22107	6471_YPDRapa	train
22108	6472_YPDRapa	train
22109	6473_YPDRapa	train
22110	6474_YPDRapa	train
22111	6475_YPDRapa	train
22112	6476_YPDRapa	validation
22113	6477_YPDRapa	train
22114	6478_YPDRapa	train
22115	6479_YPDRapa	train
22116	6480_YPDRapa	train
22117	6481_YPDRapa	train
22118	6482_YPDRapa	train
22119	6483_YPDRapa	train
22120	6484_YPDRapa	train
22121	6485_YPDRapa	train
22122	6486_YPDRapa	train
22123	6487_YPDRapa	train
22124	6488_YPDRapa	train
22125	6489_YPDRapa	train
22126	6490_YPDRapa	train
22127	6491_YPDRapa	train
22128	6492_YPDRapa	train
22129	6493_YPDRapa	train
22130	6494_YPDRapa	train
22131	6495_YPDRapa	train
22132	6496_YPDRapa	train
22133	6497_YPDRapa	train
22134	6498_YPDRapa	train
22135	6499_YPDRapa	train
22136	6500_YPDRapa	train
22137	6501_YPDRapa	train
22138	6502_YPDRapa	train
22139	6503_YPDRapa	train
22140	6504_YPDRapa	train
22141	6505_YPDRapa	train
22142	6506_YPDRapa	train
22143	6507_YPDRapa	train
22144	6508_YPDRapa	train
22145	6509_YPDRapa	train
22146	6510_YPDRapa	train
22147	6511_YPDRapa	train
22148	6512_YPDRapa	train
22149	6513_YPDRapa	train
22150	6514_YPDRapa	train
22151	6515_YPDRapa	train
22152	6516_YPDRapa	train
22153	6517_YPDRapa	train
22154	6518_YPDRapa	train
22155	6519_YPDRapa	train
22156	6520_YPDRapa	train
22157	6521_YPDRapa	train
22158	6522_YPDRapa	train
22159	6523_YPDRapa	train
22160	6524_YPDRapa	train
22161	6525_YPDRapa	train
22162	6526_YPDRapa	train
22163	6527_YPDRapa	train
22164	6528_YPDRapa	train
22165	6529_YPDRapa	train
22166	6530_YPDRapa	train
22167	6531_YPDRapa	train
22168	6532_YPDRapa	train
22169	6533_YPDRapa	train
22170	6534_YPDRapa	train
22171	6535_YPDRapa	train
22172	6536_YPDRapa	train
22173	6537_YPDRapa	train
22174	6538_YPDRapa	train
22175	6539_YPDRapa	train
22176	6540_YPDRapa	train
22177	6541_YPDRapa	train
22178	6542_YPDRapa	train
22179	6543_YPDRapa	train
22180	6544_YPDRapa	train
22181	6545_YPDRapa	train
22182	6546_YPDRapa	train
22183	6547_YPDRapa	train
22184	6548_YPDRapa	train
22185	6549_YPDRapa	train
22186	6550_YPDRapa	train
22187	6551_YPDRapa	train
22188	6552_YPDRapa	train
22189	6553_YPDRapa	train
22190	6554_YPDRapa	train
22191	6555_YPDRapa	train
22192	6556_YPDRapa	train
22193	6557_YPDRapa	train
22194	6558_YPDRapa	train
22195	6559_YPDRapa	train
22196	6560_YPDRapa	train
22197	6561_YPDRapa	train
22198	6562_YPDRapa	train
22199	6563_YPDRapa	train
22200	6564_YPDRapa	train
22201	6565_YPDRapa	train
22202	6566_YPDRapa	train
22203	6567_YPDRapa	train
22204	6568_YPDRapa	train
22205	6569_YPDRapa	train
22206	6570_YPDRapa	train
22207	6571_YPDRapa	train
22208	6572_YPDRapa	train
22209	6573_YPDRapa	train
22210	6574_YPDRapa	train
22211	6575_YPDRapa	train
22212	6576_YPDRapa	train
22213	6577_YPDRapa	train
22214	6578_YPDRapa	train
22215	6579_YPDRapa	train
22216	6580_YPDRapa	train
22217	6581_YPDRapa	train
22218	6582_YPDRapa	train
22219	6583_YPDRapa	train
22220	6584_YPDRapa	train
22221	6585_YPDRapa	train
22222	6586_YPDRapa	train
22223	6587_YPDRapa	train
22224	6588_YPDRapa	train
22225	6589_YPDRapa	train
22226	6590_YPDRapa	train
22227	6591_YPDRapa	train
22228	6592_YPDRapa	train
22229	6593_YPDRapa	train
22230	6594_YPDRapa	train
22231	6595_YPDRapa	validation
22232	6596_YPDRapa	train
22233	6597_YPDRapa	train
22234	6598_YPDRapa	train
22235	6599_YPDRapa	train
22236	6600_YPDRapa	train
22237	6601_YPDRapa	train
22238	6602_YPDRapa	train
22239	6603_YPDRapa	train
22240	6604_YPDRapa	train
22241	6605_YPDRapa	train
22242	6606_YPDRapa	train
22243	6607_YPDRapa	train
22244	6608_YPDRapa	train
22245	6609_YPDRapa	train
22246	6610_YPDRapa	train
22247	6611_YPDRapa	train
22248	6612_YPDRapa	train
22249	6613_YPDRapa	train
22250	6614_YPDRapa	train
22251	6615_YPDRapa	train
22252	6616_YPDRapa	train
22253	6617_YPDRapa	train
22254	6618_YPDRapa	train
22255	6619_YPDRapa	train
22256	6620_YPDRapa	train
22257	6621_YPDRapa	train
22258	6622_YPDRapa	train
22259	6623_YPDRapa	train
22260	6624_YPDRapa	train
22261	6625_YPDRapa	train
22262	6626_YPDRapa	train
22263	6627_YPDRapa	train
22264	6628_YPDRapa	validation
22265	6629_YPDRapa	train
22266	6630_YPDRapa	train
22267	6631_YPDRapa	train
22268	6632_YPDRapa	train
22269	6633_YPDRapa	train
22270	6634_YPDRapa	train
22271	6635_YPDRapa	train
22272	6636_YPDRapa	train
22273	6637_YPDRapa	train
22274	6638_YPDRapa	train
22275	6639_YPDRapa	train
22276	6640_YPDRapa	train
22277	6641_YPDRapa	train
22278	6642_YPDRapa	train
22279	6643_YPDRapa	train
22280	6644_YPDRapa	train
22281	6645_YPDRapa	train
22282	6646_YPDRapa	train
22283	6647_YPDRapa	train
22284	6648_YPDRapa	train
22285	6649_YPDRapa	train
22286	6650_YPDRapa	train
22287	6651_YPDRapa	train
22288	6652_YPDRapa	train
22289	6653_YPDRapa	train
22290	6654_YPDRapa	train
22291	6655_YPDRapa	validation
22292	6656_YPDRapa	train
22293	6657_YPDRapa	train
22294	6658_YPDRapa	train
22295	6659_YPDRapa	train
22296	6660_YPDRapa	train
22297	6661_YPDRapa	train
22298	6662_YPDRapa	train
22299	6663_YPDRapa	train
22300	6664_YPDRapa	validation
22301	6665_YPDRapa	train
22302	6666_YPDRapa	train
22303	6667_YPDRapa	train
22304	6668_YPDRapa	train
22305	6669_YPDRapa	validation
22306	6670_YPDRapa	train
22307	6671_YPDRapa	train
22308	6672_YPDRapa	train
22309	6673_YPDRapa	train
22310	6674_YPDRapa	train
22311	6675_YPDRapa	train
22312	6676_YPDRapa	train
22313	6677_YPDRapa	train
22314	6678_YPDRapa	train
22315	6679_YPDRapa	train
22316	6680_YPDRapa	train
22317	6681_YPDRapa	train
22318	6682_YPDRapa	train
22319	6683_YPDRapa	train
22320	6684_YPDRapa	train
22321	6685_YPDRapa	train
22322	6686_YPDRapa	train
22323	6687_YPDRapa	train
22324	6688_YPDRapa	validation
22325	6689_YPDRapa	train
22326	6690_YPDRapa	train
22327	6691_YPDRapa	train
22328	6692_YPDRapa	train
22329	6693_YPDRapa	train
22330	6694_YPDRapa	train
22331	6695_YPDRapa	train
22332	6696_YPDRapa	train
22333	6697_YPDRapa	train
22334	6698_YPDRapa	train
22335	6699_YPDRapa	train
22336	6700_YPDRapa	train
22337	6701_YPDRapa	validation
22338	6702_YPDRapa	validation
22339	6703_YPDRapa	train
22340	6704_YPDRapa	train
22341	6705_YPDRapa	train
22342	6706_YPDRapa	train
22343	6707_YPDRapa	train
22344	6708_YPDRapa	train
22345	6709_YPDRapa	train
22346	6710_YPDRapa	train
22347	6711_YPDRapa	train
22348	6712_YPDRapa	train
22349	6713_YPDRapa	train
22350	6714_YPDRapa	train
22351	6715_YPDRapa	validation
22352	6716_YPDRapa	train
22353	6717_YPDRapa	train
22354	6718_YPDRapa	train
22355	6719_YPDRapa	train
22356	6720_YPDRapa	train
22357	6721_YPDRapa	train
22358	6722_YPDRapa	train
22359	6723_YPDRapa	train
22360	6724_YPDRapa	train
22361	6725_YPDRapa	train
22362	6726_YPDRapa	train
22363	6727_YPDRapa	train
22364	6728_YPDRapa	train
22365	6729_YPDRapa	train
22366	6730_YPDRapa	train
22367	6731_YPDRapa	train
22368	6732_YPDRapa	train
22369	6733_YPDRapa	train
22370	6734_YPDRapa	train
22371	6735_YPDRapa	train
22372	6736_YPDRapa	train
22373	6737_YPDRapa	train
22374	6738_YPDRapa	validation
22375	6739_YPDRapa	train
22376	6740_YPDRapa	train
22377	6741_YPDRapa	train
22378	6742_YPDRapa	train
22379	6743_YPDRapa	train
22380	6744_YPDRapa	train
22381	6745_YPDRapa	train
22382	6746_YPDRapa	train
22383	6747_YPDRapa	train
22384	6748_YPDRapa	train
22385	6749_YPDRapa	train
22386	6750_YPDRapa	train
22387	6751_YPDRapa	train
22388	6752_YPDRapa	train
22389	6753_YPDRapa	train
22390	6754_YPDRapa	train
22391	6755_YPDRapa	train
22392	6756_YPDRapa	train
22393	6757_YPDRapa	train
22394	6758_YPDRapa	train
22395	6759_YPDRapa	train
22396	6760_YPDRapa	train
22397	6761_YPDRapa	train
22398	6762_YPDRapa	train
22399	6763_YPDRapa	train
22400	6764_YPDRapa	train
22401	6765_YPDRapa	validation
22402	6766_YPDRapa	train
22403	6767_YPDRapa	train
22404	6768_YPDRapa	train
22405	6769_YPDRapa	train
22406	6770_YPDRapa	train
22407	6771_YPDRapa	train
22408	6772_YPDRapa	train
22409	6773_YPDRapa	train
22410	6774_YPDRapa	train
22411	6775_YPDRapa	train
22412	6776_YPDRapa	train
22413	6777_YPDRapa	train
22414	6778_YPDRapa	train
22415	6779_YPDRapa	train
22416	6780_YPDRapa	train
22417	6781_YPDRapa	train
22418	6782_YPDRapa	train
22419	6783_YPDRapa	train
22420	6784_YPDRapa	train
22421	6785_YPDRapa	train
22422	6786_YPDRapa	train
22423	6787_YPDRapa	train
22424	6788_YPDRapa	train
22425	6789_YPDRapa	train
22426	6790_YPDRapa	train
22427	6791_YPDRapa	train
22428	6792_YPDRapa	train
22429	6793_YPDRapa	train
22430	6794_YPDRapa	train
22431	6795_YPDRapa	train
22432	6796_YPDRapa	train
22433	6797_YPDRapa	train
22434	6798_YPDRapa	train
22435	6799_YPDRapa	train
22436	6800_YPDRapa	train
22437	6801_YPDRapa	train
22438	6802_YPDRapa	train
22439	6803_YPDRapa	train
22440	6804_YPDRapa	train
22441	6805_YPDRapa	train
22442	6806_YPDRapa	train
22443	6807_YPDRapa	train
22444	6808_YPDRapa	train
22445	6809_YPDRapa	train
22446	6810_YPDRapa	train
22447	6811_YPDRapa	train
22448	6812_YPDRapa	train
22449	6813_YPDRapa	train
22450	6814_YPDRapa	train
22451	6815_YPDRapa	train
22452	6816_YPDRapa	train
22453	6817_YPDRapa	train
22454	6818_YPDRapa	train
22455	6819_YPDRapa	train
22456	6820_YPDRapa	train
22457	6821_YPDRapa	train
22458	6822_YPDRapa	train
22459	6823_YPDRapa	train
22460	6824_YPDRapa	train
22461	6825_YPDRapa	train
22462	6826_YPDRapa	validation
22463	6827_YPDRapa	train
22464	6828_YPDRapa	train
22465	6829_YPDRapa	train
22466	6830_YPDRapa	validation
22467	6831_YPDRapa	train
22468	6832_YPDRapa	train
22469	6833_YPDRapa	train
22470	6834_YPDRapa	train
22471	6835_YPDRapa	train
22472	6836_YPDRapa	train
22473	6837_YPDRapa	train
22474	6838_YPDRapa	train
22475	6839_YPDRapa	train
22476	6840_YPDRapa	train
22477	6841_YPDRapa	validation
22478	6842_YPDRapa	train
22479	6843_YPDRapa	train
22480	6844_YPDRapa	train
22481	6845_YPDRapa	train
22482	6846_YPDRapa	train
22483	6847_YPDRapa	train
22484	6848_YPDRapa	train
22485	6849_YPDRapa	train
22486	6850_YPDRapa	train
22487	6851_YPDRapa	train
22488	6852_YPDRapa	train
22489	6853_YPDRapa	train
22490	6854_YPDRapa	train
22491	6855_YPDRapa	validation
22492	6856_YPDRapa	validation
22493	6857_YPDRapa	train
22494	6858_YPDRapa	train
22495	6859_YPDRapa	train
22496	6860_YPDRapa	train
22497	6861_YPDRapa	train
22498	6862_YPDRapa	train
22499	6863_YPDRapa	train
22500	6864_YPDRapa	train
22501	6865_YPDRapa	train
22502	6866_YPDRapa	train
22503	6867_YPDRapa	train
22504	6868_YPDRapa	train
22505	6869_YPDRapa	train
22506	6870_YPDRapa	train
22507	6871_YPDRapa	train
22508	6872_YPDRapa	train
22509	6873_YPDRapa	train
22510	6874_YPDRapa	train
22511	6875_YPDRapa	train
22512	6876_YPDRapa	train
22513	6877_YPDRapa	validation
22514	6878_YPDRapa	train
22515	6879_YPDRapa	train
22516	6880_YPDRapa	train
22517	6881_YPDRapa	train
22518	6882_YPDRapa	validation
22519	6883_YPDRapa	train
22520	6884_YPDRapa	train
22521	6885_YPDRapa	train
22522	6886_YPDRapa	train
22523	6887_YPDRapa	train
22524	6888_YPDRapa	train
22525	6889_YPDRapa	train
22526	6890_YPDRapa	train
22527	6891_YPDRapa	train
22528	6892_YPDRapa	train
22529	6893_YPDRapa	train
22530	6894_YPDRapa	train
22531	6895_YPDRapa	train
22532	6896_YPDRapa	train
22533	6897_YPDRapa	train
22534	6898_YPDRapa	train
22535	6899_YPDRapa	train
22536	6900_YPDRapa	train
22537	6901_YPDRapa	train
22538	6902_YPDRapa	train
22539	6903_YPDRapa	train
22540	6904_YPDRapa	train
22541	6905_YPDRapa	train
22542	6906_YPDRapa	train
22543	6907_YPDRapa	train
22544	6908_YPDRapa	train
22545	6909_YPDRapa	train
22546	6910_YPDRapa	train
22547	6911_YPDRapa	train
22548	6912_YPDRapa	train
22549	6913_YPDRapa	train
22550	6914_YPDRapa	train
22551	6915_YPDRapa	train
22552	6916_YPDRapa	train
22553	6917_YPDRapa	train
22554	6918_YPDRapa	train
22555	6919_YPDRapa	train
22556	6920_YPDRapa	train
22557	6921_YPDRapa	train
22558	6922_YPDRapa	train
22559	6923_YPDRapa	train
22560	6924_YPDRapa	train
22561	6925_YPDRapa	train
22562	6926_YPDRapa	train
22563	6927_YPDRapa	train
22564	6928_YPDRapa	validation
22565	6929_YPDRapa	train
22566	6930_YPDRapa	train
22567	6931_YPDRapa	train
22568	6932_YPDRapa	train
22569	6933_YPDRapa	train
22570	6934_YPDRapa	train
22571	6935_YPDRapa	train
22572	6936_YPDRapa	train
22573	6937_YPDRapa	train
22574	6938_YPDRapa	train
22575	6939_YPDRapa	train
22576	6940_YPDRapa	train
22577	6941_YPDRapa	train
22578	6942_YPDRapa	train
22579	6943_YPDRapa	train
22580	6944_YPDRapa	train
22581	6945_YPDRapa	train
22582	6946_YPDRapa	train
22583	6947_YPDRapa	train
22584	6948_YPDRapa	train
22585	6949_YPDRapa	train
22586	6950_YPDRapa	train
22587	6951_YPDRapa	train
22588	6952_YPDRapa	train
22589	6953_YPDRapa	train
22590	6954_YPDRapa	train
22591	6955_YPDRapa	train
22592	6956_YPDRapa	train
22593	6957_YPDRapa	train
22594	6958_YPDRapa	train
22595	6959_YPDRapa	validation
22596	6960_YPDRapa	train
22597	6961_YPDRapa	train
22598	6962_YPDRapa	train
22599	6963_YPDRapa	train
22600	6964_YPDRapa	train
22601	6965_YPDRapa	train
22602	6966_YPDRapa	train
22603	6967_YPDRapa	train
22604	6968_YPDRapa	train
22605	6969_YPDRapa	train
22606	6970_YPDRapa	train
22607	6971_YPDRapa	train
22608	6972_YPDRapa	train
22609	6973_YPDRapa	train
22610	6974_YPDRapa	validation
22611	6975_YPDRapa	validation
22612	6976_YPDRapa	train
22613	6977_YPDRapa	train
22614	6978_YPDRapa	train
22615	6979_YPDRapa	train
22616	6980_YPDRapa	train
22617	6981_YPDRapa	train
22618	6982_YPDRapa	train
22619	6983_YPDRapa	train
22620	6984_YPDRapa	train
22621	6985_YPDRapa	train
22622	6986_YPDRapa	train
22623	6987_YPDRapa	train
22624	6988_YPDRapa	train
22625	6989_YPDRapa	train
22626	6990_YPDRapa	train
22627	6991_YPDRapa	train
22628	6992_YPDRapa	train
22629	6993_YPDRapa	train
22630	6994_YPDRapa	train
22631	6995_YPDRapa	train
22632	6996_YPDRapa	train
22633	6997_YPDRapa	train
22634	6998_YPDRapa	train
22635	6999_YPDRapa	train
22636	7000_YPDRapa	train
22637	7001_YPDRapa	train
22638	7002_YPDRapa	train
22639	7003_YPDRapa	train
22640	7004_YPDRapa	train
22641	7005_YPDRapa	train
22642	7006_YPDRapa	train
22643	7007_YPDRapa	train
22644	7008_YPDRapa	train
22645	7009_YPDRapa	train
22646	7010_YPDRapa	validation
22647	7011_YPDRapa	train
22648	7012_YPDRapa	train
22649	7013_YPDRapa	train
22650	7014_YPDRapa	train
22651	7015_YPDRapa	train
22652	7016_YPDRapa	validation
22653	7017_YPDRapa	train
22654	7018_YPDRapa	train
22655	7019_YPDRapa	train
22656	7020_YPDRapa	train
22657	7021_YPDRapa	validation
22658	7022_YPDRapa	train
22659	7023_YPDRapa	train
22660	7024_YPDRapa	train
22661	7025_YPDRapa	train
22662	7026_YPDRapa	train
22663	7027_YPDRapa	train
22664	7028_YPDRapa	train
22665	7029_YPDRapa	train
22666	7030_YPDRapa	train
22667	7031_YPDRapa	train
22668	7032_YPDRapa	train
22669	7033_YPDRapa	train
22670	7034_YPDRapa	train
22671	7035_YPDRapa	train
22672	7036_YPDRapa	train
22673	7037_YPDRapa	train
22674	7038_YPDRapa	train
22675	7039_YPDRapa	train
22676	7040_YPDRapa	train
22677	7041_YPDRapa	train
22678	7042_YPDRapa	train
22679	7043_YPDRapa	train
22680	7044_YPDRapa	train
22681	7045_YPDRapa	train
22682	7046_YPDRapa	train
22683	7047_YPDRapa	train
22684	7048_YPDRapa	train
22685	7049_YPDRapa	train
22686	7050_YPDRapa	train
22687	7051_YPDRapa	train
22688	7052_YPDRapa	train
22689	7053_YPDRapa	train
22690	7054_YPDRapa	train
22691	7055_YPDRapa	train
22692	7056_YPDRapa	train
22693	7057_YPDRapa	train
22694	7058_YPDRapa	train
22695	7059_YPDRapa	train
22696	7060_YPDRapa	train
22697	7061_YPDRapa	train
22698	7062_YPDRapa	train
22699	7063_YPDRapa	train
22700	7064_YPDRapa	train
22701	7065_YPDRapa	train
22702	7066_YPDRapa	train
22703	7067_YPDRapa	train
22704	7068_YPDRapa	train
22705	7069_YPDRapa	train
22706	7070_YPDRapa	train
22707	7071_YPDRapa	train
22708	7072_YPDRapa	train
22709	7073_YPDRapa	train
22710	7074_YPDRapa	train
22711	7075_YPDRapa	train
22712	7076_YPDRapa	train
22713	7077_YPDRapa	train
22714	7078_YPDRapa	train
22715	7079_YPDRapa	train
22716	7080_YPDRapa	train
22717	7081_YPDRapa	validation
22718	7082_YPDRapa	train
22719	7083_YPDRapa	train
22720	7084_YPDRapa	train
22721	7085_YPDRapa	train
22722	7086_YPDRapa	train
22723	7087_YPDRapa	train
22724	7088_YPDRapa	train
22725	7089_YPDRapa	train
22726	7090_YPDRapa	train
22727	7091_YPDRapa	train
22728	7092_YPDRapa	train
22729	7093_YPDRapa	train
22730	7094_YPDRapa	train
22731	7095_YPDRapa	train
22732	7096_YPDRapa	validation
22733	7097_YPDRapa	train
22734	7098_YPDRapa	train
22735	7099_YPDRapa	train
22736	7100_YPDRapa	validation
22737	7101_YPDRapa	train
22738	7102_YPDRapa	train
22739	7103_YPDRapa	train
22740	7104_YPDRapa	train
22741	7105_YPDRapa	train
22742	7106_YPDRapa	train
22743	7107_YPDRapa	train
22744	7108_YPDRapa	train
22745	7109_YPDRapa	train
22746	7110_YPDRapa	train
22747	7111_YPDRapa	train
22748	7112_YPDRapa	train
22749	7113_YPDRapa	train
22750	7114_YPDRapa	train
22751	7115_YPDRapa	train
22752	7116_YPDRapa	train
22753	7117_YPDRapa	train
22754	7118_YPDRapa	train
22755	7119_YPDRapa	validation
22756	7120_YPDRapa	train
22757	7121_YPDRapa	train
22758	7122_YPDRapa	validation
22759	7123_YPDRapa	train
22760	7124_YPDRapa	train
22761	7125_YPDRapa	train
22762	7126_YPDRapa	train
22763	7127_YPDRapa	train
22764	7128_YPDRapa	validation
22765	7129_YPDRapa	train
22766	7130_YPDRapa	train
22767	7131_YPDRapa	train
22768	7132_YPDRapa	train
22769	7133_YPDRapa	train
22770	7134_YPDRapa	train
22771	7135_YPDRapa	train
22772	7136_YPDRapa	train
22773	7137_YPDRapa	train
22774	7138_YPDRapa	train
22775	7139_YPDRapa	train
22776	7140_YPDRapa	train
22777	7141_YPDRapa	train
22778	7142_YPDRapa	train
22779	7143_YPDRapa	train
22780	7144_YPDRapa	train
22781	7145_YPDRapa	train
22782	7146_YPDRapa	train
22783	7147_YPDRapa	train
22784	7148_YPDRapa	train
22785	7149_YPDRapa	train
22786	7150_YPDRapa	train
22787	7151_YPDRapa	train
22788	7152_YPDRapa	train
22789	7153_YPDRapa	train
22790	7154_YPDRapa	train
22791	7155_YPDRapa	train
22792	7156_YPDRapa	train
22793	7157_YPDRapa	train
22794	7158_YPDRapa	train
22795	7159_YPDRapa	train
22796	7160_YPDRapa	train
22797	7161_YPDRapa	train
22798	7162_YPDRapa	train
22799	7163_YPDRapa	train
22800	7164_YPDRapa	train
22801	7165_YPDRapa	train
22802	7166_YPDRapa	train
22803	7167_YPDRapa	train
22804	7168_YPDRapa	train
22805	7169_YPDRapa	train
22806	7170_YPDRapa	train
22807	7171_YPDRapa	train
22808	7172_YPDRapa	train
22809	7173_YPDRapa	train
22810	7174_YPDRapa	train
22811	7175_YPDRapa	train
22812	7176_YPDRapa	train
22813	7177_YPDRapa	train
22814	7178_YPDRapa	train
22815	7179_YPDRapa	train
22816	7180_YPDRapa	train
22817	7181_YPDRapa	train
22818	7182_YPDRapa	train
22819	7183_YPDRapa	train
22820	7184_YPDRapa	train
22821	7185_YPDRapa	train
22822	7186_YPDRapa	train
22823	7187_YPDRapa	train
22824	7188_YPDRapa	train
22825	7189_YPDRapa	train
22826	7190_YPDRapa	train
22827	7191_YPDRapa	train
22828	7192_YPDRapa	train
22829	7193_YPDRapa	train
22830	7194_YPDRapa	train
22831	7195_YPDRapa	train
22832	7196_YPDRapa	train
22833	7197_YPDRapa	train
22834	7198_YPDRapa	train
22835	7199_YPDRapa	train
22836	7200_YPDRapa	train
22837	7201_YPDRapa	train
22838	7202_YPDRapa	train
22839	7203_YPDRapa	train
22840	7204_YPDRapa	train
22841	7205_YPDRapa	train
22842	7206_YPDRapa	train
22843	7207_YPDRapa	validation
22844	7208_YPDRapa	train
22845	7209_YPDRapa	train
22846	7210_YPDRapa	train
22847	7211_YPDRapa	train
22848	7212_YPDRapa	train
22849	7213_YPDRapa	train
22850	7214_YPDRapa	train
22851	7215_YPDRapa	train
22852	7216_YPDRapa	train
22853	7217_YPDRapa	train
22854	7218_YPDRapa	train
22855	7219_YPDRapa	train
22856	7220_YPDRapa	train
22857	7221_YPDRapa	train
22858	7222_YPDRapa	train
22859	7223_YPDRapa	train
22860	7224_YPDRapa	train
22861	7225_YPDRapa	train
22862	7226_YPDRapa	train
22863	7227_YPDRapa	train
22864	7228_YPDRapa	train
22865	7229_YPDRapa	train
22866	7230_YPDRapa	train
22867	7231_YPDRapa	train
22868	7232_YPDRapa	train
22869	7233_YPDRapa	train
22870	7234_YPDRapa	validation
22871	7235_YPDRapa	train
22872	7236_YPDRapa	train
22873	7237_YPDRapa	train
22874	7238_YPDRapa	train
22875	7239_YPDRapa	train
22876	7240_YPDRapa	train
22877	7241_YPDRapa	train
22878	7242_YPDRapa	validation
22879	7243_YPDRapa	train
22880	7244_YPDRapa	train
22881	7245_YPDRapa	train
22882	7246_YPDRapa	train
22883	7247_YPDRapa	train
22884	7248_YPDRapa	train
22885	7249_YPDRapa	train
22886	7250_YPDRapa	train
22887	7251_YPDRapa	validation
22888	7252_YPDRapa	train
22889	7253_YPDRapa	train
22890	7254_YPDRapa	train
22891	7255_YPDRapa	train
22892	7256_YPDRapa	train
22893	7257_YPDRapa	train
22894	7258_YPDRapa	train
22895	7259_YPDRapa	train
22896	7260_YPDRapa	train
22897	7261_YPDRapa	train
22898	7262_YPDRapa	train
22899	7263_YPDRapa	train
22900	7264_YPDRapa	train
22901	7265_YPDRapa	train
22902	7266_YPDRapa	train
22903	7267_YPDRapa	validation
22904	7268_YPDRapa	train
22905	7269_YPDRapa	train
22906	7270_YPDRapa	validation
22907	7271_YPDRapa	train
22908	7272_YPDRapa	train
22909	7273_YPDRapa	train
22910	7274_YPDRapa	train
22911	7275_YPDRapa	validation
22912	7276_YPDRapa	train
22913	7277_YPDRapa	train
22914	7278_YPDRapa	train
22915	7279_YPDRapa	train
22916	7280_YPDRapa	train
22917	7281_YPDRapa	train
22918	7282_YPDRapa	train
22919	7283_YPDRapa	validation
22920	7284_YPDRapa	train
22921	7285_YPDRapa	train
22922	7286_YPDRapa	train
22923	7287_YPDRapa	train
22924	7288_YPDRapa	train
22925	7289_YPDRapa	train
22926	7290_YPDRapa	train
22927	7291_YPDRapa	train
22928	7292_YPDRapa	train
22929	7293_YPDRapa	train
22930	7294_YPDRapa	train
22931	7295_YPDRapa	train
22932	7296_YPDRapa	train
22933	7297_YPDRapa	train
22934	7298_YPDRapa	train
22935	7299_YPDRapa	train
22936	7300_YPDRapa	train
22937	7301_YPDRapa	validation
22938	7302_YPDRapa	train
22939	7303_YPDRapa	train
22940	7304_YPDRapa	train
22941	7305_YPDRapa	validation
22942	7306_YPDRapa	train
22943	7307_YPDRapa	train
22944	7308_YPDRapa	train
22945	7309_YPDRapa	train
22946	7310_YPDRapa	validation
22947	7311_YPDRapa	train
22948	7312_YPDRapa	train
22949	7313_YPDRapa	train
22950	7314_YPDRapa	validation
22951	7315_YPDRapa	train
22952	7316_YPDRapa	train
22953	7317_YPDRapa	train
22954	7318_YPDRapa	train
22955	7319_YPDRapa	train
22956	7320_YPDRapa	train
22957	7321_YPDRapa	train
22958	7322_YPDRapa	train
22959	7323_YPDRapa	train
22960	7324_YPDRapa	train
22961	7325_YPDRapa	train
22962	7326_YPDRapa	train
22963	7327_YPDRapa	train
22964	7328_YPDRapa	validation
22965	7329_YPDRapa	train
22966	7330_YPDRapa	train
22967	7331_YPDRapa	train
22968	7332_YPDRapa	train
22969	7333_YPDRapa	train
22970	7334_YPDRapa	train
22971	7335_YPDRapa	train
22972	7336_YPDRapa	train
22973	7337_YPDRapa	train
22974	7338_YPDRapa	train
22975	7339_YPDRapa	validation
22976	7340_YPDRapa	train
22977	7341_YPDRapa	train
22978	7342_YPDRapa	train
22979	7343_YPDRapa	train
22980	7344_YPDRapa	validation
22981	7345_YPDRapa	train
22982	7346_YPDRapa	train
22983	7347_YPDRapa	train
22984	7348_YPDRapa	train
22985	7349_YPDRapa	train
22986	7350_YPDRapa	train
22987	7351_YPDRapa	train
22988	7352_YPDRapa	train
22989	7353_YPDRapa	train
22990	7354_YPDRapa	train
22991	7355_YPDRapa	train
22992	7356_YPDRapa	train
22993	7357_YPDRapa	train
22994	7358_YPDRapa	train
22995	7359_YPDRapa	train
22996	7360_YPDRapa	train
22997	7361_YPDRapa	train
22998	7362_YPDRapa	train
22999	7363_YPDRapa	train
23000	7364_YPDRapa	train
23001	7365_YPDRapa	validation
23002	7366_YPDRapa	train
23003	7367_YPDRapa	train
23004	7368_YPDRapa	validation
23005	7369_YPDRapa	train
23006	7370_YPDRapa	train
23007	7371_YPDRapa	train
23008	7372_YPDRapa	train
23009	7373_YPDRapa	train
23010	7374_YPDRapa	train
23011	7375_YPDRapa	train
23012	7376_YPDRapa	train
23013	7377_YPDRapa	train
23014	7378_YPDRapa	train
23015	7379_YPDRapa	train
23016	7380_YPDRapa	train
23017	7381_YPDRapa	train
23018	7382_YPDRapa	train
23019	7383_YPDRapa	train
23020	7384_YPDRapa	train
23021	7385_YPDRapa	train
23022	7386_YPDRapa	train
23023	7387_YPDRapa	train
23024	7388_YPDRapa	train
23025	7389_YPDRapa	validation
23026	7390_YPDRapa	train
23027	7391_YPDRapa	train
23028	7392_YPDRapa	train
23029	7393_YPDRapa	train
23030	7394_YPDRapa	train
23031	7395_YPDRapa	train
23032	7396_YPDRapa	train
23033	7397_YPDRapa	train
23034	7398_YPDRapa	validation
23035	7399_YPDRapa	train
23036	7400_YPDRapa	train
23037	7401_YPDRapa	train
23038	7402_YPDRapa	train
23039	7403_YPDRapa	train
23040	7404_YPDRapa	train
23041	7405_YPDRapa	train
23042	7406_YPDRapa	train
23043	7407_YPDRapa	train
23044	7408_YPDRapa	train
23045	7409_YPDRapa	train
23046	7410_YPDRapa	train
23047	7411_YPDRapa	train
23048	7412_YPDRapa	train
23049	7413_YPDRapa	train
23050	7414_YPDRapa	train
23051	7415_YPDRapa	train
23052	7416_YPDRapa	train
23053	7417_YPDRapa	train
23054	7418_YPDRapa	train
23055	7419_YPDRapa	train
23056	7420_YPDRapa	train
23057	7421_YPDRapa	train
23058	7422_YPDRapa	train
23059	7423_YPDRapa	train
23060	7424_YPDRapa	train
23061	7425_YPDRapa	train
23062	7426_YPDRapa	train
23063	7427_YPDRapa	train
23064	7428_YPDRapa	train
23065	7429_YPDRapa	train
23066	7430_YPDRapa	train
23067	7431_YPDRapa	train
23068	7432_YPDRapa	train
23069	7433_YPDRapa	train
23070	7434_YPDRapa	train
23071	7435_YPDRapa	train
23072	7436_YPDRapa	validation
23073	7437_YPDRapa	train
23074	7438_YPDRapa	train
23075	7439_YPDRapa	train
23076	7440_YPDRapa	train
23077	7441_YPDRapa	train
23078	7442_YPDRapa	train
23079	7443_YPDRapa	train
23080	7444_YPDRapa	train
23081	7445_YPDRapa	train
23082	7446_YPDRapa	train
23083	7447_YPDRapa	train
23084	7448_YPDRapa	train
23085	7449_YPDRapa	train
23086	7450_YPDRapa	train
23087	7451_YPDRapa	train
23088	7452_YPDRapa	train
23089	7453_YPDRapa	train
23090	7454_YPDRapa	train
23091	7455_YPDRapa	train
23092	7456_YPDRapa	train
23093	7457_YPDRapa	train
23094	7458_YPDRapa	train
23095	7459_YPDRapa	train
23096	7460_YPDRapa	train
23097	7461_YPDRapa	train
23098	7462_YPDRapa	train
23099	7463_YPDRapa	train
23100	7464_YPDRapa	train
23101	7465_YPDRapa	train
23102	7466_YPDRapa	train
23103	7467_YPDRapa	train
23104	7468_YPDRapa	train
23105	7469_YPDRapa	train
23106	7470_YPDRapa	train
23107	7471_YPDRapa	train
23108	7472_YPDRapa	train
23109	7473_YPDRapa	train
23110	7474_YPDRapa	validation
23111	7475_YPDRapa	train
23112	7476_YPDRapa	train
23113	7477_YPDRapa	train
23114	7478_YPDRapa	train
23115	7479_YPDRapa	train
23116	7480_YPDRapa	train
23117	7481_YPDRapa	train
23118	7482_YPDRapa	train
23119	7483_YPDRapa	train
23120	7484_YPDRapa	train
23121	7485_YPDRapa	train
23122	7486_YPDRapa	validation
23123	7487_YPDRapa	train
23124	7488_YPDRapa	train
23125	7489_YPDRapa	train
23126	7490_YPDRapa	train
23127	7491_YPDRapa	train
23128	7492_YPDRapa	train
23129	7493_YPDRapa	train
23130	7494_YPDRapa	train
23131	7495_YPDRapa	train
23132	7496_YPDRapa	train
23133	7497_YPDRapa	train
23134	7498_YPDRapa	train
23135	7499_YPDRapa	train
23136	7500_YPDRapa	train
23137	7501_YPDRapa	train
23138	7502_YPDRapa	train
23139	7503_YPDRapa	train
23140	7504_YPDRapa	train
23141	7505_YPDRapa	train
23142	7506_YPDRapa	train
23143	7507_YPDRapa	validation
23144	7508_YPDRapa	train
23145	7509_YPDRapa	train
23146	7510_YPDRapa	train
23147	7511_YPDRapa	train
23148	7512_YPDRapa	train
23149	7513_YPDRapa	train
23150	7514_YPDRapa	train
23151	7515_YPDRapa	train
23152	7516_YPDRapa	train
23153	7517_YPDRapa	train
23154	7518_YPDRapa	train
23155	7519_YPDRapa	train
23156	7520_YPDRapa	train
23157	7521_YPDRapa	train
23158	7522_YPDRapa	train
23159	7523_YPDRapa	train
23160	7524_YPDRapa	train
23161	7525_YPDRapa	train
23162	7526_YPDRapa	train
23163	7527_YPDRapa	train
23164	7528_YPDRapa	train
23165	7529_YPDRapa	train
23166	7530_YPDRapa	train
23167	7531_YPDRapa	train
23168	7532_YPDRapa	train
23169	7533_YPDRapa	train
23170	7534_YPDRapa	train
23171	7535_YPDRapa	train
23172	7536_YPDRapa	train
23173	7537_YPDRapa	train
23174	7538_YPDRapa	validation
23175	7539_YPDRapa	train
23176	7540_YPDRapa	train
23177	7541_YPDRapa	train
23178	7542_YPDRapa	train
23179	7543_YPDRapa	train
23180	7544_YPDRapa	train
23181	7545_YPDRapa	train
23182	7546_YPDRapa	train
23183	7547_YPDRapa	train
23184	7548_YPDRapa	train
23185	7549_YPDRapa	validation
23186	7550_YPDRapa	train
23187	7551_YPDRapa	train
23188	7552_YPDRapa	train
23189	7553_YPDRapa	train
23190	7554_YPDRapa	train
23191	7555_YPDRapa	train
23192	7556_YPDRapa	train
23193	7557_YPDRapa	train
23194	7558_YPDRapa	train
23195	7559_YPDRapa	train
23196	7560_YPDRapa	train
23197	7561_YPDRapa	train
23198	7562_YPDRapa	train
23199	7563_YPDRapa	train
23200	7564_YPDRapa	train
23201	7565_YPDRapa	train
23202	7566_YPDRapa	train
23203	7567_YPDRapa	train
23204	7568_YPDRapa	train
23205	7569_YPDRapa	validation
23206	7570_YPDRapa	train
23207	7571_YPDRapa	train
23208	7572_YPDRapa	train
23209	7573_YPDRapa	train
23210	7574_YPDRapa	train
23211	7575_YPDRapa	train
23212	7576_YPDRapa	train
23213	7577_YPDRapa	train
23214	7578_YPDRapa	validation
23215	7579_YPDRapa	train
23216	7580_YPDRapa	train
23217	7581_YPDRapa	train
23218	7582_YPDRapa	train
23219	7583_YPDRapa	train
23220	7584_YPDRapa	train
23221	7585_YPDRapa	validation
23222	7586_YPDRapa	validation
23223	7587_YPDRapa	train
23224	7588_YPDRapa	train
23225	7589_YPDRapa	train
23226	7590_YPDRapa	train
23227	7591_YPDRapa	train
23228	7592_YPDRapa	train
23229	7593_YPDRapa	train
23230	7594_YPDRapa	validation
23231	7595_YPDRapa	train
23232	7596_YPDRapa	train
23233	7597_YPDRapa	train
23234	7598_YPDRapa	train
23235	7599_YPDRapa	train
23236	7600_YPDRapa	train
23237	7601_YPDRapa	train
23238	7602_YPDRapa	train
23239	7603_YPDRapa	validation
23240	7604_YPDRapa	train
23241	7605_YPDRapa	train
23242	7606_YPDRapa	train
23243	7607_YPDRapa	train
23244	7608_YPDRapa	train
23245	7609_YPDRapa	train
23246	7610_YPDRapa	train
23247	7611_YPDRapa	train
23248	7612_YPDRapa	train
23249	7613_YPDRapa	train
23250	7614_YPDRapa	train
23251	7615_YPDRapa	validation
23252	7616_YPDRapa	train
23253	7617_YPDRapa	train
23254	7618_YPDRapa	train
23255	7619_YPDRapa	train
23256	7620_YPDRapa	train
23257	7621_YPDRapa	train
23258	7622_YPDRapa	train
23259	7623_YPDRapa	train
23260	7624_YPDRapa	train
23261	7625_YPDRapa	train
23262	7626_YPDRapa	train
23263	7627_YPDRapa	train
23264	7628_YPDRapa	train
23265	7629_YPDRapa	train
23266	7630_YPDRapa	train
23267	7631_YPDRapa	train
23268	7632_YPDRapa	train
23269	7633_YPDRapa	train
23270	7634_YPDRapa	train
23271	7635_YPDRapa	train
23272	7636_YPDRapa	train
23273	7637_YPDRapa	train
23274	7638_YPDRapa	train
23275	7639_YPDRapa	train
23276	7640_YPDRapa	train
23277	7641_YPDRapa	train
23278	7642_YPDRapa	train
23279	7643_YPDRapa	train
23280	7644_YPDRapa	train
23281	7645_YPDRapa	train
23282	7646_YPDRapa	train
23283	7647_YPDRapa	train
23284	7648_YPDRapa	train
23285	7649_YPDRapa	train
23286	7650_YPDRapa	train
23287	7651_YPDRapa	train
23288	7652_YPDRapa	train
23289	7653_YPDRapa	train
23290	7654_YPDRapa	train
23291	7655_YPDRapa	train
23292	7656_YPDRapa	validation
23293	7657_YPDRapa	train
23294	7658_YPDRapa	train
23295	7659_YPDRapa	train
23296	7660_YPDRapa	validation
23297	7661_YPDRapa	train
23298	7662_YPDRapa	train
23299	7663_YPDRapa	train
23300	7664_YPDRapa	train
23301	7665_YPDRapa	train
23302	7666_YPDRapa	train
23303	7667_YPDRapa	train
23304	7668_YPDRapa	train
23305	7669_YPDRapa	validation
23306	7670_YPDRapa	train
23307	7671_YPDRapa	train
23308	7672_YPDRapa	train
23309	7673_YPDRapa	validation
23310	7674_YPDRapa	train
23311	7675_YPDRapa	train
23312	7676_YPDRapa	train
23313	7677_YPDRapa	train
23314	7678_YPDRapa	train
23315	7679_YPDRapa	train
23316	7680_YPDRapa	train
23317	7681_YPDRapa	train
23318	7682_YPDRapa	train
23319	7683_YPDRapa	train
23320	7684_YPDRapa	train
23321	7685_YPDRapa	train
23322	7686_YPDRapa	train
23323	7687_YPDRapa	train
23324	7688_YPDRapa	train
23325	7689_YPDRapa	train
23326	7690_YPDRapa	train
23327	7691_YPDRapa	validation
23328	7692_YPDRapa	train
23329	7693_YPDRapa	train
23330	7694_YPDRapa	train
23331	7695_YPDRapa	train
23332	7696_YPDRapa	train
23333	7697_YPDRapa	train
23334	7698_YPDRapa	train
23335	7699_YPDRapa	train
23336	7700_YPDRapa	train
23337	7701_YPDRapa	train
23338	7702_YPDRapa	train
23339	7703_YPDRapa	train
23340	7704_YPDRapa	train
23341	7705_YPDRapa	train
23342	7706_YPDRapa	train
23343	7707_YPDRapa	train
23344	7708_YPDRapa	train
23345	7709_YPDRapa	train
23346	7710_YPDRapa	train
23347	7711_YPDRapa	train
23348	7712_YPDRapa	validation
23349	7713_YPDRapa	train
23350	7714_YPDRapa	train
23351	7715_YPDRapa	validation
23352	7716_YPDRapa	train
23353	7717_YPDRapa	train
23354	7718_YPDRapa	train
23355	7719_YPDRapa	train
23356	7720_YPDRapa	train
23357	7721_YPDRapa	train
23358	7722_YPDRapa	train
23359	7723_YPDRapa	train
23360	7724_YPDRapa	train
23361	7725_YPDRapa	train
23362	7726_YPDRapa	train
23363	7727_YPDRapa	train
23364	7728_YPDRapa	train
23365	7729_YPDRapa	validation
23366	7730_YPDRapa	train
23367	7731_YPDRapa	train
23368	7732_YPDRapa	train
23369	7733_YPDRapa	train
23370	7734_YPDRapa	train
23371	7735_YPDRapa	train
23372	7736_YPDRapa	train
23373	7737_YPDRapa	train
23374	7738_YPDRapa	train
23375	7739_YPDRapa	validation
23376	7740_YPDRapa	train
23377	7741_YPDRapa	train
23378	7742_YPDRapa	train
23379	7743_YPDRapa	validation
23380	7744_YPDRapa	train
23381	7745_YPDRapa	train
23382	7746_YPDRapa	train
23383	7747_YPDRapa	train
23384	7748_YPDRapa	train
23385	7749_YPDRapa	train
23386	7750_YPDRapa	train
23387	7751_YPDRapa	train
23388	7752_YPDRapa	train
23389	7753_YPDRapa	train
23390	7754_YPDRapa	train
23391	7755_YPDRapa	train
23392	7756_YPDRapa	train
23393	7757_YPDRapa	train
23394	7758_YPDRapa	train
23395	7759_YPDRapa	train
23396	7760_YPDRapa	train
23397	7761_YPDRapa	train
23398	7762_YPDRapa	train
23399	7763_YPDRapa	train
23400	7764_YPDRapa	train
23401	7765_YPDRapa	train
23402	7766_YPDRapa	train
23403	7767_YPDRapa	train
23404	7768_YPDRapa	train
23405	7769_YPDRapa	train
23406	7770_YPDRapa	validation
23407	7771_YPDRapa	train
23408	7772_YPDRapa	validation
23409	7773_YPDRapa	train
23410	7774_YPDRapa	train
23411	7775_YPDRapa	train
23412	7776_YPDRapa	train
23413	7777_YPDRapa	train
23414	7778_YPDRapa	train
23415	7779_YPDRapa	train
23416	7780_YPDRapa	train
23417	7781_YPDRapa	train
23418	7782_YPDRapa	train
23419	7783_YPDRapa	train
23420	7784_YPDRapa	train
23421	7785_YPDRapa	train
23422	7786_YPDRapa	train
23423	7787_YPDRapa	train
23424	7788_YPDRapa	train
23425	7789_YPDRapa	train
23426	7790_YPDRapa	train
23427	7791_YPDRapa	train
23428	7792_YPDRapa	train
23429	7793_YPDRapa	train
23430	7794_YPDRapa	train
23431	7795_YPDRapa	train
23432	7796_YPDRapa	train
23433	7797_YPDRapa	train
23434	7798_YPDRapa	train
23435	7799_YPDRapa	train
23436	7800_YPDRapa	train
23437	7801_YPDRapa	train
23438	7802_YPDRapa	train
23439	7803_YPDRapa	train
23440	7804_YPDRapa	train
23441	7805_YPDRapa	train
23442	7806_YPDRapa	validation
23443	7807_YPDRapa	train
23444	7808_YPDRapa	train
23445	7809_YPDRapa	train
23446	7810_YPDRapa	train
23447	7811_YPDRapa	train
23448	7812_YPDRapa	train
23449	7813_YPDRapa	train
23450	7814_YPDRapa	validation
23451	7815_YPDRapa	train
23452	7816_YPDRapa	train
23453	7817_YPDRapa	train
23454	7818_YPDRapa	train
23455	7819_YPDRapa	validation
23456	7820_YPDRapa	train
23457	7821_YPDRapa	train
23458	7822_YPDRapa	train
23459	7823_YPDRapa	train
23460	7824_YPDRapa	train
23461	7825_YPDRapa	train
23462	7826_YPDRapa	train
23463	7827_YPDRapa	train
23464	7828_YPDRapa	train
23465	7829_YPDRapa	train
23466	7830_YPDRapa	train
23467	7831_YPDRapa	train
23468	7832_YPDRapa	train
23469	7833_YPDRapa	train
23470	7834_YPDRapa	train
23471	7835_YPDRapa	train
23472	7836_YPDRapa	train
23473	7837_YPDRapa	train
23474	7838_YPDRapa	train
23475	7839_YPDRapa	train
23476	7840_YPDRapa	train
23477	7841_YPDRapa	train
23478	7842_YPDRapa	train
23479	7843_YPDRapa	train
23480	7844_YPDRapa	train
23481	7845_YPDRapa	train
23482	7846_YPDRapa	train
23483	7847_YPDRapa	train
23484	7848_YPDRapa	train
23485	7849_YPDRapa	train
23486	7850_YPDRapa	train
23487	7851_YPDRapa	train
23488	7852_YPDRapa	train
23489	7853_YPDRapa	train
23490	7854_YPDRapa	train
23491	7855_YPDRapa	train
23492	7856_YPDRapa	train
23493	7857_YPDRapa	train
23494	7858_YPDRapa	train
23495	7859_YPDRapa	train
23496	7860_YPDRapa	train
23497	7861_YPDRapa	train
23498	7862_YPDRapa	train
23499	7863_YPDRapa	train
23500	7864_YPDRapa	validation
23501	7865_YPDRapa	validation
23502	7866_YPDRapa	train
23503	7867_YPDRapa	train
23504	7868_YPDRapa	train
23505	7869_YPDRapa	train
23506	7870_YPDRapa	train
23507	7871_YPDRapa	train
23508	7872_YPDRapa	train
23509	7873_YPDRapa	train
23510	7874_YPDRapa	train
23511	7875_YPDRapa	train
23512	7876_YPDRapa	train
23513	7877_YPDRapa	train
23514	7878_YPDRapa	train
23515	7879_YPDRapa	validation
23516	7880_YPDRapa	train
23517	7881_YPDRapa	train
23518	7882_YPDRapa	train
23519	7883_YPDRapa	train
23520	7884_YPDRapa	validation
23521	7885_YPDRapa	train
23522	7886_YPDRapa	train
23523	7887_YPDRapa	train
23524	7888_YPDRapa	train
23525	7889_YPDRapa	train
23526	7890_YPDRapa	validation
23527	7891_YPDRapa	train
23528	7892_YPDRapa	train
23529	7893_YPDRapa	train
23530	7894_YPDRapa	train
23531	7895_YPDRapa	train
23532	7896_YPDRapa	train
23533	7897_YPDRapa	train
23534	7898_YPDRapa	train
23535	7899_YPDRapa	train
23536	7900_YPDRapa	train
23537	7901_YPDRapa	train
23538	7902_YPDRapa	train
23539	7903_YPDRapa	train
23540	7904_YPDRapa	train
23541	7905_YPDRapa	train
23542	7906_YPDRapa	train
23543	7907_YPDRapa	train
23544	7908_YPDRapa	train
23545	7909_YPDRapa	train
23546	7910_YPDRapa	train
23547	7911_YPDRapa	train
23548	7912_YPDRapa	train
23549	7913_YPDRapa	train
23550	7914_YPDRapa	train
23551	7915_YPDRapa	train
23552	7916_YPDRapa	train
23553	7917_YPDRapa	train
23554	7918_YPDRapa	train
23555	7919_YPDRapa	train
23556	7920_YPDRapa	train
23557	7921_YPDRapa	train
23558	7922_YPDRapa	train
23559	7923_YPDRapa	train
23560	7924_YPDRapa	train
23561	7925_YPDRapa	train
23562	7926_YPDRapa	train
23563	7927_YPDRapa	train
23564	7928_YPDRapa	validation
23565	7929_YPDRapa	validation
23566	7930_YPDRapa	train
23567	7931_YPDRapa	train
23568	7932_YPDRapa	train
23569	7933_YPDRapa	train
23570	7934_YPDRapa	train
23571	7935_YPDRapa	train
23572	7936_YPDRapa	train
23573	7937_YPDRapa	train
23574	7938_YPDRapa	train
23575	7939_YPDRapa	train
23576	7940_YPDRapa	train
23577	7941_YPDRapa	train
23578	7942_YPDRapa	train
23579	7943_YPDRapa	train
23580	7944_YPDRapa	train
23581	7945_YPDRapa	train
23582	7946_YPDRapa	train
23583	7947_YPDRapa	train
23584	7948_YPDRapa	train
23585	7949_YPDRapa	train
23586	7950_YPDRapa	train
23587	7951_YPDRapa	train
23588	7952_YPDRapa	train
23589	7953_YPDRapa	train
23590	7954_YPDRapa	train
23591	7955_YPDRapa	train
23592	7956_YPDRapa	train
23593	7957_YPDRapa	train
23594	7958_YPDRapa	train
23595	7959_YPDRapa	train
23596	7960_YPDRapa	train
23597	7961_YPDRapa	train
23598	7962_YPDRapa	train
23599	7963_YPDRapa	train
23600	7964_YPDRapa	train
23601	7965_YPDRapa	train
23602	7966_YPDRapa	train
23603	7967_YPDRapa	train
23604	7968_YPDRapa	train
23605	7969_YPDRapa	train
23606	7970_YPDRapa	train
23607	7971_YPDRapa	train
23608	7972_YPDRapa	train
23609	7973_YPDRapa	train
23610	7974_YPDRapa	train
23611	7975_YPDRapa	train
23612	7976_YPDRapa	train
23613	7977_YPDRapa	train
23614	7978_YPDRapa	validation
23615	7979_YPDRapa	train
23616	7980_YPDRapa	train
23617	7981_YPDRapa	train
23618	7982_YPDRapa	train
23619	7983_YPDRapa	train
23620	7984_YPDRapa	train
23621	7985_YPDRapa	train
23622	7986_YPDRapa	train
23623	7987_YPDRapa	validation
23624	7988_YPDRapa	train
23625	7989_YPDRapa	train
23626	7990_YPDRapa	train
23627	7991_YPDRapa	validation
23628	7992_YPDRapa	train
23629	7993_YPDRapa	train
23630	7994_YPDRapa	train
23631	7995_YPDRapa	validation
23632	7996_YPDRapa	train
23633	7997_YPDRapa	train
23634	7998_YPDRapa	train
23635	7999_YPDRapa	train
23636	8000_YPDRapa	train
23637	8001_YPDRapa	train
23638	8002_YPDRapa	train
23639	8003_YPDRapa	train
23640	8004_YPDRapa	train
23641	8005_YPDRapa	train
23642	8006_YPDRapa	train
23643	8007_YPDRapa	validation
23644	8008_YPDRapa	train
23645	8009_YPDRapa	train
23646	8010_YPDRapa	train
23647	8011_YPDRapa	train
23648	8012_YPDRapa	train
23649	8013_YPDRapa	validation
23650	8014_YPDRapa	train
23651	8015_YPDRapa	train
23652	8016_YPDRapa	train
23653	8017_YPDRapa	train
23654	8018_YPDRapa	train
23655	8019_YPDRapa	train
23656	8020_YPDRapa	train
23657	8021_YPDRapa	train
23658	8022_YPDRapa	train
23659	8023_YPDRapa	train
23660	8024_YPDRapa	train
23661	8025_YPDRapa	train
23662	8026_YPDRapa	train
23663	8027_YPDRapa	train
23664	8028_YPDRapa	train
23665	8029_YPDRapa	train
23666	8030_YPDRapa	train
23667	8031_YPDRapa	train
23668	8032_YPDRapa	train
23669	8033_YPDRapa	train
23670	8034_YPDRapa	train
23671	8035_YPDRapa	train
23672	8036_YPDRapa	train
23673	8037_YPDRapa	train
23674	8038_YPDRapa	train
23675	8039_YPDRapa	train
23676	8040_YPDRapa	train
23677	8041_YPDRapa	train
23678	8042_YPDRapa	train
23679	8043_YPDRapa	validation
23680	8044_YPDRapa	train
23681	8045_YPDRapa	train
23682	8046_YPDRapa	train
23683	8047_YPDRapa	train
23684	8048_YPDRapa	train
23685	8049_YPDRapa	train
23686	8050_YPDRapa	train
23687	8051_YPDRapa	train
23688	8052_YPDRapa	train
23689	8053_YPDRapa	train
23690	8054_YPDRapa	train
23691	8055_YPDRapa	train
23692	8056_YPDRapa	train
23693	8057_YPDRapa	train
23694	8058_YPDRapa	train
23695	8059_YPDRapa	validation
23696	8060_YPDRapa	train
23697	8061_YPDRapa	validation
23698	8062_YPDRapa	train
23699	8063_YPDRapa	train
23700	8064_YPDRapa	train
23701	8065_YPDRapa	train
23702	8066_YPDRapa	train
23703	8067_YPDRapa	train
23704	8068_YPDRapa	train
23705	8069_YPDRapa	train
23706	8070_YPDRapa	train
23707	8071_YPDRapa	train
23708	8072_YPDRapa	train
23709	8073_YPDRapa	train
23710	8074_YPDRapa	train
23711	8075_YPDRapa	train
23712	8076_YPDRapa	train
23713	8077_YPDRapa	train
23714	8078_YPDRapa	train
23715	8079_YPDRapa	train
23716	8080_YPDRapa	train
23717	8081_YPDRapa	train
23718	8082_YPDRapa	train
23719	8083_YPDRapa	train
23720	8084_YPDRapa	train
23721	8085_YPDRapa	train
23722	8086_YPDRapa	train
23723	8087_YPDRapa	train
23724	8088_YPDRapa	train
23725	8089_YPDRapa	validation
23726	8090_YPDRapa	train
23727	8091_YPDRapa	train
23728	8092_YPDRapa	train
23729	8093_YPDRapa	train
23730	8094_YPDRapa	train
23731	8095_YPDRapa	train
23732	8096_YPDRapa	train
23733	8097_YPDRapa	train
23734	8098_YPDRapa	train
23735	8099_YPDRapa	train
23736	8100_YPDRapa	train
23737	8101_YPDRapa	train
23738	8102_YPDRapa	train
23739	8103_YPDRapa	train
23740	8104_YPDRapa	train
23741	8105_YPDRapa	train
23742	8106_YPDRapa	train
23743	8107_YPDRapa	train
23744	8108_YPDRapa	train
23745	8109_YPDRapa	train
23746	8110_YPDRapa	train
23747	8111_YPDRapa	train
23748	8112_YPDRapa	train
23749	8113_YPDRapa	train
23750	8114_YPDRapa	train
23751	8115_YPDRapa	train
23752	8116_YPDRapa	train
23753	8117_YPDRapa	train
23754	8118_YPDRapa	train
23755	8119_YPDRapa	validation
23756	8120_YPDRapa	train
23757	8121_YPDRapa	train
23758	8122_YPDRapa	train
23759	8123_YPDRapa	train
23760	8124_YPDRapa	train
23761	8125_YPDRapa	train
23762	8126_YPDRapa	train
23763	8127_YPDRapa	train
23764	8128_YPDRapa	train
23765	8129_YPDRapa	train
23766	8130_YPDRapa	train
23767	8131_YPDRapa	train
23768	8132_YPDRapa	train
23769	8133_YPDRapa	train
23770	8134_YPDRapa	train
23771	8135_YPDRapa	train
23772	8136_YPDRapa	train
23773	8137_YPDRapa	train
23774	8138_YPDRapa	train
23775	8139_YPDRapa	train
23776	8140_YPDRapa	train
23777	8141_YPDRapa	train
23778	8142_YPDRapa	train
23779	8143_YPDRapa	train
23780	8144_YPDRapa	train
23781	8145_YPDRapa	train
23782	8146_YPDRapa	train
23783	8147_YPDRapa	train
23784	8148_YPDRapa	train
23785	8149_YPDRapa	train
23786	8150_YPDRapa	train
23787	8151_YPDRapa	train
23788	8152_YPDRapa	train
23789	8153_YPDRapa	train
23790	8154_YPDRapa	train
23791	8155_YPDRapa	train
23792	8156_YPDRapa	train
23793	8157_YPDRapa	train
23794	8158_YPDRapa	train
23795	8159_YPDRapa	train
23796	8160_YPDRapa	train
23797	8161_YPDRapa	train
23798	8162_YPDRapa	train
23799	8163_YPDRapa	train
23800	8164_YPDRapa	train
23801	8165_YPDRapa	train
23802	8166_YPDRapa	train
23803	8167_YPDRapa	train
23804	8168_YPDRapa	validation
23805	8169_YPDRapa	train
23806	8170_YPDRapa	train
23807	8171_YPDRapa	train
23808	8172_YPDRapa	train
23809	8173_YPDRapa	train
23810	8174_YPDRapa	train
23811	8175_YPDRapa	train
23812	8176_YPDRapa	train
23813	8177_YPDRapa	train
23814	8178_YPDRapa	train
23815	8179_YPDRapa	train
23816	8180_YPDRapa	train
23817	8181_YPDRapa	train
23818	8182_YPDRapa	train
23819	8183_YPDRapa	train
23820	8184_YPDRapa	train
23821	8185_YPDRapa	train
23822	8186_YPDRapa	train
23823	8187_YPDRapa	train
23824	8188_YPDRapa	train
23825	8189_YPDRapa	train
23826	8190_YPDRapa	train
23827	8191_YPDRapa	train
23828	8192_YPDRapa	train
23829	8193_YPDRapa	train
23830	8194_YPDRapa	train
23831	8195_YPDRapa	train
23832	8196_YPDRapa	train
23833	8197_YPDRapa	train
23834	8198_YPDRapa	train
23835	8199_YPDRapa	train
23836	8200_YPDRapa	train
23837	8201_YPDRapa	train
23838	8202_YPDRapa	train
23839	8203_YPDRapa	train
23840	8204_YPDRapa	train
23841	8205_YPDRapa	train
23842	8206_YPDRapa	train
23843	8207_YPDRapa	train
23844	8208_YPDRapa	train
23845	8209_YPDRapa	train
23846	8210_YPDRapa	train
23847	8211_YPDRapa	train
23848	8212_YPDRapa	train
23849	8213_YPDRapa	train
23850	8214_YPDRapa	train
23851	8215_YPDRapa	train
23852	8216_YPDRapa	train
23853	8217_YPDRapa	train
23854	8218_YPDRapa	train
23855	8219_YPDRapa	train
23856	8220_YPDRapa	train
23857	8221_YPDRapa	train
23858	8222_YPDRapa	train
23859	8223_YPDRapa	train
23860	8224_YPDRapa	train
23861	8225_YPDRapa	train
23862	8226_YPDRapa	train
23863	8227_YPDRapa	train
23864	8228_YPDRapa	train
23865	8229_YPDRapa	validation
23866	8230_YPDRapa	train
23867	8231_YPDRapa	train
23868	8232_YPDRapa	train
23869	8233_YPDRapa	train
23870	8234_YPDRapa	train
23871	8235_YPDRapa	train
23872	8236_YPDRapa	train
23873	8237_YPDRapa	train
23874	8238_YPDRapa	train
23875	8239_YPDRapa	train
23876	8240_YPDRapa	train
23877	8241_YPDRapa	train
23878	8242_YPDRapa	train
23879	8243_YPDRapa	train
23880	8244_YPDRapa	train
23881	8245_YPDRapa	train
23882	8246_YPDRapa	train
23883	8247_YPDRapa	train
23884	8248_YPDRapa	train
23885	8249_YPDRapa	train
23886	8250_YPDRapa	train
23887	8251_YPDRapa	train
23888	8252_YPDRapa	train
23889	8253_YPDRapa	train
23890	8254_YPDRapa	train
23891	8255_YPDRapa	train
23892	8256_YPDRapa	train
23893	8257_YPDRapa	train
23894	8258_YPDRapa	train
23895	8259_YPDRapa	train
23896	8260_YPDRapa	train
23897	8261_YPDRapa	train
23898	8262_YPDRapa	train
23899	8263_YPDRapa	train
23900	8264_YPDRapa	train
23901	8265_YPDRapa	train
23902	8266_YPDRapa	train
23903	8267_YPDRapa	train
23904	8268_YPDRapa	train
23905	8269_YPDRapa	train
23906	8270_YPDRapa	train
23907	8271_YPDRapa	train
23908	8272_YPDRapa	train
23909	8273_YPDRapa	train
23910	8274_YPDRapa	train
23911	8275_YPDRapa	train
23912	8276_YPDRapa	train
23913	8277_YPDRapa	train
23914	8278_YPDRapa	train
23915	8279_YPDRapa	train
23916	8280_YPDRapa	validation
23917	8281_YPDRapa	train
23918	8282_YPDRapa	train
23919	8283_YPDRapa	train
23920	8284_YPDRapa	train
23921	8285_YPDRapa	train
23922	8286_YPDRapa	train
23923	8287_YPDRapa	train
23924	8288_YPDRapa	train
23925	8289_YPDRapa	train
23926	8290_YPDRapa	validation
23927	8291_YPDRapa	train
23928	8292_YPDRapa	train
23929	8293_YPDRapa	train
23930	8294_YPDRapa	train
23931	8295_YPDRapa	train
23932	8296_YPDRapa	train
23933	8297_YPDRapa	train
23934	8298_YPDRapa	train
23935	8299_YPDRapa	train
23936	8300_YPDRapa	validation
23937	8301_YPDRapa	train
23938	8302_YPDRapa	train
23939	8303_YPDRapa	train
23940	8304_YPDRapa	train
23941	8305_YPDRapa	train
23942	8306_YPDRapa	train
23943	8307_YPDRapa	train
23944	8308_YPDRapa	train
23945	8309_YPDRapa	train
23946	8310_YPDRapa	train
23947	8311_YPDRapa	train
23948	8312_YPDRapa	train
23949	8313_YPDRapa	train
23950	8314_YPDRapa	train
23951	8315_YPDRapa	validation
23952	8316_YPDRapa	train
23953	8317_YPDRapa	train
23954	8318_YPDRapa	train
23955	8319_YPDRapa	validation
23956	8320_YPDRapa	train
23957	8321_YPDRapa	train
23958	8322_YPDRapa	train
23959	8323_YPDRapa	train
23960	8324_YPDRapa	train
23961	8325_YPDRapa	train
23962	8326_YPDRapa	train
23963	8327_YPDRapa	train
23964	8328_YPDRapa	train
23965	8329_YPDRapa	train
23966	8330_YPDRapa	train
23967	8331_YPDRapa	train
23968	8332_YPDRapa	train
23969	8333_YPDRapa	train
23970	8334_YPDRapa	validation
23971	8335_YPDRapa	train
23972	8336_YPDRapa	train
23973	8337_YPDRapa	train
23974	8338_YPDRapa	train
23975	8339_YPDRapa	train
23976	8340_YPDRapa	train
23977	8341_YPDRapa	train
23978	8342_YPDRapa	train
23979	8343_YPDRapa	train
23980	8344_YPDRapa	train
23981	8345_YPDRapa	train
23982	8346_YPDRapa	train
23983	8347_YPDRapa	validation
23984	8348_YPDRapa	train
23985	8349_YPDRapa	train
23986	8350_YPDRapa	train
23987	8351_YPDRapa	train
23988	8352_YPDRapa	train
23989	8353_YPDRapa	train
23990	8354_YPDRapa	train
23991	8355_YPDRapa	train
23992	8356_YPDRapa	train
23993	8357_YPDRapa	train
23994	8358_YPDRapa	train
23995	8359_YPDRapa	train
23996	8360_YPDRapa	train
23997	8361_YPDRapa	train
23998	8362_YPDRapa	train
23999	8363_YPDRapa	train
24000	8364_YPDRapa	train
24001	8365_YPDRapa	train
24002	8366_YPDRapa	train
24003	8367_YPDRapa	train
24004	8368_YPDRapa	train
24005	8369_YPDRapa	train
24006	8370_YPDRapa	train
24007	8371_YPDRapa	train
24008	8372_YPDRapa	train
24009	8373_YPDRapa	train
24010	8374_YPDRapa	train
24011	8375_YPDRapa	train
24012	8376_YPDRapa	train
24013	8377_YPDRapa	train
24014	8378_YPDRapa	train
24015	8379_YPDRapa	train
24016	8380_YPDRapa	train
24017	8381_YPDRapa	train
24018	8382_YPDRapa	train
24019	8383_YPDRapa	train
24020	8384_YPDRapa	train
24021	8385_YPDRapa	train
24022	8386_YPDRapa	train
24023	8387_YPDRapa	train
24024	8388_YPDRapa	train
24025	8389_YPDRapa	train
24026	8390_YPDRapa	train
24027	8391_YPDRapa	train
24028	8392_YPDRapa	train
24029	8393_YPDRapa	validation
24030	8394_YPDRapa	train
24031	8395_YPDRapa	train
24032	8396_YPDRapa	train
24033	8397_YPDRapa	train
24034	8398_YPDRapa	train
24035	8399_YPDRapa	train
24036	8400_YPDRapa	train
24037	8401_YPDRapa	train
24038	8402_YPDRapa	train
24039	8403_YPDRapa	train
24040	8404_YPDRapa	train
24041	8405_YPDRapa	train
24042	8406_YPDRapa	train
24043	8407_YPDRapa	train
24044	8408_YPDRapa	train
24045	8409_YPDRapa	validation
24046	8410_YPDRapa	train
24047	8411_YPDRapa	train
24048	8412_YPDRapa	train
24049	8413_YPDRapa	train
24050	8414_YPDRapa	train
24051	8415_YPDRapa	train
24052	8416_YPDRapa	train
24053	8417_YPDRapa	train
24054	8418_YPDRapa	train
24055	8419_YPDRapa	train
24056	8420_YPDRapa	train
24057	8421_YPDRapa	train
24058	8422_YPDRapa	train
24059	8423_YPDRapa	train
24060	8424_YPDRapa	train
24061	8425_YPDRapa	train
24062	8426_YPDRapa	train
24063	8427_YPDRapa	train
24064	8428_YPDRapa	train
24065	8429_YPDRapa	train
24066	8430_YPDRapa	train
24067	8431_YPDRapa	train
24068	8432_YPDRapa	train
24069	8433_YPDRapa	train
24070	8434_YPDRapa	train
24071	8435_YPDRapa	train
24072	8436_YPDRapa	train
24073	8437_YPDRapa	train
24074	8438_YPDRapa	train
24075	8439_YPDRapa	train
24076	8440_YPDRapa	train
24077	8441_YPDRapa	train
24078	8442_YPDRapa	train
24079	8443_YPDRapa	train
24080	8444_YPDRapa	train
24081	8445_YPDRapa	train
24082	8446_YPDRapa	train
24083	8447_YPDRapa	train
24084	8448_YPDRapa	train
24085	8449_YPDRapa	train
24086	8450_YPDRapa	train
24087	8451_YPDRapa	train
24088	8452_YPDRapa	train
24089	8453_YPDRapa	train
24090	8454_YPDRapa	train
24091	8455_YPDRapa	train
24092	8456_YPDRapa	train
24093	8457_YPDRapa	train
24094	8458_YPDRapa	train
24095	8459_YPDRapa	validation
24096	8460_YPDRapa	train
24097	8461_YPDRapa	train
24098	8462_YPDRapa	train
24099	8463_YPDRapa	train
24100	8464_YPDRapa	train
24101	8465_YPDRapa	train
24102	8466_YPDRapa	train
24103	8467_YPDRapa	train
24104	8468_YPDRapa	train
24105	8469_YPDRapa	train
24106	8470_YPDRapa	validation
24107	8471_YPDRapa	train
24108	8472_YPDRapa	train
24109	8473_YPDRapa	train
24110	8474_YPDRapa	train
24111	8475_YPDRapa	train
24112	8476_YPDRapa	train
24113	8477_YPDRapa	train
24114	8478_YPDRapa	train
24115	8479_YPDRapa	train
24116	8480_YPDRapa	train
24117	8481_YPDRapa	train
24118	8482_YPDRapa	train
24119	8483_YPDRapa	train
24120	8484_YPDRapa	train
24121	8485_YPDRapa	train
24122	8486_YPDRapa	train
24123	8487_YPDRapa	train
24124	8488_YPDRapa	train
24125	8489_YPDRapa	train
24126	8490_YPDRapa	train
24127	8491_YPDRapa	train
24128	8492_YPDRapa	train
24129	8493_YPDRapa	train
24130	8494_YPDRapa	train
24131	8495_YPDRapa	train
24132	8496_YPDRapa	train
24133	8497_YPDRapa	train
24134	8498_YPDRapa	train
24135	8499_YPDRapa	validation
24136	8500_YPDRapa	train
24137	8501_YPDRapa	train
24138	8502_YPDRapa	train
24139	8503_YPDRapa	train
24140	8504_YPDRapa	train
24141	8505_YPDRapa	train
24142	8506_YPDRapa	train
24143	8507_YPDRapa	train
24144	8508_YPDRapa	train
24145	8509_YPDRapa	train
24146	8510_YPDRapa	train
24147	8511_YPDRapa	train
24148	8512_YPDRapa	train
24149	8513_YPDRapa	train
24150	8514_YPDRapa	train
24151	8515_YPDRapa	train
24152	8516_YPDRapa	train
24153	8517_YPDRapa	train
24154	8518_YPDRapa	train
24155	8519_YPDRapa	train
24156	8520_YPDRapa	train
24157	8521_YPDRapa	train
24158	8522_YPDRapa	train
24159	8523_YPDRapa	train
24160	8524_YPDRapa	train
24161	8525_YPDRapa	train
24162	8526_YPDRapa	train
24163	8527_YPDRapa	train
24164	8528_YPDRapa	train
24165	8529_YPDRapa	train
24166	8530_YPDRapa	train
24167	8531_YPDRapa	train
24168	8532_YPDRapa	train
24169	8533_YPDRapa	train
24170	8534_YPDRapa	train
24171	8535_YPDRapa	train
24172	8536_YPDRapa	train
24173	8537_YPDRapa	train
24174	8538_YPDRapa	train
24175	8539_YPDRapa	train
24176	8540_YPDRapa	train
24177	8541_YPDRapa	train
24178	8542_YPDRapa	train
24179	8543_YPDRapa	train
24180	8544_YPDRapa	train
24181	8545_YPDRapa	train
24182	8546_YPDRapa	train
24183	8547_YPDRapa	train
24184	8548_YPDRapa	train
24185	8549_YPDRapa	train
24186	8550_YPDRapa	train
24187	8551_YPDRapa	train
24188	8552_YPDRapa	train
24189	8553_YPDRapa	train
24190	8554_YPDRapa	train
24191	8555_YPDRapa	train
24192	8556_YPDRapa	train
24193	8557_YPDRapa	train
24194	8558_YPDRapa	train
24195	8559_YPDRapa	train
24196	8560_YPDRapa	train
24197	8561_YPDRapa	train
24198	8562_YPDRapa	train
24199	8563_YPDRapa	train
24200	8564_YPDRapa	train
24201	8565_YPDRapa	train
24202	8566_YPDRapa	train
24203	8567_YPDRapa	train
24204	8568_YPDRapa	train
24205	8569_YPDRapa	train
24206	8570_YPDRapa	train
24207	8571_YPDRapa	train
24208	8572_YPDRapa	train
24209	8573_YPDRapa	train
24210	8574_YPDRapa	train
24211	8575_YPDRapa	train
24212	8576_YPDRapa	train
24213	8577_YPDRapa	train
24214	8578_YPDRapa	train
24215	8579_YPDRapa	validation
24216	8580_YPDRapa	train
24217	8581_YPDRapa	train
24218	8582_YPDRapa	train
24219	8583_YPDRapa	train
24220	8584_YPDRapa	validation
24221	8585_YPDRapa	train
24222	8586_YPDRapa	train
24223	8587_YPDRapa	train
24224	8588_YPDRapa	train
24225	8589_YPDRapa	train
24226	8590_YPDRapa	train
24227	8591_YPDRapa	train
24228	8592_YPDRapa	train
24229	8593_YPDRapa	train
24230	8594_YPDRapa	train
24231	8595_YPDRapa	validation
24232	8596_YPDRapa	train
24233	8597_YPDRapa	train
24234	8598_YPDRapa	train
24235	8599_YPDRapa	train
24236	8600_YPDRapa	train
24237	8601_YPDRapa	validation
24238	8602_YPDRapa	train
24239	8603_YPDRapa	train
24240	8604_YPDRapa	train
24241	8605_YPDRapa	train
24242	8606_YPDRapa	train
24243	8607_YPDRapa	train
24244	8608_YPDRapa	train
24245	8609_YPDRapa	train
24246	8610_YPDRapa	train
24247	8611_YPDRapa	train
24248	8612_YPDRapa	train
24249	8613_YPDRapa	train
24250	8614_YPDRapa	train
24251	8615_YPDRapa	validation
24252	8616_YPDRapa	train
24253	8617_YPDRapa	train
24254	8618_YPDRapa	train
24255	8619_YPDRapa	train
24256	8620_YPDRapa	train
24257	8621_YPDRapa	train
24258	8622_YPDRapa	train
24259	8623_YPDRapa	train
24260	8624_YPDRapa	train
24261	8625_YPDRapa	train
24262	8626_YPDRapa	train
24263	8627_YPDRapa	train
24264	8628_YPDRapa	train
24265	8629_YPDRapa	train
24266	8630_YPDRapa	train
24267	8631_YPDRapa	train
24268	8632_YPDRapa	train
24269	8633_YPDRapa	train
24270	8634_YPDRapa	train
24271	8635_YPDRapa	validation
24272	8636_YPDRapa	train
24273	8637_YPDRapa	train
24274	8638_YPDRapa	train
24275	8639_YPDRapa	train
24276	8640_YPDRapa	train
24277	8641_YPDRapa	train
24278	8642_YPDRapa	train
24279	8643_YPDRapa	train
24280	8644_YPDRapa	train
24281	8645_YPDRapa	validation
24282	8646_YPDRapa	train
24283	8647_YPDRapa	train
24284	8648_YPDRapa	train
24285	8649_YPDRapa	train
24286	8650_YPDRapa	train
24287	8651_YPDRapa	train
24288	8652_YPDRapa	train
24289	8653_YPDRapa	train
24290	8654_YPDRapa	train
24291	8655_YPDRapa	train
24292	8656_YPDRapa	train
24293	8657_YPDRapa	train
24294	8658_YPDRapa	train
24295	8659_YPDRapa	train
24296	8660_YPDRapa	train
24297	8661_YPDRapa	train
24298	8662_YPDRapa	train
24299	8663_YPDRapa	train
24300	8664_YPDRapa	train
24301	8665_YPDRapa	train
24302	8666_YPDRapa	train
24303	8667_YPDRapa	train
24304	8668_YPDRapa	train
24305	8669_YPDRapa	train
24306	8670_YPDRapa	train
24307	8671_YPDRapa	train
24308	8672_YPDRapa	train
24309	8673_YPDRapa	validation
24310	8674_YPDRapa	train
24311	8675_YPDRapa	train
24312	8676_YPDRapa	train
24313	8677_YPDRapa	train
24314	8678_YPDRapa	train
24315	8679_YPDRapa	train
24316	8680_YPDRapa	train
24317	8681_YPDRapa	train
24318	8682_YPDRapa	train
24319	8683_YPDRapa	train
24320	8684_YPDRapa	train
24321	8685_YPDRapa	train
24322	8686_YPDRapa	train
24323	8687_YPDRapa	train
24324	8688_YPDRapa	train
24325	8689_YPDRapa	train
24326	8690_YPDRapa	train
24327	8691_YPDRapa	train
24328	8692_YPDRapa	train
24329	8693_YPDRapa	train
24330	8694_YPDRapa	train
24331	8695_YPDRapa	train
24332	8696_YPDRapa	train
24333	8697_YPDRapa	train
24334	8698_YPDRapa	train
24335	8699_YPDRapa	train
24336	8700_YPDRapa	train
24337	8701_YPDRapa	train
24338	8702_YPDRapa	train
24339	8703_YPDRapa	train
24340	8704_YPDRapa	train
24341	8705_YPDRapa	train
24342	8706_YPDRapa	train
24343	8707_YPDRapa	train
24344	8708_YPDRapa	train
24345	8709_YPDRapa	train
24346	8710_YPDRapa	train
24347	8711_YPDRapa	train
24348	8712_YPDRapa	train
24349	8713_YPDRapa	train
24350	8714_YPDRapa	train
24351	8715_YPDRapa	train
24352	8716_YPDRapa	train
24353	8717_YPDRapa	train
24354	8718_YPDRapa	validation
24355	8719_YPDRapa	train
24356	8720_YPDRapa	train
24357	8721_YPDRapa	train
24358	8722_YPDRapa	train
24359	8723_YPDRapa	train
24360	8724_YPDRapa	train
24361	8725_YPDRapa	train
24362	8726_YPDRapa	train
24363	8727_YPDRapa	train
24364	8728_YPDRapa	train
24365	8729_YPDRapa	train
24366	8730_YPDRapa	train
24367	8731_YPDRapa	train
24368	8732_YPDRapa	train
24369	8733_YPDRapa	train
24370	8734_YPDRapa	train
24371	8735_YPDRapa	train
24372	8736_YPDRapa	train
24373	8737_YPDRapa	train
24374	8738_YPDRapa	train
24375	8739_YPDRapa	train
24376	8740_YPDRapa	train
24377	8741_YPDRapa	train
24378	8742_YPDRapa	train
24379	8743_YPDRapa	train
24380	8744_YPDRapa	train
24381	8745_YPDRapa	train
24382	8746_YPDRapa	train
24383	8747_YPDRapa	train
24384	8748_YPDRapa	train
24385	8749_YPDRapa	train
24386	8750_YPDRapa	train
24387	8751_YPDRapa	train
24388	8752_YPDRapa	train
24389	8753_YPDRapa	train
24390	8754_YPDRapa	validation
24391	8755_YPDRapa	train
24392	8756_YPDRapa	train
24393	8757_YPDRapa	train
24394	8758_YPDRapa	train
24395	8759_YPDRapa	train
24396	8760_YPDRapa	train
24397	8761_YPDRapa	train
24398	8762_YPDRapa	train
24399	8763_YPDRapa	train
24400	8764_YPDRapa	train
24401	8765_YPDRapa	train
24402	8766_YPDRapa	train
24403	8767_YPDRapa	train
24404	8768_YPDRapa	train
24405	8769_YPDRapa	validation
24406	8770_YPDRapa	train
24407	8771_YPDRapa	train
24408	8772_YPDRapa	train
24409	8773_YPDRapa	train
24410	8774_YPDRapa	train
24411	8775_YPDRapa	train
24412	8776_YPDRapa	train
24413	8777_YPDRapa	train
24414	8778_YPDRapa	train
24415	8779_YPDRapa	train
24416	8780_YPDRapa	train
24417	8781_YPDRapa	train
24418	8782_YPDRapa	train
24419	8783_YPDRapa	train
24420	8784_YPDRapa	train
24421	8785_YPDRapa	train
24422	8786_YPDRapa	train
24423	8787_YPDRapa	train
24424	8788_YPDRapa	train
24425	8789_YPDRapa	train
24426	8790_YPDRapa	validation
24427	8791_YPDRapa	train
24428	8792_YPDRapa	train
24429	8793_YPDRapa	train
24430	8794_YPDRapa	train
24431	8795_YPDRapa	train
24432	8796_YPDRapa	train
24433	8797_YPDRapa	train
24434	8798_YPDRapa	train
24435	8799_YPDRapa	train
24436	8800_YPDRapa	train
24437	8801_YPDRapa	train
24438	8802_YPDRapa	train
24439	8803_YPDRapa	train
24440	8804_YPDRapa	train
24441	8805_YPDRapa	validation
24442	8806_YPDRapa	train
24443	8807_YPDRapa	train
24444	8808_YPDRapa	train
24445	8809_YPDRapa	train
24446	8810_YPDRapa	train
24447	8811_YPDRapa	train
24448	8812_YPDRapa	train
24449	8813_YPDRapa	train
24450	8814_YPDRapa	train
24451	8815_YPDRapa	train
24452	8816_YPDRapa	train
24453	8817_YPDRapa	train
24454	8818_YPDRapa	train
24455	8819_YPDRapa	train
24456	8820_YPDRapa	train
24457	8821_YPDRapa	train
24458	8822_YPDRapa	train
24459	8823_YPDRapa	validation
24460	8824_YPDRapa	train
24461	8825_YPDRapa	train
24462	8826_YPDRapa	train
24463	8827_YPDRapa	train
24464	8828_YPDRapa	train
24465	8829_YPDRapa	train
24466	8830_YPDRapa	train
24467	8831_YPDRapa	train
24468	8832_YPDRapa	train
24469	8833_YPDRapa	train
24470	8834_YPDRapa	train
24471	8835_YPDRapa	train
24472	8836_YPDRapa	train
24473	8837_YPDRapa	train
24474	8838_YPDRapa	train
24475	8839_YPDRapa	train
24476	8840_YPDRapa	train
24477	8841_YPDRapa	train
24478	8842_YPDRapa	train
24479	8843_YPDRapa	train
24480	8844_YPDRapa	train
24481	8845_YPDRapa	train
24482	8846_YPDRapa	train
24483	8847_YPDRapa	train
24484	8848_YPDRapa	train
24485	8849_YPDRapa	train
24486	8850_YPDRapa	train
24487	8851_YPDRapa	train
24488	8852_YPDRapa	train
24489	8853_YPDRapa	train
24490	8854_YPDRapa	train
24491	8855_YPDRapa	train
24492	8856_YPDRapa	train
24493	8857_YPDRapa	train
24494	8858_YPDRapa	train
24495	8859_YPDRapa	train
24496	8860_YPDRapa	train
24497	8861_YPDRapa	train
24498	8862_YPDRapa	train
24499	8863_YPDRapa	train
24500	8864_YPDRapa	train
24501	8865_YPDRapa	train
24502	8866_YPDRapa	train
24503	8867_YPDRapa	train
24504	8868_YPDRapa	train
24505	8869_YPDRapa	train
24506	8870_YPDRapa	train
24507	8871_YPDRapa	train
24508	8872_YPDRapa	train
24509	8873_YPDRapa	validation
24510	8874_YPDRapa	train
24511	8875_YPDRapa	train
24512	8876_YPDRapa	train
24513	8877_YPDRapa	train
24514	8878_YPDRapa	train
24515	8879_YPDRapa	train
24516	8880_YPDRapa	validation
24517	8881_YPDRapa	train
24518	8882_YPDRapa	train
24519	8883_YPDRapa	train
24520	8884_YPDRapa	train
24521	8885_YPDRapa	train
24522	8886_YPDRapa	train
24523	8887_YPDRapa	train
24524	8888_YPDRapa	train
24525	8889_YPDRapa	train
24526	8890_YPDRapa	train
24527	8891_YPDRapa	train
24528	8892_YPDRapa	train
24529	8893_YPDRapa	train
24530	8894_YPDRapa	train
24531	8895_YPDRapa	train
24532	8896_YPDRapa	train
24533	8897_YPDRapa	train
24534	8898_YPDRapa	train
24535	8899_YPDRapa	train
24536	8900_YPDRapa	train
24537	8901_YPDRapa	train
24538	8902_YPDRapa	train
24539	8903_YPDRapa	train
24540	8904_YPDRapa	train
24541	8905_YPDRapa	train
24542	8906_YPDRapa	train
24543	8907_YPDRapa	train
24544	8908_YPDRapa	train
24545	8909_YPDRapa	train
24546	8910_YPDRapa	train
24547	8911_YPDRapa	train
24548	8912_YPDRapa	train
24549	8913_YPDRapa	train
24550	8914_YPDRapa	train
24551	8915_YPDRapa	train
24552	8916_YPDRapa	train
24553	8917_YPDRapa	train
24554	8918_YPDRapa	train
24555	8919_YPDRapa	train
24556	8920_YPDRapa	train
24557	8921_YPDRapa	train
24558	8922_YPDRapa	train
24559	8923_YPDRapa	train
24560	8924_YPDRapa	validation
24561	8925_YPDRapa	train
24562	8926_YPDRapa	train
24563	8927_YPDRapa	train
24564	8928_YPDRapa	train
24565	8929_YPDRapa	train
24566	8930_YPDRapa	train
24567	8931_YPDRapa	train
24568	8932_YPDRapa	train
24569	8933_YPDRapa	train
24570	8934_YPDRapa	train
24571	8935_YPDRapa	train
24572	8936_YPDRapa	train
24573	8937_YPDRapa	train
24574	8938_YPDRapa	validation
24575	8939_YPDRapa	validation
24576	8940_YPDRapa	train
24577	8941_YPDRapa	train
24578	8942_YPDRapa	train
24579	8943_YPDRapa	train
24580	8944_YPDRapa	train
24581	8945_YPDRapa	train
24582	8946_YPDRapa	train
24583	8947_YPDRapa	train
24584	8948_YPDRapa	train
24585	8949_YPDRapa	train
24586	8950_YPDRapa	train
24587	8951_YPDRapa	train
24588	8952_YPDRapa	train
24589	8953_YPDRapa	train
24590	8954_YPDRapa	train
24591	8955_YPDRapa	train
24592	8956_YPDRapa	train
24593	8957_YPDRapa	train
24594	8958_YPDRapa	train
24595	8959_YPDRapa	train
24596	8960_YPDRapa	train
24597	8961_YPDRapa	train
24598	8962_YPDRapa	train
24599	8963_YPDRapa	train
24600	8964_YPDRapa	train
24601	8965_YPDRapa	train
24602	8966_YPDRapa	train
24603	8967_YPDRapa	train
24604	8968_YPDRapa	train
24605	8969_YPDRapa	train
24606	8970_YPDRapa	train
24607	8971_YPDRapa	train
24608	8972_YPDRapa	train
24609	8973_YPDRapa	train
24610	8974_YPDRapa	train
24611	8975_YPDRapa	train
24612	8976_YPDRapa	train
24613	8977_YPDRapa	train
24614	8978_YPDRapa	validation
24615	8979_YPDRapa	train
24616	8980_YPDRapa	train
24617	8981_YPDRapa	train
24618	8982_YPDRapa	train
24619	8983_YPDRapa	train
24620	8984_YPDRapa	train
24621	8985_YPDRapa	validation
24622	8986_YPDRapa	train
24623	8987_YPDRapa	train
24624	8988_YPDRapa	train
24625	8989_YPDRapa	train
24626	8990_YPDRapa	train
24627	8991_YPDRapa	train
24628	8992_YPDRapa	train
24629	8993_YPDRapa	train
24630	8994_YPDRapa	train
24631	8995_YPDRapa	train
24632	8996_YPDRapa	train
24633	8997_YPDRapa	train
24634	8998_YPDRapa	train
24635	8999_YPDRapa	train
24636	9000_YPDRapa	train
24637	9001_YPDRapa	train
24638	9002_YPDRapa	train
24639	9003_YPDRapa	train
24640	9004_YPDRapa	train
24641	9005_YPDRapa	train
24642	9006_YPDRapa	train
24643	9007_YPDRapa	train
24644	9008_YPDRapa	train
24645	9009_YPDRapa	train
24646	9010_YPDRapa	train
24647	9011_YPDRapa	train
24648	9012_YPDRapa	train
24649	9013_YPDRapa	train
24650	9014_YPDRapa	train
24651	9015_YPDRapa	train
24652	9016_YPDRapa	train
24653	9017_YPDRapa	train
24654	9018_YPDRapa	train
24655	9019_YPDRapa	train
24656	9020_YPDRapa	train
24657	9021_YPDRapa	train
24658	9022_YPDRapa	train
24659	9023_YPDRapa	validation
24660	9024_YPDRapa	train
24661	9025_YPDRapa	train
24662	9026_YPDRapa	train
24663	9027_YPDRapa	train
24664	9028_YPDRapa	train
24665	9029_YPDRapa	train
24666	9030_YPDRapa	train
24667	9031_YPDRapa	train
24668	9032_YPDRapa	train
24669	9033_YPDRapa	validation
24670	9034_YPDRapa	train
24671	9035_YPDRapa	train
24672	9036_YPDRapa	train
24673	9037_YPDRapa	train
24674	9038_YPDRapa	train
24675	9039_YPDRapa	train
24676	9040_YPDRapa	train
24677	9041_YPDRapa	train
24678	9042_YPDRapa	train
24679	9043_YPDRapa	train
24680	9044_YPDRapa	train
24681	9045_YPDRapa	train
24682	9046_YPDRapa	train
24683	9047_YPDRapa	train
24684	9048_YPDRapa	train
24685	9049_YPDRapa	validation
24686	9050_YPDRapa	train
24687	9051_YPDRapa	train
24688	9052_YPDRapa	train
24689	9053_YPDRapa	train
24690	9054_YPDRapa	train
24691	9055_YPDRapa	train
24692	9056_YPDRapa	train
24693	9057_YPDRapa	train
24694	9058_YPDRapa	train
24695	9059_YPDRapa	train
24696	9060_YPDRapa	train
24697	9061_YPDRapa	train
24698	9062_YPDRapa	train
24699	9063_YPDRapa	train
24700	9064_YPDRapa	train
24701	9065_YPDRapa	train
24702	9066_YPDRapa	train
24703	9067_YPDRapa	validation
24704	9068_YPDRapa	train
24705	9069_YPDRapa	train
24706	9070_YPDRapa	train
24707	9071_YPDRapa	train
24708	9072_YPDRapa	train
24709	9073_YPDRapa	train
24710	9074_YPDRapa	train
24711	9075_YPDRapa	train
24712	9076_YPDRapa	validation
24713	9077_YPDRapa	train
24714	9078_YPDRapa	train
24715	9079_YPDRapa	train
24716	9080_YPDRapa	train
24717	9081_YPDRapa	train
24718	9082_YPDRapa	train
24719	9083_YPDRapa	train
24720	9084_YPDRapa	validation
24721	9085_YPDRapa	train
24722	9086_YPDRapa	train
24723	9087_YPDRapa	train
24724	9088_YPDRapa	train
24725	9089_YPDRapa	train
24726	9090_YPDRapa	train
24727	9091_YPDRapa	train
24728	9092_YPDRapa	train
24729	9093_YPDRapa	train
24730	9094_YPDRapa	train
24731	9095_YPDRapa	train
24732	9096_YPDRapa	train
24733	9097_YPDRapa	train
24734	9098_YPDRapa	train
24735	9099_YPDRapa	train
24736	9100_YPDRapa	train
24737	9101_YPDRapa	train
24738	9102_YPDRapa	train
24739	9103_YPDRapa	train
24740	9104_YPDRapa	train
24741	9105_YPDRapa	train
24742	9106_YPDRapa	train
24743	9107_YPDRapa	train
24744	9108_YPDRapa	validation
24745	9109_YPDRapa	train
24746	9110_YPDRapa	train
24747	9111_YPDRapa	train
24748	9112_YPDRapa	validation
24749	9113_YPDRapa	train
24750	9114_YPDRapa	train
24751	9115_YPDRapa	train
24752	9116_YPDRapa	train
24753	9117_YPDRapa	train
24754	9118_YPDRapa	train
24755	9119_YPDRapa	train
24756	9120_YPDRapa	train
24757	9121_YPDRapa	train
24758	9122_YPDRapa	train
24759	9123_YPDRapa	train
24760	9124_YPDRapa	train
24761	9125_YPDRapa	train
24762	9126_YPDRapa	train
24763	9127_YPDRapa	train
24764	9128_YPDRapa	train
24765	9129_YPDRapa	train
24766	9130_YPDRapa	train
24767	9131_YPDRapa	train
24768	9132_YPDRapa	train
24769	9133_YPDRapa	train
24770	9134_YPDRapa	train
24771	9135_YPDRapa	train
24772	9136_YPDRapa	train
24773	9137_YPDRapa	train
24774	9138_YPDRapa	train
24775	9139_YPDRapa	train
24776	9140_YPDRapa	train
24777	9141_YPDRapa	train
24778	9142_YPDRapa	train
24779	9143_YPDRapa	train
24780	9144_YPDRapa	train
24781	9145_YPDRapa	train
24782	9146_YPDRapa	train
24783	9147_YPDRapa	train
24784	9148_YPDRapa	train
24785	9149_YPDRapa	train
24786	9150_YPDRapa	train
24787	9151_YPDRapa	train
24788	9152_YPDRapa	train
24789	9153_YPDRapa	train
24790	9154_YPDRapa	validation
24791	9155_YPDRapa	train
24792	9156_YPDRapa	train
24793	9157_YPDRapa	train
24794	9158_YPDRapa	train
24795	9159_YPDRapa	train
24796	9160_YPDRapa	train
24797	9161_YPDRapa	train
24798	9162_YPDRapa	train
24799	9163_YPDRapa	train
24800	9164_YPDRapa	train
24801	9165_YPDRapa	train
24802	9166_YPDRapa	train
24803	9167_YPDRapa	train
24804	9168_YPDRapa	train
24805	9169_YPDRapa	train
24806	9170_YPDRapa	train
24807	9171_YPDRapa	train
24808	9172_YPDRapa	train
24809	9173_YPDRapa	train
24810	9174_YPDRapa	train
24811	9175_YPDRapa	train
24812	9176_YPDRapa	train
24813	9177_YPDRapa	validation
24814	9178_YPDRapa	train
24815	9179_YPDRapa	train
24816	9180_YPDRapa	train
24817	9181_YPDRapa	train
24818	9182_YPDRapa	train
24819	9183_YPDRapa	train
24820	9184_YPDRapa	train
24821	9185_YPDRapa	train
24822	9186_YPDRapa	train
24823	9187_YPDRapa	train
24824	9188_YPDRapa	train
24825	9189_YPDRapa	train
24826	9190_YPDRapa	train
24827	9191_YPDRapa	train
24828	9192_YPDRapa	train
24829	9193_YPDRapa	train
24830	9194_YPDRapa	train
24831	9195_YPDRapa	train
24832	9196_YPDRapa	train
24833	9197_YPDRapa	train
24834	9198_YPDRapa	train
24835	9199_YPDRapa	validation
24836	9200_YPDRapa	train
24837	9201_YPDRapa	train
24838	9202_YPDRapa	train
24839	9203_YPDRapa	train
24840	9204_YPDRapa	train
24841	9205_YPDRapa	train
24842	9206_YPDRapa	train
24843	9207_YPDRapa	train
24844	9208_YPDRapa	train
24845	9209_YPDRapa	train
24846	9210_YPDRapa	train
24847	9211_YPDRapa	train
24848	9212_YPDRapa	validation
24849	9213_YPDRapa	train
24850	9214_YPDRapa	train
24851	9215_YPDRapa	train
24852	9216_YPDRapa	train
24853	9217_YPDRapa	train
24854	9218_YPDRapa	train
24855	9219_YPDRapa	train
24856	9220_YPDRapa	train
24857	9221_YPDRapa	train
24858	9222_YPDRapa	train
24859	9223_YPDRapa	train
24860	9224_YPDRapa	train
24861	9225_YPDRapa	train
24862	9226_YPDRapa	train
24863	9227_YPDRapa	train
24864	9228_YPDRapa	train
24865	9229_YPDRapa	train
24866	9230_YPDRapa	train
24867	9231_YPDRapa	train
24868	9232_YPDRapa	train
24869	9233_YPDRapa	train
24870	9234_YPDRapa	train
24871	9235_YPDRapa	train
24872	9236_YPDRapa	train
24873	9237_YPDRapa	train
24874	9238_YPDRapa	train
24875	9239_YPDRapa	train
24876	9240_YPDRapa	train
24877	9241_YPDRapa	train
24878	9242_YPDRapa	train
24879	9243_YPDRapa	train
24880	9244_YPDRapa	train
24881	9245_YPDRapa	train
24882	9246_YPDRapa	train
24883	9247_YPDRapa	validation
24884	9248_YPDRapa	train
24885	9249_YPDRapa	train
24886	9250_YPDRapa	train
24887	9251_YPDRapa	train
24888	9252_YPDRapa	train
24889	9253_YPDRapa	train
24890	9254_YPDRapa	train
24891	9255_YPDRapa	train
24892	9256_YPDRapa	train
24893	9257_YPDRapa	train
24894	9258_YPDRapa	train
24895	9259_YPDRapa	train
24896	9260_YPDRapa	train
24897	9261_YPDRapa	train
24898	9262_YPDRapa	train
24899	9263_YPDRapa	train
24900	9264_YPDRapa	train
24901	9265_YPDRapa	train
24902	9266_YPDRapa	train
24903	9267_YPDRapa	train
24904	9268_YPDRapa	train
24905	9269_YPDRapa	train
24906	9270_YPDRapa	train
24907	9271_YPDRapa	train
24908	9272_YPDRapa	train
24909	9273_YPDRapa	validation
24910	9274_YPDRapa	train
24911	9275_YPDRapa	train
24912	9276_YPDRapa	train
24913	9277_YPDRapa	train
24914	9278_YPDRapa	train
24915	9279_YPDRapa	validation
24916	9280_YPDRapa	train
24917	9281_YPDRapa	train
24918	9282_YPDRapa	train
24919	9283_YPDRapa	train
24920	9284_YPDRapa	train
24921	9285_YPDRapa	train
24922	9286_YPDRapa	train
24923	9287_YPDRapa	validation
24924	9288_YPDRapa	train
24925	9289_YPDRapa	train
24926	9290_YPDRapa	train
24927	9291_YPDRapa	train
24928	9292_YPDRapa	train
24929	9293_YPDRapa	train
24930	9294_YPDRapa	train
24931	9295_YPDRapa	train
24932	9296_YPDRapa	validation
24933	9297_YPDRapa	train
24934	9298_YPDRapa	train
24935	9299_YPDRapa	train
24936	9300_YPDRapa	train
24937	9301_YPDRapa	train
24938	9302_YPDRapa	train
24939	9303_YPDRapa	train
24940	9304_YPDRapa	train
24941	9305_YPDRapa	train
24942	9306_YPDRapa	train
24943	9307_YPDRapa	train
24944	9308_YPDRapa	train
24945	9309_YPDRapa	train
24946	9310_YPDRapa	train
24947	9311_YPDRapa	train
24948	9312_YPDRapa	train
24949	9313_YPDRapa	train
24950	9314_YPDRapa	train
24951	9315_YPDRapa	train
24952	9316_YPDRapa	train
24953	9317_YPDRapa	train
24954	9318_YPDRapa	train
24955	9319_YPDRapa	train
24956	9320_YPDRapa	train
24957	9321_YPDRapa	train
24958	9322_YPDRapa	validation
24959	9323_YPDRapa	train
24960	9324_YPDRapa	train
24961	9325_YPDRapa	train
24962	9326_YPDRapa	train
24963	9327_YPDRapa	train
24964	9328_YPDRapa	train
24965	9329_YPDRapa	train
24966	9330_YPDRapa	train
24967	9331_YPDRapa	train
24968	9332_YPDRapa	train
24969	9333_YPDRapa	train
24970	9334_YPDRapa	validation
24971	9335_YPDRapa	train
24972	9336_YPDRapa	train
24973	9337_YPDRapa	train
24974	9338_YPDRapa	train
24975	9339_YPDRapa	train
24976	9340_YPDRapa	train
24977	9341_YPDRapa	train
24978	9342_YPDRapa	train
24979	9343_YPDRapa	train
24980	9344_YPDRapa	validation
24981	9345_YPDRapa	train
24982	9346_YPDRapa	train
24983	9347_YPDRapa	train
24984	9348_YPDRapa	train
24985	9349_YPDRapa	train
24986	9350_YPDRapa	train
24987	9351_YPDRapa	train
24988	9352_YPDRapa	train
24989	9353_YPDRapa	train
24990	9354_YPDRapa	train
24991	9355_YPDRapa	train
24992	9356_YPDRapa	train
24993	9357_YPDRapa	validation
24994	9358_YPDRapa	train
24995	9359_YPDRapa	train
24996	9360_YPDRapa	train
24997	9361_YPDRapa	train
24998	9362_YPDRapa	train
24999	9363_YPDRapa	train
25000	9364_YPDRapa	train
25001	9365_YPDRapa	train
25002	9366_YPDRapa	validation
25003	9367_YPDRapa	train
25004	9368_YPDRapa	train
25005	9369_YPDRapa	train
25006	9370_YPDRapa	train
25007	9371_YPDRapa	train
25008	9372_YPDRapa	train
25009	9373_YPDRapa	train
25010	9374_YPDRapa	train
25011	9375_YPDRapa	train
25012	9376_YPDRapa	train
25013	9377_YPDRapa	train
25014	9378_YPDRapa	train
25015	9379_YPDRapa	train
25016	9380_YPDRapa	train
25017	9381_YPDRapa	train
25018	9382_YPDRapa	train
25019	9383_YPDRapa	train
25020	9384_YPDRapa	train
25021	9385_YPDRapa	train
25022	9386_YPDRapa	validation
25023	9387_YPDRapa	train
25024	9388_YPDRapa	train
25025	9389_YPDRapa	train
25026	9390_YPDRapa	train
25027	9391_YPDRapa	train
25028	9392_YPDRapa	train
25029	9393_YPDRapa	train
25030	9394_YPDRapa	train
25031	9395_YPDRapa	train
25032	9396_YPDRapa	train
25033	9397_YPDRapa	train
25034	9398_YPDRapa	train
25035	9399_YPDRapa	train
25036	9400_YPDRapa	train
25037	9401_YPDRapa	train
25038	9402_YPDRapa	train
25039	9403_YPDRapa	train
25040	9404_YPDRapa	train
25041	9405_YPDRapa	train
25042	9406_YPDRapa	train
25043	9407_YPDRapa	train
25044	9408_YPDRapa	train
25045	9409_YPDRapa	train
25046	9410_YPDRapa	train
25047	9411_YPDRapa	train
25048	9412_YPDRapa	train
25049	9413_YPDRapa	train
25050	9414_YPDRapa	train
25051	9415_YPDRapa	train
25052	9416_YPDRapa	validation
25053	9417_YPDRapa	train
25054	9418_YPDRapa	validation
25055	9419_YPDRapa	train
25056	9420_YPDRapa	train
25057	9421_YPDRapa	train
25058	9422_YPDRapa	train
25059	9423_YPDRapa	train
25060	9424_YPDRapa	train
25061	9425_YPDRapa	train
25062	9426_YPDRapa	train
25063	9427_YPDRapa	train
25064	9428_YPDRapa	train
25065	9429_YPDRapa	train
25066	9430_YPDRapa	validation
25067	9431_YPDRapa	train
25068	9432_YPDRapa	train
25069	9433_YPDRapa	train
25070	9434_YPDRapa	train
25071	9435_YPDRapa	train
25072	9436_YPDRapa	validation
25073	9437_YPDRapa	train
25074	9438_YPDRapa	train
25075	9439_YPDRapa	train
25076	9440_YPDRapa	train
25077	9441_YPDRapa	train
25078	9442_YPDRapa	train
25079	9443_YPDRapa	train
25080	9444_YPDRapa	train
25081	9445_YPDRapa	train
25082	9446_YPDRapa	train
25083	9447_YPDRapa	train
25084	9448_YPDRapa	train
25085	9449_YPDRapa	train
25086	9450_YPDRapa	train
25087	9451_YPDRapa	train
25088	9452_YPDRapa	train
25089	9453_YPDRapa	train
25090	9454_YPDRapa	train
25091	9455_YPDRapa	train
25092	9456_YPDRapa	train
25093	9457_YPDRapa	train
25094	9458_YPDRapa	train
25095	9459_YPDRapa	train
25096	9460_YPDRapa	train
25097	9461_YPDRapa	train
25098	9462_YPDRapa	train
25099	9463_YPDRapa	train
25100	9464_YPDRapa	train
25101	9465_YPDRapa	train
25102	9466_YPDRapa	train
25103	9467_YPDRapa	train
25104	9468_YPDRapa	train
25105	9469_YPDRapa	train
25106	9470_YPDRapa	train
25107	9471_YPDRapa	train
25108	9472_YPDRapa	train
25109	9473_YPDRapa	train
25110	9474_YPDRapa	train
25111	9475_YPDRapa	train
25112	9476_YPDRapa	train
25113	9477_YPDRapa	train
25114	9478_YPDRapa	train
25115	9479_YPDRapa	train
25116	9480_YPDRapa	train
25117	9481_YPDRapa	train
25118	9482_YPDRapa	train
25119	9483_YPDRapa	train
25120	9484_YPDRapa	validation
25121	9485_YPDRapa	train
25122	9486_YPDRapa	train
25123	9487_YPDRapa	train
25124	9488_YPDRapa	train
25125	9489_YPDRapa	train
25126	9490_YPDRapa	train
25127	9491_YPDRapa	train
25128	9492_YPDRapa	train
25129	9493_YPDRapa	train
25130	9494_YPDRapa	train
25131	9495_YPDRapa	validation
25132	9496_YPDRapa	train
25133	9497_YPDRapa	train
25134	9498_YPDRapa	train
25135	9499_YPDRapa	train
25136	9500_YPDRapa	train
25137	9501_YPDRapa	train
25138	9502_YPDRapa	train
25139	9503_YPDRapa	train
25140	9504_YPDRapa	train
25141	9505_YPDRapa	train
25142	9506_YPDRapa	train
25143	9507_YPDRapa	train
25144	9508_YPDRapa	train
25145	9509_YPDRapa	train
25146	9510_YPDRapa	train
25147	9511_YPDRapa	train
25148	9512_YPDRapa	train
25149	9513_YPDRapa	train
25150	9514_YPDRapa	train
25151	9515_YPDRapa	train
25152	9516_YPDRapa	train
25153	9517_YPDRapa	train
25154	9518_YPDRapa	train
25155	9519_YPDRapa	train
25156	9520_YPDRapa	train
25157	9521_YPDRapa	train
25158	9522_YPDRapa	validation
25159	9523_YPDRapa	train
25160	9524_YPDRapa	train
25161	9525_YPDRapa	train
25162	9526_YPDRapa	train
25163	9527_YPDRapa	train
25164	9528_YPDRapa	train
25165	9529_YPDRapa	train
25166	9530_YPDRapa	train
25167	9531_YPDRapa	train
25168	9532_YPDRapa	train
25169	9533_YPDRapa	train
25170	9534_YPDRapa	train
25171	9535_YPDRapa	train
25172	9536_YPDRapa	train
25173	9537_YPDRapa	train
25174	9538_YPDRapa	train
25175	9539_YPDRapa	validation
25176	9540_YPDRapa	train
25177	9541_YPDRapa	train
25178	9542_YPDRapa	train
25179	9543_YPDRapa	train
25180	9544_YPDRapa	train
25181	9545_YPDRapa	train
25182	9546_YPDRapa	train
25183	9547_YPDRapa	train
25184	9548_YPDRapa	train
25185	9549_YPDRapa	train
25186	9550_YPDRapa	train
25187	9551_YPDRapa	train
25188	9552_YPDRapa	train
25189	9553_YPDRapa	validation
25190	9554_YPDRapa	train
25191	9555_YPDRapa	train
25192	9556_YPDRapa	train
25193	9557_YPDRapa	train
25194	9558_YPDRapa	train
25195	9559_YPDRapa	train
25196	9560_YPDRapa	train
25197	9561_YPDRapa	train
25198	9562_YPDRapa	train
25199	9563_YPDRapa	train
25200	9564_YPDRapa	train
25201	9565_YPDRapa	train
25202	9566_YPDRapa	train
25203	9567_YPDRapa	validation
25204	9568_YPDRapa	train
25205	9569_YPDRapa	train
25206	9570_YPDRapa	train
25207	9571_YPDRapa	train
25208	9572_YPDRapa	train
25209	9573_YPDRapa	train
25210	9574_YPDRapa	train
25211	9575_YPDRapa	train
25212	9576_YPDRapa	train
25213	9577_YPDRapa	train
25214	9578_YPDRapa	train
25215	9579_YPDRapa	train
25216	9580_YPDRapa	validation
25217	9581_YPDRapa	train
25218	9582_YPDRapa	train
25219	9583_YPDRapa	train
25220	9584_YPDRapa	train
25221	9585_YPDRapa	train
25222	9586_YPDRapa	train
25223	9587_YPDRapa	train
25224	9588_YPDRapa	train
25225	9589_YPDRapa	train
25226	9590_YPDRapa	train
25227	9591_YPDRapa	train
25228	9592_YPDRapa	train
25229	9593_YPDRapa	train
25230	9594_YPDRapa	train
25231	9595_YPDRapa	train
25232	9596_YPDRapa	train
25233	9597_YPDRapa	train
25234	9598_YPDRapa	train
25235	9599_YPDRapa	train
25236	9600_YPDRapa	train
25237	9601_YPDRapa	train
25238	9602_YPDRapa	train
25239	9603_YPDRapa	train
25240	9604_YPDRapa	train
25241	9605_YPDRapa	train
25242	9606_YPDRapa	train
25243	9607_YPDRapa	train
25244	9608_YPDRapa	train
25245	9609_YPDRapa	train
25246	9610_YPDRapa	train
25247	9611_YPDRapa	train
25248	9612_YPDRapa	train
25249	9613_YPDRapa	train
25250	9614_YPDRapa	train
25251	9615_YPDRapa	train
25252	9616_YPDRapa	train
25253	9617_YPDRapa	train
25254	9618_YPDRapa	train
25255	9619_YPDRapa	train
25256	9620_YPDRapa	train
25257	9621_YPDRapa	train
25258	9622_YPDRapa	train
25259	9623_YPDRapa	train
25260	9624_YPDRapa	train
25261	9625_YPDRapa	train
25262	9626_YPDRapa	train
25263	9627_YPDRapa	train
25264	9628_YPDRapa	train
25265	9629_YPDRapa	train
25266	9630_YPDRapa	train
25267	9631_YPDRapa	train
25268	9632_YPDRapa	train
25269	9633_YPDRapa	train
25270	9634_YPDRapa	train
25271	9635_YPDRapa	train
25272	9636_YPDRapa	train
25273	9637_YPDRapa	train
25274	9638_YPDRapa	train
25275	9639_YPDRapa	train
25276	9640_YPDRapa	train
25277	9641_YPDRapa	train
25278	9642_YPDRapa	train
25279	9643_YPDRapa	train
25280	9644_YPDRapa	train
25281	9645_YPDRapa	train
25282	9646_YPDRapa	train
25283	9647_YPDRapa	train
25284	9648_YPDRapa	train
25285	9649_YPDRapa	train
25286	9650_YPDRapa	train
25287	9651_YPDRapa	train
25288	9652_YPDRapa	train
25289	9653_YPDRapa	train
25290	9654_YPDRapa	train
25291	9655_YPDRapa	train
25292	9656_YPDRapa	train
25293	9657_YPDRapa	train
25294	9658_YPDRapa	train
25295	9659_YPDRapa	train
25296	9660_YPDRapa	train
25297	9661_YPDRapa	train
25298	9662_YPDRapa	train
25299	9663_YPDRapa	train
25300	9664_YPDRapa	train
25301	9665_YPDRapa	train
25302	9666_YPDRapa	train
25303	9667_YPDRapa	train
25304	9668_YPDRapa	train
25305	9669_YPDRapa	train
25306	9670_YPDRapa	train
25307	9671_YPDRapa	train
25308	9672_YPDRapa	train
25309	9673_YPDRapa	train
25310	9674_YPDRapa	train
25311	9675_YPDRapa	train
25312	9676_YPDRapa	train
25313	9677_YPDRapa	train
25314	9678_YPDRapa	train
25315	9679_YPDRapa	train
25316	9680_YPDRapa	train
25317	9681_YPDRapa	train
25318	9682_YPDRapa	train
25319	9683_YPDRapa	train
25320	9684_YPDRapa	train
25321	9685_YPDRapa	train
25322	9686_YPDRapa	train
25323	9687_YPDRapa	train
25324	9688_YPDRapa	train
25325	9689_YPDRapa	train
25326	9690_YPDRapa	train
25327	9691_YPDRapa	validation
25328	9692_YPDRapa	train
25329	9693_YPDRapa	train
25330	9694_YPDRapa	train
25331	9695_YPDRapa	train
25332	9696_YPDRapa	train
25333	9697_YPDRapa	train
25334	9698_YPDRapa	train
25335	9699_YPDRapa	train
25336	9700_YPDRapa	train
25337	9701_YPDRapa	validation
25338	9702_YPDRapa	train
25339	9703_YPDRapa	train
25340	9704_YPDRapa	train
25341	9705_YPDRapa	train
25342	9706_YPDRapa	train
25343	9707_YPDRapa	train
25344	9708_YPDRapa	train
25345	9709_YPDRapa	validation
25346	9710_YPDRapa	train
25347	9711_YPDRapa	train
25348	9712_YPDRapa	train
25349	9713_YPDRapa	train
25350	9714_YPDRapa	train
25351	9715_YPDRapa	train
25352	9716_YPDRapa	train
25353	9717_YPDRapa	train
25354	9718_YPDRapa	validation
25355	9719_YPDRapa	train
25356	9720_YPDRapa	train
25357	9721_YPDRapa	train
25358	9722_YPDRapa	train
25359	9723_YPDRapa	train
25360	9724_YPDRapa	train
25361	9725_YPDRapa	train
25362	9726_YPDRapa	validation
25363	9727_YPDRapa	train
25364	9728_YPDRapa	train
25365	9729_YPDRapa	train
25366	9730_YPDRapa	train
25367	9731_YPDRapa	train
25368	9732_YPDRapa	train
25369	9733_YPDRapa	train
25370	9734_YPDRapa	train
25371	9735_YPDRapa	train
25372	9736_YPDRapa	validation
25373	9737_YPDRapa	train
25374	9738_YPDRapa	train
25375	9739_YPDRapa	validation
25376	9740_YPDRapa	validation
25377	9741_YPDRapa	train
25378	9742_YPDRapa	train
25379	9743_YPDRapa	train
25380	9744_YPDRapa	train
25381	9745_YPDRapa	train
25382	9746_YPDRapa	train
25383	9747_YPDRapa	train
25384	9748_YPDRapa	train
25385	9749_YPDRapa	train
25386	9750_YPDRapa	train
25387	9751_YPDRapa	train
25388	9752_YPDRapa	train
25389	9753_YPDRapa	train
25390	9754_YPDRapa	train
25391	9755_YPDRapa	train
25392	9756_YPDRapa	train
25393	9757_YPDRapa	train
25394	9758_YPDRapa	train
25395	9759_YPDRapa	train
25396	9760_YPDRapa	train
25397	9761_YPDRapa	train
25398	9762_YPDRapa	train
25399	9763_YPDRapa	train
25400	9764_YPDRapa	train
25401	9765_YPDRapa	train
25402	9766_YPDRapa	validation
25403	9767_YPDRapa	train
25404	9768_YPDRapa	train
25405	9769_YPDRapa	train
25406	9770_YPDRapa	train
25407	9771_YPDRapa	validation
25408	9772_YPDRapa	train
25409	9773_YPDRapa	train
25410	9774_YPDRapa	train
25411	9775_YPDRapa	train
25412	9776_YPDRapa	train
25413	9777_YPDRapa	train
25414	9778_YPDRapa	train
25415	9779_YPDRapa	train
25416	9780_YPDRapa	train
25417	9781_YPDRapa	train
25418	9782_YPDRapa	validation
25419	9783_YPDRapa	train
25420	9784_YPDRapa	train
25421	9785_YPDRapa	train
25422	9786_YPDRapa	train
25423	9787_YPDRapa	train
25424	9788_YPDRapa	train
25425	9789_YPDRapa	train
25426	9790_YPDRapa	train
25427	9791_YPDRapa	train
25428	9792_YPDRapa	train
25429	9793_YPDRapa	train
25430	9794_YPDRapa	train
25431	9795_YPDRapa	train
25432	9796_YPDRapa	train
25433	9797_YPDRapa	train
25434	9798_YPDRapa	train
25435	9799_YPDRapa	train
25436	9800_YPDRapa	train
25437	9801_YPDRapa	train
25438	9802_YPDRapa	train
25439	9803_YPDRapa	train
25440	9804_YPDRapa	train
25441	9805_YPDRapa	train
25442	9806_YPDRapa	train
25443	9807_YPDRapa	train
25444	9808_YPDRapa	train
25445	9809_YPDRapa	train
25446	9810_YPDRapa	train
25447	9811_YPDRapa	train
25448	9812_YPDRapa	train
25449	9813_YPDRapa	train
25450	9814_YPDRapa	train
25451	9815_YPDRapa	train
25452	9816_YPDRapa	train
25453	9817_YPDRapa	train
25454	9818_YPDRapa	train
25455	9819_YPDRapa	train
25456	9820_YPDRapa	train
25457	9821_YPDRapa	train
25458	9822_YPDRapa	train
25459	9823_YPDRapa	train
25460	9824_YPDRapa	train
25461	9825_YPDRapa	train
25462	9826_YPDRapa	train
25463	9827_YPDRapa	train
25464	9828_YPDRapa	train
25465	9829_YPDRapa	train
25466	9830_YPDRapa	train
25467	9831_YPDRapa	train
25468	9832_YPDRapa	train
25469	9833_YPDRapa	train
25470	9834_YPDRapa	train
25471	9835_YPDRapa	train
25472	9836_YPDRapa	train
25473	9837_YPDRapa	train
25474	9838_YPDRapa	train
25475	9839_YPDRapa	train
25476	9840_YPDRapa	train
25477	9841_YPDRapa	train
25478	9842_YPDRapa	train
25479	9843_YPDRapa	train
25480	9844_YPDRapa	train
25481	9845_YPDRapa	train
25482	9846_YPDRapa	train
25483	9847_YPDRapa	train
25484	9848_YPDRapa	train
25485	9849_YPDRapa	train
25486	9850_YPDRapa	train
25487	9851_YPDRapa	train
25488	9852_YPDRapa	train
25489	9853_YPDRapa	train
25490	9854_YPDRapa	train
25491	9855_YPDRapa	train
25492	9856_YPDRapa	train
25493	9857_YPDRapa	train
25494	9858_YPDRapa	train
25495	9859_YPDRapa	train
25496	9860_YPDRapa	validation
25497	9861_YPDRapa	train
25498	9862_YPDRapa	train
25499	9863_YPDRapa	train
25500	9864_YPDRapa	train
25501	9865_YPDRapa	train
25502	9866_YPDRapa	train
25503	9867_YPDRapa	train
25504	9868_YPDRapa	train
25505	9869_YPDRapa	train
25506	9870_YPDRapa	train
25507	9871_YPDRapa	train
25508	9872_YPDRapa	train
25509	9873_YPDRapa	train
25510	9874_YPDRapa	train
25511	9875_YPDRapa	train
25512	9876_YPDRapa	train
25513	9877_YPDRapa	train
25514	9878_YPDRapa	train
25515	9879_YPDRapa	train
25516	9880_YPDRapa	train
25517	9881_YPDRapa	train
25518	9882_YPDRapa	train
25519	9883_YPDRapa	train
25520	9884_YPDRapa	train
25521	9885_YPDRapa	train
25522	9886_YPDRapa	train
25523	9887_YPDRapa	train
25524	9888_YPDRapa	train
25525	9889_YPDRapa	train
25526	9890_YPDRapa	train
25527	9891_YPDRapa	train
25528	9892_YPDRapa	train
25529	9893_YPDRapa	train
25530	9894_YPDRapa	train
25531	9895_YPDRapa	train
25532	9896_YPDRapa	train
25533	9897_YPDRapa	train
25534	9898_YPDRapa	train
25535	9899_YPDRapa	train
25536	9900_YPDRapa	train
25537	9901_YPDRapa	train
25538	9902_YPDRapa	train
25539	9903_YPDRapa	train
25540	9904_YPDRapa	train
25541	9905_YPDRapa	train
25542	9906_YPDRapa	train
25543	9907_YPDRapa	train
25544	9908_YPDRapa	validation
25545	9909_YPDRapa	train
25546	9910_YPDRapa	train
25547	9911_YPDRapa	train
25548	9912_YPDRapa	train
25549	9913_YPDRapa	train
25550	9914_YPDRapa	train
25551	9915_YPDRapa	train
25552	9916_YPDRapa	train
25553	9917_YPDRapa	train
25554	9918_YPDRapa	validation
25555	9919_YPDRapa	train
25556	9920_YPDRapa	train
25557	9921_YPDRapa	train
25558	9922_YPDRapa	train
25559	9923_YPDRapa	train
25560	9924_YPDRapa	train
25561	9925_YPDRapa	train
25562	9926_YPDRapa	train
25563	9927_YPDRapa	train
25564	9928_YPDRapa	train
25565	9929_YPDRapa	train
25566	9930_YPDRapa	train
25567	9931_YPDRapa	train
25568	9932_YPDRapa	train
25569	9933_YPDRapa	train
25570	9934_YPDRapa	train
25571	9935_YPDRapa	train
25572	9936_YPDRapa	train
25573	9937_YPDRapa	train
25574	9938_YPDRapa	train
25575	9939_YPDRapa	train
25576	9940_YPDRapa	train
25577	9941_YPDRapa	train
25578	9942_YPDRapa	train
25579	9943_YPDRapa	train
25580	9944_YPDRapa	train
25581	9945_YPDRapa	train
25582	9946_YPDRapa	train
25583	9947_YPDRapa	train
25584	9948_YPDRapa	train
25585	9949_YPDRapa	train
25586	9950_YPDRapa	train
25587	9951_YPDRapa	train
25588	9952_YPDRapa	train
25589	9953_YPDRapa	train
25590	9954_YPDRapa	train
25591	9955_YPDRapa	train
25592	9956_YPDRapa	train
25593	9957_YPDRapa	train
25594	9958_YPDRapa	train
25595	9959_YPDRapa	train
25596	9960_YPDRapa	train
25597	9961_YPDRapa	train
25598	9962_YPDRapa	train
25599	9963_YPDRapa	train
25600	9964_YPDRapa	train
25601	9965_YPDRapa	train
25602	9966_YPDRapa	validation
25603	9967_YPDRapa	train
25604	9968_YPDRapa	train
25605	9969_YPDRapa	train
25606	9970_YPDRapa	train
25607	9971_YPDRapa	train
25608	9972_YPDRapa	train
25609	9973_YPDRapa	train
25610	9974_YPDRapa	train
25611	9975_YPDRapa	train
25612	9976_YPDRapa	train
25613	9977_YPDRapa	validation
25614	9978_YPDRapa	train
25615	9979_YPDRapa	train
25616	9980_YPDRapa	train
25617	9981_YPDRapa	train
25618	9982_YPDRapa	train
25619	9983_YPDRapa	train
25620	9984_YPDRapa	train
25621	9985_YPDRapa	train
25622	9986_YPDRapa	validation
25623	9987_YPDRapa	train
25624	9988_YPDRapa	validation
25625	9989_YPDRapa	train
25626	9990_YPDRapa	train
25627	9991_YPDRapa	train
25628	9992_YPDRapa	train
25629	9993_YPDRapa	train
25630	9994_YPDRapa	train
25631	9995_YPDRapa	train
25632	9996_YPDRapa	train
25633	9997_YPDRapa	train
25634	9998_YPDRapa	train
25635	9999_YPDRapa	train
25636	10000_YPDRapa	train
25637	10001_YPDRapa	train
25638	10002_YPDRapa	train
25639	10003_YPDRapa	train
25640	10004_YPDRapa	validation
25641	10005_YPDRapa	train
25642	10006_YPDRapa	train
25643	10007_YPDRapa	train
25644	10008_YPDRapa	train
25645	10009_YPDRapa	train
25646	10010_YPDRapa	train
25647	10011_YPDRapa	train
25648	10012_YPDRapa	train
25649	10013_YPDRapa	train
25650	10014_YPDRapa	train
25651	10015_YPDRapa	train
25652	10016_YPDRapa	train
25653	10017_YPDRapa	train
25654	10018_YPDRapa	train
25655	10019_YPDRapa	train
25656	10020_YPDRapa	train
25657	10021_YPDRapa	train
25658	10022_YPDRapa	train
25659	10023_YPDRapa	train
25660	10024_YPDRapa	train
25661	10025_YPDRapa	validation
25662	10026_YPDRapa	train
25663	10027_YPDRapa	train
25664	10028_YPDRapa	train
25665	10029_YPDRapa	train
25666	10030_YPDRapa	train
25667	10031_YPDRapa	train
25668	10032_YPDRapa	train
25669	10033_YPDRapa	train
25670	10034_YPDRapa	train
25671	10035_YPDRapa	train
25672	10036_YPDRapa	train
25673	10037_YPDRapa	train
25674	10038_YPDRapa	train
25675	10039_YPDRapa	train
25676	10040_YPDRapa	validation
25677	10041_YPDRapa	validation
25678	10042_YPDRapa	train
25679	10043_YPDRapa	train
25680	10044_YPDRapa	validation
25681	10045_YPDRapa	validation
25682	10046_YPDRapa	train
25683	10047_YPDRapa	train
25684	10048_YPDRapa	train
25685	10049_YPDRapa	train
25686	10050_YPDRapa	train
25687	10051_YPDRapa	train
25688	10052_YPDRapa	train
25689	10053_YPDRapa	train
25690	10054_YPDRapa	train
25691	10055_YPDRapa	train
25692	10056_YPDRapa	train
25693	10057_YPDRapa	train
25694	10058_YPDRapa	train
25695	10059_YPDRapa	train
25696	10060_YPDRapa	train
25697	10061_YPDRapa	train
25698	10062_YPDRapa	train
25699	10063_YPDRapa	train
25700	10064_YPDRapa	train
25701	10065_YPDRapa	train
25702	10066_YPDRapa	train
25703	10067_YPDRapa	train
25704	10068_YPDRapa	train
25705	10069_YPDRapa	train
25706	10070_YPDRapa	train
25707	10071_YPDRapa	train
25708	10072_YPDRapa	validation
25709	10073_YPDRapa	validation
25710	10074_YPDRapa	train
25711	10075_YPDRapa	train
25712	10076_YPDRapa	train
25713	10077_YPDRapa	train
25714	10078_YPDRapa	train
25715	10079_YPDRapa	train
25716	10080_YPDRapa	train
25717	10081_YPDRapa	train
25718	10082_YPDRapa	train
25719	10083_YPDRapa	train
25720	10084_YPDRapa	train
25721	10085_YPDRapa	train
25722	10086_YPDRapa	train
25723	10087_YPDRapa	train
25724	10088_YPDRapa	train
25725	10089_YPDRapa	train
25726	10090_YPDRapa	train
25727	10091_YPDRapa	train
25728	10092_YPDRapa	train
25729	10093_YPDRapa	train
25730	10094_YPDRapa	train
25731	10095_YPDRapa	train
25732	10096_YPDRapa	train
25733	10097_YPDRapa	train
25734	10098_YPDRapa	train
25735	10099_YPDRapa	train
25736	10100_YPDRapa	train
25737	10101_YPDRapa	train
25738	10102_YPDRapa	train
25739	10103_YPDRapa	train
25740	10104_YPDRapa	train
25741	10105_YPDRapa	train
25742	10106_YPDRapa	train
25743	10107_YPDRapa	train
25744	10108_YPDRapa	train
25745	10109_YPDRapa	train
25746	10110_YPDRapa	train
25747	10111_YPDRapa	train
25748	10112_YPDRapa	validation
25749	10113_YPDRapa	train
25750	10114_YPDRapa	train
25751	10115_YPDRapa	train
25752	10116_YPDRapa	train
25753	10117_YPDRapa	validation
25754	10118_YPDRapa	train
25755	10119_YPDRapa	train
25756	10120_YPDRapa	train
25757	10121_YPDRapa	train
25758	10122_YPDRapa	train
25759	10123_YPDRapa	train
25760	10124_YPDRapa	train
25761	10125_YPDRapa	train
25762	10126_YPDRapa	train
25763	10127_YPDRapa	train
25764	10128_YPDRapa	train
25765	10129_YPDRapa	train
25766	10130_YPDRapa	train
25767	10131_YPDRapa	train
25768	10132_YPDRapa	train
25769	10133_YPDRapa	train
25770	10134_YPDRapa	train
25771	10135_YPDRapa	train
25772	10136_YPDRapa	train
25773	10137_YPDRapa	train
25774	10138_YPDRapa	train
25775	10139_YPDRapa	train
25776	10140_YPDRapa	train
25777	10141_YPDRapa	train
25778	10142_YPDRapa	train
25779	10143_YPDRapa	train
25780	10144_YPDRapa	train
25781	10145_YPDRapa	train
25782	10146_YPDRapa	train
25783	10147_YPDRapa	train
25784	10148_YPDRapa	train
25785	10149_YPDRapa	train
25786	10150_YPDRapa	train
25787	10151_YPDRapa	train
25788	10152_YPDRapa	train
25789	10153_YPDRapa	train
25790	10154_YPDRapa	train
25791	10155_YPDRapa	train
25792	10156_YPDRapa	train
25793	10157_YPDRapa	validation
25794	10158_YPDRapa	train
25795	10159_YPDRapa	train
25796	10160_YPDRapa	train
25797	10161_YPDRapa	train
25798	10162_YPDRapa	train
25799	10163_YPDRapa	train
25800	10164_YPDRapa	train
25801	10165_YPDRapa	train
25802	10166_YPDRapa	train
25803	10167_YPDRapa	train
25804	10168_YPDRapa	train
25805	10169_YPDRapa	train
25806	10170_YPDRapa	train
25807	10171_YPDRapa	train
25808	10172_YPDRapa	train
25809	10173_YPDRapa	train
25810	10174_YPDRapa	train
25811	10175_YPDRapa	train
25812	10176_YPDRapa	train
25813	10177_YPDRapa	train
25814	10178_YPDRapa	train
25815	10179_YPDRapa	train
25816	10180_YPDRapa	train
25817	10181_YPDRapa	train
25818	10182_YPDRapa	train
25819	10183_YPDRapa	train
25820	10184_YPDRapa	train
25821	10185_YPDRapa	train
25822	10186_YPDRapa	train
25823	10187_YPDRapa	train
25824	10188_YPDRapa	validation
25825	10189_YPDRapa	train
25826	10190_YPDRapa	train
25827	10191_YPDRapa	train
25828	10192_YPDRapa	train
25829	10193_YPDRapa	train
25830	10194_YPDRapa	train
25831	10195_YPDRapa	train
25832	10196_YPDRapa	train
25833	10197_YPDRapa	train
25834	10198_YPDRapa	train
25835	10199_YPDRapa	train
25836	10200_YPDRapa	train
25837	10201_YPDRapa	train
25838	10202_YPDRapa	train
25839	10203_YPDRapa	train
25840	10204_YPDRapa	train
25841	10205_YPDRapa	train
25842	10206_YPDRapa	train
25843	10207_YPDRapa	train
25844	10208_YPDRapa	train
25845	10209_YPDRapa	train
25846	10210_YPDRapa	train
25847	10211_YPDRapa	train
25848	10212_YPDRapa	train
25849	10213_YPDRapa	train
25850	10214_YPDRapa	train
25851	10215_YPDRapa	train
25852	10216_YPDRapa	train
25853	10217_YPDRapa	train
25854	10218_YPDRapa	train
25855	10219_YPDRapa	train
25856	10220_YPDRapa	train
25857	10221_YPDRapa	train
25858	10222_YPDRapa	train
25859	10223_YPDRapa	train
25860	10224_YPDRapa	train
25861	10225_YPDRapa	train
25862	10226_YPDRapa	train
25863	10227_YPDRapa	train
25864	10228_YPDRapa	train
25865	10229_YPDRapa	train
25866	10230_YPDRapa	train
25867	10231_YPDRapa	train
25868	10232_YPDRapa	train
25869	10233_YPDRapa	train
25870	10234_YPDRapa	train
25871	10235_YPDRapa	train
25872	10236_YPDRapa	train
25873	10237_YPDRapa	train
25874	10238_YPDRapa	train
25875	10239_YPDRapa	train
25876	10240_YPDRapa	train
25877	10241_YPDRapa	train
25878	10242_YPDRapa	train
25879	10243_YPDRapa	train
25880	10244_YPDRapa	train
25881	10245_YPDRapa	validation
25882	10246_YPDRapa	train
25883	10247_YPDRapa	train
25884	10248_YPDRapa	train
25885	10249_YPDRapa	validation
25886	10250_YPDRapa	train
25887	10251_YPDRapa	train
25888	10252_YPDRapa	validation
25889	10253_YPDRapa	train
25890	10254_YPDRapa	train
25891	10255_YPDRapa	validation
25892	10256_YPDRapa	train
25893	10257_YPDRapa	train
25894	10258_YPDRapa	validation
25895	10259_YPDRapa	train
25896	10260_YPDRapa	train
25897	10261_YPDRapa	validation
25898	10262_YPDRapa	train
25899	10263_YPDRapa	train
25900	10264_YPDRapa	train
25901	10265_YPDRapa	train
25902	10266_YPDRapa	train
25903	10267_YPDRapa	train
25904	10268_YPDRapa	train
25905	10269_YPDRapa	train
25906	10270_YPDRapa	train
25907	10271_YPDRapa	train
25908	10272_YPDRapa	train
25909	10273_YPDRapa	train
25910	10274_YPDRapa	train
25911	10275_YPDRapa	train
25912	10276_YPDRapa	train
25913	10277_YPDRapa	train
25914	10278_YPDRapa	train
25915	10279_YPDRapa	train
25916	10280_YPDRapa	train
25917	10281_YPDRapa	train
25918	10282_YPDRapa	train
25919	10283_YPDRapa	train
25920	10284_YPDRapa	train
25921	10285_YPDRapa	train
25922	10286_YPDRapa	train
25923	10287_YPDRapa	train
25924	10288_YPDRapa	train
25925	10289_YPDRapa	train
25926	10290_YPDRapa	train
25927	10291_YPDRapa	validation
25928	10292_YPDRapa	train
25929	10293_YPDRapa	train
25930	10294_YPDRapa	train
25931	10295_YPDRapa	train
25932	10296_YPDRapa	train
25933	10297_YPDRapa	train
25934	10298_YPDRapa	train
25935	10299_YPDRapa	validation
25936	10300_YPDRapa	train
25937	10301_YPDRapa	train
25938	10302_YPDRapa	train
25939	10303_YPDRapa	train
25940	10304_YPDRapa	train
25941	10305_YPDRapa	train
25942	10306_YPDRapa	train
25943	10307_YPDRapa	train
25944	10308_YPDRapa	train
25945	10309_YPDRapa	train
25946	10310_YPDRapa	train
25947	10311_YPDRapa	train
25948	10312_YPDRapa	train
25949	10313_YPDRapa	train
25950	10314_YPDRapa	train
25951	10315_YPDRapa	train
25952	10316_YPDRapa	train
25953	10317_YPDRapa	train
25954	10318_YPDRapa	train
25955	10319_YPDRapa	train
25956	10320_YPDRapa	train
25957	10321_YPDRapa	train
25958	10322_YPDRapa	train
25959	10323_YPDRapa	train
25960	10324_YPDRapa	train
25961	10325_YPDRapa	train
25962	10326_YPDRapa	train
25963	10327_YPDRapa	train
25964	10328_YPDRapa	train
25965	10329_YPDRapa	train
25966	10330_YPDRapa	train
25967	10331_YPDRapa	train
25968	10332_YPDRapa	train
25969	10333_YPDRapa	train
25970	10334_YPDRapa	train
25971	10335_YPDRapa	train
25972	10336_YPDRapa	train
25973	10337_YPDRapa	train
25974	10338_YPDRapa	train
25975	10339_YPDRapa	train
25976	10340_YPDRapa	train
25977	10341_YPDRapa	train
25978	10342_YPDRapa	train
25979	10343_YPDRapa	train
25980	10344_YPDRapa	train
25981	10345_YPDRapa	train
25982	10346_YPDRapa	train
25983	10347_YPDRapa	train
25984	10348_YPDRapa	train
25985	10349_YPDRapa	train
25986	10350_YPDRapa	train
25987	10351_YPDRapa	validation
25988	10352_YPDRapa	train
25989	10353_YPDRapa	train
25990	10354_YPDRapa	train
25991	10355_YPDRapa	train
25992	10356_YPDRapa	train
25993	10357_YPDRapa	train
25994	10358_YPDRapa	train
25995	10359_YPDRapa	train
25996	10360_YPDRapa	train
25997	10361_YPDRapa	train
25998	10362_YPDRapa	train
25999	10363_YPDRapa	train
26000	10364_YPDRapa	validation
26001	10365_YPDRapa	validation
26002	10366_YPDRapa	train
26003	10367_YPDRapa	train
26004	10368_YPDRapa	train
26005	10369_YPDRapa	train
26006	10370_YPDRapa	train
26007	10371_YPDRapa	train
26008	10372_YPDRapa	train
26009	10373_YPDRapa	train
26010	10374_YPDRapa	train
26011	10375_YPDRapa	train
26012	10376_YPDRapa	train
26013	10377_YPDRapa	train
26014	10378_YPDRapa	validation
26015	10379_YPDRapa	train
26016	10380_YPDRapa	train
26017	10381_YPDRapa	train
26018	10382_YPDRapa	train
26019	10383_YPDRapa	train
26020	10384_YPDRapa	train
26021	10385_YPDRapa	train
26022	10386_YPDRapa	train
26023	10387_YPDRapa	validation
26024	10388_YPDRapa	train
26025	10389_YPDRapa	train
26026	10390_YPDRapa	train
26027	10391_YPDRapa	train
26028	10392_YPDRapa	train
26029	10393_YPDRapa	train
26030	10394_YPDRapa	train
26031	10395_YPDRapa	train
26032	10396_YPDRapa	train
26033	10397_YPDRapa	validation
26034	10398_YPDRapa	train
26035	10399_YPDRapa	train
26036	10400_YPDRapa	train
26037	10401_YPDRapa	train
26038	10402_YPDRapa	train
26039	10403_YPDRapa	train
26040	10404_YPDRapa	train
26041	10405_YPDRapa	train
26042	10406_YPDRapa	train
26043	10407_YPDRapa	train
26044	10408_YPDRapa	train
26045	10409_YPDRapa	train
26046	10410_YPDRapa	train
26047	10411_YPDRapa	train
26048	10412_YPDRapa	train
26049	10413_YPDRapa	train
26050	10414_YPDRapa	train
26051	10415_YPDRapa	train
26052	10416_YPDRapa	train
26053	10417_YPDRapa	train
26054	10418_YPDRapa	train
26055	10419_YPDRapa	train
26056	10420_YPDRapa	train
26057	10421_YPDRapa	train
26058	10422_YPDRapa	train
26059	10423_YPDRapa	train
26060	10424_YPDRapa	train
26061	10425_YPDRapa	train
26062	10426_YPDRapa	train
26063	10427_YPDRapa	train
26064	10428_YPDRapa	train
26065	10429_YPDRapa	train
26066	10430_YPDRapa	train
26067	10431_YPDRapa	train
26068	10432_YPDRapa	train
26069	10433_YPDRapa	train
26070	10434_YPDRapa	train
26071	10435_YPDRapa	train
26072	10436_YPDRapa	train
26073	10437_YPDRapa	train
26074	10438_YPDRapa	train
26075	10439_YPDRapa	train
26076	10440_YPDRapa	train
26077	10441_YPDRapa	train
26078	10442_YPDRapa	train
26079	10443_YPDRapa	train
26080	10444_YPDRapa	train
26081	10445_YPDRapa	train
26082	10446_YPDRapa	train
26083	10447_YPDRapa	train
26084	10448_YPDRapa	train
26085	10449_YPDRapa	train
26086	10450_YPDRapa	train
26087	10451_YPDRapa	train
26088	10452_YPDRapa	train
26089	10453_YPDRapa	train
26090	10454_YPDRapa	train
26091	10455_YPDRapa	train
26092	10456_YPDRapa	train
26093	10457_YPDRapa	train
26094	10458_YPDRapa	train
26095	10459_YPDRapa	train
26096	10460_YPDRapa	validation
26097	10461_YPDRapa	train
26098	10462_YPDRapa	train
26099	10463_YPDRapa	train
26100	10464_YPDRapa	train
26101	10465_YPDRapa	train
26102	10466_YPDRapa	train
26103	10467_YPDRapa	train
26104	10468_YPDRapa	train
26105	10469_YPDRapa	train
26106	10470_YPDRapa	train
26107	10471_YPDRapa	train
26108	10472_YPDRapa	train
26109	10473_YPDRapa	train
26110	10474_YPDRapa	train
26111	10475_YPDRapa	train
26112	10476_YPDRapa	train
26113	10477_YPDRapa	train
26114	10478_YPDRapa	train
26115	10479_YPDRapa	train
26116	10480_YPDRapa	train
26117	10481_YPDRapa	train
26118	10482_YPDRapa	train
26119	10483_YPDRapa	train
26120	10484_YPDRapa	train
26121	10485_YPDRapa	train
26122	10486_YPDRapa	train
26123	10487_YPDRapa	train
26124	10488_YPDRapa	train
26125	10489_YPDRapa	train
26126	10490_YPDRapa	train
26127	10491_YPDRapa	train
26128	10492_YPDRapa	train
26129	10493_YPDRapa	train
26130	10494_YPDRapa	train
26131	10495_YPDRapa	train
26132	10496_YPDRapa	train
26133	10497_YPDRapa	train
26134	10498_YPDRapa	train
26135	10499_YPDRapa	train
26136	10500_YPDRapa	train
26137	10501_YPDRapa	train
26138	10502_YPDRapa	train
26139	10503_YPDRapa	train
26140	10504_YPDRapa	train
26141	10505_YPDRapa	train
26142	10506_YPDRapa	train
26143	10507_YPDRapa	train
26144	10508_YPDRapa	train
26145	10509_YPDRapa	train
26146	10510_YPDRapa	train
26147	10511_YPDRapa	train
26148	10512_YPDRapa	train
26149	10513_YPDRapa	train
26150	10514_YPDRapa	train
26151	10515_YPDRapa	train
26152	10516_YPDRapa	train
26153	10517_YPDRapa	train
26154	10518_YPDRapa	train
26155	10519_YPDRapa	train
26156	10520_YPDRapa	train
26157	10521_YPDRapa	train
26158	10522_YPDRapa	train
26159	10523_YPDRapa	train
26160	10524_YPDRapa	train
26161	10525_YPDRapa	train
26162	10526_YPDRapa	train
26163	10527_YPDRapa	train
26164	10528_YPDRapa	train
26165	10529_YPDRapa	train
26166	10530_YPDRapa	train
26167	10531_YPDRapa	train
26168	10532_YPDRapa	validation
26169	10533_YPDRapa	train
26170	10534_YPDRapa	train
26171	10535_YPDRapa	train
26172	10536_YPDRapa	train
26173	10537_YPDRapa	train
26174	10538_YPDRapa	train
26175	10539_YPDRapa	train
26176	10540_YPDRapa	train
26177	10541_YPDRapa	train
26178	10542_YPDRapa	train
26179	10543_YPDRapa	train
26180	10544_YPDRapa	train
26181	10545_YPDRapa	train
26182	10546_YPDRapa	train
26183	10547_YPDRapa	train
26184	10548_YPDRapa	train
26185	10549_YPDRapa	train
26186	10550_YPDRapa	train
26187	10551_YPDRapa	train
26188	10552_YPDRapa	train
26189	10553_YPDRapa	train
26190	10554_YPDRapa	train
26191	10555_YPDRapa	validation
26192	10556_YPDRapa	train
26193	10557_YPDRapa	train
26194	10558_YPDRapa	train
26195	10559_YPDRapa	train
26196	10560_YPDRapa	train
26197	10561_YPDRapa	train
26198	10562_YPDRapa	train
26199	10563_YPDRapa	train
26200	10564_YPDRapa	train
26201	10565_YPDRapa	train
26202	10566_YPDRapa	train
26203	10567_YPDRapa	train
26204	10568_YPDRapa	train
26205	10569_YPDRapa	train
26206	10570_YPDRapa	train
26207	10571_YPDRapa	train
26208	10572_YPDRapa	train
26209	10573_YPDRapa	train
26210	10574_YPDRapa	train
26211	10575_YPDRapa	train
26212	10576_YPDRapa	validation
26213	10577_YPDRapa	validation
26214	10578_YPDRapa	train
26215	10579_YPDRapa	train
26216	10580_YPDRapa	train
26217	10581_YPDRapa	train
26218	10582_YPDRapa	train
26219	10583_YPDRapa	train
26220	10584_YPDRapa	train
26221	10585_YPDRapa	train
26222	10586_YPDRapa	train
26223	10587_YPDRapa	train
26224	10588_YPDRapa	train
26225	10589_YPDRapa	train
26226	10590_YPDRapa	train
26227	10591_YPDRapa	validation
26228	10592_YPDRapa	validation
26229	10593_YPDRapa	train
26230	10594_YPDRapa	train
26231	10595_YPDRapa	train
26232	10596_YPDRapa	train
26233	10597_YPDRapa	train
26234	10598_YPDRapa	train
26235	10599_YPDRapa	train
26236	10600_YPDRapa	train
26237	10601_YPDRapa	train
26238	10602_YPDRapa	train
26239	10603_YPDRapa	train
26240	10604_YPDRapa	train
26241	10605_YPDRapa	train
26242	10606_YPDRapa	train
26243	10607_YPDRapa	train
26244	10608_YPDRapa	train
26245	10609_YPDRapa	validation
26246	10610_YPDRapa	train
26247	10611_YPDRapa	train
26248	10612_YPDRapa	train
26249	10613_YPDRapa	validation
26250	10614_YPDRapa	train
26251	10615_YPDRapa	train
26252	10616_YPDRapa	train
26253	10617_YPDRapa	train
26254	10618_YPDRapa	train
26255	10619_YPDRapa	validation
26256	10620_YPDRapa	train
26257	10621_YPDRapa	train
26258	10622_YPDRapa	train
26259	10623_YPDRapa	train
26260	10624_YPDRapa	train
26261	10625_YPDRapa	train
26262	10626_YPDRapa	train
26263	10627_YPDRapa	train
26264	10628_YPDRapa	train
26265	10629_YPDRapa	train
26266	10630_YPDRapa	train
26267	10631_YPDRapa	train
26268	10632_YPDRapa	train
26269	10633_YPDRapa	train
26270	10634_YPDRapa	train
26271	10635_YPDRapa	train
26272	10636_YPDRapa	train
26273	10637_YPDRapa	train
26274	10638_YPDRapa	train
26275	10639_YPDRapa	train
26276	10640_YPDRapa	train
26277	10641_YPDRapa	train
26278	10642_YPDRapa	train
26279	10643_YPDRapa	train
26280	10644_YPDRapa	train
26281	10645_YPDRapa	train
26282	10646_YPDRapa	train
26283	10647_YPDRapa	train
26284	10648_YPDRapa	train
26285	10649_YPDRapa	train
26286	10650_YPDRapa	train
26287	10651_YPDRapa	train
26288	10652_YPDRapa	train
26289	10653_YPDRapa	train
26290	10654_YPDRapa	train
26291	10655_YPDRapa	validation
26292	10656_YPDRapa	train
26293	10657_YPDRapa	train
26294	10658_YPDRapa	train
26295	10659_YPDRapa	train
26296	10660_YPDRapa	train
26297	10661_YPDRapa	train
26298	10662_YPDRapa	train
26299	10663_YPDRapa	train
26300	10664_YPDRapa	validation
26301	10665_YPDRapa	train
26302	10666_YPDRapa	train
26303	10667_YPDRapa	train
26304	10668_YPDRapa	train
26305	10669_YPDRapa	train
26306	10670_YPDRapa	train
26307	10671_YPDRapa	train
26308	10672_YPDRapa	train
26309	10673_YPDRapa	train
26310	10674_YPDRapa	train
26311	10675_YPDRapa	train
26312	10676_YPDRapa	train
26313	10677_YPDRapa	train
26314	10678_YPDRapa	train
26315	10679_YPDRapa	train
26316	10680_YPDRapa	train
26317	10681_YPDRapa	train
26318	10682_YPDRapa	train
26319	10683_YPDRapa	train
26320	10684_YPDRapa	train
26321	10685_YPDRapa	train
26322	10686_YPDRapa	train
26323	10687_YPDRapa	train
26324	10688_YPDRapa	train
26325	10689_YPDRapa	train
26326	10690_YPDRapa	train
26327	10691_YPDRapa	validation
26328	10692_YPDRapa	train
26329	10693_YPDRapa	train
26330	10694_YPDRapa	train
26331	10695_YPDRapa	train
26332	10696_YPDRapa	train
26333	10697_YPDRapa	train
26334	10698_YPDRapa	train
26335	10699_YPDRapa	train
26336	10700_YPDRapa	train
26337	10701_YPDRapa	train
26338	10702_YPDRapa	train
26339	10703_YPDRapa	train
26340	10704_YPDRapa	train
26341	10705_YPDRapa	train
26342	10706_YPDRapa	train
26343	10707_YPDRapa	train
26344	10708_YPDRapa	train
26345	10709_YPDRapa	train
26346	10710_YPDRapa	train
26347	10711_YPDRapa	train
26348	10712_YPDRapa	train
26349	10713_YPDRapa	train
26350	10714_YPDRapa	train
26351	10715_YPDRapa	train
26352	10716_YPDRapa	train
26353	10717_YPDRapa	train
26354	10718_YPDRapa	train
26355	10719_YPDRapa	train
26356	10720_YPDRapa	train
26357	10721_YPDRapa	train
26358	10722_YPDRapa	train
26359	10723_YPDRapa	validation
26360	10724_YPDRapa	train
26361	10725_YPDRapa	train
26362	10726_YPDRapa	validation
26363	10727_YPDRapa	train
26364	10728_YPDRapa	train
26365	10729_YPDRapa	train
26366	10730_YPDRapa	train
26367	10731_YPDRapa	train
26368	10732_YPDRapa	train
26369	10733_YPDRapa	train
26370	10734_YPDRapa	train
26371	10735_YPDRapa	train
26372	10736_YPDRapa	train
26373	10737_YPDRapa	train
26374	10738_YPDRapa	train
26375	10739_YPDRapa	train
26376	10740_YPDRapa	train
26377	10741_YPDRapa	train
26378	10742_YPDRapa	train
26379	10743_YPDRapa	train
26380	10744_YPDRapa	train
26381	10745_YPDRapa	train
26382	10746_YPDRapa	train
26383	10747_YPDRapa	train
26384	10748_YPDRapa	train
26385	10749_YPDRapa	train
26386	10750_YPDRapa	train
26387	10751_YPDRapa	train
26388	10752_YPDRapa	train
26389	10753_YPDRapa	train
26390	10754_YPDRapa	train
26391	10755_YPDRapa	train
26392	10756_YPDRapa	train
26393	10757_YPDRapa	train
26394	10758_YPDRapa	train
26395	10759_YPDRapa	train
26396	10760_YPDRapa	train
26397	10761_YPDRapa	train
26398	10762_YPDRapa	train
26399	10763_YPDRapa	train
26400	10764_YPDRapa	train
26401	10765_YPDRapa	validation
26402	10766_YPDRapa	train
26403	10767_YPDRapa	train
26404	10768_YPDRapa	train
26405	10769_YPDRapa	train
26406	10770_YPDRapa	train
26407	10771_YPDRapa	train
26408	10772_YPDRapa	train
26409	10773_YPDRapa	train
26410	10774_YPDRapa	train
26411	10775_YPDRapa	train
26412	10776_YPDRapa	train
26413	10777_YPDRapa	train
26414	10778_YPDRapa	train
26415	10779_YPDRapa	train
26416	10780_YPDRapa	train
26417	10781_YPDRapa	train
26418	10782_YPDRapa	train
26419	10783_YPDRapa	train
26420	10784_YPDRapa	train
26421	10785_YPDRapa	train
26422	10786_YPDRapa	train
26423	10787_YPDRapa	train
26424	10788_YPDRapa	train
26425	10789_YPDRapa	train
26426	10790_YPDRapa	train
26427	10791_YPDRapa	train
26428	10792_YPDRapa	train
26429	10793_YPDRapa	train
26430	10794_YPDRapa	train
26431	10795_YPDRapa	train
26432	10796_YPDRapa	train
26433	10797_YPDRapa	train
26434	10798_YPDRapa	train
26435	10799_YPDRapa	train
26436	10800_YPDRapa	train
26437	10801_YPDRapa	train
26438	10802_YPDRapa	train
26439	10803_YPDRapa	train
26440	10804_YPDRapa	train
26441	10805_YPDRapa	train
26442	10806_YPDRapa	train
26443	10807_YPDRapa	train
26444	10808_YPDRapa	train
26445	10809_YPDRapa	train
26446	10810_YPDRapa	train
26447	10811_YPDRapa	train
26448	10812_YPDRapa	train
26449	10813_YPDRapa	train
26450	10814_YPDRapa	train
26451	10815_YPDRapa	train
26452	10816_YPDRapa	train
26453	10817_YPDRapa	train
26454	10818_YPDRapa	train
26455	10819_YPDRapa	train
26456	10820_YPDRapa	train
26457	10821_YPDRapa	train
26458	10822_YPDRapa	train
26459	10823_YPDRapa	train
26460	10824_YPDRapa	train
26461	10825_YPDRapa	train
26462	10826_YPDRapa	train
26463	10827_YPDRapa	validation
26464	10828_YPDRapa	train
26465	10829_YPDRapa	train
26466	10830_YPDRapa	train
26467	10831_YPDRapa	train
26468	10832_YPDRapa	train
26469	10833_YPDRapa	train
26470	10834_YPDRapa	train
26471	10835_YPDRapa	train
26472	10836_YPDRapa	train
26473	10837_YPDRapa	train
26474	10838_YPDRapa	train
26475	10839_YPDRapa	train
26476	10840_YPDRapa	train
26477	10841_YPDRapa	train
26478	10842_YPDRapa	train
26479	10843_YPDRapa	train
26480	10844_YPDRapa	train
26481	10845_YPDRapa	train
26482	10846_YPDRapa	train
26483	10847_YPDRapa	train
26484	10848_YPDRapa	train
26485	10849_YPDRapa	train
26486	10850_YPDRapa	train
26487	10851_YPDRapa	train
26488	10852_YPDRapa	train
26489	10853_YPDRapa	train
26490	10854_YPDRapa	train
26491	10855_YPDRapa	train
26492	10856_YPDRapa	validation
26493	10857_YPDRapa	train
26494	10858_YPDRapa	train
26495	10859_YPDRapa	train
26496	10860_YPDRapa	train
26497	10861_YPDRapa	train
26498	10862_YPDRapa	train
26499	10863_YPDRapa	train
26500	10864_YPDRapa	validation
26501	10865_YPDRapa	validation
26502	10866_YPDRapa	train
26503	10867_YPDRapa	train
26504	10868_YPDRapa	train
26505	10869_YPDRapa	train
26506	10870_YPDRapa	train
26507	10871_YPDRapa	train
26508	10872_YPDRapa	train
26509	10873_YPDRapa	train
26510	10874_YPDRapa	train
26511	10875_YPDRapa	train
26512	10876_YPDRapa	train
26513	10877_YPDRapa	train
26514	10878_YPDRapa	train
26515	10879_YPDRapa	train
26516	10880_YPDRapa	train
26517	10881_YPDRapa	train
26518	10882_YPDRapa	train
26519	10883_YPDRapa	train
26520	10884_YPDRapa	train
26521	10885_YPDRapa	train
26522	10886_YPDRapa	train
26523	10887_YPDRapa	train
26524	10888_YPDRapa	train
26525	10889_YPDRapa	train
26526	10890_YPDRapa	train
26527	10891_YPDRapa	train
26528	10892_YPDRapa	validation
26529	10893_YPDRapa	train
26530	10894_YPDRapa	train
26531	10895_YPDRapa	validation
26532	10896_YPDRapa	train
26533	10897_YPDRapa	train
26534	10898_YPDRapa	train
26535	10899_YPDRapa	train
26536	10900_YPDRapa	train
26537	10901_YPDRapa	train
26538	10902_YPDRapa	train
26539	10903_YPDRapa	train
26540	10904_YPDRapa	train
26541	10905_YPDRapa	train
26542	10906_YPDRapa	train
26543	10907_YPDRapa	train
26544	10908_YPDRapa	train
26545	10909_YPDRapa	train
26546	10910_YPDRapa	train
26547	10911_YPDRapa	train
26548	10912_YPDRapa	train
26549	10913_YPDRapa	train
26550	10914_YPDRapa	train
26551	10915_YPDRapa	train
26552	10916_YPDRapa	train
26553	10917_YPDRapa	train
26554	10918_YPDRapa	train
26555	10919_YPDRapa	train
26556	10920_YPDRapa	train
26557	10921_YPDRapa	train
26558	10922_YPDRapa	train
26559	10923_YPDRapa	train
26560	10924_YPDRapa	train
26561	10925_YPDRapa	validation
26562	10926_YPDRapa	train
26563	10927_YPDRapa	train
26564	10928_YPDRapa	train
26565	10929_YPDRapa	train
26566	10930_YPDRapa	train
26567	10931_YPDRapa	train
26568	10932_YPDRapa	train
26569	10933_YPDRapa	train
26570	10934_YPDRapa	train
26571	10935_YPDRapa	train
26572	10936_YPDRapa	train
26573	10937_YPDRapa	train
26574	10938_YPDRapa	train
26575	10939_YPDRapa	validation
26576	10940_YPDRapa	validation
26577	10941_YPDRapa	train
26578	10942_YPDRapa	train
26579	10943_YPDRapa	train
26580	10944_YPDRapa	train
26581	10945_YPDRapa	train
26582	10946_YPDRapa	train
26583	10947_YPDRapa	train
26584	10948_YPDRapa	train
26585	10949_YPDRapa	train
26586	10950_YPDRapa	train
26587	10951_YPDRapa	train
26588	10952_YPDRapa	train
26589	10953_YPDRapa	train
26590	10954_YPDRapa	train
26591	10955_YPDRapa	train
26592	10956_YPDRapa	train
26593	10957_YPDRapa	train
26594	10958_YPDRapa	train
26595	10959_YPDRapa	train
26596	10960_YPDRapa	train
26597	10961_YPDRapa	train
26598	10962_YPDRapa	train
26599	10963_YPDRapa	train
26600	10964_YPDRapa	train
26601	10965_YPDRapa	train
26602	10966_YPDRapa	train
26603	10967_YPDRapa	train
26604	10968_YPDRapa	train
26605	10969_YPDRapa	train
26606	10970_YPDRapa	train
26607	10971_YPDRapa	train
26608	10972_YPDRapa	train
26609	10973_YPDRapa	train
26610	10974_YPDRapa	train
26611	10975_YPDRapa	train
26612	10976_YPDRapa	train
26613	10977_YPDRapa	train
26614	10978_YPDRapa	train
26615	10979_YPDRapa	train
26616	10980_YPDRapa	validation
26617	10981_YPDRapa	train
26618	10982_YPDRapa	train
26619	10983_YPDRapa	train
26620	10984_YPDRapa	train
26621	10985_YPDRapa	validation
26622	10986_YPDRapa	train
26623	10987_YPDRapa	train
26624	10988_YPDRapa	train
26625	10989_YPDRapa	train
26626	10990_YPDRapa	train
26627	10991_YPDRapa	train
26628	10992_YPDRapa	train
26629	10993_YPDRapa	train
26630	10994_YPDRapa	train
26631	10995_YPDRapa	train
26632	10996_YPDRapa	train
26633	10997_YPDRapa	train
26634	10998_YPDRapa	train
26635	10999_YPDRapa	train
26636	11000_YPDRapa	train
26637	11001_YPDRapa	train
26638	11002_YPDRapa	validation
26639	11003_YPDRapa	train
26640	11004_YPDRapa	train
26641	11005_YPDRapa	train
26642	11006_YPDRapa	train
26643	11007_YPDRapa	train
26644	11008_YPDRapa	train
26645	11009_YPDRapa	train
26646	11010_YPDRapa	train
26647	11011_YPDRapa	train
26648	11012_YPDRapa	train
26649	11013_YPDRapa	train
26650	11014_YPDRapa	train
26651	11015_YPDRapa	train
26652	11016_YPDRapa	train
26653	11017_YPDRapa	train
26654	11018_YPDRapa	validation
26655	11019_YPDRapa	train
26656	11020_YPDRapa	train
26657	11021_YPDRapa	train
26658	11022_YPDRapa	train
26659	11023_YPDRapa	train
26660	11024_YPDRapa	train
26661	11025_YPDRapa	train
26662	11026_YPDRapa	train
26663	11027_YPDRapa	train
26664	11028_YPDRapa	train
26665	11029_YPDRapa	train
26666	11030_YPDRapa	train
26667	11031_YPDRapa	validation
26668	11032_YPDRapa	train
26669	11033_YPDRapa	train
26670	11034_YPDRapa	train
26671	11035_YPDRapa	train
26672	11036_YPDRapa	train
26673	11037_YPDRapa	validation
26674	11038_YPDRapa	train
26675	11039_YPDRapa	train
26676	11040_YPDRapa	train
26677	11041_YPDRapa	train
26678	11042_YPDRapa	train
26679	11043_YPDRapa	train
26680	11044_YPDRapa	train
26681	11045_YPDRapa	train
26682	11046_YPDRapa	train
26683	11047_YPDRapa	train
26684	11048_YPDRapa	train
26685	11049_YPDRapa	train
26686	11050_YPDRapa	train
26687	11051_YPDRapa	train
26688	11052_YPDRapa	train
26689	11053_YPDRapa	train
26690	11054_YPDRapa	train
26691	11055_YPDRapa	train
26692	11056_YPDRapa	train
26693	11057_YPDRapa	train
26694	11058_YPDRapa	train
26695	11059_YPDRapa	train
26696	11060_YPDRapa	train
26697	11061_YPDRapa	train
26698	11062_YPDRapa	train
26699	11063_YPDRapa	train
26700	11064_YPDRapa	validation
26701	11065_YPDRapa	train
26702	11066_YPDRapa	train
26703	11067_YPDRapa	train
26704	11068_YPDRapa	train
26705	11069_YPDRapa	train
26706	11070_YPDRapa	train
26707	11071_YPDRapa	train
26708	11072_YPDRapa	train
26709	11073_YPDRapa	train
26710	11074_YPDRapa	train
26711	11075_YPDRapa	train
26712	11076_YPDRapa	train
26713	11077_YPDRapa	train
26714	11078_YPDRapa	train
26715	11079_YPDRapa	train
26716	11080_YPDRapa	train
26717	11081_YPDRapa	train
26718	11082_YPDRapa	train
26719	11083_YPDRapa	train
26720	11084_YPDRapa	train
26721	11085_YPDRapa	train
26722	11086_YPDRapa	train
26723	11087_YPDRapa	train
26724	11088_YPDRapa	train
26725	11089_YPDRapa	train
26726	11090_YPDRapa	train
26727	11091_YPDRapa	train
26728	11092_YPDRapa	train
26729	11093_YPDRapa	train
26730	11094_YPDRapa	train
26731	11095_YPDRapa	train
26732	11096_YPDRapa	train
26733	11097_YPDRapa	train
26734	11098_YPDRapa	train
26735	11099_YPDRapa	train
26736	11100_YPDRapa	train
26737	11101_YPDRapa	train
26738	11102_YPDRapa	train
26739	11103_YPDRapa	train
26740	11104_YPDRapa	train
26741	11105_YPDRapa	train
26742	11106_YPDRapa	train
26743	11107_YPDRapa	train
26744	11108_YPDRapa	train
26745	11109_YPDRapa	train
26746	11110_YPDRapa	train
26747	11111_YPDRapa	train
26748	11112_YPDRapa	train
26749	11113_YPDRapa	train
26750	11114_YPDRapa	train
26751	11115_YPDRapa	train
26752	11116_YPDRapa	train
26753	11117_YPDRapa	train
26754	11118_YPDRapa	train
26755	11119_YPDRapa	train
26756	11120_YPDRapa	train
26757	11121_YPDRapa	train
26758	11122_YPDRapa	train
26759	11123_YPDRapa	validation
26760	11124_YPDRapa	train
26761	11125_YPDRapa	train
26762	11126_YPDRapa	train
26763	11127_YPDRapa	train
26764	11128_YPDRapa	train
26765	11129_YPDRapa	train
26766	11130_YPDRapa	train
26767	11131_YPDRapa	train
26768	11132_YPDRapa	train
26769	11133_YPDRapa	train
26770	11134_YPDRapa	train
26771	11135_YPDRapa	train
26772	11136_YPDRapa	train
26773	11137_YPDRapa	train
26774	11138_YPDRapa	train
26775	11139_YPDRapa	train
26776	11140_YPDRapa	train
26777	11141_YPDRapa	train
26778	11142_YPDRapa	train
26779	11143_YPDRapa	train
26780	11144_YPDRapa	train
26781	11145_YPDRapa	train
26782	11146_YPDRapa	train
26783	11147_YPDRapa	train
26784	11148_YPDRapa	train
26785	11149_YPDRapa	train
26786	11150_YPDRapa	train
26787	11151_YPDRapa	train
26788	11152_YPDRapa	train
26789	11153_YPDRapa	train
26790	11154_YPDRapa	train
26791	11155_YPDRapa	train
26792	11156_YPDRapa	train
26793	11157_YPDRapa	train
26794	11158_YPDRapa	train
26795	11159_YPDRapa	train
26796	11160_YPDRapa	train
26797	11161_YPDRapa	train
26798	11162_YPDRapa	train
26799	11163_YPDRapa	train
26800	11164_YPDRapa	train
26801	11165_YPDRapa	train
26802	11166_YPDRapa	train
26803	11167_YPDRapa	train
26804	11168_YPDRapa	train
26805	11169_YPDRapa	train
26806	11170_YPDRapa	train
26807	11171_YPDRapa	train
26808	11172_YPDRapa	train
26809	11173_YPDRapa	train
26810	11174_YPDRapa	train
26811	11175_YPDRapa	train
26812	11176_YPDRapa	train
26813	11177_YPDRapa	train
26814	11178_YPDRapa	train
26815	11179_YPDRapa	train
26816	11180_YPDRapa	train
26817	11181_YPDRapa	train
26818	11182_YPDRapa	train
26819	11183_YPDRapa	train
26820	11184_YPDRapa	train
26821	11185_YPDRapa	train
26822	11186_YPDRapa	train
26823	11187_YPDRapa	train
26824	11188_YPDRapa	train
26825	11189_YPDRapa	train
26826	11190_YPDRapa	train
26827	11191_YPDRapa	train
26828	11192_YPDRapa	train
26829	11193_YPDRapa	train
26830	11194_YPDRapa	validation
26831	11195_YPDRapa	train
26832	11196_YPDRapa	train
26833	11197_YPDRapa	train
26834	11198_YPDRapa	train
26835	11199_YPDRapa	train
26836	11200_YPDRapa	train
26837	11201_YPDRapa	train
26838	11202_YPDRapa	train
26839	11203_YPDRapa	validation
26840	11204_YPDRapa	train
26841	11205_YPDRapa	train
26842	11206_YPDRapa	train
26843	11207_YPDRapa	train
26844	11208_YPDRapa	train
26845	11209_YPDRapa	train
26846	11210_YPDRapa	train
26847	11211_YPDRapa	train
26848	11212_YPDRapa	train
26849	11213_YPDRapa	train
26850	11214_YPDRapa	train
26851	11215_YPDRapa	train
26852	11216_YPDRapa	train
26853	11217_YPDRapa	train
26854	11218_YPDRapa	train
26855	11219_YPDRapa	train
26856	11220_YPDRapa	train
26857	11221_YPDRapa	validation
26858	11222_YPDRapa	train
26859	11223_YPDRapa	train
26860	11224_YPDRapa	train
26861	11225_YPDRapa	train
26862	11226_YPDRapa	train
26863	11227_YPDRapa	train
26864	11228_YPDRapa	train
26865	11229_YPDRapa	train
26866	11230_YPDRapa	train
26867	11231_YPDRapa	train
26868	11232_YPDRapa	train
26869	11233_YPDRapa	train
26870	11234_YPDRapa	validation
26871	11235_YPDRapa	train
26872	11236_YPDRapa	train
26873	11237_YPDRapa	train
26874	11238_YPDRapa	train
26875	11239_YPDRapa	train
26876	11240_YPDRapa	train
26877	11241_YPDRapa	train
26878	11242_YPDRapa	train
26879	11243_YPDRapa	train
26880	11244_YPDRapa	train
26881	11245_YPDRapa	train
26882	11246_YPDRapa	train
26883	11247_YPDRapa	train
26884	11248_YPDRapa	train
26885	11249_YPDRapa	train
26886	11250_YPDRapa	train
26887	11251_YPDRapa	train
26888	11252_YPDRapa	train
26889	11253_YPDRapa	train
26890	11254_YPDRapa	train
26891	11255_YPDRapa	train
26892	11256_YPDRapa	train
26893	11257_YPDRapa	train
26894	11258_YPDRapa	train
26895	11259_YPDRapa	train
26896	11260_YPDRapa	train
26897	11261_YPDRapa	train
26898	11262_YPDRapa	train
26899	11263_YPDRapa	train
26900	11264_YPDRapa	train
26901	11265_YPDRapa	train
26902	11266_YPDRapa	train
26903	11267_YPDRapa	validation
26904	11268_YPDRapa	train
26905	11269_YPDRapa	train
26906	11270_YPDRapa	train
26907	11271_YPDRapa	train
26908	11272_YPDRapa	train
26909	11273_YPDRapa	train
26910	11274_YPDRapa	validation
26911	11275_YPDRapa	train
26912	11276_YPDRapa	train
26913	11277_YPDRapa	train
26914	11278_YPDRapa	train
26915	11279_YPDRapa	train
26916	11280_YPDRapa	train
26917	11281_YPDRapa	train
26918	11282_YPDRapa	train
26919	11283_YPDRapa	validation
26920	11284_YPDRapa	train
26921	11285_YPDRapa	train
26922	11286_YPDRapa	train
26923	11287_YPDRapa	train
26924	11288_YPDRapa	train
26925	11289_YPDRapa	train
26926	11290_YPDRapa	train
26927	11291_YPDRapa	train
26928	11292_YPDRapa	train
26929	11293_YPDRapa	train
26930	11294_YPDRapa	train
26931	11295_YPDRapa	train
26932	11296_YPDRapa	train
26933	11297_YPDRapa	validation
26934	11298_YPDRapa	train
26935	11299_YPDRapa	train
26936	11300_YPDRapa	train
26937	11301_YPDRapa	train
26938	11302_YPDRapa	train
26939	11303_YPDRapa	train
26940	11304_YPDRapa	train
26941	11305_YPDRapa	train
26942	11306_YPDRapa	train
26943	11307_YPDRapa	train
26944	11308_YPDRapa	train
26945	11309_YPDRapa	train
26946	11310_YPDRapa	train
26947	11311_YPDRapa	train
26948	11312_YPDRapa	train
26949	11313_YPDRapa	train
26950	11314_YPDRapa	train
26951	11315_YPDRapa	train
26952	11316_YPDRapa	train
26953	11317_YPDRapa	train
26954	11318_YPDRapa	train
26955	11319_YPDRapa	train
26956	11320_YPDRapa	train
26957	11321_YPDRapa	train
26958	11322_YPDRapa	train
26959	11323_YPDRapa	train
26960	11324_YPDRapa	train
26961	11325_YPDRapa	train
26962	11326_YPDRapa	train
26963	11327_YPDRapa	train
26964	11328_YPDRapa	train
26965	11329_YPDRapa	train
26966	11330_YPDRapa	train
26967	11331_YPDRapa	validation
26968	11332_YPDRapa	train
26969	11333_YPDRapa	train
26970	11334_YPDRapa	train
26971	11335_YPDRapa	train
26972	11336_YPDRapa	train
26973	11337_YPDRapa	train
26974	11338_YPDRapa	train
26975	11339_YPDRapa	train
26976	11340_YPDRapa	train
26977	11341_YPDRapa	train
26978	11342_YPDRapa	train
26979	11343_YPDRapa	train
26980	11344_YPDRapa	train
26981	11345_YPDRapa	train
26982	11346_YPDRapa	train
26983	11347_YPDRapa	train
26984	11348_YPDRapa	train
26985	11349_YPDRapa	train
26986	11350_YPDRapa	train
26987	11351_YPDRapa	train
26988	11352_YPDRapa	train
26989	11353_YPDRapa	train
26990	11354_YPDRapa	train
26991	11355_YPDRapa	train
26992	11356_YPDRapa	train
26993	11357_YPDRapa	validation
26994	11358_YPDRapa	train
26995	11359_YPDRapa	train
26996	11360_YPDRapa	train
26997	11361_YPDRapa	train
26998	11362_YPDRapa	train
26999	11363_YPDRapa	train
27000	11364_YPDRapa	train
27001	11365_YPDRapa	train
27002	11366_YPDRapa	train
27003	11367_YPDRapa	train
27004	11368_YPDRapa	train
27005	11369_YPDRapa	train
27006	11370_YPDRapa	train
27007	11371_YPDRapa	train
27008	11372_YPDRapa	train
27009	11373_YPDRapa	train
27010	11374_YPDRapa	train
27011	11375_YPDRapa	train
27012	11376_YPDRapa	train
27013	11377_YPDRapa	train
27014	11378_YPDRapa	train
27015	11379_YPDRapa	train
27016	11380_YPDRapa	train
27017	11381_YPDRapa	train
27018	11382_YPDRapa	train
27019	11383_YPDRapa	train
27020	11384_YPDRapa	train
27021	11385_YPDRapa	train
27022	11386_YPDRapa	train
27023	11387_YPDRapa	train
27024	11388_YPDRapa	train
27025	11389_YPDRapa	train
27026	11390_YPDRapa	train
27027	11391_YPDRapa	train
27028	11392_YPDRapa	train
27029	11393_YPDRapa	train
27030	11394_YPDRapa	train
27031	11395_YPDRapa	train
27032	11396_YPDRapa	train
27033	11397_YPDRapa	train
27034	11398_YPDRapa	train
27035	11399_YPDRapa	train
27036	11400_YPDRapa	train
27037	11401_YPDRapa	train
27038	11402_YPDRapa	train
27039	11403_YPDRapa	train
27040	11404_YPDRapa	train
27041	11405_YPDRapa	train
27042	11406_YPDRapa	train
27043	11407_YPDRapa	train
27044	11408_YPDRapa	train
27045	11409_YPDRapa	train
27046	11410_YPDRapa	train
27047	11411_YPDRapa	train
27048	11412_YPDRapa	train
27049	11413_YPDRapa	train
27050	11414_YPDRapa	train
27051	11415_YPDRapa	train
27052	11416_YPDRapa	train
27053	11417_YPDRapa	train
27054	11418_YPDRapa	train
27055	11419_YPDRapa	train
27056	11420_YPDRapa	train
27057	11421_YPDRapa	train
27058	11422_YPDRapa	train
27059	11423_YPDRapa	train
27060	11424_YPDRapa	train
27061	11425_YPDRapa	train
27062	11426_YPDRapa	train
27063	11427_YPDRapa	train
27064	11428_YPDRapa	train
27065	11429_YPDRapa	train
27066	11430_YPDRapa	train
27067	11431_YPDRapa	train
27068	11432_YPDRapa	train
27069	11433_YPDRapa	train
27070	11434_YPDRapa	train
27071	11435_YPDRapa	train
27072	11436_YPDRapa	train
27073	11437_YPDRapa	train
27074	11438_YPDRapa	train
27075	11439_YPDRapa	train
27076	11440_YPDRapa	train
27077	11441_YPDRapa	train
27078	11442_YPDRapa	train
27079	11443_YPDRapa	train
27080	11444_YPDRapa	train
27081	11445_YPDRapa	train
27082	11446_YPDRapa	train
27083	11447_YPDRapa	train
27084	11448_YPDRapa	train
27085	11449_YPDRapa	train
27086	11450_YPDRapa	train
27087	11451_YPDRapa	train
27088	11452_YPDRapa	train
27089	11453_YPDRapa	train
27090	11454_YPDRapa	train
27091	11455_YPDRapa	train
27092	11456_YPDRapa	train
27093	11457_YPDRapa	train
27094	11458_YPDRapa	train
27095	11459_YPDRapa	train
27096	11460_YPDRapa	train
27097	11461_YPDRapa	train
27098	11462_YPDRapa	train
27099	11463_YPDRapa	train
27100	11464_YPDRapa	train
27101	11465_YPDRapa	train
27102	11466_YPDRapa	train
27103	11467_YPDRapa	train
27104	11468_YPDRapa	train
27105	11469_YPDRapa	train
27106	11470_YPDRapa	train
27107	11471_YPDRapa	train
27108	11472_YPDRapa	train
27109	11473_YPDRapa	train
27110	11474_YPDRapa	train
27111	11475_YPDRapa	train
27112	11476_YPDRapa	train
27113	11477_YPDRapa	train
27114	11478_YPDRapa	train
27115	11479_YPDRapa	train
27116	11480_YPDRapa	train
27117	11481_YPDRapa	train
27118	11482_YPDRapa	train
27119	11483_YPDRapa	train
27120	11484_YPDRapa	train
27121	11485_YPDRapa	train
27122	11486_YPDRapa	validation
27123	11487_YPDRapa	train
27124	11488_YPDRapa	train
27125	11489_YPDRapa	train
27126	11490_YPDRapa	train
27127	11491_YPDRapa	train
27128	11492_YPDRapa	train
27129	11493_YPDRapa	train
27130	11494_YPDRapa	train
27131	11495_YPDRapa	train
27132	11496_YPDRapa	train
27133	11497_YPDRapa	train
27134	11498_YPDRapa	train
27135	11499_YPDRapa	train
27136	11500_YPDRapa	train
27137	11501_YPDRapa	train
27138	11502_YPDRapa	train
27139	11503_YPDRapa	train
27140	11504_YPDRapa	train
27141	11505_YPDRapa	train
27142	11506_YPDRapa	train
27143	11507_YPDRapa	train
27144	11508_YPDRapa	train
27145	11509_YPDRapa	train
27146	11510_YPDRapa	train
27147	11511_YPDRapa	train
27148	11512_YPDRapa	train
27149	11513_YPDRapa	train
27150	11514_YPDRapa	train
27151	11515_YPDRapa	train
27152	11516_YPDRapa	train
27153	11517_YPDRapa	train
27154	11518_YPDRapa	train
27155	11519_YPDRapa	train
27156	11520_YPDRapa	train
27157	11521_YPDRapa	train
27158	11522_YPDRapa	train
27159	11523_YPDRapa	train
27160	11524_YPDRapa	train
27161	11525_YPDRapa	train
27162	11526_YPDRapa	train
27163	11527_YPDRapa	train
27164	11528_YPDRapa	train
27165	11529_YPDRapa	train
27166	11530_YPDRapa	train
27167	11531_YPDRapa	train
27168	11532_YPDRapa	train
27169	11533_YPDRapa	train
27170	11534_YPDRapa	train
27171	11535_YPDRapa	train
27172	11536_YPDRapa	train
27173	11537_YPDRapa	train
27174	11538_YPDRapa	train
27175	11539_YPDRapa	train
27176	11540_YPDRapa	train
27177	11541_YPDRapa	train
27178	11542_YPDRapa	train
27179	11543_YPDRapa	train
27180	11544_YPDRapa	train
27181	11545_YPDRapa	train
27182	11546_YPDRapa	train
27183	11547_YPDRapa	train
27184	11548_YPDRapa	train
27185	11549_YPDRapa	train
27186	11550_YPDRapa	train
27187	11551_YPDRapa	train
27188	11552_YPDRapa	train
27189	11553_YPDRapa	train
27190	11554_YPDRapa	train
27191	11555_YPDRapa	train
27192	11556_YPDRapa	validation
27193	11557_YPDRapa	train
27194	11558_YPDRapa	train
27195	11559_YPDRapa	train
27196	11560_YPDRapa	train
27197	11561_YPDRapa	train
27198	11562_YPDRapa	train
27199	11563_YPDRapa	train
27200	11564_YPDRapa	train
27201	11565_YPDRapa	train
27202	11566_YPDRapa	train
27203	11567_YPDRapa	train
27204	11568_YPDRapa	train
27205	11569_YPDRapa	train
27206	11570_YPDRapa	train
27207	11571_YPDRapa	train
27208	11572_YPDRapa	train
27209	11573_YPDRapa	train
27210	11574_YPDRapa	train
27211	11575_YPDRapa	train
27212	11576_YPDRapa	train
27213	11577_YPDRapa	train
27214	11578_YPDRapa	train
27215	11579_YPDRapa	train
27216	11580_YPDRapa	train
27217	11581_YPDRapa	train
27218	11582_YPDRapa	train
27219	11583_YPDRapa	train
27220	11584_YPDRapa	train
27221	11585_YPDRapa	train
27222	11586_YPDRapa	train
27223	11587_YPDRapa	train
27224	11588_YPDRapa	validation
27225	11589_YPDRapa	train
27226	11590_YPDRapa	train
27227	11591_YPDRapa	train
27228	11592_YPDRapa	train
27229	11593_YPDRapa	train
27230	11594_YPDRapa	train
27231	11595_YPDRapa	train
27232	11596_YPDRapa	train
27233	11597_YPDRapa	train
27234	11598_YPDRapa	train
27235	11599_YPDRapa	train
27236	11600_YPDRapa	train
27237	11601_YPDRapa	train
27238	11602_YPDRapa	validation
27239	11603_YPDRapa	train
27240	11604_YPDRapa	train
27241	11605_YPDRapa	train
27242	11606_YPDRapa	train
27243	11607_YPDRapa	validation
27244	11608_YPDRapa	train
27245	11609_YPDRapa	train
27246	11610_YPDRapa	train
27247	11611_YPDRapa	train
27248	11612_YPDRapa	train
27249	11613_YPDRapa	train
27250	11614_YPDRapa	train
27251	11615_YPDRapa	train
27252	11616_YPDRapa	train
27253	11617_YPDRapa	train
27254	11618_YPDRapa	train
27255	11619_YPDRapa	train
27256	11620_YPDRapa	train
27257	11621_YPDRapa	train
27258	11622_YPDRapa	train
27259	11623_YPDRapa	train
27260	11624_YPDRapa	train
27261	11625_YPDRapa	train
27262	11626_YPDRapa	train
27263	11627_YPDRapa	train
27264	11628_YPDRapa	train
27265	11629_YPDRapa	train
27266	11630_YPDRapa	train
27267	11631_YPDRapa	train
27268	11632_YPDRapa	train
27269	11633_YPDRapa	train
27270	11634_YPDRapa	train
27271	11635_YPDRapa	train
27272	11636_YPDRapa	train
27273	11637_YPDRapa	train
27274	11638_YPDRapa	train
27275	11639_YPDRapa	train
27276	11640_YPDRapa	train
27277	11641_YPDRapa	train
27278	11642_YPDRapa	train
27279	11643_YPDRapa	train
27280	11644_YPDRapa	train
27281	11645_YPDRapa	train
27282	11646_YPDRapa	train
27283	11647_YPDRapa	train
27284	11648_YPDRapa	train
27285	11649_YPDRapa	train
27286	11650_YPDRapa	validation
27287	11651_YPDRapa	train
27288	11652_YPDRapa	train
27289	11653_YPDRapa	train
27290	11654_YPDRapa	train
27291	11655_YPDRapa	train
27292	11656_YPDRapa	train
27293	11657_YPDRapa	train
27294	11658_YPDRapa	train
27295	11659_YPDRapa	train
27296	11660_YPDRapa	train
27297	11661_YPDRapa	train
27298	11662_YPDRapa	train
27299	11663_YPDRapa	train
27300	11664_YPDRapa	train
27301	11665_YPDRapa	train
27302	11666_YPDRapa	train
27303	11667_YPDRapa	train
27304	11668_YPDRapa	train
27305	11669_YPDRapa	train
27306	11670_YPDRapa	train
27307	11671_YPDRapa	train
27308	11672_YPDRapa	train
27309	11673_YPDRapa	train
27310	11674_YPDRapa	train
27311	11675_YPDRapa	validation
27312	11676_YPDRapa	train
27313	11677_YPDRapa	train
27314	11678_YPDRapa	train
27315	11679_YPDRapa	train
27316	11680_YPDRapa	train
27317	11681_YPDRapa	train
27318	11682_YPDRapa	train
27319	11683_YPDRapa	train
27320	11684_YPDRapa	train
27321	11685_YPDRapa	train
27322	11686_YPDRapa	train
27323	11687_YPDRapa	train
27324	11688_YPDRapa	train
27325	11689_YPDRapa	train
27326	11690_YPDRapa	train
27327	11691_YPDRapa	train
27328	11692_YPDRapa	train
27329	11693_YPDRapa	train
27330	11694_YPDRapa	train
27331	11695_YPDRapa	train
27332	11696_YPDRapa	train
27333	11697_YPDRapa	train
27334	11698_YPDRapa	train
27335	11699_YPDRapa	train
27336	11700_YPDRapa	train
27337	11701_YPDRapa	train
27338	11702_YPDRapa	train
27339	11703_YPDRapa	train
27340	11704_YPDRapa	train
27341	11705_YPDRapa	train
27342	11706_YPDRapa	train
27343	11707_YPDRapa	train
27344	11708_YPDRapa	train
27345	11709_YPDRapa	train
27346	11710_YPDRapa	train
27347	11711_YPDRapa	train
27348	11712_YPDRapa	train
27349	11713_YPDRapa	train
27350	11714_YPDRapa	train
27351	11715_YPDRapa	train
27352	11716_YPDRapa	train
27353	11717_YPDRapa	validation
27354	11718_YPDRapa	train
27355	11719_YPDRapa	train
27356	11720_YPDRapa	train
27357	11721_YPDRapa	train
27358	11722_YPDRapa	train
27359	11723_YPDRapa	train
27360	11724_YPDRapa	train
27361	11725_YPDRapa	train
27362	11726_YPDRapa	train
27363	11727_YPDRapa	validation
27364	11728_YPDRapa	train
27365	11729_YPDRapa	train
27366	11730_YPDRapa	train
27367	11731_YPDRapa	train
27368	11732_YPDRapa	train
27369	11733_YPDRapa	train
27370	11734_YPDRapa	train
27371	11735_YPDRapa	train
27372	11736_YPDRapa	train
27373	11737_YPDRapa	train
27374	11738_YPDRapa	train
27375	11739_YPDRapa	train
27376	11740_YPDRapa	train
27377	11741_YPDRapa	validation
27378	11742_YPDRapa	train
27379	11743_YPDRapa	train
27380	11744_YPDRapa	train
27381	11745_YPDRapa	train
27382	11746_YPDRapa	train
27383	11747_YPDRapa	train
27384	11748_YPDRapa	train
27385	11749_YPDRapa	train
27386	11750_YPDRapa	train
27387	11751_YPDRapa	train
27388	11752_YPDRapa	train
27389	11753_YPDRapa	train
27390	11754_YPDRapa	train
27391	11755_YPDRapa	train
27392	11756_YPDRapa	train
27393	11757_YPDRapa	train
27394	11758_YPDRapa	train
27395	11759_YPDRapa	train
27396	11760_YPDRapa	train
27397	11761_YPDRapa	train
27398	11762_YPDRapa	train
27399	11763_YPDRapa	train
27400	11764_YPDRapa	train
27401	11765_YPDRapa	train
27402	11766_YPDRapa	train
27403	11767_YPDRapa	train
27404	11768_YPDRapa	train
27405	11769_YPDRapa	train
27406	11770_YPDRapa	train
27407	11771_YPDRapa	train
27408	11772_YPDRapa	train
27409	11773_YPDRapa	train
27410	11774_YPDRapa	train
27411	11775_YPDRapa	train
27412	11776_YPDRapa	train
27413	11777_YPDRapa	train
27414	11778_YPDRapa	train
27415	11779_YPDRapa	train
27416	11780_YPDRapa	validation
27417	11781_YPDRapa	train
27418	11782_YPDRapa	train
27419	11783_YPDRapa	train
27420	11784_YPDRapa	validation
27421	11785_YPDRapa	train
27422	11786_YPDRapa	train
27423	11787_YPDRapa	train
27424	11788_YPDRapa	train
27425	11789_YPDRapa	train
27426	11790_YPDRapa	train
27427	11791_YPDRapa	train
27428	11792_YPDRapa	train
27429	11793_YPDRapa	train
27430	11794_YPDRapa	validation
27431	11795_YPDRapa	train
27432	11796_YPDRapa	train
27433	11797_YPDRapa	train
27434	11798_YPDRapa	train
27435	11799_YPDRapa	train
27436	11800_YPDRapa	train
27437	11801_YPDRapa	train
27438	11802_YPDRapa	train
27439	11803_YPDRapa	train
27440	11804_YPDRapa	train
27441	11805_YPDRapa	train
27442	1_CStarve	train
27443	2_CStarve	train
27444	3_CStarve	train
27445	4_CStarve	train
27446	5_CStarve	train
27447	6_CStarve	train
27448	7_CStarve	train
27449	8_CStarve	train
27450	9_CStarve	train
27451	10_CStarve	train
27452	11_CStarve	train
27453	12_CStarve	train
27454	13_CStarve	train
27455	14_CStarve	train
27456	15_CStarve	train
27457	16_CStarve	train
27458	17_CStarve	train
27459	18_CStarve	train
27460	19_CStarve	train
27461	20_CStarve	train
27462	21_CStarve	train
27463	22_CStarve	validation
27464	23_CStarve	validation
27465	24_CStarve	train
27466	25_CStarve	train
27467	26_CStarve	train
27468	27_CStarve	train
27469	28_CStarve	train
27470	29_CStarve	train
27471	30_CStarve	train
27472	31_CStarve	train
27473	32_CStarve	train
27474	33_CStarve	train
27475	34_CStarve	train
27476	35_CStarve	train
27477	36_CStarve	train
27478	37_CStarve	train
27479	38_CStarve	train
27480	39_CStarve	train
27481	40_CStarve	train
27482	41_CStarve	train
27483	42_CStarve	train
27484	43_CStarve	train
27485	44_CStarve	train
27486	45_CStarve	train
27487	46_CStarve	train
27488	47_CStarve	train
27489	48_CStarve	train
27490	49_CStarve	train
27491	50_CStarve	train
27492	51_CStarve	validation
27493	52_CStarve	train
27494	53_CStarve	train
27495	54_CStarve	train
27496	55_CStarve	train
27497	56_CStarve	train
27498	57_CStarve	train
27499	58_CStarve	validation
27500	59_CStarve	train
27501	60_CStarve	train
27502	61_CStarve	train
27503	62_CStarve	train
27504	63_CStarve	train
27505	64_CStarve	train
27506	65_CStarve	train
27507	66_CStarve	train
27508	67_CStarve	train
27509	68_CStarve	train
27510	69_CStarve	train
27511	70_CStarve	train
27512	71_CStarve	train
27513	72_CStarve	train
27514	73_CStarve	train
27515	74_CStarve	train
27516	75_CStarve	train
27517	76_CStarve	train
27518	77_CStarve	train
27519	78_CStarve	train
27520	79_CStarve	train
27521	80_CStarve	train
27522	81_CStarve	train
27523	82_CStarve	train
27524	83_CStarve	train
27525	84_CStarve	train
27526	85_CStarve	train
27527	86_CStarve	train
27528	87_CStarve	train
27529	88_CStarve	train
27530	89_CStarve	train
27531	90_CStarve	train
27532	91_CStarve	train
27533	92_CStarve	train
27534	93_CStarve	train
27535	94_CStarve	train
27536	95_CStarve	train
27537	96_CStarve	train
27538	97_CStarve	train
27539	98_CStarve	train
27540	99_CStarve	train
27541	100_CStarve	train
27542	101_CStarve	train
27543	102_CStarve	train
27544	103_CStarve	train
27545	104_CStarve	train
27546	105_CStarve	train
27547	106_CStarve	train
27548	107_CStarve	train
27549	108_CStarve	train
27550	109_CStarve	train
27551	110_CStarve	train
27552	111_CStarve	train
27553	112_CStarve	train
27554	113_CStarve	train
27555	114_CStarve	validation
27556	115_CStarve	train
27557	116_CStarve	train
27558	117_CStarve	train
27559	118_CStarve	train
27560	119_CStarve	train
27561	120_CStarve	train
27562	121_CStarve	train
27563	122_CStarve	train
27564	123_CStarve	train
27565	124_CStarve	train
27566	125_CStarve	train
27567	126_CStarve	train
27568	127_CStarve	train
27569	128_CStarve	train
27570	129_CStarve	train
27571	130_CStarve	train
27572	131_CStarve	train
27573	132_CStarve	train
27574	133_CStarve	train
27575	134_CStarve	train
27576	135_CStarve	train
27577	136_CStarve	train
27578	137_CStarve	train
27579	138_CStarve	validation
27580	139_CStarve	train
27581	140_CStarve	train
27582	141_CStarve	train
27583	142_CStarve	train
27584	143_CStarve	train
27585	144_CStarve	train
27586	145_CStarve	train
27587	146_CStarve	train
27588	147_CStarve	train
27589	148_CStarve	train
27590	149_CStarve	validation
27591	150_CStarve	train
27592	151_CStarve	train
27593	152_CStarve	train
27594	153_CStarve	train
27595	154_CStarve	train
27596	155_CStarve	train
27597	156_CStarve	train
27598	157_CStarve	train
27599	158_CStarve	train
27600	159_CStarve	train
27601	160_CStarve	train
27602	161_CStarve	train
27603	162_CStarve	train
27604	163_CStarve	train
27605	164_CStarve	train
27606	165_CStarve	train
27607	166_CStarve	train
27608	167_CStarve	train
27609	168_CStarve	train
27610	169_CStarve	train
27611	170_CStarve	validation
27612	171_CStarve	train
27613	172_CStarve	validation
27614	173_CStarve	train
27615	174_CStarve	validation
27616	175_CStarve	validation
27617	176_CStarve	train
27618	177_CStarve	train
27619	178_CStarve	train
27620	179_CStarve	train
27621	180_CStarve	train
27622	181_CStarve	train
27623	182_CStarve	train
27624	183_CStarve	train
27625	184_CStarve	validation
27626	185_CStarve	train
27627	186_CStarve	train
27628	187_CStarve	train
27629	188_CStarve	train
27630	189_CStarve	train
27631	190_CStarve	train
27632	191_CStarve	train
27633	192_CStarve	train
27634	193_CStarve	train
27635	194_CStarve	train
27636	195_CStarve	train
27637	196_CStarve	train
27638	197_CStarve	train
27639	198_CStarve	train
27640	199_CStarve	train
27641	200_CStarve	train
27642	201_CStarve	train
27643	202_CStarve	train
27644	203_CStarve	train
27645	204_CStarve	train
27646	205_CStarve	train
27647	206_CStarve	train
27648	207_CStarve	train
27649	208_CStarve	train
27650	209_CStarve	train
27651	210_CStarve	train
27652	211_CStarve	train
27653	212_CStarve	train
27654	213_CStarve	train
27655	214_CStarve	train
27656	215_CStarve	train
27657	216_CStarve	train
27658	217_CStarve	train
27659	218_CStarve	train
27660	219_CStarve	train
27661	220_CStarve	train
27662	221_CStarve	train
27663	222_CStarve	train
27664	223_CStarve	train
27665	224_CStarve	train
27666	225_CStarve	train
27667	226_CStarve	train
27668	227_CStarve	train
27669	228_CStarve	train
27670	229_CStarve	train
27671	230_CStarve	train
27672	231_CStarve	train
27673	232_CStarve	train
27674	233_CStarve	train
27675	234_CStarve	train
27676	235_CStarve	train
27677	236_CStarve	train
27678	237_CStarve	train
27679	238_CStarve	train
27680	239_CStarve	validation
27681	240_CStarve	train
27682	241_CStarve	train
27683	242_CStarve	train
27684	243_CStarve	train
27685	244_CStarve	train
27686	245_CStarve	train
27687	246_CStarve	train
27688	247_CStarve	train
27689	248_CStarve	train
27690	249_CStarve	train
27691	250_CStarve	train
27692	251_CStarve	train
27693	252_CStarve	train
27694	253_CStarve	train
27695	254_CStarve	validation
27696	255_CStarve	train
27697	256_CStarve	train
27698	257_CStarve	train
27699	258_CStarve	train
27700	259_CStarve	train
27701	260_CStarve	train
27702	261_CStarve	train
27703	262_CStarve	train
27704	263_CStarve	train
27705	264_CStarve	train
27706	265_CStarve	train
27707	266_CStarve	train
27708	267_CStarve	train
27709	268_CStarve	train
27710	269_CStarve	train
27711	270_CStarve	train
27712	271_CStarve	train
27713	272_CStarve	train
27714	273_CStarve	train
27715	274_CStarve	train
27716	275_CStarve	train
27717	276_CStarve	train
27718	277_CStarve	train
27719	278_CStarve	train
27720	279_CStarve	train
27721	280_CStarve	train
27722	281_CStarve	train
27723	282_CStarve	train
27724	283_CStarve	train
27725	284_CStarve	train
27726	285_CStarve	train
27727	286_CStarve	train
27728	287_CStarve	train
27729	288_CStarve	train
27730	289_CStarve	train
27731	290_CStarve	validation
27732	291_CStarve	train
27733	292_CStarve	train
27734	293_CStarve	train
27735	294_CStarve	train
27736	295_CStarve	train
27737	296_CStarve	train
27738	297_CStarve	validation
27739	298_CStarve	train
27740	299_CStarve	train
27741	300_CStarve	train
27742	301_CStarve	validation
27743	302_CStarve	train
27744	303_CStarve	train
27745	304_CStarve	train
27746	305_CStarve	train
27747	306_CStarve	train
27748	307_CStarve	validation
27749	308_CStarve	train
27750	309_CStarve	train
27751	310_CStarve	train
27752	311_CStarve	train
27753	312_CStarve	train
27754	313_CStarve	train
27755	314_CStarve	train
27756	315_CStarve	train
27757	316_CStarve	train
27758	317_CStarve	train
27759	318_CStarve	train
27760	319_CStarve	train
27761	320_CStarve	train
27762	321_CStarve	train
27763	322_CStarve	train
27764	323_CStarve	train
27765	324_CStarve	train
27766	325_CStarve	train
27767	326_CStarve	train
27768	327_CStarve	train
27769	328_CStarve	validation
27770	329_CStarve	train
27771	330_CStarve	train
27772	331_CStarve	validation
27773	332_CStarve	train
27774	333_CStarve	train
27775	334_CStarve	train
27776	335_CStarve	train
27777	336_CStarve	train
27778	337_CStarve	train
27779	338_CStarve	train
27780	339_CStarve	train
27781	340_CStarve	train
27782	341_CStarve	train
27783	342_CStarve	train
27784	343_CStarve	train
27785	344_CStarve	train
27786	345_CStarve	train
27787	346_CStarve	train
27788	347_CStarve	train
27789	348_CStarve	train
27790	349_CStarve	train
27791	350_CStarve	train
27792	351_CStarve	train
27793	352_CStarve	train
27794	353_CStarve	train
27795	354_CStarve	train
27796	355_CStarve	train
27797	356_CStarve	train
27798	357_CStarve	train
27799	358_CStarve	train
27800	359_CStarve	train
27801	360_CStarve	train
27802	361_CStarve	train
27803	362_CStarve	train
27804	363_CStarve	train
27805	364_CStarve	train
27806	365_CStarve	train
27807	366_CStarve	train
27808	367_CStarve	train
27809	368_CStarve	train
27810	369_CStarve	train
27811	370_CStarve	train
27812	371_CStarve	train
27813	372_CStarve	validation
27814	373_CStarve	train
27815	374_CStarve	train
27816	375_CStarve	train
27817	376_CStarve	train
27818	377_CStarve	validation
27819	378_CStarve	train
27820	379_CStarve	train
27821	380_CStarve	train
27822	381_CStarve	train
27823	382_CStarve	train
27824	383_CStarve	train
27825	384_CStarve	train
27826	385_CStarve	validation
27827	386_CStarve	train
27828	387_CStarve	train
27829	388_CStarve	train
27830	389_CStarve	train
27831	390_CStarve	train
27832	391_CStarve	train
27833	392_CStarve	validation
27834	393_CStarve	train
27835	394_CStarve	validation
27836	395_CStarve	train
27837	396_CStarve	train
27838	397_CStarve	train
27839	398_CStarve	train
27840	399_CStarve	train
27841	400_CStarve	train
27842	401_CStarve	train
27843	402_CStarve	train
27844	403_CStarve	train
27845	404_CStarve	validation
27846	405_CStarve	train
27847	406_CStarve	train
27848	407_CStarve	train
27849	408_CStarve	train
27850	409_CStarve	train
27851	410_CStarve	train
27852	411_CStarve	train
27853	412_CStarve	train
27854	413_CStarve	validation
27855	414_CStarve	train
27856	415_CStarve	train
27857	416_CStarve	train
27858	417_CStarve	train
27859	418_CStarve	train
27860	419_CStarve	train
27861	420_CStarve	train
27862	421_CStarve	train
27863	422_CStarve	train
27864	423_CStarve	train
27865	424_CStarve	train
27866	425_CStarve	train
27867	426_CStarve	train
27868	427_CStarve	train
27869	428_CStarve	train
27870	429_CStarve	train
27871	430_CStarve	train
27872	431_CStarve	train
27873	432_CStarve	train
27874	433_CStarve	train
27875	434_CStarve	train
27876	435_CStarve	train
27877	436_CStarve	train
27878	437_CStarve	train
27879	438_CStarve	train
27880	439_CStarve	train
27881	440_CStarve	train
27882	441_CStarve	train
27883	442_CStarve	validation
27884	443_CStarve	train
27885	444_CStarve	train
27886	445_CStarve	train
27887	446_CStarve	train
27888	447_CStarve	train
27889	448_CStarve	train
27890	449_CStarve	train
27891	450_CStarve	train
27892	451_CStarve	train
27893	452_CStarve	train
27894	453_CStarve	train
27895	454_CStarve	train
27896	455_CStarve	train
27897	456_CStarve	train
27898	457_CStarve	train
27899	458_CStarve	train
27900	459_CStarve	train
27901	460_CStarve	train
27902	461_CStarve	train
27903	462_CStarve	train
27904	463_CStarve	train
27905	464_CStarve	train
27906	465_CStarve	train
27907	466_CStarve	train
27908	467_CStarve	train
27909	468_CStarve	train
27910	469_CStarve	train
27911	470_CStarve	train
27912	471_CStarve	train
27913	472_CStarve	train
27914	473_CStarve	validation
27915	474_CStarve	train
27916	475_CStarve	train
27917	476_CStarve	train
27918	477_CStarve	train
27919	478_CStarve	train
27920	479_CStarve	train
27921	480_CStarve	train
27922	481_CStarve	train
27923	482_CStarve	train
27924	483_CStarve	validation
27925	484_CStarve	train
27926	485_CStarve	train
27927	486_CStarve	train
27928	487_CStarve	validation
27929	488_CStarve	train
27930	489_CStarve	train
27931	490_CStarve	train
27932	491_CStarve	train
27933	492_CStarve	train
27934	493_CStarve	train
27935	494_CStarve	train
27936	495_CStarve	train
27937	496_CStarve	train
27938	497_CStarve	train
27939	498_CStarve	train
27940	499_CStarve	train
27941	500_CStarve	train
27942	501_CStarve	train
27943	502_CStarve	train
27944	503_CStarve	train
27945	504_CStarve	train
27946	505_CStarve	train
27947	506_CStarve	train
27948	507_CStarve	train
27949	508_CStarve	train
27950	509_CStarve	train
27951	510_CStarve	train
27952	511_CStarve	train
27953	512_CStarve	validation
27954	513_CStarve	train
27955	514_CStarve	train
27956	515_CStarve	train
27957	516_CStarve	train
27958	517_CStarve	train
27959	518_CStarve	validation
27960	519_CStarve	train
27961	520_CStarve	train
27962	521_CStarve	train
27963	522_CStarve	validation
27964	523_CStarve	train
27965	524_CStarve	train
27966	525_CStarve	train
27967	526_CStarve	train
27968	527_CStarve	train
27969	528_CStarve	train
27970	529_CStarve	train
27971	530_CStarve	validation
27972	531_CStarve	train
27973	532_CStarve	train
27974	533_CStarve	train
27975	534_CStarve	train
27976	535_CStarve	train
27977	536_CStarve	train
27978	537_CStarve	train
27979	538_CStarve	train
27980	539_CStarve	train
27981	540_CStarve	train
27982	541_CStarve	train
27983	542_CStarve	train
27984	543_CStarve	train
27985	544_CStarve	train
27986	545_CStarve	train
27987	546_CStarve	train
27988	547_CStarve	train
27989	548_CStarve	train
27990	549_CStarve	train
27991	550_CStarve	train
27992	551_CStarve	validation
27993	552_CStarve	train
27994	553_CStarve	train
27995	554_CStarve	train
27996	555_CStarve	train
27997	556_CStarve	train
27998	557_CStarve	train
27999	558_CStarve	train
28000	559_CStarve	train
28001	560_CStarve	train
28002	561_CStarve	train
28003	562_CStarve	train
28004	563_CStarve	train
28005	564_CStarve	train
28006	565_CStarve	train
28007	566_CStarve	train
28008	567_CStarve	train
28009	568_CStarve	validation
28010	569_CStarve	train
28011	570_CStarve	train
28012	571_CStarve	train
28013	572_CStarve	train
28014	573_CStarve	train
28015	574_CStarve	train
28016	575_CStarve	validation
28017	576_CStarve	train
28018	577_CStarve	train
28019	578_CStarve	train
28020	579_CStarve	train
28021	580_CStarve	train
28022	581_CStarve	train
28023	582_CStarve	train
28024	583_CStarve	train
28025	584_CStarve	train
28026	585_CStarve	validation
28027	586_CStarve	train
28028	587_CStarve	train
28029	588_CStarve	train
28030	589_CStarve	train
28031	590_CStarve	train
28032	591_CStarve	train
28033	592_CStarve	train
28034	593_CStarve	train
28035	594_CStarve	train
28036	595_CStarve	train
28037	596_CStarve	validation
28038	597_CStarve	train
28039	598_CStarve	train
28040	599_CStarve	train
28041	600_CStarve	train
28042	601_CStarve	train
28043	602_CStarve	train
28044	603_CStarve	train
28045	604_CStarve	train
28046	605_CStarve	train
28047	606_CStarve	train
28048	607_CStarve	train
28049	608_CStarve	train
28050	609_CStarve	train
28051	610_CStarve	train
28052	611_CStarve	train
28053	612_CStarve	train
28054	613_CStarve	train
28055	614_CStarve	train
28056	615_CStarve	train
28057	616_CStarve	train
28058	617_CStarve	train
28059	618_CStarve	validation
28060	619_CStarve	train
28061	620_CStarve	train
28062	621_CStarve	validation
28063	622_CStarve	train
28064	623_CStarve	train
28065	624_CStarve	train
28066	625_CStarve	train
28067	626_CStarve	train
28068	627_CStarve	train
28069	628_CStarve	train
28070	629_CStarve	train
28071	630_CStarve	train
28072	631_CStarve	train
28073	632_CStarve	train
28074	633_CStarve	train
28075	634_CStarve	train
28076	635_CStarve	train
28077	636_CStarve	train
28078	637_CStarve	train
28079	638_CStarve	train
28080	639_CStarve	train
28081	640_CStarve	train
28082	641_CStarve	train
28083	642_CStarve	train
28084	643_CStarve	train
28085	644_CStarve	train
28086	645_CStarve	train
28087	646_CStarve	train
28088	647_CStarve	train
28089	648_CStarve	train
28090	649_CStarve	train
28091	650_CStarve	validation
28092	651_CStarve	train
28093	652_CStarve	train
28094	653_CStarve	train
28095	654_CStarve	train
28096	655_CStarve	train
28097	656_CStarve	train
28098	657_CStarve	validation
28099	658_CStarve	train
28100	659_CStarve	train
28101	660_CStarve	train
28102	661_CStarve	train
28103	662_CStarve	train
28104	663_CStarve	train
28105	664_CStarve	train
28106	665_CStarve	train
28107	666_CStarve	train
28108	667_CStarve	train
28109	668_CStarve	train
28110	669_CStarve	train
28111	670_CStarve	train
28112	671_CStarve	train
28113	672_CStarve	train
28114	673_CStarve	train
28115	674_CStarve	train
28116	675_CStarve	train
28117	676_CStarve	train
28118	677_CStarve	train
28119	678_CStarve	train
28120	679_CStarve	train
28121	680_CStarve	train
28122	681_CStarve	train
28123	682_CStarve	train
28124	683_CStarve	train
28125	684_CStarve	train
28126	685_CStarve	train
28127	686_CStarve	train
28128	687_CStarve	train
28129	688_CStarve	train
28130	689_CStarve	validation
28131	690_CStarve	train
28132	691_CStarve	train
28133	692_CStarve	train
28134	693_CStarve	train
28135	694_CStarve	train
28136	695_CStarve	train
28137	696_CStarve	train
28138	697_CStarve	train
28139	698_CStarve	train
28140	699_CStarve	train
28141	700_CStarve	train
28142	701_CStarve	train
28143	702_CStarve	train
28144	703_CStarve	train
28145	704_CStarve	train
28146	705_CStarve	train
28147	706_CStarve	train
28148	707_CStarve	train
28149	708_CStarve	train
28150	709_CStarve	train
28151	710_CStarve	train
28152	711_CStarve	train
28153	712_CStarve	train
28154	713_CStarve	train
28155	714_CStarve	train
28156	715_CStarve	train
28157	716_CStarve	train
28158	717_CStarve	train
28159	718_CStarve	train
28160	719_CStarve	train
28161	720_CStarve	train
28162	721_CStarve	train
28163	722_CStarve	train
28164	723_CStarve	train
28165	724_CStarve	train
28166	725_CStarve	train
28167	726_CStarve	train
28168	727_CStarve	train
28169	728_CStarve	train
28170	729_CStarve	train
28171	730_CStarve	train
28172	731_CStarve	train
28173	732_CStarve	train
28174	733_CStarve	train
28175	734_CStarve	train
28176	735_CStarve	train
28177	736_CStarve	train
28178	737_CStarve	train
28179	738_CStarve	train
28180	739_CStarve	train
28181	740_CStarve	train
28182	741_CStarve	train
28183	742_CStarve	train
28184	743_CStarve	train
28185	744_CStarve	train
28186	745_CStarve	train
28187	746_CStarve	train
28188	747_CStarve	train
28189	748_CStarve	validation
28190	749_CStarve	validation
28191	750_CStarve	train
28192	751_CStarve	train
28193	752_CStarve	validation
28194	753_CStarve	train
28195	754_CStarve	train
28196	755_CStarve	train
28197	756_CStarve	train
28198	757_CStarve	train
28199	758_CStarve	train
28200	759_CStarve	train
28201	760_CStarve	train
28202	761_CStarve	train
28203	762_CStarve	train
28204	763_CStarve	train
28205	764_CStarve	train
28206	765_CStarve	train
28207	766_CStarve	train
28208	767_CStarve	train
28209	768_CStarve	train
28210	769_CStarve	train
28211	770_CStarve	train
28212	771_CStarve	train
28213	772_CStarve	train
28214	773_CStarve	train
28215	774_CStarve	train
28216	775_CStarve	train
28217	776_CStarve	train
28218	777_CStarve	train
28219	778_CStarve	train
28220	779_CStarve	train
28221	780_CStarve	train
28222	781_CStarve	train
28223	782_CStarve	train
28224	783_CStarve	train
28225	784_CStarve	train
28226	785_CStarve	train
28227	786_CStarve	train
28228	787_CStarve	train
28229	788_CStarve	train
28230	789_CStarve	train
28231	790_CStarve	train
28232	791_CStarve	train
28233	792_CStarve	train
28234	793_CStarve	train
28235	794_CStarve	train
28236	795_CStarve	train
28237	796_CStarve	train
28238	797_CStarve	train
28239	798_CStarve	train
28240	799_CStarve	train
28241	800_CStarve	train
28242	801_CStarve	train
28243	802_CStarve	train
28244	803_CStarve	train
28245	804_CStarve	train
28246	805_CStarve	train
28247	806_CStarve	train
28248	807_CStarve	train
28249	808_CStarve	train
28250	809_CStarve	train
28251	810_CStarve	train
28252	811_CStarve	train
28253	812_CStarve	train
28254	813_CStarve	train
28255	814_CStarve	train
28256	815_CStarve	train
28257	816_CStarve	train
28258	817_CStarve	train
28259	818_CStarve	train
28260	819_CStarve	train
28261	820_CStarve	train
28262	821_CStarve	train
28263	822_CStarve	train
28264	823_CStarve	train
28265	824_CStarve	train
28266	825_CStarve	validation
28267	826_CStarve	train
28268	827_CStarve	train
28269	828_CStarve	train
28270	829_CStarve	train
28271	830_CStarve	train
28272	831_CStarve	train
28273	832_CStarve	train
28274	833_CStarve	train
28275	834_CStarve	train
28276	835_CStarve	train
28277	836_CStarve	train
28278	837_CStarve	train
28279	838_CStarve	train
28280	839_CStarve	train
28281	840_CStarve	train
28282	841_CStarve	train
28283	842_CStarve	train
28284	843_CStarve	train
28285	844_CStarve	validation
28286	845_CStarve	train
28287	846_CStarve	train
28288	847_CStarve	validation
28289	848_CStarve	train
28290	849_CStarve	train
28291	850_CStarve	train
28292	851_CStarve	train
28293	852_CStarve	train
28294	853_CStarve	train
28295	854_CStarve	train
28296	855_CStarve	train
28297	856_CStarve	train
28298	857_CStarve	train
28299	858_CStarve	train
28300	859_CStarve	train
28301	860_CStarve	validation
28302	861_CStarve	validation
28303	862_CStarve	train
28304	863_CStarve	train
28305	864_CStarve	train
28306	865_CStarve	train
28307	866_CStarve	train
28308	867_CStarve	train
28309	868_CStarve	train
28310	869_CStarve	train
28311	870_CStarve	train
28312	871_CStarve	train
28313	872_CStarve	train
28314	873_CStarve	train
28315	874_CStarve	train
28316	875_CStarve	train
28317	876_CStarve	train
28318	877_CStarve	train
28319	878_CStarve	train
28320	879_CStarve	train
28321	880_CStarve	train
28322	881_CStarve	train
28323	882_CStarve	train
28324	883_CStarve	validation
28325	884_CStarve	train
28326	885_CStarve	train
28327	886_CStarve	train
28328	887_CStarve	train
28329	888_CStarve	train
28330	889_CStarve	train
28331	890_CStarve	train
28332	891_CStarve	train
28333	892_CStarve	train
28334	893_CStarve	train
28335	894_CStarve	train
28336	895_CStarve	train
28337	896_CStarve	train
28338	897_CStarve	train
28339	898_CStarve	train
28340	899_CStarve	train
28341	900_CStarve	train
28342	901_CStarve	train
28343	902_CStarve	train
28344	903_CStarve	train
28345	904_CStarve	train
28346	905_CStarve	train
28347	906_CStarve	train
28348	907_CStarve	train
28349	908_CStarve	train
28350	909_CStarve	train
28351	910_CStarve	train
28352	911_CStarve	train
28353	912_CStarve	train
28354	913_CStarve	train
28355	914_CStarve	train
28356	915_CStarve	train
28357	916_CStarve	train
28358	917_CStarve	train
28359	918_CStarve	train
28360	919_CStarve	train
28361	920_CStarve	train
28362	921_CStarve	train
28363	922_CStarve	train
28364	923_CStarve	train
28365	924_CStarve	train
28366	925_CStarve	train
28367	926_CStarve	validation
28368	927_CStarve	train
28369	928_CStarve	train
28370	929_CStarve	train
28371	930_CStarve	train
28372	931_CStarve	train
28373	932_CStarve	train
28374	933_CStarve	train
28375	934_CStarve	train
28376	935_CStarve	train
28377	936_CStarve	validation
28378	937_CStarve	train
28379	938_CStarve	train
28380	939_CStarve	train
28381	940_CStarve	train
28382	941_CStarve	train
28383	942_CStarve	train
28384	943_CStarve	train
28385	944_CStarve	train
28386	945_CStarve	train
28387	946_CStarve	train
28388	947_CStarve	train
28389	948_CStarve	train
28390	949_CStarve	train
28391	950_CStarve	train
28392	951_CStarve	validation
28393	952_CStarve	train
28394	953_CStarve	train
28395	954_CStarve	train
28396	955_CStarve	train
28397	956_CStarve	train
28398	957_CStarve	train
28399	958_CStarve	train
28400	959_CStarve	validation
28401	960_CStarve	train
28402	961_CStarve	train
28403	962_CStarve	train
28404	963_CStarve	train
28405	964_CStarve	train
28406	965_CStarve	train
28407	966_CStarve	validation
28408	967_CStarve	train
28409	968_CStarve	train
28410	969_CStarve	train
28411	970_CStarve	train
28412	971_CStarve	train
28413	972_CStarve	train
28414	973_CStarve	train
28415	974_CStarve	validation
28416	975_CStarve	train
28417	976_CStarve	train
28418	977_CStarve	train
28419	978_CStarve	train
28420	979_CStarve	train
28421	980_CStarve	train
28422	981_CStarve	train
28423	982_CStarve	train
28424	983_CStarve	train
28425	984_CStarve	train
28426	985_CStarve	train
28427	986_CStarve	train
28428	987_CStarve	train
28429	988_CStarve	train
28430	989_CStarve	train
28431	990_CStarve	train
28432	991_CStarve	train
28433	992_CStarve	train
28434	993_CStarve	train
28435	994_CStarve	train
28436	995_CStarve	train
28437	996_CStarve	train
28438	997_CStarve	train
28439	998_CStarve	train
28440	999_CStarve	train
28441	1000_CStarve	train
28442	1001_CStarve	train
28443	1002_CStarve	train
28444	1003_CStarve	train
28445	1004_CStarve	train
28446	1005_CStarve	train
28447	1006_CStarve	train
28448	1007_CStarve	train
28449	1008_CStarve	validation
28450	1009_CStarve	train
28451	1010_CStarve	train
28452	1011_CStarve	train
28453	1012_CStarve	train
28454	1013_CStarve	train
28455	1014_CStarve	validation
28456	1015_CStarve	train
28457	1016_CStarve	train
28458	1017_CStarve	train
28459	1018_CStarve	train
28460	1019_CStarve	train
28461	1020_CStarve	train
28462	1021_CStarve	train
28463	1022_CStarve	train
28464	1023_CStarve	train
28465	1024_CStarve	train
28466	1025_CStarve	train
28467	1026_CStarve	train
28468	1027_CStarve	train
28469	1028_CStarve	train
28470	1029_CStarve	train
28471	1030_CStarve	train
28472	1031_CStarve	train
28473	1032_CStarve	train
28474	1033_CStarve	train
28475	1034_CStarve	train
28476	1035_CStarve	train
28477	1036_CStarve	train
28478	1037_CStarve	train
28479	1038_CStarve	train
28480	1039_CStarve	train
28481	1040_CStarve	train
28482	1041_CStarve	train
28483	1042_CStarve	train
28484	1043_CStarve	train
28485	1044_CStarve	train
28486	1045_CStarve	train
28487	1046_CStarve	train
28488	1047_CStarve	validation
28489	1048_CStarve	train
28490	1049_CStarve	train
28491	1050_CStarve	train
28492	1051_CStarve	train
28493	1052_CStarve	train
28494	1053_CStarve	train
28495	1054_CStarve	train
28496	1055_CStarve	train
28497	1056_CStarve	train
28498	1057_CStarve	train
28499	1058_CStarve	train
28500	1059_CStarve	train
28501	1060_CStarve	train
28502	1061_CStarve	validation
28503	1062_CStarve	train
28504	1063_CStarve	train
28505	1064_CStarve	train
28506	1065_CStarve	train
28507	1066_CStarve	train
28508	1067_CStarve	train
28509	1068_CStarve	train
28510	1069_CStarve	train
28511	1070_CStarve	train
28512	1071_CStarve	train
28513	1072_CStarve	train
28514	1073_CStarve	train
28515	1074_CStarve	validation
28516	1075_CStarve	train
28517	1076_CStarve	train
28518	1077_CStarve	train
28519	1078_CStarve	train
28520	1079_CStarve	train
28521	1080_CStarve	train
28522	1081_CStarve	train
28523	1082_CStarve	validation
28524	1083_CStarve	train
28525	1084_CStarve	train
28526	1085_CStarve	train
28527	1086_CStarve	train
28528	1087_CStarve	train
28529	1088_CStarve	train
28530	1089_CStarve	train
28531	1090_CStarve	train
28532	1091_CStarve	train
28533	1092_CStarve	train
28534	1093_CStarve	train
28535	1094_CStarve	train
28536	1095_CStarve	train
28537	1096_CStarve	train
28538	1097_CStarve	train
28539	1098_CStarve	train
28540	1099_CStarve	train
28541	1100_CStarve	train
28542	1101_CStarve	train
28543	1102_CStarve	validation
28544	1103_CStarve	train
28545	1104_CStarve	train
28546	1105_CStarve	validation
28547	1106_CStarve	train
28548	1107_CStarve	train
28549	1108_CStarve	train
28550	1109_CStarve	train
28551	1110_CStarve	train
28552	1111_CStarve	train
28553	1112_CStarve	train
28554	1113_CStarve	validation
28555	1114_CStarve	train
28556	1115_CStarve	train
28557	1116_CStarve	train
28558	1117_CStarve	train
28559	1118_CStarve	train
28560	1119_CStarve	train
28561	1120_CStarve	train
28562	1121_CStarve	train
28563	1122_CStarve	train
28564	1123_CStarve	train
28565	1124_CStarve	train
28566	1125_CStarve	validation
28567	1126_CStarve	train
28568	1127_CStarve	train
28569	1128_CStarve	train
28570	1129_CStarve	train
28571	1130_CStarve	train
28572	1131_CStarve	train
28573	1132_CStarve	train
28574	1133_CStarve	train
28575	1134_CStarve	train
28576	1135_CStarve	train
28577	1136_CStarve	train
28578	1137_CStarve	train
28579	1138_CStarve	train
28580	1139_CStarve	train
28581	1140_CStarve	train
28582	1141_CStarve	train
28583	1142_CStarve	train
28584	1143_CStarve	train
28585	1144_CStarve	train
28586	1145_CStarve	train
28587	1146_CStarve	train
28588	1147_CStarve	train
28589	1148_CStarve	train
28590	1149_CStarve	train
28591	1150_CStarve	train
28592	1151_CStarve	train
28593	1152_CStarve	train
28594	1153_CStarve	train
28595	1154_CStarve	train
28596	1155_CStarve	train
28597	1156_CStarve	train
28598	1157_CStarve	train
28599	1158_CStarve	train
28600	1159_CStarve	train
28601	1160_CStarve	validation
28602	1161_CStarve	train
28603	1162_CStarve	train
28604	1163_CStarve	train
28605	1164_CStarve	train
28606	1165_CStarve	train
28607	1166_CStarve	train
28608	1167_CStarve	train
28609	1168_CStarve	train
28610	1169_CStarve	train
28611	1170_CStarve	train
28612	1171_CStarve	train
28613	1172_CStarve	train
28614	1173_CStarve	train
28615	1174_CStarve	train
28616	1175_CStarve	train
28617	1176_CStarve	train
28618	1177_CStarve	train
28619	1178_CStarve	train
28620	1179_CStarve	train
28621	1180_CStarve	train
28622	1181_CStarve	train
28623	1182_CStarve	train
28624	1183_CStarve	train
28625	1184_CStarve	train
28626	1185_CStarve	train
28627	1186_CStarve	train
28628	1187_CStarve	validation
28629	1188_CStarve	train
28630	1189_CStarve	train
28631	1190_CStarve	train
28632	1191_CStarve	train
28633	1192_CStarve	train
28634	1193_CStarve	train
28635	1194_CStarve	train
28636	1195_CStarve	train
28637	1196_CStarve	train
28638	1197_CStarve	train
28639	1198_CStarve	train
28640	1199_CStarve	train
28641	1200_CStarve	train
28642	1201_CStarve	train
28643	1202_CStarve	train
28644	1203_CStarve	train
28645	1204_CStarve	train
28646	1205_CStarve	train
28647	1206_CStarve	train
28648	1207_CStarve	train
28649	1208_CStarve	train
28650	1209_CStarve	train
28651	1210_CStarve	validation
28652	1211_CStarve	train
28653	1212_CStarve	train
28654	1213_CStarve	train
28655	1214_CStarve	train
28656	1215_CStarve	train
28657	1216_CStarve	train
28658	1217_CStarve	train
28659	1218_CStarve	train
28660	1219_CStarve	train
28661	1220_CStarve	train
28662	1221_CStarve	train
28663	1222_CStarve	train
28664	1223_CStarve	train
28665	1224_CStarve	train
28666	1225_CStarve	train
28667	1226_CStarve	train
28668	1227_CStarve	train
28669	1228_CStarve	train
28670	1229_CStarve	train
28671	1230_CStarve	train
28672	1231_CStarve	train
28673	1232_CStarve	train
28674	1233_CStarve	train
28675	1234_CStarve	train
28676	1235_CStarve	train
28677	1236_CStarve	train
28678	1237_CStarve	train
28679	1238_CStarve	train
28680	1239_CStarve	train
28681	1240_CStarve	train
28682	1241_CStarve	validation
28683	1242_CStarve	train
28684	1243_CStarve	train
28685	1244_CStarve	train
28686	1245_CStarve	train
28687	1246_CStarve	train
28688	1247_CStarve	train
28689	1248_CStarve	train
28690	1249_CStarve	train
28691	1250_CStarve	train
28692	1251_CStarve	train
28693	1252_CStarve	train
28694	1253_CStarve	validation
28695	1254_CStarve	train
28696	1255_CStarve	train
28697	1256_CStarve	train
28698	1257_CStarve	train
28699	1258_CStarve	train
28700	1259_CStarve	train
28701	1260_CStarve	train
28702	1261_CStarve	train
28703	1262_CStarve	train
28704	1263_CStarve	train
28705	1264_CStarve	validation
28706	1265_CStarve	train
28707	1266_CStarve	validation
28708	1267_CStarve	train
28709	1268_CStarve	train
28710	1269_CStarve	train
28711	1270_CStarve	train
28712	1271_CStarve	train
28713	1272_CStarve	train
28714	1273_CStarve	train
28715	1274_CStarve	train
28716	1275_CStarve	train
28717	1276_CStarve	train
28718	1277_CStarve	train
28719	1278_CStarve	train
28720	1279_CStarve	validation
28721	1280_CStarve	train
28722	1281_CStarve	train
28723	1282_CStarve	train
28724	1283_CStarve	train
28725	1284_CStarve	train
28726	1285_CStarve	train
28727	1286_CStarve	train
28728	1287_CStarve	train
28729	1288_CStarve	train
28730	1289_CStarve	train
28731	1290_CStarve	train
28732	1291_CStarve	train
28733	1292_CStarve	train
28734	1293_CStarve	train
28735	1294_CStarve	train
28736	1295_CStarve	train
28737	1296_CStarve	train
28738	1297_CStarve	train
28739	1298_CStarve	train
28740	1299_CStarve	train
28741	1300_CStarve	train
28742	1301_CStarve	train
28743	1302_CStarve	train
28744	1303_CStarve	train
28745	1304_CStarve	train
28746	1305_CStarve	train
28747	1306_CStarve	train
28748	1307_CStarve	train
28749	1308_CStarve	train
28750	1309_CStarve	train
28751	1310_CStarve	train
28752	1311_CStarve	train
28753	1312_CStarve	train
28754	1313_CStarve	train
28755	1314_CStarve	train
28756	1315_CStarve	train
28757	1316_CStarve	train
28758	1317_CStarve	train
28759	1318_CStarve	train
28760	1319_CStarve	train
28761	1320_CStarve	train
28762	1321_CStarve	train
28763	1322_CStarve	train
28764	1323_CStarve	train
28765	1324_CStarve	train
28766	1325_CStarve	train
28767	1326_CStarve	train
28768	1327_CStarve	train
28769	1328_CStarve	train
28770	1329_CStarve	train
28771	1330_CStarve	train
28772	1331_CStarve	train
28773	1332_CStarve	train
28774	1333_CStarve	train
28775	1334_CStarve	train
28776	1335_CStarve	train
28777	1336_CStarve	train
28778	1337_CStarve	train
28779	1338_CStarve	train
28780	1339_CStarve	train
28781	1340_CStarve	train
28782	1341_CStarve	train
28783	1342_CStarve	train
28784	1343_CStarve	train
28785	1344_CStarve	train
28786	1345_CStarve	train
28787	1346_CStarve	train
28788	1347_CStarve	validation
28789	1348_CStarve	train
28790	1349_CStarve	train
28791	1350_CStarve	train
28792	1351_CStarve	train
28793	1352_CStarve	train
28794	1353_CStarve	train
28795	1354_CStarve	train
28796	1355_CStarve	train
28797	1356_CStarve	train
28798	1357_CStarve	train
28799	1358_CStarve	train
28800	1359_CStarve	validation
28801	1360_CStarve	train
28802	1361_CStarve	train
28803	1362_CStarve	train
28804	1363_CStarve	train
28805	1364_CStarve	train
28806	1365_CStarve	train
28807	1366_CStarve	train
28808	1367_CStarve	train
28809	1368_CStarve	train
28810	1369_CStarve	train
28811	1370_CStarve	train
28812	1371_CStarve	train
28813	1372_CStarve	train
28814	1373_CStarve	train
28815	1374_CStarve	train
28816	1375_CStarve	validation
28817	1376_CStarve	train
28818	1377_CStarve	train
28819	1378_CStarve	train
28820	1379_CStarve	validation
28821	1380_CStarve	train
28822	1381_CStarve	train
28823	1382_CStarve	train
28824	1383_CStarve	train
28825	1384_CStarve	train
28826	1385_CStarve	train
28827	1386_CStarve	train
28828	1387_CStarve	train
28829	1388_CStarve	train
28830	1389_CStarve	train
28831	1390_CStarve	train
28832	1391_CStarve	train
28833	1392_CStarve	train
28834	1393_CStarve	validation
28835	1394_CStarve	validation
28836	1395_CStarve	train
28837	1396_CStarve	train
28838	1397_CStarve	train
28839	1398_CStarve	train
28840	1399_CStarve	train
28841	1400_CStarve	train
28842	1401_CStarve	train
28843	1402_CStarve	train
28844	1403_CStarve	train
28845	1404_CStarve	train
28846	1405_CStarve	train
28847	1406_CStarve	train
28848	1407_CStarve	train
28849	1408_CStarve	train
28850	1409_CStarve	train
28851	1410_CStarve	train
28852	1411_CStarve	train
28853	1412_CStarve	train
28854	1413_CStarve	train
28855	1414_CStarve	train
28856	1415_CStarve	train
28857	1416_CStarve	train
28858	1417_CStarve	train
28859	1418_CStarve	train
28860	1419_CStarve	validation
28861	1420_CStarve	train
28862	1421_CStarve	train
28863	1422_CStarve	train
28864	1423_CStarve	train
28865	1424_CStarve	train
28866	1425_CStarve	train
28867	1426_CStarve	train
28868	1427_CStarve	train
28869	1428_CStarve	train
28870	1429_CStarve	train
28871	1430_CStarve	train
28872	1431_CStarve	train
28873	1432_CStarve	train
28874	1433_CStarve	train
28875	1434_CStarve	train
28876	1435_CStarve	train
28877	1436_CStarve	train
28878	1437_CStarve	train
28879	1438_CStarve	train
28880	1439_CStarve	train
28881	1440_CStarve	train
28882	1441_CStarve	train
28883	1442_CStarve	train
28884	1443_CStarve	train
28885	1444_CStarve	train
28886	1445_CStarve	train
28887	1446_CStarve	train
28888	1447_CStarve	train
28889	1448_CStarve	train
28890	1449_CStarve	train
28891	1450_CStarve	train
28892	1451_CStarve	train
28893	1452_CStarve	train
28894	1453_CStarve	train
28895	1454_CStarve	train
28896	1455_CStarve	train
28897	1456_CStarve	train
28898	1457_CStarve	train
28899	1458_CStarve	train
28900	1459_CStarve	train
28901	1460_CStarve	train
28902	1461_CStarve	train
28903	1462_CStarve	train
28904	1463_CStarve	train
28905	1464_CStarve	train
28906	1465_CStarve	train
28907	1466_CStarve	train
28908	1467_CStarve	train
28909	1468_CStarve	train
28910	1469_CStarve	train
28911	1470_CStarve	train
28912	1471_CStarve	train
28913	1472_CStarve	train
28914	1473_CStarve	train
28915	1474_CStarve	train
28916	1475_CStarve	train
28917	1476_CStarve	train
28918	1477_CStarve	train
28919	1478_CStarve	train
28920	1479_CStarve	train
28921	1480_CStarve	train
28922	1481_CStarve	train
28923	1482_CStarve	train
28924	1483_CStarve	train
28925	1484_CStarve	train
28926	1485_CStarve	train
28927	1486_CStarve	train
28928	1487_CStarve	train
28929	1488_CStarve	train
28930	1489_CStarve	train
28931	1490_CStarve	train
28932	1491_CStarve	train
28933	1492_CStarve	train
28934	1493_CStarve	train
28935	1494_CStarve	train
28936	1495_CStarve	train
28937	1496_CStarve	train
28938	1497_CStarve	train
28939	1498_CStarve	train
28940	1499_CStarve	train
28941	1500_CStarve	train
28942	1501_CStarve	train
28943	1502_CStarve	train
28944	1503_CStarve	train
28945	1504_CStarve	train
28946	1505_CStarve	train
28947	1506_CStarve	train
28948	1507_CStarve	train
28949	1508_CStarve	train
28950	1509_CStarve	train
28951	1510_CStarve	train
28952	1511_CStarve	train
28953	1512_CStarve	train
28954	1513_CStarve	train
28955	1514_CStarve	train
28956	1515_CStarve	train
28957	1516_CStarve	train
28958	1517_CStarve	train
28959	1518_CStarve	train
28960	1519_CStarve	train
28961	1520_CStarve	train
28962	1521_CStarve	train
28963	1522_CStarve	train
28964	1523_CStarve	train
28965	1524_CStarve	train
28966	1525_CStarve	train
28967	1526_CStarve	train
28968	1527_CStarve	train
28969	1528_CStarve	train
28970	1529_CStarve	train
28971	1530_CStarve	train
28972	1531_CStarve	train
28973	1532_CStarve	train
28974	1533_CStarve	train
28975	1534_CStarve	train
28976	1535_CStarve	train
28977	1536_CStarve	train
28978	1537_CStarve	validation
28979	1538_CStarve	train
28980	1539_CStarve	train
28981	1540_CStarve	train
28982	1541_CStarve	train
28983	1542_CStarve	train
28984	1543_CStarve	train
28985	1544_CStarve	train
28986	1545_CStarve	train
28987	1546_CStarve	train
28988	1547_CStarve	train
28989	1548_CStarve	train
28990	1549_CStarve	train
28991	1550_CStarve	train
28992	1551_CStarve	train
28993	1552_CStarve	train
28994	1553_CStarve	train
28995	1554_CStarve	train
28996	1555_CStarve	train
28997	1556_CStarve	train
28998	1557_CStarve	train
28999	1558_CStarve	train
29000	1559_CStarve	train
29001	1560_CStarve	train
29002	1561_CStarve	train
29003	1562_CStarve	train
29004	1563_CStarve	train
29005	1564_CStarve	train
29006	1565_CStarve	train
29007	1566_CStarve	train
29008	1567_CStarve	train
29009	1568_CStarve	validation
29010	1569_CStarve	train
29011	1570_CStarve	train
29012	1571_CStarve	train
29013	1572_CStarve	validation
29014	1573_CStarve	train
29015	1574_CStarve	train
29016	1575_CStarve	train
29017	1576_CStarve	train
29018	1577_CStarve	train
29019	1578_CStarve	train
29020	1579_CStarve	train
29021	1580_CStarve	train
29022	1581_CStarve	train
29023	1582_CStarve	train
29024	1583_CStarve	train
29025	1584_CStarve	train
29026	1585_CStarve	train
29027	1586_CStarve	train
29028	1587_CStarve	train
29029	1588_CStarve	train
29030	1589_CStarve	train
29031	1590_CStarve	train
29032	1591_CStarve	train
29033	1592_CStarve	train
29034	1593_CStarve	train
29035	1594_CStarve	train
29036	1595_CStarve	train
29037	1596_CStarve	train
29038	1597_CStarve	train
29039	1598_CStarve	train
29040	1599_CStarve	train
29041	1600_CStarve	train
29042	1601_CStarve	train
29043	1602_CStarve	train
29044	1603_CStarve	train
29045	1604_CStarve	train
29046	1605_CStarve	train
29047	1606_CStarve	train
29048	1607_CStarve	train
29049	1608_CStarve	train
29050	1609_CStarve	train
29051	1610_CStarve	train
29052	1611_CStarve	train
29053	1612_CStarve	train
29054	1613_CStarve	train
29055	1614_CStarve	train
29056	1615_CStarve	train
29057	1616_CStarve	train
29058	1617_CStarve	train
29059	1618_CStarve	train
29060	1619_CStarve	train
29061	1620_CStarve	train
29062	1621_CStarve	train
29063	1622_CStarve	train
29064	1623_CStarve	train
29065	1624_CStarve	train
29066	1625_CStarve	train
29067	1626_CStarve	train
29068	1627_CStarve	train
29069	1628_CStarve	train
29070	1629_CStarve	validation
29071	1630_CStarve	train
29072	1631_CStarve	validation
29073	1632_CStarve	train
29074	1633_CStarve	train
29075	1634_CStarve	train
29076	1635_CStarve	train
29077	1636_CStarve	train
29078	1637_CStarve	train
29079	1638_CStarve	train
29080	1639_CStarve	train
29081	1640_CStarve	train
29082	1641_CStarve	train
29083	1642_CStarve	train
29084	1643_CStarve	train
29085	1644_CStarve	train
29086	1645_CStarve	train
29087	1646_CStarve	train
29088	1647_CStarve	train
29089	1648_CStarve	train
29090	1649_CStarve	train
29091	1650_CStarve	train
29092	1651_CStarve	train
29093	1652_CStarve	train
29094	1653_CStarve	validation
29095	1654_CStarve	train
29096	1655_CStarve	train
29097	1656_CStarve	train
29098	1657_CStarve	train
29099	1658_CStarve	validation
29100	1659_CStarve	train
29101	1660_CStarve	train
29102	1661_CStarve	train
29103	1662_CStarve	train
29104	1663_CStarve	train
29105	1664_CStarve	train
29106	1665_CStarve	train
29107	1666_CStarve	train
29108	1667_CStarve	train
29109	1668_CStarve	train
29110	1669_CStarve	train
29111	1670_CStarve	train
29112	1671_CStarve	train
29113	1672_CStarve	validation
29114	1673_CStarve	train
29115	1674_CStarve	train
29116	1675_CStarve	train
29117	1676_CStarve	train
29118	1677_CStarve	train
29119	1678_CStarve	train
29120	1679_CStarve	train
29121	1680_CStarve	train
29122	1681_CStarve	train
29123	1682_CStarve	train
29124	1683_CStarve	train
29125	1684_CStarve	train
29126	1685_CStarve	train
29127	1686_CStarve	train
29128	1687_CStarve	train
29129	1688_CStarve	train
29130	1689_CStarve	train
29131	1690_CStarve	train
29132	1691_CStarve	train
29133	1692_CStarve	train
29134	1693_CStarve	train
29135	1694_CStarve	train
29136	1695_CStarve	train
29137	1696_CStarve	train
29138	1697_CStarve	train
29139	1698_CStarve	train
29140	1699_CStarve	train
29141	1700_CStarve	train
29142	1701_CStarve	train
29143	1702_CStarve	train
29144	1703_CStarve	train
29145	1704_CStarve	train
29146	1705_CStarve	train
29147	1706_CStarve	train
29148	1707_CStarve	train
29149	1708_CStarve	train
29150	1709_CStarve	train
29151	1710_CStarve	train
29152	1711_CStarve	train
29153	1712_CStarve	train
29154	1713_CStarve	train
29155	1714_CStarve	train
29156	1715_CStarve	train
29157	1716_CStarve	train
29158	1717_CStarve	validation
29159	1718_CStarve	train
29160	1719_CStarve	train
29161	1720_CStarve	train
29162	1721_CStarve	train
29163	1722_CStarve	train
29164	1723_CStarve	train
29165	1724_CStarve	train
29166	1725_CStarve	train
29167	1726_CStarve	train
29168	1727_CStarve	train
29169	1728_CStarve	train
29170	1729_CStarve	train
29171	1730_CStarve	train
29172	1731_CStarve	train
29173	1732_CStarve	train
29174	1733_CStarve	train
29175	1734_CStarve	train
29176	1735_CStarve	train
29177	1736_CStarve	train
29178	1737_CStarve	train
29179	1738_CStarve	train
29180	1739_CStarve	train
29181	1740_CStarve	validation
29182	1741_CStarve	train
29183	1742_CStarve	train
29184	1743_CStarve	train
29185	1744_CStarve	train
29186	1745_CStarve	train
29187	1746_CStarve	train
29188	1747_CStarve	train
29189	1748_CStarve	train
29190	1749_CStarve	validation
29191	1750_CStarve	validation
29192	1751_CStarve	train
29193	1752_CStarve	train
29194	1753_CStarve	train
29195	1754_CStarve	validation
29196	1755_CStarve	train
29197	1756_CStarve	train
29198	1757_CStarve	train
29199	1758_CStarve	train
29200	1759_CStarve	train
29201	1760_CStarve	train
29202	1761_CStarve	train
29203	1762_CStarve	train
29204	1763_CStarve	train
29205	1764_CStarve	train
29206	1765_CStarve	train
29207	1766_CStarve	train
29208	1767_CStarve	validation
29209	1768_CStarve	train
29210	1769_CStarve	train
29211	1770_CStarve	train
29212	1771_CStarve	train
29213	1772_CStarve	train
29214	1773_CStarve	train
29215	1774_CStarve	train
29216	1775_CStarve	train
29217	1776_CStarve	train
29218	1777_CStarve	train
29219	1778_CStarve	train
29220	1779_CStarve	train
29221	1780_CStarve	train
29222	1781_CStarve	train
29223	1782_CStarve	train
29224	1783_CStarve	train
29225	1784_CStarve	train
29226	1785_CStarve	train
29227	1786_CStarve	train
29228	1787_CStarve	train
29229	1788_CStarve	train
29230	1789_CStarve	train
29231	1790_CStarve	train
29232	1791_CStarve	train
29233	1792_CStarve	train
29234	1793_CStarve	train
29235	1794_CStarve	train
29236	1795_CStarve	train
29237	1796_CStarve	train
29238	1797_CStarve	train
29239	1798_CStarve	validation
29240	1799_CStarve	train
29241	1800_CStarve	train
29242	1801_CStarve	train
29243	1802_CStarve	train
29244	1803_CStarve	train
29245	1804_CStarve	train
29246	1805_CStarve	train
29247	1806_CStarve	train
29248	1807_CStarve	validation
29249	1808_CStarve	train
29250	1809_CStarve	train
29251	1810_CStarve	train
29252	1811_CStarve	train
29253	1812_CStarve	train
29254	1813_CStarve	train
29255	1814_CStarve	train
29256	1815_CStarve	train
29257	1816_CStarve	train
29258	1817_CStarve	train
29259	1818_CStarve	train
29260	1819_CStarve	train
29261	1820_CStarve	train
29262	1821_CStarve	train
29263	1822_CStarve	train
29264	1823_CStarve	train
29265	1824_CStarve	train
29266	1825_CStarve	train
29267	1826_CStarve	train
29268	1827_CStarve	train
29269	1828_CStarve	train
29270	1829_CStarve	train
29271	1830_CStarve	train
29272	1831_CStarve	train
29273	1832_CStarve	train
29274	1833_CStarve	train
29275	1834_CStarve	validation
29276	1835_CStarve	train
29277	1836_CStarve	train
29278	1837_CStarve	validation
29279	1838_CStarve	train
29280	1839_CStarve	train
29281	1840_CStarve	validation
29282	1841_CStarve	train
29283	1842_CStarve	train
29284	1843_CStarve	train
29285	1844_CStarve	train
29286	1845_CStarve	train
29287	1846_CStarve	train
29288	1847_CStarve	train
29289	1848_CStarve	train
29290	1849_CStarve	train
29291	1850_CStarve	train
29292	1851_CStarve	train
29293	1852_CStarve	train
29294	1853_CStarve	train
29295	1854_CStarve	train
29296	1855_CStarve	train
29297	1856_CStarve	train
29298	1857_CStarve	train
29299	1858_CStarve	train
29300	1859_CStarve	train
29301	1860_CStarve	train
29302	1861_CStarve	train
29303	1862_CStarve	train
29304	1863_CStarve	train
29305	1864_CStarve	train
29306	1865_CStarve	train
29307	1866_CStarve	train
29308	1867_CStarve	train
29309	1868_CStarve	train
29310	1869_CStarve	train
29311	1870_CStarve	train
29312	1871_CStarve	train
29313	1872_CStarve	train
29314	1873_CStarve	train
29315	1874_CStarve	train
29316	1875_CStarve	train
29317	1876_CStarve	train
29318	1877_CStarve	train
29319	1878_CStarve	train
29320	1879_CStarve	train
29321	1880_CStarve	train
29322	1881_CStarve	train
29323	1882_CStarve	train
29324	1883_CStarve	train
29325	1884_CStarve	validation
29326	1885_CStarve	train
29327	1886_CStarve	train
29328	1887_CStarve	train
29329	1888_CStarve	train
29330	1889_CStarve	validation
29331	1890_CStarve	train
29332	1891_CStarve	validation
29333	1892_CStarve	train
29334	1893_CStarve	train
29335	1894_CStarve	train
29336	1895_CStarve	train
29337	1896_CStarve	validation
29338	1897_CStarve	train
29339	1898_CStarve	train
29340	1899_CStarve	train
29341	1900_CStarve	train
29342	1901_CStarve	train
29343	1902_CStarve	train
29344	1903_CStarve	train
29345	1904_CStarve	train
29346	1905_CStarve	train
29347	1906_CStarve	train
29348	1907_CStarve	train
29349	1908_CStarve	train
29350	1909_CStarve	train
29351	1910_CStarve	train
29352	1911_CStarve	train
29353	1912_CStarve	train
29354	1913_CStarve	train
29355	1914_CStarve	train
29356	1915_CStarve	train
29357	1916_CStarve	train
29358	1917_CStarve	train
29359	1918_CStarve	train
29360	1919_CStarve	train
29361	1920_CStarve	train
29362	1921_CStarve	train
29363	1922_CStarve	train
29364	1923_CStarve	train
29365	1924_CStarve	train
29366	1925_CStarve	train
29367	1926_CStarve	train
29368	1927_CStarve	train
29369	1928_CStarve	train
29370	1929_CStarve	train
29371	1930_CStarve	train
29372	1931_CStarve	train
29373	1932_CStarve	train
29374	1933_CStarve	train
29375	1934_CStarve	train
29376	1935_CStarve	train
29377	1936_CStarve	train
29378	1937_CStarve	train
29379	1938_CStarve	train
29380	1939_CStarve	train
29381	1940_CStarve	train
29382	1941_CStarve	train
29383	1942_CStarve	train
29384	1943_CStarve	train
29385	1944_CStarve	train
29386	1945_CStarve	train
29387	1946_CStarve	train
29388	1947_CStarve	train
29389	1948_CStarve	train
29390	1949_CStarve	train
29391	1950_CStarve	train
29392	1951_CStarve	train
29393	1952_CStarve	train
29394	1953_CStarve	train
29395	1954_CStarve	train
29396	1955_CStarve	train
29397	1956_CStarve	train
29398	1957_CStarve	train
29399	1958_CStarve	train
29400	1959_CStarve	train
29401	1960_CStarve	train
29402	1961_CStarve	train
29403	1962_CStarve	train
29404	1963_CStarve	train
29405	1964_CStarve	train
29406	1965_CStarve	train
29407	1966_CStarve	train
29408	1967_CStarve	train
29409	1968_CStarve	train
29410	1969_CStarve	train
29411	1970_CStarve	train
29412	1971_CStarve	train
29413	1972_CStarve	train
29414	1973_CStarve	train
29415	1974_CStarve	validation
29416	1975_CStarve	train
29417	1976_CStarve	train
29418	1977_CStarve	train
29419	1978_CStarve	train
29420	1979_CStarve	train
29421	1980_CStarve	train
29422	1981_CStarve	train
29423	1982_CStarve	train
29424	1983_CStarve	train
29425	1984_CStarve	train
29426	1985_CStarve	train
29427	1986_CStarve	train
29428	1987_CStarve	validation
29429	1988_CStarve	train
29430	1989_CStarve	train
29431	1990_CStarve	train
29432	1991_CStarve	train
29433	1992_CStarve	validation
29434	1993_CStarve	train
29435	1994_CStarve	train
29436	1995_CStarve	train
29437	1996_CStarve	train
29438	1997_CStarve	train
29439	1998_CStarve	train
29440	1999_CStarve	train
29441	2000_CStarve	train
29442	2001_CStarve	train
29443	2002_CStarve	train
29444	2003_CStarve	train
29445	2004_CStarve	train
29446	2005_CStarve	train
29447	2006_CStarve	train
29448	2007_CStarve	train
29449	2008_CStarve	train
29450	2009_CStarve	train
29451	2010_CStarve	train
29452	2011_CStarve	train
29453	2012_CStarve	train
29454	2013_CStarve	train
29455	2014_CStarve	train
29456	2015_CStarve	train
29457	2016_CStarve	train
29458	2017_CStarve	train
29459	2018_CStarve	train
29460	2019_CStarve	train
29461	2020_CStarve	train
29462	2021_CStarve	train
29463	2022_CStarve	train
29464	2023_CStarve	train
29465	2024_CStarve	train
29466	2025_CStarve	train
29467	2026_CStarve	train
29468	2027_CStarve	train
29469	2028_CStarve	validation
29470	2029_CStarve	train
29471	2030_CStarve	train
29472	2031_CStarve	train
29473	2032_CStarve	train
29474	2033_CStarve	train
29475	2034_CStarve	train
29476	2035_CStarve	train
29477	2036_CStarve	train
29478	2037_CStarve	train
29479	2038_CStarve	train
29480	2039_CStarve	train
29481	2040_CStarve	train
29482	2041_CStarve	train
29483	2042_CStarve	train
29484	2043_CStarve	train
29485	2044_CStarve	train
29486	2045_CStarve	train
29487	2046_CStarve	train
29488	2047_CStarve	train
29489	2048_CStarve	train
29490	2049_CStarve	train
29491	2050_CStarve	train
29492	2051_CStarve	train
29493	2052_CStarve	train
29494	2053_CStarve	train
29495	2054_CStarve	train
29496	2055_CStarve	train
29497	2056_CStarve	train
29498	2057_CStarve	train
29499	2058_CStarve	train
29500	2059_CStarve	train
29501	2060_CStarve	train
29502	2061_CStarve	train
29503	2062_CStarve	train
29504	2063_CStarve	train
29505	2064_CStarve	train
29506	2065_CStarve	train
29507	2066_CStarve	train
29508	2067_CStarve	train
29509	2068_CStarve	train
29510	2069_CStarve	train
29511	2070_CStarve	train
29512	2071_CStarve	train
29513	2072_CStarve	train
29514	2073_CStarve	train
29515	2074_CStarve	train
29516	2075_CStarve	train
29517	2076_CStarve	train
29518	2077_CStarve	train
29519	2078_CStarve	train
29520	2079_CStarve	train
29521	2080_CStarve	train
29522	2081_CStarve	train
29523	2082_CStarve	train
29524	2083_CStarve	train
29525	2084_CStarve	train
29526	2085_CStarve	train
29527	2086_CStarve	validation
29528	2087_CStarve	train
29529	2088_CStarve	train
29530	2089_CStarve	train
29531	2090_CStarve	train
29532	2091_CStarve	train
29533	2092_CStarve	train
29534	2093_CStarve	train
29535	2094_CStarve	train
29536	2095_CStarve	train
29537	2096_CStarve	train
29538	2097_CStarve	train
29539	2098_CStarve	train
29540	2099_CStarve	train
29541	2100_CStarve	train
29542	2101_CStarve	train
29543	2102_CStarve	train
29544	2103_CStarve	train
29545	2104_CStarve	train
29546	2105_CStarve	train
29547	2106_CStarve	train
29548	2107_CStarve	train
29549	2108_CStarve	train
29550	2109_CStarve	train
29551	2110_CStarve	train
29552	2111_CStarve	train
29553	2112_CStarve	train
29554	2113_CStarve	train
29555	2114_CStarve	train
29556	2115_CStarve	train
29557	2116_CStarve	train
29558	2117_CStarve	train
29559	2118_CStarve	train
29560	2119_CStarve	train
29561	2120_CStarve	train
29562	2121_CStarve	train
29563	2122_CStarve	validation
29564	2123_CStarve	train
29565	2124_CStarve	train
29566	2125_CStarve	train
29567	2126_CStarve	train
29568	2127_CStarve	train
29569	2128_CStarve	train
29570	2129_CStarve	train
29571	2130_CStarve	train
29572	2131_CStarve	train
29573	2132_CStarve	train
29574	2133_CStarve	train
29575	2134_CStarve	train
29576	2135_CStarve	train
29577	2136_CStarve	train
29578	2137_CStarve	train
29579	2138_CStarve	train
29580	2139_CStarve	train
29581	2140_CStarve	train
29582	2141_CStarve	train
29583	2142_CStarve	train
29584	2143_CStarve	train
29585	2144_CStarve	train
29586	2145_CStarve	train
29587	2146_CStarve	train
29588	2147_CStarve	train
29589	2148_CStarve	train
29590	2149_CStarve	train
29591	2150_CStarve	train
29592	2151_CStarve	train
29593	2152_CStarve	train
29594	2153_CStarve	train
29595	2154_CStarve	train
29596	2155_CStarve	train
29597	2156_CStarve	train
29598	2157_CStarve	train
29599	2158_CStarve	train
29600	2159_CStarve	train
29601	2160_CStarve	train
29602	2161_CStarve	validation
29603	2162_CStarve	train
29604	2163_CStarve	train
29605	2164_CStarve	train
29606	2165_CStarve	validation
29607	2166_CStarve	validation
29608	2167_CStarve	validation
29609	2168_CStarve	train
29610	2169_CStarve	train
29611	2170_CStarve	train
29612	2171_CStarve	train
29613	2172_CStarve	train
29614	2173_CStarve	train
29615	2174_CStarve	train
29616	2175_CStarve	train
29617	2176_CStarve	train
29618	2177_CStarve	train
29619	2178_CStarve	train
29620	2179_CStarve	train
29621	2180_CStarve	train
29622	2181_CStarve	train
29623	2182_CStarve	train
29624	2183_CStarve	train
29625	2184_CStarve	train
29626	2185_CStarve	train
29627	2186_CStarve	train
29628	2187_CStarve	train
29629	2188_CStarve	train
29630	2189_CStarve	train
29631	2190_CStarve	train
29632	2191_CStarve	train
29633	2192_CStarve	train
29634	2193_CStarve	train
29635	2194_CStarve	validation
29636	2195_CStarve	train
29637	2196_CStarve	train
29638	2197_CStarve	train
29639	2198_CStarve	train
29640	2199_CStarve	train
29641	2200_CStarve	train
29642	2201_CStarve	train
29643	2202_CStarve	train
29644	2203_CStarve	train
29645	2204_CStarve	train
29646	2205_CStarve	train
29647	2206_CStarve	train
29648	2207_CStarve	train
29649	2208_CStarve	train
29650	2209_CStarve	train
29651	2210_CStarve	train
29652	2211_CStarve	train
29653	2212_CStarve	train
29654	2213_CStarve	train
29655	2214_CStarve	train
29656	2215_CStarve	train
29657	2216_CStarve	train
29658	2217_CStarve	train
29659	2218_CStarve	train
29660	2219_CStarve	train
29661	2220_CStarve	train
29662	2221_CStarve	train
29663	2222_CStarve	train
29664	2223_CStarve	train
29665	2224_CStarve	train
29666	2225_CStarve	train
29667	2226_CStarve	train
29668	2227_CStarve	train
29669	2228_CStarve	train
29670	2229_CStarve	train
29671	2230_CStarve	train
29672	2231_CStarve	train
29673	2232_CStarve	validation
29674	2233_CStarve	train
29675	2234_CStarve	train
29676	2235_CStarve	train
29677	2236_CStarve	train
29678	2237_CStarve	train
29679	2238_CStarve	train
29680	2239_CStarve	train
29681	2240_CStarve	train
29682	2241_CStarve	train
29683	2242_CStarve	train
29684	2243_CStarve	train
29685	2244_CStarve	train
29686	2245_CStarve	train
29687	2246_CStarve	train
29688	2247_CStarve	train
29689	2248_CStarve	train
29690	2249_CStarve	train
29691	2250_CStarve	train
29692	2251_CStarve	train
29693	2252_CStarve	train
29694	2253_CStarve	train
29695	2254_CStarve	train
29696	2255_CStarve	train
29697	2256_CStarve	train
29698	2257_CStarve	train
29699	2258_CStarve	train
29700	2259_CStarve	train
29701	2260_CStarve	train
29702	2261_CStarve	train
29703	2262_CStarve	train
29704	2263_CStarve	train
29705	2264_CStarve	train
29706	2265_CStarve	train
29707	2266_CStarve	train
29708	2267_CStarve	train
29709	2268_CStarve	train
29710	2269_CStarve	train
29711	2270_CStarve	train
29712	2271_CStarve	train
29713	2272_CStarve	train
29714	2273_CStarve	train
29715	2274_CStarve	train
29716	2275_CStarve	train
29717	2276_CStarve	validation
29718	2277_CStarve	train
29719	2278_CStarve	train
29720	2279_CStarve	train
29721	2280_CStarve	train
29722	2281_CStarve	train
29723	2282_CStarve	train
29724	2283_CStarve	train
29725	2284_CStarve	train
29726	2285_CStarve	train
29727	2286_CStarve	train
29728	2287_CStarve	train
29729	2288_CStarve	train
29730	2289_CStarve	train
29731	2290_CStarve	train
29732	2291_CStarve	validation
29733	2292_CStarve	train
29734	2293_CStarve	train
29735	2294_CStarve	train
29736	2295_CStarve	train
29737	2296_CStarve	train
29738	2297_CStarve	train
29739	2298_CStarve	train
29740	2299_CStarve	train
29741	2300_CStarve	train
29742	2301_CStarve	train
29743	2302_CStarve	train
29744	2303_CStarve	train
29745	2304_CStarve	train
29746	2305_CStarve	train
29747	2306_CStarve	train
29748	2307_CStarve	train
29749	2308_CStarve	train
29750	2309_CStarve	train
29751	2310_CStarve	train
29752	2311_CStarve	validation
29753	2312_CStarve	train
29754	2313_CStarve	train
29755	2314_CStarve	train
29756	2315_CStarve	train
29757	2316_CStarve	train
29758	2317_CStarve	train
29759	2318_CStarve	train
29760	2319_CStarve	train
29761	2320_CStarve	train
29762	2321_CStarve	train
29763	2322_CStarve	train
29764	2323_CStarve	train
29765	2324_CStarve	train
29766	2325_CStarve	train
29767	2326_CStarve	train
29768	2327_CStarve	train
29769	2328_CStarve	train
29770	2329_CStarve	train
29771	2330_CStarve	train
29772	2331_CStarve	train
29773	2332_CStarve	train
29774	2333_CStarve	train
29775	2334_CStarve	train
29776	2335_CStarve	train
29777	2336_CStarve	train
29778	2337_CStarve	train
29779	2338_CStarve	validation
29780	2339_CStarve	train
29781	2340_CStarve	train
29782	2341_CStarve	train
29783	2342_CStarve	train
29784	2343_CStarve	train
29785	2344_CStarve	train
29786	2345_CStarve	train
29787	2346_CStarve	train
29788	2347_CStarve	train
29789	2348_CStarve	train
29790	2349_CStarve	train
29791	2350_CStarve	train
29792	2351_CStarve	train
29793	2352_CStarve	train
29794	2353_CStarve	train
29795	2354_CStarve	train
29796	2355_CStarve	train
29797	2356_CStarve	train
29798	2357_CStarve	train
29799	2358_CStarve	train
29800	2359_CStarve	train
29801	2360_CStarve	train
29802	2361_CStarve	train
29803	2362_CStarve	train
29804	2363_CStarve	train
29805	2364_CStarve	train
29806	2365_CStarve	train
29807	2366_CStarve	train
29808	2367_CStarve	train
29809	2368_CStarve	validation
29810	2369_CStarve	train
29811	2370_CStarve	train
29812	2371_CStarve	train
29813	2372_CStarve	train
29814	2373_CStarve	train
29815	2374_CStarve	train
29816	2375_CStarve	train
29817	2376_CStarve	validation
29818	2377_CStarve	train
29819	2378_CStarve	train
29820	2379_CStarve	train
29821	2380_CStarve	train
29822	2381_CStarve	train
29823	2382_CStarve	validation
29824	2383_CStarve	train
29825	2384_CStarve	train
29826	2385_CStarve	train
29827	2386_CStarve	train
29828	2387_CStarve	validation
29829	2388_CStarve	train
29830	2389_CStarve	train
29831	2390_CStarve	train
29832	2391_CStarve	train
29833	2392_CStarve	train
29834	2393_CStarve	train
29835	2394_CStarve	train
29836	2395_CStarve	train
29837	2396_CStarve	train
29838	2397_CStarve	train
29839	2398_CStarve	train
29840	2399_CStarve	validation
29841	2400_CStarve	train
29842	2401_CStarve	train
29843	2402_CStarve	train
29844	2403_CStarve	train
29845	2404_CStarve	train
29846	2405_CStarve	train
29847	2406_CStarve	train
29848	2407_CStarve	train
29849	2408_CStarve	train
29850	2409_CStarve	train
29851	2410_CStarve	train
29852	2411_CStarve	train
29853	2412_CStarve	train
29854	2413_CStarve	validation
29855	2414_CStarve	train
29856	2415_CStarve	train
29857	2416_CStarve	train
29858	2417_CStarve	train
29859	2418_CStarve	train
29860	2419_CStarve	train
29861	2420_CStarve	train
29862	2421_CStarve	train
29863	2422_CStarve	train
29864	2423_CStarve	train
29865	2424_CStarve	train
29866	2425_CStarve	train
29867	2426_CStarve	train
29868	2427_CStarve	train
29869	2428_CStarve	train
29870	2429_CStarve	train
29871	2430_CStarve	train
29872	2431_CStarve	train
29873	2432_CStarve	train
29874	2433_CStarve	train
29875	2434_CStarve	train
29876	2435_CStarve	train
29877	2436_CStarve	train
29878	2437_CStarve	train
29879	2438_CStarve	train
29880	2439_CStarve	train
29881	2440_CStarve	validation
29882	2441_CStarve	train
29883	2442_CStarve	train
29884	2443_CStarve	train
29885	2444_CStarve	train
29886	2445_CStarve	train
29887	2446_CStarve	train
29888	2447_CStarve	train
29889	2448_CStarve	train
29890	2449_CStarve	train
29891	2450_CStarve	train
29892	2451_CStarve	train
29893	2452_CStarve	train
29894	2453_CStarve	train
29895	2454_CStarve	train
29896	2455_CStarve	train
29897	2456_CStarve	train
29898	2457_CStarve	train
29899	2458_CStarve	train
29900	2459_CStarve	train
29901	2460_CStarve	train
29902	2461_CStarve	train
29903	2462_CStarve	train
29904	2463_CStarve	train
29905	2464_CStarve	train
29906	2465_CStarve	train
29907	2466_CStarve	train
29908	2467_CStarve	train
29909	2468_CStarve	train
29910	2469_CStarve	train
29911	2470_CStarve	train
29912	2471_CStarve	train
29913	2472_CStarve	train
29914	2473_CStarve	validation
29915	2474_CStarve	validation
29916	2475_CStarve	train
29917	2476_CStarve	train
29918	2477_CStarve	train
29919	2478_CStarve	train
29920	2479_CStarve	train
29921	2480_CStarve	train
29922	2481_CStarve	train
29923	2482_CStarve	train
29924	2483_CStarve	train
29925	2484_CStarve	train
29926	2485_CStarve	train
29927	2486_CStarve	train
29928	2487_CStarve	train
29929	2488_CStarve	train
29930	2489_CStarve	train
29931	2490_CStarve	train
29932	2491_CStarve	train
29933	2492_CStarve	train
29934	2493_CStarve	train
29935	2494_CStarve	train
29936	2495_CStarve	train
29937	2496_CStarve	train
29938	2497_CStarve	train
29939	2498_CStarve	train
29940	2499_CStarve	train
29941	2500_CStarve	train
29942	2501_CStarve	train
29943	2502_CStarve	train
29944	2503_CStarve	train
29945	2504_CStarve	train
29946	2505_CStarve	train
29947	2506_CStarve	validation
29948	2507_CStarve	train
29949	2508_CStarve	validation
29950	2509_CStarve	train
29951	2510_CStarve	train
29952	2511_CStarve	train
29953	2512_CStarve	train
29954	2513_CStarve	train
29955	2514_CStarve	train
29956	2515_CStarve	train
29957	2516_CStarve	train
29958	2517_CStarve	train
29959	2518_CStarve	validation
29960	2519_CStarve	train
29961	2520_CStarve	train
29962	2521_CStarve	train
29963	2522_CStarve	train
29964	2523_CStarve	train
29965	2524_CStarve	train
29966	2525_CStarve	validation
29967	2526_CStarve	train
29968	2527_CStarve	train
29969	2528_CStarve	train
29970	2529_CStarve	train
29971	2530_CStarve	train
29972	2531_CStarve	train
29973	2532_CStarve	train
29974	2533_CStarve	train
29975	2534_CStarve	train
29976	2535_CStarve	train
29977	2536_CStarve	train
29978	2537_CStarve	train
29979	2538_CStarve	train
29980	2539_CStarve	train
29981	2540_CStarve	train
29982	2541_CStarve	train
29983	2542_CStarve	train
29984	2543_CStarve	train
29985	2544_CStarve	train
29986	2545_CStarve	train
29987	2546_CStarve	train
29988	2547_CStarve	train
29989	2548_CStarve	train
29990	2549_CStarve	train
29991	2550_CStarve	train
29992	2551_CStarve	train
29993	2552_CStarve	train
29994	2553_CStarve	train
29995	2554_CStarve	train
29996	2555_CStarve	train
29997	2556_CStarve	train
29998	2557_CStarve	train
29999	2558_CStarve	train
30000	2559_CStarve	train
30001	2560_CStarve	train
30002	2561_CStarve	train
30003	2562_CStarve	train
30004	2563_CStarve	train
30005	2564_CStarve	train
30006	2565_CStarve	train
30007	2566_CStarve	train
30008	2567_CStarve	train
30009	2568_CStarve	train
30010	2569_CStarve	train
30011	2570_CStarve	train
30012	2571_CStarve	train
30013	2572_CStarve	train
30014	2573_CStarve	train
30015	2574_CStarve	train
30016	2575_CStarve	train
30017	2576_CStarve	train
30018	2577_CStarve	train
30019	2578_CStarve	validation
30020	2579_CStarve	train
30021	2580_CStarve	train
30022	2581_CStarve	train
30023	2582_CStarve	train
30024	2583_CStarve	train
30025	2584_CStarve	train
30026	2585_CStarve	train
30027	2586_CStarve	train
30028	2587_CStarve	train
30029	2588_CStarve	train
30030	2589_CStarve	train
30031	2590_CStarve	train
30032	2591_CStarve	train
30033	2592_CStarve	train
30034	2593_CStarve	train
30035	2594_CStarve	train
30036	2595_CStarve	train
30037	2596_CStarve	train
30038	2597_CStarve	train
30039	2598_CStarve	validation
30040	2599_CStarve	train
30041	2600_CStarve	train
30042	2601_CStarve	train
30043	2602_CStarve	train
30044	2603_CStarve	train
30045	2604_CStarve	train
30046	2605_CStarve	train
30047	2606_CStarve	train
30048	2607_CStarve	train
30049	2608_CStarve	train
30050	2609_CStarve	train
30051	2610_CStarve	train
30052	2611_CStarve	train
30053	2612_CStarve	train
30054	2613_CStarve	train
30055	2614_CStarve	train
30056	2615_CStarve	train
30057	2616_CStarve	train
30058	2617_CStarve	train
30059	2618_CStarve	train
30060	2619_CStarve	train
30061	2620_CStarve	train
30062	2621_CStarve	train
30063	2622_CStarve	train
30064	2623_CStarve	train
30065	2624_CStarve	train
30066	2625_CStarve	train
30067	2626_CStarve	train
30068	2627_CStarve	train
30069	2628_CStarve	train
30070	2629_CStarve	train
30071	2630_CStarve	train
30072	2631_CStarve	train
30073	2632_CStarve	train
30074	2633_CStarve	train
30075	2634_CStarve	train
30076	2635_CStarve	train
30077	2636_CStarve	train
30078	2637_CStarve	train
30079	2638_CStarve	train
30080	2639_CStarve	train
30081	2640_CStarve	train
30082	2641_CStarve	train
30083	2642_CStarve	train
30084	2643_CStarve	train
30085	2644_CStarve	train
30086	2645_CStarve	train
30087	2646_CStarve	train
30088	2647_CStarve	train
30089	2648_CStarve	train
30090	2649_CStarve	train
30091	2650_CStarve	train
30092	2651_CStarve	train
30093	2652_CStarve	train
30094	2653_CStarve	train
30095	2654_CStarve	train
30096	2655_CStarve	train
30097	2656_CStarve	train
30098	2657_CStarve	train
30099	2658_CStarve	train
30100	2659_CStarve	train
30101	2660_CStarve	train
30102	2661_CStarve	train
30103	2662_CStarve	train
30104	2663_CStarve	train
30105	2664_CStarve	train
30106	2665_CStarve	train
30107	2666_CStarve	train
30108	2667_CStarve	train
30109	2668_CStarve	train
30110	2669_CStarve	train
30111	2670_CStarve	train
30112	2671_CStarve	train
30113	2672_CStarve	validation
30114	2673_CStarve	train
30115	2674_CStarve	train
30116	2675_CStarve	train
30117	2676_CStarve	train
30118	2677_CStarve	train
30119	2678_CStarve	train
30120	2679_CStarve	train
30121	2680_CStarve	train
30122	2681_CStarve	train
30123	2682_CStarve	train
30124	2683_CStarve	train
30125	2684_CStarve	validation
30126	2685_CStarve	train
30127	2686_CStarve	train
30128	2687_CStarve	train
30129	2688_CStarve	train
30130	2689_CStarve	train
30131	2690_CStarve	train
30132	2691_CStarve	train
30133	2692_CStarve	train
30134	2693_CStarve	train
30135	2694_CStarve	train
30136	2695_CStarve	validation
30137	2696_CStarve	train
30138	2697_CStarve	train
30139	2698_CStarve	train
30140	2699_CStarve	train
30141	2700_CStarve	train
30142	2701_CStarve	train
30143	2702_CStarve	train
30144	2703_CStarve	train
30145	2704_CStarve	train
30146	2705_CStarve	train
30147	2706_CStarve	train
30148	2707_CStarve	train
30149	2708_CStarve	train
30150	2709_CStarve	train
30151	2710_CStarve	train
30152	2711_CStarve	train
30153	2712_CStarve	train
30154	2713_CStarve	train
30155	2714_CStarve	train
30156	2715_CStarve	train
30157	2716_CStarve	train
30158	2717_CStarve	train
30159	2718_CStarve	train
30160	2719_CStarve	train
30161	2720_CStarve	train
30162	2721_CStarve	train
30163	2722_CStarve	train
30164	2723_CStarve	validation
30165	2724_CStarve	train
30166	2725_CStarve	train
30167	2726_CStarve	train
30168	2727_CStarve	train
30169	2728_CStarve	train
30170	2729_CStarve	train
30171	2730_CStarve	train
30172	2731_CStarve	train
30173	2732_CStarve	train
30174	2733_CStarve	train
30175	2734_CStarve	train
30176	2735_CStarve	train
30177	2736_CStarve	train
30178	2737_CStarve	train
30179	2738_CStarve	validation
30180	2739_CStarve	train
30181	2740_CStarve	train
30182	2741_CStarve	train
30183	2742_CStarve	train
30184	2743_CStarve	train
30185	2744_CStarve	train
30186	2745_CStarve	train
30187	2746_CStarve	train
30188	2747_CStarve	train
30189	2748_CStarve	train
30190	2749_CStarve	train
30191	2750_CStarve	train
30192	2751_CStarve	train
30193	2752_CStarve	train
30194	2753_CStarve	train
30195	2754_CStarve	train
30196	2755_CStarve	train
30197	2756_CStarve	train
30198	2757_CStarve	train
30199	2758_CStarve	train
30200	2759_CStarve	train
30201	2760_CStarve	train
30202	2761_CStarve	train
30203	2762_CStarve	train
30204	2763_CStarve	train
30205	2764_CStarve	train
30206	2765_CStarve	train
30207	2766_CStarve	train
30208	2767_CStarve	train
30209	2768_CStarve	train
30210	2769_CStarve	train
30211	2770_CStarve	train
30212	2771_CStarve	train
30213	2772_CStarve	train
30214	2773_CStarve	train
30215	2774_CStarve	train
30216	2775_CStarve	train
30217	2776_CStarve	train
30218	2777_CStarve	train
30219	2778_CStarve	train
30220	2779_CStarve	train
30221	2780_CStarve	train
30222	2781_CStarve	train
30223	2782_CStarve	train
30224	2783_CStarve	train
30225	2784_CStarve	train
30226	2785_CStarve	train
30227	2786_CStarve	train
30228	2787_CStarve	train
30229	2788_CStarve	train
30230	2789_CStarve	train
30231	2790_CStarve	train
30232	2791_CStarve	train
30233	2792_CStarve	train
30234	2793_CStarve	train
30235	2794_CStarve	train
30236	2795_CStarve	train
30237	2796_CStarve	train
30238	2797_CStarve	train
30239	2798_CStarve	train
30240	2799_CStarve	train
30241	2800_CStarve	train
30242	2801_CStarve	train
30243	2802_CStarve	train
30244	2803_CStarve	train
30245	2804_CStarve	train
30246	2805_CStarve	train
30247	2806_CStarve	train
30248	2807_CStarve	train
30249	2808_CStarve	train
30250	2809_CStarve	train
30251	2810_CStarve	train
30252	2811_CStarve	train
30253	2812_CStarve	train
30254	2813_CStarve	train
30255	2814_CStarve	train
30256	2815_CStarve	train
30257	2816_CStarve	train
30258	2817_CStarve	train
30259	2818_CStarve	train
30260	2819_CStarve	train
30261	2820_CStarve	train
30262	2821_CStarve	train
30263	2822_CStarve	train
30264	2823_CStarve	train
30265	2824_CStarve	train
30266	2825_CStarve	train
30267	2826_CStarve	train
30268	2827_CStarve	train
30269	2828_CStarve	train
30270	2829_CStarve	train
30271	2830_CStarve	train
30272	2831_CStarve	train
30273	2832_CStarve	train
30274	2833_CStarve	train
30275	2834_CStarve	train
30276	2835_CStarve	train
30277	2836_CStarve	train
30278	2837_CStarve	validation
30279	2838_CStarve	train
30280	2839_CStarve	train
30281	2840_CStarve	train
30282	2841_CStarve	train
30283	2842_CStarve	train
30284	2843_CStarve	train
30285	2844_CStarve	train
30286	2845_CStarve	train
30287	2846_CStarve	train
30288	2847_CStarve	train
30289	2848_CStarve	validation
30290	2849_CStarve	train
30291	2850_CStarve	train
30292	2851_CStarve	train
30293	2852_CStarve	train
30294	2853_CStarve	train
30295	2854_CStarve	train
30296	2855_CStarve	train
30297	2856_CStarve	train
30298	2857_CStarve	train
30299	2858_CStarve	validation
30300	2859_CStarve	train
30301	2860_CStarve	train
30302	2861_CStarve	train
30303	2862_CStarve	train
30304	2863_CStarve	train
30305	2864_CStarve	train
30306	2865_CStarve	train
30307	2866_CStarve	train
30308	2867_CStarve	validation
30309	2868_CStarve	train
30310	2869_CStarve	train
30311	2870_CStarve	train
30312	2871_CStarve	train
30313	2872_CStarve	train
30314	2873_CStarve	train
30315	2874_CStarve	train
30316	2875_CStarve	train
30317	2876_CStarve	train
30318	2877_CStarve	train
30319	2878_CStarve	train
30320	2879_CStarve	train
30321	2880_CStarve	train
30322	2881_CStarve	train
30323	2882_CStarve	train
30324	2883_CStarve	train
30325	2884_CStarve	train
30326	2885_CStarve	train
30327	2886_CStarve	train
30328	2887_CStarve	train
30329	2888_CStarve	train
30330	2889_CStarve	train
30331	2890_CStarve	train
30332	2891_CStarve	train
30333	2892_CStarve	train
30334	2893_CStarve	train
30335	2894_CStarve	train
30336	2895_CStarve	train
30337	2896_CStarve	train
30338	2897_CStarve	train
30339	2898_CStarve	train
30340	2899_CStarve	train
30341	2900_CStarve	train
30342	2901_CStarve	train
30343	2902_CStarve	train
30344	2903_CStarve	train
30345	2904_CStarve	train
30346	2905_CStarve	train
30347	2906_CStarve	train
30348	2907_CStarve	validation
30349	2908_CStarve	train
30350	2909_CStarve	train
30351	2910_CStarve	train
30352	2911_CStarve	train
30353	2912_CStarve	train
30354	2913_CStarve	train
30355	2914_CStarve	train
30356	2915_CStarve	train
30357	2916_CStarve	train
30358	2917_CStarve	train
30359	2918_CStarve	train
30360	2919_CStarve	train
30361	2920_CStarve	train
30362	2921_CStarve	train
30363	2922_CStarve	train
30364	2923_CStarve	train
30365	2924_CStarve	train
30366	2925_CStarve	train
30367	2926_CStarve	train
30368	2927_CStarve	train
30369	2928_CStarve	train
30370	2929_CStarve	train
30371	2930_CStarve	train
30372	2931_CStarve	train
30373	2932_CStarve	train
30374	2933_CStarve	train
30375	2934_CStarve	train
30376	2935_CStarve	train
30377	2936_CStarve	train
30378	2937_CStarve	train
30379	2938_CStarve	train
30380	2939_CStarve	train
30381	2940_CStarve	train
30382	2941_CStarve	train
30383	2942_CStarve	train
30384	2943_CStarve	train
30385	2944_CStarve	train
30386	2945_CStarve	train
30387	2946_CStarve	train
30388	2947_CStarve	train
30389	2948_CStarve	train
30390	2949_CStarve	train
30391	2950_CStarve	train
30392	2951_CStarve	train
30393	2952_CStarve	train
30394	2953_CStarve	train
30395	2954_CStarve	train
30396	2955_CStarve	train
30397	2956_CStarve	validation
30398	2957_CStarve	train
30399	2958_CStarve	train
30400	2959_CStarve	train
30401	2960_CStarve	train
30402	2961_CStarve	train
30403	2962_CStarve	train
30404	2963_CStarve	train
30405	2964_CStarve	train
30406	2965_CStarve	train
30407	2966_CStarve	train
30408	2967_CStarve	train
30409	2968_CStarve	train
30410	2969_CStarve	train
30411	2970_CStarve	train
30412	2971_CStarve	train
30413	2972_CStarve	train
30414	2973_CStarve	train
30415	2974_CStarve	train
30416	2975_CStarve	train
30417	2976_CStarve	validation
30418	2977_CStarve	train
30419	2978_CStarve	train
30420	2979_CStarve	train
30421	2980_CStarve	train
30422	2981_CStarve	train
30423	2982_CStarve	train
30424	2983_CStarve	train
30425	2984_CStarve	train
30426	2985_CStarve	train
30427	2986_CStarve	train
30428	2987_CStarve	train
30429	2988_CStarve	train
30430	2989_CStarve	train
30431	2990_CStarve	train
30432	2991_CStarve	train
30433	2992_CStarve	validation
30434	2993_CStarve	train
30435	2994_CStarve	train
30436	2995_CStarve	train
30437	2996_CStarve	train
30438	2997_CStarve	train
30439	2998_CStarve	train
30440	2999_CStarve	train
30441	3000_CStarve	train
30442	3001_CStarve	train
30443	3002_CStarve	train
30444	3003_CStarve	train
30445	3004_CStarve	train
30446	3005_CStarve	train
30447	3006_CStarve	train
30448	3007_CStarve	train
30449	3008_CStarve	train
30450	3009_CStarve	train
30451	3010_CStarve	train
30452	3011_CStarve	train
30453	3012_CStarve	train
30454	3013_CStarve	train
30455	3014_CStarve	train
30456	3015_CStarve	train
30457	3016_CStarve	train
30458	3017_CStarve	validation
30459	3018_CStarve	train
30460	3019_CStarve	train
30461	3020_CStarve	train
30462	3021_CStarve	train
30463	3022_CStarve	train
30464	3023_CStarve	train
30465	3024_CStarve	train
30466	3025_CStarve	train
30467	3026_CStarve	train
30468	3027_CStarve	train
30469	3028_CStarve	train
30470	3029_CStarve	train
30471	3030_CStarve	train
30472	3031_CStarve	train
30473	3032_CStarve	train
30474	3033_CStarve	train
30475	3034_CStarve	train
30476	3035_CStarve	train
30477	3036_CStarve	train
30478	3037_CStarve	train
30479	3038_CStarve	train
30480	3039_CStarve	train
30481	3040_CStarve	train
30482	3041_CStarve	train
30483	3042_CStarve	train
30484	3043_CStarve	train
30485	3044_CStarve	train
30486	3045_CStarve	train
30487	3046_CStarve	train
30488	3047_CStarve	train
30489	3048_CStarve	train
30490	3049_CStarve	train
30491	3050_CStarve	train
30492	3051_CStarve	train
30493	3052_CStarve	train
30494	3053_CStarve	train
30495	3054_CStarve	train
30496	3055_CStarve	train
30497	3056_CStarve	train
30498	3057_CStarve	train
30499	3058_CStarve	train
30500	3059_CStarve	train
30501	3060_CStarve	train
30502	3061_CStarve	train
30503	3062_CStarve	train
30504	3063_CStarve	train
30505	3064_CStarve	train
30506	3065_CStarve	train
30507	3066_CStarve	train
30508	3067_CStarve	train
30509	3068_CStarve	train
30510	3069_CStarve	train
30511	3070_CStarve	train
30512	3071_CStarve	train
30513	3072_CStarve	train
30514	3073_CStarve	train
30515	3074_CStarve	train
30516	3075_CStarve	train
30517	3076_CStarve	train
30518	3077_CStarve	train
30519	3078_CStarve	train
30520	3079_CStarve	train
30521	3080_CStarve	train
30522	3081_CStarve	train
30523	3082_CStarve	train
30524	3083_CStarve	train
30525	3084_CStarve	train
30526	3085_CStarve	train
30527	3086_CStarve	train
30528	3087_CStarve	train
30529	3088_CStarve	train
30530	3089_CStarve	train
30531	3090_CStarve	train
30532	3091_CStarve	train
30533	3092_CStarve	train
30534	3093_CStarve	train
30535	3094_CStarve	train
30536	3095_CStarve	train
30537	3096_CStarve	train
30538	3097_CStarve	train
30539	3098_CStarve	train
30540	3099_CStarve	train
30541	3100_CStarve	train
30542	3101_CStarve	train
30543	3102_CStarve	train
30544	3103_CStarve	train
30545	3104_CStarve	validation
30546	3105_CStarve	train
30547	3106_CStarve	train
30548	3107_CStarve	train
30549	3108_CStarve	train
30550	3109_CStarve	train
30551	3110_CStarve	train
30552	3111_CStarve	train
30553	3112_CStarve	train
30554	3113_CStarve	train
30555	3114_CStarve	train
30556	3115_CStarve	train
30557	3116_CStarve	train
30558	3117_CStarve	train
30559	3118_CStarve	train
30560	3119_CStarve	train
30561	3120_CStarve	train
30562	3121_CStarve	train
30563	3122_CStarve	train
30564	3123_CStarve	train
30565	3124_CStarve	train
30566	3125_CStarve	train
30567	3126_CStarve	train
30568	3127_CStarve	train
30569	3128_CStarve	train
30570	3129_CStarve	train
30571	3130_CStarve	train
30572	3131_CStarve	train
30573	3132_CStarve	train
30574	3133_CStarve	train
30575	3134_CStarve	train
30576	3135_CStarve	train
30577	3136_CStarve	train
30578	3137_CStarve	train
30579	3138_CStarve	train
30580	3139_CStarve	train
30581	3140_CStarve	train
30582	3141_CStarve	train
30583	3142_CStarve	train
30584	3143_CStarve	train
30585	3144_CStarve	train
30586	3145_CStarve	train
30587	3146_CStarve	train
30588	3147_CStarve	train
30589	3148_CStarve	train
30590	3149_CStarve	train
30591	3150_CStarve	train
30592	3151_CStarve	train
30593	3152_CStarve	train
30594	3153_CStarve	train
30595	3154_CStarve	train
30596	3155_CStarve	train
30597	3156_CStarve	train
30598	3157_CStarve	train
30599	3158_CStarve	train
30600	3159_CStarve	train
30601	3160_CStarve	train
30602	3161_CStarve	train
30603	3162_CStarve	train
30604	3163_CStarve	validation
30605	3164_CStarve	train
30606	3165_CStarve	train
30607	3166_CStarve	train
30608	3167_CStarve	train
30609	3168_CStarve	train
30610	3169_CStarve	train
30611	3170_CStarve	train
30612	3171_CStarve	train
30613	3172_CStarve	train
30614	3173_CStarve	train
30615	3174_CStarve	train
30616	3175_CStarve	train
30617	3176_CStarve	train
30618	3177_CStarve	train
30619	3178_CStarve	train
30620	3179_CStarve	train
30621	3180_CStarve	train
30622	3181_CStarve	train
30623	3182_CStarve	train
30624	3183_CStarve	train
30625	3184_CStarve	train
30626	3185_CStarve	train
30627	3186_CStarve	train
30628	3187_CStarve	train
30629	3188_CStarve	train
30630	3189_CStarve	train
30631	3190_CStarve	train
30632	3191_CStarve	train
30633	3192_CStarve	train
30634	3193_CStarve	train
30635	3194_CStarve	train
30636	3195_CStarve	train
30637	3196_CStarve	train
30638	3197_CStarve	train
30639	3198_CStarve	train
30640	3199_CStarve	train
30641	3200_CStarve	train
30642	3201_CStarve	train
30643	3202_CStarve	train
30644	3203_CStarve	validation
30645	3204_CStarve	train
30646	3205_CStarve	train
30647	3206_CStarve	train
30648	3207_CStarve	train
30649	3208_CStarve	train
30650	3209_CStarve	train
30651	3210_CStarve	train
30652	3211_CStarve	train
30653	3212_CStarve	train
30654	3213_CStarve	validation
30655	3214_CStarve	train
30656	3215_CStarve	train
30657	3216_CStarve	train
30658	3217_CStarve	train
30659	3218_CStarve	train
30660	3219_CStarve	train
30661	3220_CStarve	train
30662	3221_CStarve	train
30663	3222_CStarve	train
30664	3223_CStarve	train
30665	3224_CStarve	train
30666	3225_CStarve	train
30667	3226_CStarve	train
30668	3227_CStarve	train
30669	3228_CStarve	train
30670	3229_CStarve	train
30671	3230_CStarve	validation
30672	3231_CStarve	train
30673	3232_CStarve	train
30674	3233_CStarve	validation
30675	3234_CStarve	train
30676	3235_CStarve	train
30677	3236_CStarve	train
30678	3237_CStarve	train
30679	3238_CStarve	train
30680	3239_CStarve	train
30681	3240_CStarve	train
30682	3241_CStarve	train
30683	3242_CStarve	train
30684	3243_CStarve	train
30685	3244_CStarve	train
30686	3245_CStarve	train
30687	3246_CStarve	train
30688	3247_CStarve	train
30689	3248_CStarve	train
30690	3249_CStarve	train
30691	3250_CStarve	train
30692	3251_CStarve	train
30693	3252_CStarve	train
30694	3253_CStarve	train
30695	3254_CStarve	validation
30696	3255_CStarve	train
30697	3256_CStarve	train
30698	3257_CStarve	train
30699	3258_CStarve	train
30700	3259_CStarve	train
30701	3260_CStarve	train
30702	3261_CStarve	train
30703	3262_CStarve	train
30704	3263_CStarve	train
30705	3264_CStarve	train
30706	3265_CStarve	train
30707	3266_CStarve	train
30708	3267_CStarve	validation
30709	3268_CStarve	train
30710	3269_CStarve	train
30711	3270_CStarve	train
30712	3271_CStarve	train
30713	3272_CStarve	train
30714	3273_CStarve	train
30715	3274_CStarve	train
30716	3275_CStarve	train
30717	3276_CStarve	train
30718	3277_CStarve	train
30719	3278_CStarve	train
30720	3279_CStarve	train
30721	3280_CStarve	train
30722	3281_CStarve	train
30723	3282_CStarve	train
30724	3283_CStarve	train
30725	3284_CStarve	train
30726	3285_CStarve	train
30727	3286_CStarve	train
30728	3287_CStarve	train
30729	3288_CStarve	train
30730	3289_CStarve	train
30731	3290_CStarve	train
30732	3291_CStarve	train
30733	3292_CStarve	train
30734	3293_CStarve	validation
30735	3294_CStarve	validation
30736	3295_CStarve	train
30737	3296_CStarve	train
30738	3297_CStarve	train
30739	3298_CStarve	train
30740	3299_CStarve	train
30741	3300_CStarve	train
30742	3301_CStarve	train
30743	3302_CStarve	train
30744	3303_CStarve	train
30745	3304_CStarve	train
30746	3305_CStarve	train
30747	3306_CStarve	train
30748	3307_CStarve	train
30749	3308_CStarve	train
30750	3309_CStarve	train
30751	3310_CStarve	train
30752	3311_CStarve	train
30753	3312_CStarve	train
30754	3313_CStarve	train
30755	3314_CStarve	train
30756	3315_CStarve	train
30757	3316_CStarve	train
30758	3317_CStarve	train
30759	3318_CStarve	train
30760	3319_CStarve	train
30761	3320_CStarve	train
30762	3321_CStarve	train
30763	3322_CStarve	train
30764	3323_CStarve	train
30765	3324_CStarve	train
30766	3325_CStarve	train
30767	3326_CStarve	train
30768	3327_CStarve	train
30769	3328_CStarve	train
30770	3329_CStarve	train
30771	3330_CStarve	train
30772	3331_CStarve	train
30773	3332_CStarve	train
30774	3333_CStarve	train
30775	3334_CStarve	train
30776	3335_CStarve	train
30777	3336_CStarve	train
30778	3337_CStarve	train
30779	3338_CStarve	train
30780	3339_CStarve	train
30781	3340_CStarve	train
30782	3341_CStarve	train
30783	3342_CStarve	train
30784	3343_CStarve	train
30785	3344_CStarve	train
30786	3345_CStarve	train
30787	3346_CStarve	train
30788	3347_CStarve	train
30789	3348_CStarve	train
30790	3349_CStarve	validation
30791	3350_CStarve	train
30792	3351_CStarve	train
30793	3352_CStarve	train
30794	3353_CStarve	train
30795	3354_CStarve	train
30796	3355_CStarve	train
30797	3356_CStarve	train
30798	3357_CStarve	train
30799	3358_CStarve	train
30800	3359_CStarve	train
30801	3360_CStarve	train
30802	3361_CStarve	validation
30803	3362_CStarve	train
30804	3363_CStarve	train
30805	3364_CStarve	train
30806	3365_CStarve	train
30807	3366_CStarve	train
30808	3367_CStarve	train
30809	3368_CStarve	train
30810	3369_CStarve	train
30811	3370_CStarve	train
30812	3371_CStarve	train
30813	3372_CStarve	train
30814	3373_CStarve	train
30815	3374_CStarve	train
30816	3375_CStarve	train
30817	3376_CStarve	train
30818	3377_CStarve	train
30819	3378_CStarve	train
30820	3379_CStarve	train
30821	3380_CStarve	train
30822	3381_CStarve	train
30823	3382_CStarve	train
30824	3383_CStarve	train
30825	3384_CStarve	train
30826	3385_CStarve	train
30827	3386_CStarve	train
30828	3387_CStarve	train
30829	3388_CStarve	train
30830	3389_CStarve	train
30831	3390_CStarve	train
30832	3391_CStarve	train
30833	3392_CStarve	train
30834	3393_CStarve	train
30835	3394_CStarve	validation
30836	3395_CStarve	train
30837	3396_CStarve	train
30838	3397_CStarve	train
30839	3398_CStarve	train
30840	3399_CStarve	train
30841	3400_CStarve	train
30842	3401_CStarve	train
30843	3402_CStarve	train
30844	3403_CStarve	train
30845	3404_CStarve	validation
30846	3405_CStarve	train
30847	3406_CStarve	train
30848	3407_CStarve	train
30849	3408_CStarve	train
30850	3409_CStarve	train
30851	3410_CStarve	train
30852	3411_CStarve	train
30853	3412_CStarve	train
30854	3413_CStarve	train
30855	3414_CStarve	train
30856	3415_CStarve	train
30857	3416_CStarve	train
30858	3417_CStarve	train
30859	3418_CStarve	train
30860	3419_CStarve	train
30861	3420_CStarve	train
30862	3421_CStarve	train
30863	3422_CStarve	train
30864	3423_CStarve	train
30865	3424_CStarve	train
30866	3425_CStarve	train
30867	3426_CStarve	train
30868	3427_CStarve	train
30869	3428_CStarve	train
30870	3429_CStarve	train
30871	3430_CStarve	train
30872	3431_CStarve	train
30873	3432_CStarve	train
30874	3433_CStarve	train
30875	3434_CStarve	train
30876	3435_CStarve	train
30877	3436_CStarve	train
30878	3437_CStarve	train
30879	3438_CStarve	train
30880	3439_CStarve	train
30881	3440_CStarve	train
30882	3441_CStarve	train
30883	3442_CStarve	train
30884	3443_CStarve	train
30885	3444_CStarve	train
30886	3445_CStarve	train
30887	3446_CStarve	train
30888	3447_CStarve	train
30889	3448_CStarve	train
30890	3449_CStarve	validation
30891	3450_CStarve	train
30892	3451_CStarve	train
30893	3452_CStarve	train
30894	3453_CStarve	train
30895	3454_CStarve	train
30896	3455_CStarve	validation
30897	3456_CStarve	train
30898	3457_CStarve	train
30899	3458_CStarve	train
30900	3459_CStarve	train
30901	3460_CStarve	train
30902	3461_CStarve	train
30903	3462_CStarve	train
30904	3463_CStarve	train
30905	3464_CStarve	train
30906	3465_CStarve	train
30907	3466_CStarve	train
30908	3467_CStarve	train
30909	3468_CStarve	train
30910	3469_CStarve	train
30911	3470_CStarve	train
30912	3471_CStarve	train
30913	3472_CStarve	train
30914	3473_CStarve	train
30915	3474_CStarve	train
30916	3475_CStarve	train
30917	3476_CStarve	train
30918	3477_CStarve	train
30919	3478_CStarve	train
30920	3479_CStarve	train
30921	3480_CStarve	train
30922	3481_CStarve	train
30923	3482_CStarve	validation
30924	3483_CStarve	train
30925	3484_CStarve	train
30926	3485_CStarve	train
30927	3486_CStarve	train
30928	3487_CStarve	train
30929	3488_CStarve	train
30930	3489_CStarve	train
30931	3490_CStarve	train
30932	3491_CStarve	train
30933	3492_CStarve	train
30934	3493_CStarve	train
30935	3494_CStarve	train
30936	3495_CStarve	train
30937	3496_CStarve	train
30938	3497_CStarve	train
30939	3498_CStarve	train
30940	3499_CStarve	train
30941	3500_CStarve	validation
30942	3501_CStarve	train
30943	3502_CStarve	train
30944	3503_CStarve	train
30945	3504_CStarve	train
30946	3505_CStarve	train
30947	3506_CStarve	train
30948	3507_CStarve	train
30949	3508_CStarve	train
30950	3509_CStarve	train
30951	3510_CStarve	train
30952	3511_CStarve	train
30953	3512_CStarve	train
30954	3513_CStarve	train
30955	3514_CStarve	train
30956	3515_CStarve	train
30957	3516_CStarve	validation
30958	3517_CStarve	train
30959	3518_CStarve	train
30960	3519_CStarve	train
30961	3520_CStarve	train
30962	3521_CStarve	train
30963	3522_CStarve	train
30964	3523_CStarve	train
30965	3524_CStarve	train
30966	3525_CStarve	train
30967	3526_CStarve	train
30968	3527_CStarve	train
30969	3528_CStarve	train
30970	3529_CStarve	train
30971	3530_CStarve	train
30972	3531_CStarve	train
30973	3532_CStarve	train
30974	3533_CStarve	train
30975	3534_CStarve	train
30976	3535_CStarve	train
30977	3536_CStarve	train
30978	3537_CStarve	train
30979	3538_CStarve	train
30980	3539_CStarve	train
30981	3540_CStarve	train
30982	3541_CStarve	train
30983	3542_CStarve	train
30984	3543_CStarve	train
30985	3544_CStarve	train
30986	3545_CStarve	train
30987	3546_CStarve	train
30988	3547_CStarve	train
30989	3548_CStarve	train
30990	3549_CStarve	train
30991	1_MinimalGlucose	validation
30992	2_MinimalGlucose	train
30993	3_MinimalGlucose	train
30994	4_MinimalGlucose	train
30995	5_MinimalGlucose	train
30996	6_MinimalGlucose	train
30997	7_MinimalGlucose	train
30998	8_MinimalGlucose	train
30999	9_MinimalGlucose	train
31000	10_MinimalGlucose	train
31001	11_MinimalGlucose	train
31002	12_MinimalGlucose	train
31003	13_MinimalGlucose	train
31004	14_MinimalGlucose	train
31005	15_MinimalGlucose	train
31006	16_MinimalGlucose	train
31007	17_MinimalGlucose	train
31008	18_MinimalGlucose	train
31009	19_MinimalGlucose	train
31010	20_MinimalGlucose	train
31011	21_MinimalGlucose	train
31012	22_MinimalGlucose	train
31013	23_MinimalGlucose	train
31014	24_MinimalGlucose	train
31015	25_MinimalGlucose	train
31016	26_MinimalGlucose	train
31017	27_MinimalGlucose	train
31018	28_MinimalGlucose	train
31019	29_MinimalGlucose	train
31020	30_MinimalGlucose	train
31021	31_MinimalGlucose	train
31022	32_MinimalGlucose	train
31023	33_MinimalGlucose	train
31024	34_MinimalGlucose	validation
31025	35_MinimalGlucose	train
31026	36_MinimalGlucose	train
31027	37_MinimalGlucose	train
31028	38_MinimalGlucose	train
31029	39_MinimalGlucose	train
31030	40_MinimalGlucose	train
31031	41_MinimalGlucose	train
31032	42_MinimalGlucose	train
31033	43_MinimalGlucose	train
31034	44_MinimalGlucose	train
31035	45_MinimalGlucose	train
31036	46_MinimalGlucose	train
31037	47_MinimalGlucose	train
31038	48_MinimalGlucose	train
31039	49_MinimalGlucose	train
31040	50_MinimalGlucose	train
31041	51_MinimalGlucose	train
31042	52_MinimalGlucose	train
31043	53_MinimalGlucose	train
31044	54_MinimalGlucose	train
31045	55_MinimalGlucose	train
31046	56_MinimalGlucose	train
31047	57_MinimalGlucose	train
31048	58_MinimalGlucose	train
31049	59_MinimalGlucose	train
31050	60_MinimalGlucose	train
31051	61_MinimalGlucose	train
31052	62_MinimalGlucose	train
31053	63_MinimalGlucose	train
31054	64_MinimalGlucose	train
31055	65_MinimalGlucose	train
31056	66_MinimalGlucose	train
31057	67_MinimalGlucose	train
31058	68_MinimalGlucose	train
31059	69_MinimalGlucose	train
31060	70_MinimalGlucose	train
31061	71_MinimalGlucose	train
31062	72_MinimalGlucose	train
31063	73_MinimalGlucose	train
31064	74_MinimalGlucose	train
31065	75_MinimalGlucose	train
31066	76_MinimalGlucose	train
31067	77_MinimalGlucose	train
31068	78_MinimalGlucose	train
31069	79_MinimalGlucose	train
31070	80_MinimalGlucose	train
31071	81_MinimalGlucose	train
31072	82_MinimalGlucose	train
31073	83_MinimalGlucose	train
31074	84_MinimalGlucose	train
31075	85_MinimalGlucose	train
31076	86_MinimalGlucose	train
31077	87_MinimalGlucose	train
31078	88_MinimalGlucose	train
31079	89_MinimalGlucose	train
31080	90_MinimalGlucose	train
31081	91_MinimalGlucose	train
31082	92_MinimalGlucose	train
31083	93_MinimalGlucose	train
31084	94_MinimalGlucose	train
31085	95_MinimalGlucose	train
31086	96_MinimalGlucose	train
31087	97_MinimalGlucose	train
31088	98_MinimalGlucose	train
31089	99_MinimalGlucose	train
31090	100_MinimalGlucose	train
31091	101_MinimalGlucose	train
31092	102_MinimalGlucose	train
31093	103_MinimalGlucose	train
31094	104_MinimalGlucose	train
31095	105_MinimalGlucose	train
31096	106_MinimalGlucose	train
31097	107_MinimalGlucose	train
31098	108_MinimalGlucose	train
31099	109_MinimalGlucose	train
31100	110_MinimalGlucose	validation
31101	111_MinimalGlucose	train
31102	112_MinimalGlucose	train
31103	113_MinimalGlucose	train
31104	114_MinimalGlucose	train
31105	115_MinimalGlucose	train
31106	116_MinimalGlucose	train
31107	117_MinimalGlucose	train
31108	118_MinimalGlucose	train
31109	119_MinimalGlucose	train
31110	120_MinimalGlucose	train
31111	121_MinimalGlucose	train
31112	122_MinimalGlucose	train
31113	123_MinimalGlucose	train
31114	124_MinimalGlucose	train
31115	125_MinimalGlucose	validation
31116	126_MinimalGlucose	train
31117	127_MinimalGlucose	train
31118	128_MinimalGlucose	train
31119	129_MinimalGlucose	train
31120	130_MinimalGlucose	train
31121	131_MinimalGlucose	train
31122	132_MinimalGlucose	train
31123	133_MinimalGlucose	train
31124	134_MinimalGlucose	train
31125	135_MinimalGlucose	train
31126	136_MinimalGlucose	train
31127	137_MinimalGlucose	train
31128	138_MinimalGlucose	train
31129	139_MinimalGlucose	train
31130	140_MinimalGlucose	train
31131	141_MinimalGlucose	train
31132	142_MinimalGlucose	train
31133	143_MinimalGlucose	train
31134	144_MinimalGlucose	train
31135	145_MinimalGlucose	train
31136	146_MinimalGlucose	train
31137	147_MinimalGlucose	train
31138	148_MinimalGlucose	train
31139	149_MinimalGlucose	train
31140	150_MinimalGlucose	train
31141	151_MinimalGlucose	train
31142	152_MinimalGlucose	train
31143	153_MinimalGlucose	train
31144	154_MinimalGlucose	train
31145	155_MinimalGlucose	train
31146	156_MinimalGlucose	train
31147	157_MinimalGlucose	train
31148	158_MinimalGlucose	train
31149	159_MinimalGlucose	train
31150	160_MinimalGlucose	train
31151	161_MinimalGlucose	train
31152	162_MinimalGlucose	train
31153	163_MinimalGlucose	train
31154	164_MinimalGlucose	train
31155	165_MinimalGlucose	train
31156	166_MinimalGlucose	train
31157	167_MinimalGlucose	train
31158	168_MinimalGlucose	train
31159	169_MinimalGlucose	train
31160	170_MinimalGlucose	train
31161	171_MinimalGlucose	train
31162	172_MinimalGlucose	train
31163	173_MinimalGlucose	train
31164	174_MinimalGlucose	train
31165	175_MinimalGlucose	train
31166	176_MinimalGlucose	train
31167	177_MinimalGlucose	train
31168	178_MinimalGlucose	train
31169	179_MinimalGlucose	train
31170	180_MinimalGlucose	train
31171	181_MinimalGlucose	validation
31172	182_MinimalGlucose	train
31173	183_MinimalGlucose	train
31174	184_MinimalGlucose	train
31175	185_MinimalGlucose	train
31176	186_MinimalGlucose	train
31177	187_MinimalGlucose	train
31178	188_MinimalGlucose	train
31179	189_MinimalGlucose	train
31180	190_MinimalGlucose	validation
31181	191_MinimalGlucose	train
31182	192_MinimalGlucose	train
31183	193_MinimalGlucose	train
31184	194_MinimalGlucose	train
31185	195_MinimalGlucose	train
31186	196_MinimalGlucose	train
31187	197_MinimalGlucose	train
31188	198_MinimalGlucose	train
31189	199_MinimalGlucose	train
31190	200_MinimalGlucose	train
31191	201_MinimalGlucose	train
31192	202_MinimalGlucose	train
31193	203_MinimalGlucose	train
31194	204_MinimalGlucose	train
31195	205_MinimalGlucose	train
31196	206_MinimalGlucose	train
31197	207_MinimalGlucose	validation
31198	208_MinimalGlucose	train
31199	209_MinimalGlucose	train
31200	210_MinimalGlucose	train
31201	211_MinimalGlucose	train
31202	212_MinimalGlucose	train
31203	213_MinimalGlucose	train
31204	214_MinimalGlucose	train
31205	215_MinimalGlucose	train
31206	216_MinimalGlucose	train
31207	217_MinimalGlucose	train
31208	218_MinimalGlucose	train
31209	219_MinimalGlucose	train
31210	220_MinimalGlucose	train
31211	221_MinimalGlucose	train
31212	222_MinimalGlucose	train
31213	223_MinimalGlucose	train
31214	224_MinimalGlucose	train
31215	225_MinimalGlucose	train
31216	226_MinimalGlucose	train
31217	227_MinimalGlucose	train
31218	228_MinimalGlucose	train
31219	229_MinimalGlucose	train
31220	230_MinimalGlucose	train
31221	231_MinimalGlucose	train
31222	232_MinimalGlucose	train
31223	233_MinimalGlucose	train
31224	234_MinimalGlucose	train
31225	235_MinimalGlucose	train
31226	236_MinimalGlucose	train
31227	237_MinimalGlucose	train
31228	238_MinimalGlucose	train
31229	239_MinimalGlucose	train
31230	240_MinimalGlucose	train
31231	241_MinimalGlucose	train
31232	242_MinimalGlucose	train
31233	243_MinimalGlucose	train
31234	244_MinimalGlucose	train
31235	245_MinimalGlucose	train
31236	246_MinimalGlucose	validation
31237	247_MinimalGlucose	train
31238	248_MinimalGlucose	train
31239	249_MinimalGlucose	train
31240	250_MinimalGlucose	train
31241	251_MinimalGlucose	train
31242	252_MinimalGlucose	train
31243	253_MinimalGlucose	train
31244	254_MinimalGlucose	train
31245	255_MinimalGlucose	train
31246	256_MinimalGlucose	train
31247	257_MinimalGlucose	train
31248	258_MinimalGlucose	train
31249	259_MinimalGlucose	validation
31250	260_MinimalGlucose	train
31251	261_MinimalGlucose	train
31252	262_MinimalGlucose	train
31253	263_MinimalGlucose	train
31254	264_MinimalGlucose	validation
31255	265_MinimalGlucose	train
31256	266_MinimalGlucose	train
31257	267_MinimalGlucose	train
31258	268_MinimalGlucose	train
31259	269_MinimalGlucose	train
31260	270_MinimalGlucose	train
31261	271_MinimalGlucose	train
31262	272_MinimalGlucose	train
31263	273_MinimalGlucose	train
31264	274_MinimalGlucose	train
31265	275_MinimalGlucose	train
31266	276_MinimalGlucose	train
31267	277_MinimalGlucose	train
31268	278_MinimalGlucose	train
31269	279_MinimalGlucose	train
31270	280_MinimalGlucose	train
31271	281_MinimalGlucose	train
31272	282_MinimalGlucose	train
31273	283_MinimalGlucose	train
31274	284_MinimalGlucose	train
31275	285_MinimalGlucose	train
31276	286_MinimalGlucose	train
31277	287_MinimalGlucose	train
31278	288_MinimalGlucose	train
31279	289_MinimalGlucose	train
31280	290_MinimalGlucose	train
31281	291_MinimalGlucose	train
31282	292_MinimalGlucose	train
31283	293_MinimalGlucose	train
31284	294_MinimalGlucose	train
31285	295_MinimalGlucose	train
31286	296_MinimalGlucose	train
31287	297_MinimalGlucose	train
31288	298_MinimalGlucose	train
31289	299_MinimalGlucose	train
31290	300_MinimalGlucose	train
31291	301_MinimalGlucose	train
31292	302_MinimalGlucose	validation
31293	303_MinimalGlucose	train
31294	304_MinimalGlucose	train
31295	305_MinimalGlucose	train
31296	306_MinimalGlucose	train
31297	307_MinimalGlucose	train
31298	308_MinimalGlucose	train
31299	309_MinimalGlucose	train
31300	310_MinimalGlucose	train
31301	311_MinimalGlucose	train
31302	312_MinimalGlucose	train
31303	313_MinimalGlucose	train
31304	314_MinimalGlucose	train
31305	315_MinimalGlucose	train
31306	316_MinimalGlucose	train
31307	317_MinimalGlucose	validation
31308	318_MinimalGlucose	train
31309	319_MinimalGlucose	train
31310	320_MinimalGlucose	train
31311	321_MinimalGlucose	train
31312	322_MinimalGlucose	train
31313	323_MinimalGlucose	train
31314	324_MinimalGlucose	train
31315	325_MinimalGlucose	train
31316	326_MinimalGlucose	train
31317	327_MinimalGlucose	train
31318	328_MinimalGlucose	train
31319	329_MinimalGlucose	train
31320	330_MinimalGlucose	train
31321	331_MinimalGlucose	train
31322	332_MinimalGlucose	train
31323	333_MinimalGlucose	train
31324	334_MinimalGlucose	validation
31325	335_MinimalGlucose	train
31326	336_MinimalGlucose	train
31327	337_MinimalGlucose	train
31328	338_MinimalGlucose	train
31329	339_MinimalGlucose	train
31330	340_MinimalGlucose	train
31331	341_MinimalGlucose	train
31332	342_MinimalGlucose	train
31333	343_MinimalGlucose	train
31334	344_MinimalGlucose	train
31335	345_MinimalGlucose	train
31336	346_MinimalGlucose	train
31337	347_MinimalGlucose	train
31338	348_MinimalGlucose	train
31339	349_MinimalGlucose	train
31340	350_MinimalGlucose	train
31341	351_MinimalGlucose	train
31342	352_MinimalGlucose	train
31343	353_MinimalGlucose	train
31344	354_MinimalGlucose	train
31345	355_MinimalGlucose	train
31346	356_MinimalGlucose	train
31347	357_MinimalGlucose	train
31348	358_MinimalGlucose	train
31349	359_MinimalGlucose	train
31350	360_MinimalGlucose	train
31351	361_MinimalGlucose	train
31352	362_MinimalGlucose	train
31353	363_MinimalGlucose	validation
31354	364_MinimalGlucose	train
31355	365_MinimalGlucose	train
31356	366_MinimalGlucose	train
31357	367_MinimalGlucose	train
31358	368_MinimalGlucose	train
31359	369_MinimalGlucose	train
31360	370_MinimalGlucose	train
31361	371_MinimalGlucose	train
31362	372_MinimalGlucose	train
31363	373_MinimalGlucose	train
31364	374_MinimalGlucose	train
31365	375_MinimalGlucose	train
31366	376_MinimalGlucose	train
31367	377_MinimalGlucose	train
31368	378_MinimalGlucose	train
31369	379_MinimalGlucose	train
31370	380_MinimalGlucose	train
31371	381_MinimalGlucose	train
31372	382_MinimalGlucose	train
31373	383_MinimalGlucose	train
31374	384_MinimalGlucose	train
31375	385_MinimalGlucose	train
31376	386_MinimalGlucose	train
31377	387_MinimalGlucose	train
31378	388_MinimalGlucose	train
31379	389_MinimalGlucose	train
31380	390_MinimalGlucose	train
31381	391_MinimalGlucose	train
31382	392_MinimalGlucose	train
31383	393_MinimalGlucose	train
31384	394_MinimalGlucose	train
31385	395_MinimalGlucose	train
31386	396_MinimalGlucose	train
31387	397_MinimalGlucose	train
31388	398_MinimalGlucose	train
31389	399_MinimalGlucose	train
31390	400_MinimalGlucose	train
31391	401_MinimalGlucose	train
31392	402_MinimalGlucose	train
31393	403_MinimalGlucose	train
31394	404_MinimalGlucose	train
31395	405_MinimalGlucose	train
31396	406_MinimalGlucose	train
31397	407_MinimalGlucose	train
31398	408_MinimalGlucose	validation
31399	409_MinimalGlucose	train
31400	410_MinimalGlucose	validation
31401	411_MinimalGlucose	train
31402	412_MinimalGlucose	train
31403	413_MinimalGlucose	train
31404	414_MinimalGlucose	validation
31405	415_MinimalGlucose	train
31406	416_MinimalGlucose	train
31407	417_MinimalGlucose	train
31408	418_MinimalGlucose	train
31409	419_MinimalGlucose	train
31410	420_MinimalGlucose	train
31411	421_MinimalGlucose	train
31412	422_MinimalGlucose	train
31413	423_MinimalGlucose	train
31414	424_MinimalGlucose	train
31415	425_MinimalGlucose	train
31416	426_MinimalGlucose	train
31417	427_MinimalGlucose	train
31418	428_MinimalGlucose	train
31419	429_MinimalGlucose	train
31420	430_MinimalGlucose	train
31421	431_MinimalGlucose	train
31422	432_MinimalGlucose	train
31423	433_MinimalGlucose	train
31424	434_MinimalGlucose	validation
31425	435_MinimalGlucose	train
31426	436_MinimalGlucose	train
31427	437_MinimalGlucose	train
31428	438_MinimalGlucose	train
31429	439_MinimalGlucose	train
31430	440_MinimalGlucose	train
31431	441_MinimalGlucose	train
31432	442_MinimalGlucose	train
31433	443_MinimalGlucose	train
31434	444_MinimalGlucose	train
31435	445_MinimalGlucose	train
31436	446_MinimalGlucose	train
31437	447_MinimalGlucose	train
31438	448_MinimalGlucose	train
31439	449_MinimalGlucose	train
31440	450_MinimalGlucose	train
31441	451_MinimalGlucose	train
31442	452_MinimalGlucose	train
31443	453_MinimalGlucose	train
31444	454_MinimalGlucose	train
31445	455_MinimalGlucose	train
31446	456_MinimalGlucose	train
31447	457_MinimalGlucose	train
31448	458_MinimalGlucose	train
31449	459_MinimalGlucose	train
31450	460_MinimalGlucose	train
31451	461_MinimalGlucose	train
31452	462_MinimalGlucose	train
31453	463_MinimalGlucose	train
31454	464_MinimalGlucose	train
31455	465_MinimalGlucose	train
31456	466_MinimalGlucose	train
31457	467_MinimalGlucose	train
31458	468_MinimalGlucose	train
31459	469_MinimalGlucose	train
31460	470_MinimalGlucose	train
31461	471_MinimalGlucose	train
31462	472_MinimalGlucose	train
31463	473_MinimalGlucose	train
31464	474_MinimalGlucose	train
31465	475_MinimalGlucose	train
31466	476_MinimalGlucose	train
31467	477_MinimalGlucose	train
31468	478_MinimalGlucose	train
31469	479_MinimalGlucose	train
31470	480_MinimalGlucose	train
31471	481_MinimalGlucose	train
31472	482_MinimalGlucose	train
31473	483_MinimalGlucose	train
31474	484_MinimalGlucose	train
31475	485_MinimalGlucose	train
31476	486_MinimalGlucose	train
31477	487_MinimalGlucose	train
31478	488_MinimalGlucose	validation
31479	489_MinimalGlucose	train
31480	490_MinimalGlucose	train
31481	491_MinimalGlucose	train
31482	492_MinimalGlucose	train
31483	493_MinimalGlucose	train
31484	494_MinimalGlucose	train
31485	495_MinimalGlucose	train
31486	496_MinimalGlucose	train
31487	497_MinimalGlucose	train
31488	498_MinimalGlucose	train
31489	499_MinimalGlucose	train
31490	500_MinimalGlucose	train
31491	501_MinimalGlucose	train
31492	502_MinimalGlucose	train
31493	503_MinimalGlucose	train
31494	504_MinimalGlucose	train
31495	505_MinimalGlucose	train
31496	506_MinimalGlucose	train
31497	507_MinimalGlucose	train
31498	508_MinimalGlucose	train
31499	509_MinimalGlucose	train
31500	510_MinimalGlucose	train
31501	511_MinimalGlucose	train
31502	512_MinimalGlucose	train
31503	513_MinimalGlucose	train
31504	514_MinimalGlucose	train
31505	515_MinimalGlucose	train
31506	516_MinimalGlucose	train
31507	517_MinimalGlucose	train
31508	518_MinimalGlucose	validation
31509	519_MinimalGlucose	train
31510	520_MinimalGlucose	train
31511	521_MinimalGlucose	train
31512	522_MinimalGlucose	train
31513	523_MinimalGlucose	train
31514	524_MinimalGlucose	train
31515	525_MinimalGlucose	train
31516	526_MinimalGlucose	train
31517	527_MinimalGlucose	train
31518	528_MinimalGlucose	train
31519	529_MinimalGlucose	train
31520	530_MinimalGlucose	train
31521	531_MinimalGlucose	train
31522	532_MinimalGlucose	train
31523	533_MinimalGlucose	train
31524	534_MinimalGlucose	train
31525	535_MinimalGlucose	train
31526	536_MinimalGlucose	train
31527	537_MinimalGlucose	train
31528	538_MinimalGlucose	train
31529	539_MinimalGlucose	train
31530	540_MinimalGlucose	train
31531	541_MinimalGlucose	train
31532	542_MinimalGlucose	train
31533	543_MinimalGlucose	train
31534	544_MinimalGlucose	validation
31535	545_MinimalGlucose	train
31536	546_MinimalGlucose	train
31537	547_MinimalGlucose	validation
31538	548_MinimalGlucose	train
31539	549_MinimalGlucose	train
31540	550_MinimalGlucose	train
31541	551_MinimalGlucose	train
31542	552_MinimalGlucose	train
31543	553_MinimalGlucose	train
31544	554_MinimalGlucose	train
31545	555_MinimalGlucose	train
31546	556_MinimalGlucose	validation
31547	557_MinimalGlucose	train
31548	558_MinimalGlucose	validation
31549	559_MinimalGlucose	train
31550	560_MinimalGlucose	train
31551	561_MinimalGlucose	validation
31552	562_MinimalGlucose	train
31553	563_MinimalGlucose	train
31554	564_MinimalGlucose	train
31555	565_MinimalGlucose	train
31556	566_MinimalGlucose	train
31557	567_MinimalGlucose	train
31558	568_MinimalGlucose	validation
31559	569_MinimalGlucose	train
31560	570_MinimalGlucose	train
31561	571_MinimalGlucose	train
31562	572_MinimalGlucose	train
31563	573_MinimalGlucose	train
31564	574_MinimalGlucose	train
31565	575_MinimalGlucose	train
31566	576_MinimalGlucose	train
31567	577_MinimalGlucose	train
31568	578_MinimalGlucose	train
31569	579_MinimalGlucose	train
31570	580_MinimalGlucose	train
31571	581_MinimalGlucose	train
31572	582_MinimalGlucose	validation
31573	583_MinimalGlucose	train
31574	584_MinimalGlucose	train
31575	585_MinimalGlucose	train
31576	586_MinimalGlucose	train
31577	587_MinimalGlucose	train
31578	588_MinimalGlucose	train
31579	589_MinimalGlucose	train
31580	590_MinimalGlucose	train
31581	591_MinimalGlucose	train
31582	592_MinimalGlucose	train
31583	593_MinimalGlucose	train
31584	594_MinimalGlucose	train
31585	595_MinimalGlucose	train
31586	596_MinimalGlucose	validation
31587	597_MinimalGlucose	train
31588	598_MinimalGlucose	train
31589	599_MinimalGlucose	train
31590	600_MinimalGlucose	train
31591	601_MinimalGlucose	train
31592	602_MinimalGlucose	train
31593	603_MinimalGlucose	train
31594	604_MinimalGlucose	train
31595	605_MinimalGlucose	train
31596	606_MinimalGlucose	train
31597	607_MinimalGlucose	train
31598	608_MinimalGlucose	train
31599	609_MinimalGlucose	train
31600	610_MinimalGlucose	validation
31601	611_MinimalGlucose	train
31602	612_MinimalGlucose	train
31603	613_MinimalGlucose	train
31604	614_MinimalGlucose	train
31605	615_MinimalGlucose	train
31606	616_MinimalGlucose	train
31607	617_MinimalGlucose	train
31608	618_MinimalGlucose	train
31609	619_MinimalGlucose	train
31610	620_MinimalGlucose	train
31611	621_MinimalGlucose	train
31612	622_MinimalGlucose	train
31613	623_MinimalGlucose	train
31614	624_MinimalGlucose	train
31615	625_MinimalGlucose	train
31616	626_MinimalGlucose	train
31617	627_MinimalGlucose	train
31618	628_MinimalGlucose	train
31619	629_MinimalGlucose	train
31620	630_MinimalGlucose	validation
31621	631_MinimalGlucose	train
31622	632_MinimalGlucose	train
31623	633_MinimalGlucose	train
31624	634_MinimalGlucose	train
31625	635_MinimalGlucose	train
31626	636_MinimalGlucose	train
31627	637_MinimalGlucose	train
31628	638_MinimalGlucose	train
31629	639_MinimalGlucose	train
31630	640_MinimalGlucose	train
31631	641_MinimalGlucose	train
31632	642_MinimalGlucose	train
31633	643_MinimalGlucose	train
31634	644_MinimalGlucose	train
31635	645_MinimalGlucose	train
31636	646_MinimalGlucose	train
31637	647_MinimalGlucose	train
31638	648_MinimalGlucose	train
31639	649_MinimalGlucose	train
31640	650_MinimalGlucose	train
31641	651_MinimalGlucose	train
31642	652_MinimalGlucose	train
31643	653_MinimalGlucose	train
31644	654_MinimalGlucose	train
31645	655_MinimalGlucose	train
31646	656_MinimalGlucose	train
31647	657_MinimalGlucose	train
31648	658_MinimalGlucose	train
31649	659_MinimalGlucose	train
31650	660_MinimalGlucose	train
31651	661_MinimalGlucose	train
31652	662_MinimalGlucose	train
31653	663_MinimalGlucose	train
31654	664_MinimalGlucose	train
31655	665_MinimalGlucose	train
31656	666_MinimalGlucose	train
31657	667_MinimalGlucose	train
31658	668_MinimalGlucose	train
31659	669_MinimalGlucose	train
31660	670_MinimalGlucose	train
31661	671_MinimalGlucose	train
31662	672_MinimalGlucose	train
31663	673_MinimalGlucose	train
31664	674_MinimalGlucose	train
31665	675_MinimalGlucose	train
31666	676_MinimalGlucose	train
31667	677_MinimalGlucose	train
31668	678_MinimalGlucose	train
31669	679_MinimalGlucose	train
31670	680_MinimalGlucose	train
31671	681_MinimalGlucose	train
31672	682_MinimalGlucose	train
31673	683_MinimalGlucose	train
31674	684_MinimalGlucose	train
31675	685_MinimalGlucose	train
31676	686_MinimalGlucose	train
31677	687_MinimalGlucose	train
31678	688_MinimalGlucose	train
31679	689_MinimalGlucose	train
31680	690_MinimalGlucose	train
31681	691_MinimalGlucose	train
31682	692_MinimalGlucose	train
31683	693_MinimalGlucose	train
31684	694_MinimalGlucose	train
31685	695_MinimalGlucose	train
31686	696_MinimalGlucose	train
31687	697_MinimalGlucose	train
31688	698_MinimalGlucose	train
31689	699_MinimalGlucose	train
31690	700_MinimalGlucose	train
31691	701_MinimalGlucose	train
31692	702_MinimalGlucose	train
31693	703_MinimalGlucose	train
31694	704_MinimalGlucose	train
31695	705_MinimalGlucose	train
31696	706_MinimalGlucose	train
31697	707_MinimalGlucose	train
31698	708_MinimalGlucose	train
31699	709_MinimalGlucose	train
31700	710_MinimalGlucose	train
31701	711_MinimalGlucose	train
31702	712_MinimalGlucose	train
31703	713_MinimalGlucose	train
31704	714_MinimalGlucose	train
31705	715_MinimalGlucose	train
31706	716_MinimalGlucose	train
31707	717_MinimalGlucose	train
31708	718_MinimalGlucose	validation
31709	719_MinimalGlucose	train
31710	720_MinimalGlucose	train
31711	721_MinimalGlucose	train
31712	722_MinimalGlucose	train
31713	723_MinimalGlucose	train
31714	724_MinimalGlucose	train
31715	725_MinimalGlucose	train
31716	726_MinimalGlucose	train
31717	727_MinimalGlucose	train
31718	728_MinimalGlucose	train
31719	729_MinimalGlucose	train
31720	730_MinimalGlucose	train
31721	731_MinimalGlucose	train
31722	732_MinimalGlucose	train
31723	733_MinimalGlucose	train
31724	734_MinimalGlucose	train
31725	735_MinimalGlucose	train
31726	736_MinimalGlucose	train
31727	737_MinimalGlucose	train
31728	738_MinimalGlucose	train
31729	739_MinimalGlucose	train
31730	740_MinimalGlucose	train
31731	741_MinimalGlucose	train
31732	742_MinimalGlucose	train
31733	743_MinimalGlucose	train
31734	744_MinimalGlucose	train
31735	745_MinimalGlucose	train
31736	746_MinimalGlucose	train
31737	747_MinimalGlucose	train
31738	748_MinimalGlucose	train
31739	749_MinimalGlucose	train
31740	750_MinimalGlucose	train
31741	751_MinimalGlucose	train
31742	752_MinimalGlucose	train
31743	753_MinimalGlucose	train
31744	754_MinimalGlucose	train
31745	755_MinimalGlucose	train
31746	756_MinimalGlucose	train
31747	757_MinimalGlucose	train
31748	758_MinimalGlucose	validation
31749	759_MinimalGlucose	train
31750	760_MinimalGlucose	train
31751	761_MinimalGlucose	train
31752	762_MinimalGlucose	train
31753	763_MinimalGlucose	train
31754	764_MinimalGlucose	train
31755	765_MinimalGlucose	train
31756	766_MinimalGlucose	train
31757	767_MinimalGlucose	train
31758	768_MinimalGlucose	train
31759	769_MinimalGlucose	train
31760	770_MinimalGlucose	train
31761	771_MinimalGlucose	train
31762	772_MinimalGlucose	train
31763	773_MinimalGlucose	train
31764	774_MinimalGlucose	train
31765	775_MinimalGlucose	train
31766	776_MinimalGlucose	train
31767	777_MinimalGlucose	train
31768	778_MinimalGlucose	train
31769	779_MinimalGlucose	train
31770	780_MinimalGlucose	train
31771	781_MinimalGlucose	train
31772	782_MinimalGlucose	train
31773	783_MinimalGlucose	train
31774	784_MinimalGlucose	train
31775	785_MinimalGlucose	train
31776	786_MinimalGlucose	train
31777	787_MinimalGlucose	train
31778	788_MinimalGlucose	validation
31779	789_MinimalGlucose	train
31780	790_MinimalGlucose	train
31781	791_MinimalGlucose	train
31782	792_MinimalGlucose	train
31783	793_MinimalGlucose	validation
31784	794_MinimalGlucose	train
31785	795_MinimalGlucose	train
31786	796_MinimalGlucose	validation
31787	797_MinimalGlucose	train
31788	798_MinimalGlucose	train
31789	799_MinimalGlucose	train
31790	800_MinimalGlucose	train
31791	801_MinimalGlucose	train
31792	802_MinimalGlucose	train
31793	803_MinimalGlucose	train
31794	804_MinimalGlucose	train
31795	805_MinimalGlucose	train
31796	806_MinimalGlucose	train
31797	807_MinimalGlucose	train
31798	808_MinimalGlucose	train
31799	809_MinimalGlucose	train
31800	810_MinimalGlucose	train
31801	811_MinimalGlucose	train
31802	812_MinimalGlucose	train
31803	813_MinimalGlucose	train
31804	814_MinimalGlucose	train
31805	815_MinimalGlucose	train
31806	816_MinimalGlucose	train
31807	817_MinimalGlucose	train
31808	818_MinimalGlucose	train
31809	819_MinimalGlucose	train
31810	820_MinimalGlucose	train
31811	821_MinimalGlucose	train
31812	822_MinimalGlucose	train
31813	823_MinimalGlucose	train
31814	824_MinimalGlucose	train
31815	825_MinimalGlucose	train
31816	826_MinimalGlucose	train
31817	827_MinimalGlucose	train
31818	828_MinimalGlucose	train
31819	829_MinimalGlucose	train
31820	830_MinimalGlucose	train
31821	831_MinimalGlucose	train
31822	832_MinimalGlucose	train
31823	833_MinimalGlucose	train
31824	834_MinimalGlucose	train
31825	835_MinimalGlucose	train
31826	836_MinimalGlucose	train
31827	837_MinimalGlucose	train
31828	838_MinimalGlucose	train
31829	839_MinimalGlucose	train
31830	840_MinimalGlucose	train
31831	841_MinimalGlucose	train
31832	842_MinimalGlucose	train
31833	843_MinimalGlucose	train
31834	844_MinimalGlucose	train
31835	845_MinimalGlucose	train
31836	846_MinimalGlucose	validation
31837	847_MinimalGlucose	train
31838	848_MinimalGlucose	train
31839	849_MinimalGlucose	validation
31840	850_MinimalGlucose	validation
31841	851_MinimalGlucose	train
31842	852_MinimalGlucose	train
31843	853_MinimalGlucose	train
31844	854_MinimalGlucose	train
31845	855_MinimalGlucose	train
31846	856_MinimalGlucose	train
31847	857_MinimalGlucose	train
31848	858_MinimalGlucose	train
31849	859_MinimalGlucose	validation
31850	860_MinimalGlucose	train
31851	861_MinimalGlucose	train
31852	862_MinimalGlucose	train
31853	863_MinimalGlucose	train
31854	864_MinimalGlucose	train
31855	865_MinimalGlucose	train
31856	866_MinimalGlucose	train
31857	867_MinimalGlucose	validation
31858	868_MinimalGlucose	train
31859	869_MinimalGlucose	train
31860	870_MinimalGlucose	train
31861	871_MinimalGlucose	train
31862	872_MinimalGlucose	train
31863	873_MinimalGlucose	train
31864	874_MinimalGlucose	train
31865	875_MinimalGlucose	train
31866	876_MinimalGlucose	train
31867	877_MinimalGlucose	train
31868	878_MinimalGlucose	train
31869	879_MinimalGlucose	train
31870	880_MinimalGlucose	train
31871	881_MinimalGlucose	train
31872	882_MinimalGlucose	train
31873	883_MinimalGlucose	train
31874	884_MinimalGlucose	train
31875	885_MinimalGlucose	train
31876	886_MinimalGlucose	train
31877	887_MinimalGlucose	train
31878	888_MinimalGlucose	train
31879	889_MinimalGlucose	train
31880	890_MinimalGlucose	train
31881	891_MinimalGlucose	train
31882	892_MinimalGlucose	train
31883	893_MinimalGlucose	train
31884	894_MinimalGlucose	train
31885	895_MinimalGlucose	train
31886	896_MinimalGlucose	validation
31887	897_MinimalGlucose	train
31888	898_MinimalGlucose	train
31889	899_MinimalGlucose	train
31890	900_MinimalGlucose	train
31891	901_MinimalGlucose	train
31892	902_MinimalGlucose	train
31893	903_MinimalGlucose	train
31894	904_MinimalGlucose	train
31895	905_MinimalGlucose	train
31896	906_MinimalGlucose	train
31897	907_MinimalGlucose	train
31898	908_MinimalGlucose	train
31899	909_MinimalGlucose	train
31900	910_MinimalGlucose	train
31901	911_MinimalGlucose	train
31902	912_MinimalGlucose	train
31903	913_MinimalGlucose	train
31904	914_MinimalGlucose	train
31905	915_MinimalGlucose	train
31906	916_MinimalGlucose	train
31907	917_MinimalGlucose	train
31908	918_MinimalGlucose	train
31909	919_MinimalGlucose	train
31910	920_MinimalGlucose	train
31911	921_MinimalGlucose	train
31912	922_MinimalGlucose	validation
31913	923_MinimalGlucose	train
31914	924_MinimalGlucose	train
31915	925_MinimalGlucose	train
31916	926_MinimalGlucose	train
31917	927_MinimalGlucose	train
31918	928_MinimalGlucose	train
31919	929_MinimalGlucose	train
31920	930_MinimalGlucose	validation
31921	931_MinimalGlucose	train
31922	932_MinimalGlucose	train
31923	933_MinimalGlucose	train
31924	934_MinimalGlucose	train
31925	935_MinimalGlucose	train
31926	936_MinimalGlucose	train
31927	937_MinimalGlucose	train
31928	938_MinimalGlucose	train
31929	939_MinimalGlucose	train
31930	940_MinimalGlucose	train
31931	941_MinimalGlucose	train
31932	942_MinimalGlucose	train
31933	943_MinimalGlucose	train
31934	944_MinimalGlucose	train
31935	945_MinimalGlucose	train
31936	946_MinimalGlucose	train
31937	947_MinimalGlucose	train
31938	948_MinimalGlucose	train
31939	949_MinimalGlucose	train
31940	950_MinimalGlucose	train
31941	951_MinimalGlucose	train
31942	952_MinimalGlucose	train
31943	953_MinimalGlucose	train
31944	954_MinimalGlucose	train
31945	955_MinimalGlucose	train
31946	956_MinimalGlucose	train
31947	957_MinimalGlucose	train
31948	958_MinimalGlucose	train
31949	959_MinimalGlucose	train
31950	960_MinimalGlucose	train
31951	961_MinimalGlucose	train
31952	962_MinimalGlucose	train
31953	963_MinimalGlucose	train
31954	964_MinimalGlucose	train
31955	965_MinimalGlucose	train
31956	966_MinimalGlucose	train
31957	967_MinimalGlucose	train
31958	968_MinimalGlucose	validation
31959	969_MinimalGlucose	train
31960	970_MinimalGlucose	train
31961	971_MinimalGlucose	train
31962	972_MinimalGlucose	train
31963	973_MinimalGlucose	train
31964	974_MinimalGlucose	train
31965	975_MinimalGlucose	train
31966	976_MinimalGlucose	train
31967	977_MinimalGlucose	train
31968	978_MinimalGlucose	train
31969	979_MinimalGlucose	train
31970	980_MinimalGlucose	train
31971	981_MinimalGlucose	train
31972	982_MinimalGlucose	validation
31973	983_MinimalGlucose	validation
31974	984_MinimalGlucose	train
31975	985_MinimalGlucose	train
31976	986_MinimalGlucose	train
31977	987_MinimalGlucose	train
31978	988_MinimalGlucose	train
31979	989_MinimalGlucose	validation
31980	990_MinimalGlucose	train
31981	991_MinimalGlucose	train
31982	992_MinimalGlucose	train
31983	993_MinimalGlucose	train
31984	994_MinimalGlucose	train
31985	995_MinimalGlucose	train
31986	996_MinimalGlucose	train
31987	997_MinimalGlucose	train
31988	998_MinimalGlucose	train
31989	999_MinimalGlucose	train
31990	1000_MinimalGlucose	train
31991	1001_MinimalGlucose	train
31992	1002_MinimalGlucose	train
31993	1003_MinimalGlucose	validation
31994	1004_MinimalGlucose	train
31995	1005_MinimalGlucose	train
31996	1006_MinimalGlucose	train
31997	1007_MinimalGlucose	train
31998	1008_MinimalGlucose	train
31999	1009_MinimalGlucose	train
32000	1010_MinimalGlucose	train
32001	1011_MinimalGlucose	train
32002	1012_MinimalGlucose	train
32003	1013_MinimalGlucose	train
32004	1014_MinimalGlucose	train
32005	1015_MinimalGlucose	train
32006	1016_MinimalGlucose	train
32007	1017_MinimalGlucose	train
32008	1018_MinimalGlucose	train
32009	1019_MinimalGlucose	train
32010	1020_MinimalGlucose	train
32011	1021_MinimalGlucose	train
32012	1022_MinimalGlucose	train
32013	1023_MinimalGlucose	train
32014	1024_MinimalGlucose	train
32015	1025_MinimalGlucose	train
32016	1026_MinimalGlucose	train
32017	1027_MinimalGlucose	train
32018	1028_MinimalGlucose	train
32019	1029_MinimalGlucose	train
32020	1030_MinimalGlucose	train
32021	1031_MinimalGlucose	train
32022	1032_MinimalGlucose	train
32023	1033_MinimalGlucose	train
32024	1034_MinimalGlucose	train
32025	1035_MinimalGlucose	train
32026	1036_MinimalGlucose	train
32027	1037_MinimalGlucose	train
32028	1038_MinimalGlucose	train
32029	1039_MinimalGlucose	train
32030	1040_MinimalGlucose	train
32031	1041_MinimalGlucose	train
32032	1042_MinimalGlucose	train
32033	1043_MinimalGlucose	train
32034	1044_MinimalGlucose	train
32035	1045_MinimalGlucose	train
32036	1046_MinimalGlucose	train
32037	1047_MinimalGlucose	validation
32038	1048_MinimalGlucose	train
32039	1049_MinimalGlucose	train
32040	1050_MinimalGlucose	train
32041	1051_MinimalGlucose	train
32042	1052_MinimalGlucose	train
32043	1053_MinimalGlucose	train
32044	1054_MinimalGlucose	train
32045	1055_MinimalGlucose	train
32046	1056_MinimalGlucose	train
32047	1057_MinimalGlucose	train
32048	1058_MinimalGlucose	train
32049	1059_MinimalGlucose	train
32050	1060_MinimalGlucose	train
32051	1061_MinimalGlucose	train
32052	1062_MinimalGlucose	train
32053	1063_MinimalGlucose	validation
32054	1064_MinimalGlucose	train
32055	1065_MinimalGlucose	validation
32056	1066_MinimalGlucose	train
32057	1067_MinimalGlucose	train
32058	1068_MinimalGlucose	train
32059	1069_MinimalGlucose	train
32060	1070_MinimalGlucose	train
32061	1071_MinimalGlucose	validation
32062	1072_MinimalGlucose	train
32063	1073_MinimalGlucose	train
32064	1074_MinimalGlucose	validation
32065	1075_MinimalGlucose	train
32066	1076_MinimalGlucose	train
32067	1077_MinimalGlucose	train
32068	1078_MinimalGlucose	train
32069	1079_MinimalGlucose	train
32070	1080_MinimalGlucose	train
32071	1081_MinimalGlucose	train
32072	1082_MinimalGlucose	train
32073	1083_MinimalGlucose	train
32074	1084_MinimalGlucose	train
32075	1085_MinimalGlucose	validation
32076	1086_MinimalGlucose	train
32077	1087_MinimalGlucose	train
32078	1088_MinimalGlucose	train
32079	1089_MinimalGlucose	validation
32080	1090_MinimalGlucose	train
32081	1091_MinimalGlucose	train
32082	1092_MinimalGlucose	train
32083	1093_MinimalGlucose	train
32084	1094_MinimalGlucose	train
32085	1095_MinimalGlucose	train
32086	1096_MinimalGlucose	train
32087	1097_MinimalGlucose	train
32088	1098_MinimalGlucose	train
32089	1099_MinimalGlucose	validation
32090	1100_MinimalGlucose	train
32091	1101_MinimalGlucose	train
32092	1102_MinimalGlucose	train
32093	1103_MinimalGlucose	train
32094	1104_MinimalGlucose	train
32095	1105_MinimalGlucose	train
32096	1106_MinimalGlucose	train
32097	1107_MinimalGlucose	train
32098	1108_MinimalGlucose	train
32099	1109_MinimalGlucose	train
32100	1110_MinimalGlucose	train
32101	1111_MinimalGlucose	train
32102	1112_MinimalGlucose	train
32103	1113_MinimalGlucose	train
32104	1114_MinimalGlucose	train
32105	1115_MinimalGlucose	train
32106	1116_MinimalGlucose	train
32107	1117_MinimalGlucose	train
32108	1118_MinimalGlucose	train
32109	1119_MinimalGlucose	train
32110	1120_MinimalGlucose	train
32111	1121_MinimalGlucose	train
32112	1122_MinimalGlucose	train
32113	1123_MinimalGlucose	train
32114	1124_MinimalGlucose	train
32115	1125_MinimalGlucose	train
32116	1126_MinimalGlucose	train
32117	1127_MinimalGlucose	train
32118	1128_MinimalGlucose	train
32119	1129_MinimalGlucose	train
32120	1130_MinimalGlucose	train
32121	1131_MinimalGlucose	train
32122	1132_MinimalGlucose	train
32123	1133_MinimalGlucose	train
32124	1134_MinimalGlucose	train
32125	1135_MinimalGlucose	train
32126	1136_MinimalGlucose	train
32127	1137_MinimalGlucose	train
32128	1138_MinimalGlucose	train
32129	1139_MinimalGlucose	train
32130	1140_MinimalGlucose	train
32131	1141_MinimalGlucose	train
32132	1142_MinimalGlucose	train
32133	1143_MinimalGlucose	train
32134	1144_MinimalGlucose	train
32135	1145_MinimalGlucose	train
32136	1146_MinimalGlucose	validation
32137	1147_MinimalGlucose	train
32138	1148_MinimalGlucose	train
32139	1149_MinimalGlucose	train
32140	1150_MinimalGlucose	train
32141	1151_MinimalGlucose	train
32142	1152_MinimalGlucose	train
32143	1153_MinimalGlucose	train
32144	1154_MinimalGlucose	train
32145	1155_MinimalGlucose	train
32146	1156_MinimalGlucose	train
32147	1157_MinimalGlucose	train
32148	1158_MinimalGlucose	train
32149	1159_MinimalGlucose	train
32150	1160_MinimalGlucose	train
32151	1161_MinimalGlucose	train
32152	1162_MinimalGlucose	validation
32153	1163_MinimalGlucose	train
32154	1164_MinimalGlucose	train
32155	1165_MinimalGlucose	train
32156	1166_MinimalGlucose	train
32157	1167_MinimalGlucose	train
32158	1168_MinimalGlucose	train
32159	1169_MinimalGlucose	train
32160	1170_MinimalGlucose	train
32161	1171_MinimalGlucose	train
32162	1172_MinimalGlucose	train
32163	1173_MinimalGlucose	train
32164	1174_MinimalGlucose	train
32165	1175_MinimalGlucose	train
32166	1176_MinimalGlucose	train
32167	1177_MinimalGlucose	train
32168	1178_MinimalGlucose	train
32169	1179_MinimalGlucose	train
32170	1180_MinimalGlucose	train
32171	1181_MinimalGlucose	train
32172	1182_MinimalGlucose	train
32173	1183_MinimalGlucose	train
32174	1184_MinimalGlucose	train
32175	1185_MinimalGlucose	train
32176	1186_MinimalGlucose	train
32177	1187_MinimalGlucose	train
32178	1188_MinimalGlucose	train
32179	1189_MinimalGlucose	train
32180	1190_MinimalGlucose	train
32181	1191_MinimalGlucose	train
32182	1192_MinimalGlucose	train
32183	1193_MinimalGlucose	train
32184	1194_MinimalGlucose	train
32185	1195_MinimalGlucose	train
32186	1196_MinimalGlucose	train
32187	1197_MinimalGlucose	train
32188	1198_MinimalGlucose	train
32189	1199_MinimalGlucose	train
32190	1200_MinimalGlucose	train
32191	1201_MinimalGlucose	train
32192	1202_MinimalGlucose	train
32193	1203_MinimalGlucose	train
32194	1204_MinimalGlucose	train
32195	1205_MinimalGlucose	train
32196	1206_MinimalGlucose	train
32197	1207_MinimalGlucose	train
32198	1208_MinimalGlucose	train
32199	1209_MinimalGlucose	train
32200	1210_MinimalGlucose	train
32201	1211_MinimalGlucose	train
32202	1212_MinimalGlucose	validation
32203	1213_MinimalGlucose	train
32204	1214_MinimalGlucose	train
32205	1215_MinimalGlucose	train
32206	1216_MinimalGlucose	train
32207	1217_MinimalGlucose	train
32208	1218_MinimalGlucose	train
32209	1219_MinimalGlucose	train
32210	1220_MinimalGlucose	train
32211	1221_MinimalGlucose	train
32212	1222_MinimalGlucose	train
32213	1223_MinimalGlucose	train
32214	1224_MinimalGlucose	train
32215	1225_MinimalGlucose	train
32216	1226_MinimalGlucose	train
32217	1227_MinimalGlucose	train
32218	1228_MinimalGlucose	train
32219	1229_MinimalGlucose	train
32220	1230_MinimalGlucose	train
32221	1231_MinimalGlucose	train
32222	1232_MinimalGlucose	validation
32223	1233_MinimalGlucose	train
32224	1234_MinimalGlucose	train
32225	1235_MinimalGlucose	train
32226	1236_MinimalGlucose	validation
32227	1237_MinimalGlucose	train
32228	1238_MinimalGlucose	train
32229	1239_MinimalGlucose	train
32230	1240_MinimalGlucose	train
32231	1241_MinimalGlucose	train
32232	1242_MinimalGlucose	train
32233	1243_MinimalGlucose	train
32234	1244_MinimalGlucose	train
32235	1245_MinimalGlucose	train
32236	1246_MinimalGlucose	train
32237	1247_MinimalGlucose	train
32238	1248_MinimalGlucose	train
32239	1249_MinimalGlucose	train
32240	1250_MinimalGlucose	train
32241	1251_MinimalGlucose	train
32242	1252_MinimalGlucose	train
32243	1253_MinimalGlucose	train
32244	1254_MinimalGlucose	train
32245	1255_MinimalGlucose	train
32246	1256_MinimalGlucose	train
32247	1257_MinimalGlucose	train
32248	1258_MinimalGlucose	train
32249	1259_MinimalGlucose	train
32250	1260_MinimalGlucose	train
32251	1261_MinimalGlucose	train
32252	1262_MinimalGlucose	train
32253	1263_MinimalGlucose	train
32254	1264_MinimalGlucose	train
32255	1265_MinimalGlucose	train
32256	1266_MinimalGlucose	train
32257	1267_MinimalGlucose	train
32258	1268_MinimalGlucose	train
32259	1269_MinimalGlucose	train
32260	1270_MinimalGlucose	train
32261	1271_MinimalGlucose	validation
32262	1272_MinimalGlucose	train
32263	1273_MinimalGlucose	train
32264	1274_MinimalGlucose	train
32265	1275_MinimalGlucose	train
32266	1276_MinimalGlucose	validation
32267	1277_MinimalGlucose	train
32268	1278_MinimalGlucose	train
32269	1279_MinimalGlucose	train
32270	1280_MinimalGlucose	train
32271	1281_MinimalGlucose	train
32272	1282_MinimalGlucose	train
32273	1283_MinimalGlucose	train
32274	1284_MinimalGlucose	train
32275	1285_MinimalGlucose	train
32276	1286_MinimalGlucose	train
32277	1287_MinimalGlucose	train
32278	1288_MinimalGlucose	train
32279	1289_MinimalGlucose	train
32280	1290_MinimalGlucose	train
32281	1291_MinimalGlucose	validation
32282	1292_MinimalGlucose	train
32283	1293_MinimalGlucose	validation
32284	1294_MinimalGlucose	train
32285	1295_MinimalGlucose	train
32286	1296_MinimalGlucose	train
32287	1297_MinimalGlucose	train
32288	1298_MinimalGlucose	train
32289	1299_MinimalGlucose	train
32290	1300_MinimalGlucose	train
32291	1301_MinimalGlucose	train
32292	1302_MinimalGlucose	train
32293	1303_MinimalGlucose	train
32294	1304_MinimalGlucose	train
32295	1305_MinimalGlucose	validation
32296	1306_MinimalGlucose	train
32297	1307_MinimalGlucose	train
32298	1308_MinimalGlucose	train
32299	1309_MinimalGlucose	train
32300	1310_MinimalGlucose	train
32301	1311_MinimalGlucose	train
32302	1312_MinimalGlucose	train
32303	1313_MinimalGlucose	train
32304	1314_MinimalGlucose	train
32305	1315_MinimalGlucose	train
32306	1316_MinimalGlucose	train
32307	1317_MinimalGlucose	train
32308	1318_MinimalGlucose	train
32309	1319_MinimalGlucose	train
32310	1320_MinimalGlucose	train
32311	1321_MinimalGlucose	train
32312	1322_MinimalGlucose	train
32313	1323_MinimalGlucose	train
32314	1324_MinimalGlucose	train
32315	1325_MinimalGlucose	train
32316	1326_MinimalGlucose	train
32317	1327_MinimalGlucose	train
32318	1328_MinimalGlucose	train
32319	1329_MinimalGlucose	train
32320	1330_MinimalGlucose	train
32321	1331_MinimalGlucose	train
32322	1332_MinimalGlucose	train
32323	1333_MinimalGlucose	train
32324	1334_MinimalGlucose	train
32325	1335_MinimalGlucose	train
32326	1336_MinimalGlucose	train
32327	1337_MinimalGlucose	train
32328	1338_MinimalGlucose	validation
32329	1339_MinimalGlucose	train
32330	1340_MinimalGlucose	train
32331	1341_MinimalGlucose	train
32332	1342_MinimalGlucose	train
32333	1343_MinimalGlucose	train
32334	1344_MinimalGlucose	train
32335	1345_MinimalGlucose	train
32336	1346_MinimalGlucose	train
32337	1347_MinimalGlucose	train
32338	1348_MinimalGlucose	train
32339	1349_MinimalGlucose	train
32340	1350_MinimalGlucose	train
32341	1351_MinimalGlucose	train
32342	1352_MinimalGlucose	train
32343	1353_MinimalGlucose	validation
32344	1354_MinimalGlucose	train
32345	1355_MinimalGlucose	train
32346	1356_MinimalGlucose	train
32347	1357_MinimalGlucose	train
32348	1358_MinimalGlucose	validation
32349	1359_MinimalGlucose	train
32350	1360_MinimalGlucose	validation
32351	1361_MinimalGlucose	train
32352	1362_MinimalGlucose	train
32353	1363_MinimalGlucose	train
32354	1364_MinimalGlucose	train
32355	1365_MinimalGlucose	train
32356	1366_MinimalGlucose	train
32357	1367_MinimalGlucose	train
32358	1368_MinimalGlucose	train
32359	1369_MinimalGlucose	train
32360	1370_MinimalGlucose	train
32361	1371_MinimalGlucose	train
32362	1372_MinimalGlucose	train
32363	1373_MinimalGlucose	train
32364	1374_MinimalGlucose	train
32365	1375_MinimalGlucose	train
32366	1376_MinimalGlucose	train
32367	1377_MinimalGlucose	train
32368	1378_MinimalGlucose	validation
32369	1379_MinimalGlucose	train
32370	1380_MinimalGlucose	train
32371	1381_MinimalGlucose	train
32372	1382_MinimalGlucose	train
32373	1383_MinimalGlucose	train
32374	1384_MinimalGlucose	train
32375	1385_MinimalGlucose	train
32376	1386_MinimalGlucose	train
32377	1387_MinimalGlucose	train
32378	1388_MinimalGlucose	train
32379	1389_MinimalGlucose	train
32380	1390_MinimalGlucose	train
32381	1391_MinimalGlucose	train
32382	1392_MinimalGlucose	train
32383	1393_MinimalGlucose	train
32384	1394_MinimalGlucose	train
32385	1395_MinimalGlucose	train
32386	1396_MinimalGlucose	train
32387	1397_MinimalGlucose	train
32388	1398_MinimalGlucose	train
32389	1399_MinimalGlucose	train
32390	1400_MinimalGlucose	train
32391	1401_MinimalGlucose	train
32392	1402_MinimalGlucose	train
32393	1403_MinimalGlucose	train
32394	1404_MinimalGlucose	train
32395	1405_MinimalGlucose	train
32396	1406_MinimalGlucose	train
32397	1407_MinimalGlucose	train
32398	1408_MinimalGlucose	train
32399	1409_MinimalGlucose	validation
32400	1410_MinimalGlucose	train
32401	1411_MinimalGlucose	train
32402	1412_MinimalGlucose	train
32403	1413_MinimalGlucose	train
32404	1414_MinimalGlucose	train
32405	1415_MinimalGlucose	train
32406	1416_MinimalGlucose	train
32407	1417_MinimalGlucose	train
32408	1418_MinimalGlucose	validation
32409	1419_MinimalGlucose	train
32410	1420_MinimalGlucose	train
32411	1421_MinimalGlucose	train
32412	1422_MinimalGlucose	train
32413	1423_MinimalGlucose	train
32414	1424_MinimalGlucose	train
32415	1425_MinimalGlucose	train
32416	1426_MinimalGlucose	train
32417	1427_MinimalGlucose	train
32418	1428_MinimalGlucose	train
32419	1429_MinimalGlucose	train
32420	1430_MinimalGlucose	train
32421	1431_MinimalGlucose	train
32422	1432_MinimalGlucose	train
32423	1433_MinimalGlucose	train
32424	1434_MinimalGlucose	train
32425	1435_MinimalGlucose	train
32426	1436_MinimalGlucose	train
32427	1437_MinimalGlucose	train
32428	1438_MinimalGlucose	train
32429	1439_MinimalGlucose	train
32430	1440_MinimalGlucose	train
32431	1441_MinimalGlucose	train
32432	1442_MinimalGlucose	train
32433	1443_MinimalGlucose	train
32434	1444_MinimalGlucose	train
32435	1445_MinimalGlucose	train
32436	1446_MinimalGlucose	train
32437	1447_MinimalGlucose	train
32438	1448_MinimalGlucose	train
32439	1449_MinimalGlucose	train
32440	1450_MinimalGlucose	train
32441	1451_MinimalGlucose	train
32442	1452_MinimalGlucose	train
32443	1453_MinimalGlucose	train
32444	1454_MinimalGlucose	train
32445	1455_MinimalGlucose	train
32446	1456_MinimalGlucose	train
32447	1457_MinimalGlucose	train
32448	1458_MinimalGlucose	train
32449	1459_MinimalGlucose	train
32450	1460_MinimalGlucose	train
32451	1461_MinimalGlucose	train
32452	1462_MinimalGlucose	train
32453	1463_MinimalGlucose	train
32454	1464_MinimalGlucose	train
32455	1465_MinimalGlucose	train
32456	1466_MinimalGlucose	train
32457	1467_MinimalGlucose	train
32458	1468_MinimalGlucose	train
32459	1469_MinimalGlucose	train
32460	1470_MinimalGlucose	train
32461	1471_MinimalGlucose	train
32462	1472_MinimalGlucose	train
32463	1473_MinimalGlucose	train
32464	1474_MinimalGlucose	train
32465	1475_MinimalGlucose	train
32466	1476_MinimalGlucose	train
32467	1477_MinimalGlucose	train
32468	1478_MinimalGlucose	train
32469	1479_MinimalGlucose	train
32470	1480_MinimalGlucose	train
32471	1481_MinimalGlucose	train
32472	1482_MinimalGlucose	train
32473	1483_MinimalGlucose	train
32474	1484_MinimalGlucose	train
32475	1485_MinimalGlucose	train
32476	1486_MinimalGlucose	train
32477	1487_MinimalGlucose	train
32478	1488_MinimalGlucose	train
32479	1489_MinimalGlucose	train
32480	1490_MinimalGlucose	train
32481	1491_MinimalGlucose	train
32482	1492_MinimalGlucose	train
32483	1493_MinimalGlucose	train
32484	1494_MinimalGlucose	train
32485	1495_MinimalGlucose	train
32486	1496_MinimalGlucose	train
32487	1497_MinimalGlucose	train
32488	1498_MinimalGlucose	train
32489	1499_MinimalGlucose	train
32490	1500_MinimalGlucose	validation
32491	1501_MinimalGlucose	validation
32492	1502_MinimalGlucose	train
32493	1503_MinimalGlucose	train
32494	1504_MinimalGlucose	train
32495	1505_MinimalGlucose	train
32496	1506_MinimalGlucose	train
32497	1507_MinimalGlucose	train
32498	1508_MinimalGlucose	train
32499	1509_MinimalGlucose	train
32500	1510_MinimalGlucose	train
32501	1511_MinimalGlucose	train
32502	1512_MinimalGlucose	train
32503	1513_MinimalGlucose	train
32504	1514_MinimalGlucose	train
32505	1515_MinimalGlucose	train
32506	1516_MinimalGlucose	train
32507	1517_MinimalGlucose	train
32508	1518_MinimalGlucose	train
32509	1519_MinimalGlucose	train
32510	1520_MinimalGlucose	train
32511	1521_MinimalGlucose	train
32512	1522_MinimalGlucose	train
32513	1523_MinimalGlucose	train
32514	1524_MinimalGlucose	train
32515	1525_MinimalGlucose	train
32516	1526_MinimalGlucose	train
32517	1527_MinimalGlucose	validation
32518	1528_MinimalGlucose	train
32519	1529_MinimalGlucose	train
32520	1530_MinimalGlucose	train
32521	1531_MinimalGlucose	train
32522	1532_MinimalGlucose	train
32523	1533_MinimalGlucose	train
32524	1534_MinimalGlucose	train
32525	1535_MinimalGlucose	train
32526	1536_MinimalGlucose	train
32527	1537_MinimalGlucose	train
32528	1538_MinimalGlucose	train
32529	1539_MinimalGlucose	train
32530	1540_MinimalGlucose	train
32531	1541_MinimalGlucose	train
32532	1542_MinimalGlucose	train
32533	1543_MinimalGlucose	train
32534	1544_MinimalGlucose	train
32535	1545_MinimalGlucose	train
32536	1546_MinimalGlucose	train
32537	1547_MinimalGlucose	train
32538	1548_MinimalGlucose	train
32539	1549_MinimalGlucose	train
32540	1550_MinimalGlucose	train
32541	1551_MinimalGlucose	train
32542	1552_MinimalGlucose	train
32543	1553_MinimalGlucose	train
32544	1554_MinimalGlucose	train
32545	1555_MinimalGlucose	train
32546	1556_MinimalGlucose	train
32547	1557_MinimalGlucose	train
32548	1558_MinimalGlucose	train
32549	1559_MinimalGlucose	train
32550	1560_MinimalGlucose	train
32551	1561_MinimalGlucose	train
32552	1562_MinimalGlucose	train
32553	1563_MinimalGlucose	train
32554	1564_MinimalGlucose	train
32555	1565_MinimalGlucose	train
32556	1566_MinimalGlucose	train
32557	1567_MinimalGlucose	train
32558	1568_MinimalGlucose	train
32559	1569_MinimalGlucose	train
32560	1570_MinimalGlucose	train
32561	1571_MinimalGlucose	train
32562	1572_MinimalGlucose	train
32563	1573_MinimalGlucose	train
32564	1574_MinimalGlucose	train
32565	1575_MinimalGlucose	train
32566	1576_MinimalGlucose	train
32567	1577_MinimalGlucose	train
32568	1578_MinimalGlucose	train
32569	1579_MinimalGlucose	train
32570	1580_MinimalGlucose	train
32571	1581_MinimalGlucose	train
32572	1582_MinimalGlucose	train
32573	1583_MinimalGlucose	validation
32574	1584_MinimalGlucose	validation
32575	1585_MinimalGlucose	train
32576	1586_MinimalGlucose	train
32577	1587_MinimalGlucose	train
32578	1588_MinimalGlucose	train
32579	1589_MinimalGlucose	validation
32580	1590_MinimalGlucose	train
32581	1591_MinimalGlucose	train
32582	1592_MinimalGlucose	train
32583	1593_MinimalGlucose	train
32584	1594_MinimalGlucose	train
32585	1595_MinimalGlucose	train
32586	1596_MinimalGlucose	train
32587	1597_MinimalGlucose	train
32588	1598_MinimalGlucose	train
32589	1599_MinimalGlucose	train
32590	1600_MinimalGlucose	train
32591	1601_MinimalGlucose	train
32592	1602_MinimalGlucose	train
32593	1603_MinimalGlucose	train
32594	1604_MinimalGlucose	train
32595	1605_MinimalGlucose	train
32596	1606_MinimalGlucose	validation
32597	1607_MinimalGlucose	train
32598	1608_MinimalGlucose	train
32599	1609_MinimalGlucose	train
32600	1610_MinimalGlucose	train
32601	1611_MinimalGlucose	train
32602	1612_MinimalGlucose	train
32603	1613_MinimalGlucose	train
32604	1614_MinimalGlucose	train
32605	1615_MinimalGlucose	train
32606	1616_MinimalGlucose	train
32607	1617_MinimalGlucose	train
32608	1618_MinimalGlucose	train
32609	1619_MinimalGlucose	validation
32610	1620_MinimalGlucose	train
32611	1621_MinimalGlucose	train
32612	1622_MinimalGlucose	train
32613	1623_MinimalGlucose	train
32614	1624_MinimalGlucose	train
32615	1625_MinimalGlucose	train
32616	1626_MinimalGlucose	train
32617	1627_MinimalGlucose	train
32618	1628_MinimalGlucose	train
32619	1629_MinimalGlucose	train
32620	1630_MinimalGlucose	train
32621	1631_MinimalGlucose	train
32622	1632_MinimalGlucose	train
32623	1633_MinimalGlucose	train
32624	1634_MinimalGlucose	train
32625	1635_MinimalGlucose	train
32626	1636_MinimalGlucose	train
32627	1637_MinimalGlucose	train
32628	1638_MinimalGlucose	train
32629	1639_MinimalGlucose	train
32630	1640_MinimalGlucose	train
32631	1641_MinimalGlucose	train
32632	1642_MinimalGlucose	train
32633	1643_MinimalGlucose	train
32634	1644_MinimalGlucose	train
32635	1645_MinimalGlucose	train
32636	1646_MinimalGlucose	train
32637	1647_MinimalGlucose	train
32638	1648_MinimalGlucose	train
32639	1649_MinimalGlucose	train
32640	1650_MinimalGlucose	train
32641	1651_MinimalGlucose	validation
32642	1652_MinimalGlucose	train
32643	1653_MinimalGlucose	train
32644	1654_MinimalGlucose	train
32645	1655_MinimalGlucose	train
32646	1656_MinimalGlucose	train
32647	1657_MinimalGlucose	train
32648	1658_MinimalGlucose	train
32649	1659_MinimalGlucose	train
32650	1660_MinimalGlucose	train
32651	1661_MinimalGlucose	train
32652	1662_MinimalGlucose	train
32653	1663_MinimalGlucose	train
32654	1664_MinimalGlucose	train
32655	1665_MinimalGlucose	train
32656	1666_MinimalGlucose	validation
32657	1667_MinimalGlucose	train
32658	1668_MinimalGlucose	train
32659	1669_MinimalGlucose	train
32660	1670_MinimalGlucose	train
32661	1671_MinimalGlucose	train
32662	1672_MinimalGlucose	train
32663	1673_MinimalGlucose	train
32664	1674_MinimalGlucose	train
32665	1675_MinimalGlucose	train
32666	1676_MinimalGlucose	train
32667	1677_MinimalGlucose	train
32668	1678_MinimalGlucose	train
32669	1679_MinimalGlucose	train
32670	1680_MinimalGlucose	train
32671	1681_MinimalGlucose	train
32672	1682_MinimalGlucose	train
32673	1683_MinimalGlucose	train
32674	1684_MinimalGlucose	train
32675	1685_MinimalGlucose	train
32676	1686_MinimalGlucose	train
32677	1687_MinimalGlucose	train
32678	1688_MinimalGlucose	train
32679	1689_MinimalGlucose	train
32680	1690_MinimalGlucose	train
32681	1691_MinimalGlucose	validation
32682	1692_MinimalGlucose	train
32683	1693_MinimalGlucose	train
32684	1694_MinimalGlucose	train
32685	1695_MinimalGlucose	train
32686	1696_MinimalGlucose	train
32687	1697_MinimalGlucose	train
32688	1698_MinimalGlucose	train
32689	1699_MinimalGlucose	train
32690	1700_MinimalGlucose	train
32691	1701_MinimalGlucose	train
32692	1702_MinimalGlucose	train
32693	1703_MinimalGlucose	train
32694	1704_MinimalGlucose	train
32695	1705_MinimalGlucose	train
32696	1706_MinimalGlucose	train
32697	1707_MinimalGlucose	train
32698	1708_MinimalGlucose	train
32699	1709_MinimalGlucose	train
32700	1710_MinimalGlucose	train
32701	1711_MinimalGlucose	train
32702	1712_MinimalGlucose	train
32703	1713_MinimalGlucose	train
32704	1714_MinimalGlucose	train
32705	1715_MinimalGlucose	train
32706	1716_MinimalGlucose	train
32707	1717_MinimalGlucose	train
32708	1718_MinimalGlucose	train
32709	1719_MinimalGlucose	validation
32710	1720_MinimalGlucose	validation
32711	1721_MinimalGlucose	train
32712	1722_MinimalGlucose	train
32713	1723_MinimalGlucose	train
32714	1724_MinimalGlucose	train
32715	1725_MinimalGlucose	train
32716	1726_MinimalGlucose	train
32717	1727_MinimalGlucose	train
32718	1728_MinimalGlucose	train
32719	1729_MinimalGlucose	train
32720	1730_MinimalGlucose	train
32721	1731_MinimalGlucose	train
32722	1732_MinimalGlucose	train
32723	1733_MinimalGlucose	train
32724	1734_MinimalGlucose	train
32725	1735_MinimalGlucose	train
32726	1736_MinimalGlucose	train
32727	1737_MinimalGlucose	train
32728	1738_MinimalGlucose	train
32729	1739_MinimalGlucose	train
32730	1740_MinimalGlucose	train
32731	1741_MinimalGlucose	train
32732	1742_MinimalGlucose	train
32733	1743_MinimalGlucose	train
32734	1744_MinimalGlucose	train
32735	1745_MinimalGlucose	train
32736	1746_MinimalGlucose	train
32737	1747_MinimalGlucose	train
32738	1748_MinimalGlucose	train
32739	1749_MinimalGlucose	train
32740	1750_MinimalGlucose	train
32741	1751_MinimalGlucose	train
32742	1752_MinimalGlucose	train
32743	1753_MinimalGlucose	train
32744	1754_MinimalGlucose	train
32745	1755_MinimalGlucose	train
32746	1756_MinimalGlucose	train
32747	1757_MinimalGlucose	train
32748	1758_MinimalGlucose	train
32749	1759_MinimalGlucose	train
32750	1760_MinimalGlucose	train
32751	1761_MinimalGlucose	train
32752	1762_MinimalGlucose	train
32753	1763_MinimalGlucose	train
32754	1764_MinimalGlucose	train
32755	1765_MinimalGlucose	train
32756	1766_MinimalGlucose	train
32757	1767_MinimalGlucose	train
32758	1768_MinimalGlucose	train
32759	1769_MinimalGlucose	train
32760	1770_MinimalGlucose	train
32761	1771_MinimalGlucose	train
32762	1772_MinimalGlucose	train
32763	1773_MinimalGlucose	train
32764	1774_MinimalGlucose	train
32765	1775_MinimalGlucose	train
32766	1776_MinimalGlucose	train
32767	1777_MinimalGlucose	train
32768	1778_MinimalGlucose	train
32769	1779_MinimalGlucose	train
32770	1780_MinimalGlucose	train
32771	1781_MinimalGlucose	train
32772	1782_MinimalGlucose	train
32773	1783_MinimalGlucose	train
32774	1784_MinimalGlucose	train
32775	1785_MinimalGlucose	train
32776	1786_MinimalGlucose	train
32777	1787_MinimalGlucose	train
32778	1788_MinimalGlucose	train
32779	1789_MinimalGlucose	train
32780	1790_MinimalGlucose	train
32781	1791_MinimalGlucose	train
32782	1792_MinimalGlucose	train
32783	1793_MinimalGlucose	train
32784	1794_MinimalGlucose	train
32785	1795_MinimalGlucose	train
32786	1796_MinimalGlucose	train
32787	1797_MinimalGlucose	train
32788	1798_MinimalGlucose	train
32789	1799_MinimalGlucose	train
32790	1800_MinimalGlucose	train
32791	1801_MinimalGlucose	train
32792	1802_MinimalGlucose	train
32793	1803_MinimalGlucose	train
32794	1804_MinimalGlucose	train
32795	1805_MinimalGlucose	train
32796	1806_MinimalGlucose	train
32797	1807_MinimalGlucose	train
32798	1808_MinimalGlucose	train
32799	1809_MinimalGlucose	train
32800	1810_MinimalGlucose	train
32801	1811_MinimalGlucose	train
32802	1812_MinimalGlucose	train
32803	1813_MinimalGlucose	train
32804	1814_MinimalGlucose	train
32805	1815_MinimalGlucose	train
32806	1816_MinimalGlucose	train
32807	1817_MinimalGlucose	train
32808	1818_MinimalGlucose	train
32809	1819_MinimalGlucose	train
32810	1820_MinimalGlucose	train
32811	1821_MinimalGlucose	train
32812	1822_MinimalGlucose	train
32813	1823_MinimalGlucose	validation
32814	1824_MinimalGlucose	validation
32815	1825_MinimalGlucose	train
32816	1826_MinimalGlucose	train
32817	1827_MinimalGlucose	train
32818	1828_MinimalGlucose	train
32819	1829_MinimalGlucose	train
32820	1830_MinimalGlucose	train
32821	1831_MinimalGlucose	train
32822	1832_MinimalGlucose	train
32823	1833_MinimalGlucose	train
32824	1834_MinimalGlucose	train
32825	1835_MinimalGlucose	train
32826	1836_MinimalGlucose	train
32827	1837_MinimalGlucose	train
32828	1838_MinimalGlucose	validation
32829	1839_MinimalGlucose	train
32830	1840_MinimalGlucose	train
32831	1841_MinimalGlucose	validation
32832	1842_MinimalGlucose	train
32833	1843_MinimalGlucose	validation
32834	1844_MinimalGlucose	train
32835	1845_MinimalGlucose	train
32836	1846_MinimalGlucose	train
32837	1847_MinimalGlucose	train
32838	1848_MinimalGlucose	train
32839	1849_MinimalGlucose	train
32840	1850_MinimalGlucose	train
32841	1851_MinimalGlucose	train
32842	1852_MinimalGlucose	train
32843	1853_MinimalGlucose	train
32844	1854_MinimalGlucose	train
32845	1855_MinimalGlucose	train
32846	1856_MinimalGlucose	train
32847	1857_MinimalGlucose	train
32848	1858_MinimalGlucose	train
32849	1859_MinimalGlucose	train
32850	1860_MinimalGlucose	train
32851	1861_MinimalGlucose	train
32852	1862_MinimalGlucose	train
32853	1863_MinimalGlucose	train
32854	1864_MinimalGlucose	train
32855	1865_MinimalGlucose	train
32856	1866_MinimalGlucose	train
32857	1867_MinimalGlucose	train
32858	1868_MinimalGlucose	train
32859	1869_MinimalGlucose	train
32860	1870_MinimalGlucose	train
32861	1871_MinimalGlucose	train
32862	1872_MinimalGlucose	train
32863	1873_MinimalGlucose	train
32864	1874_MinimalGlucose	train
32865	1875_MinimalGlucose	train
32866	1876_MinimalGlucose	train
32867	1877_MinimalGlucose	train
32868	1878_MinimalGlucose	train
32869	1879_MinimalGlucose	train
32870	1880_MinimalGlucose	train
32871	1881_MinimalGlucose	train
32872	1882_MinimalGlucose	train
32873	1883_MinimalGlucose	train
32874	1884_MinimalGlucose	train
32875	1885_MinimalGlucose	train
32876	1886_MinimalGlucose	train
32877	1887_MinimalGlucose	train
32878	1888_MinimalGlucose	train
32879	1889_MinimalGlucose	train
32880	1890_MinimalGlucose	train
32881	1891_MinimalGlucose	train
32882	1892_MinimalGlucose	train
32883	1893_MinimalGlucose	train
32884	1894_MinimalGlucose	train
32885	1_MinimalEtOH	train
32886	2_MinimalEtOH	train
32887	3_MinimalEtOH	train
32888	4_MinimalEtOH	train
32889	5_MinimalEtOH	train
32890	6_MinimalEtOH	train
32891	7_MinimalEtOH	train
32892	8_MinimalEtOH	validation
32893	9_MinimalEtOH	train
32894	10_MinimalEtOH	train
32895	11_MinimalEtOH	train
32896	12_MinimalEtOH	train
32897	13_MinimalEtOH	train
32898	14_MinimalEtOH	train
32899	15_MinimalEtOH	train
32900	16_MinimalEtOH	validation
32901	17_MinimalEtOH	train
32902	18_MinimalEtOH	validation
32903	19_MinimalEtOH	train
32904	20_MinimalEtOH	train
32905	21_MinimalEtOH	train
32906	22_MinimalEtOH	train
32907	23_MinimalEtOH	train
32908	24_MinimalEtOH	train
32909	25_MinimalEtOH	train
32910	26_MinimalEtOH	train
32911	27_MinimalEtOH	train
32912	28_MinimalEtOH	train
32913	29_MinimalEtOH	train
32914	30_MinimalEtOH	train
32915	31_MinimalEtOH	train
32916	32_MinimalEtOH	train
32917	33_MinimalEtOH	train
32918	34_MinimalEtOH	train
32919	35_MinimalEtOH	train
32920	36_MinimalEtOH	train
32921	37_MinimalEtOH	train
32922	38_MinimalEtOH	train
32923	39_MinimalEtOH	train
32924	40_MinimalEtOH	train
32925	41_MinimalEtOH	train
32926	42_MinimalEtOH	train
32927	43_MinimalEtOH	train
32928	44_MinimalEtOH	train
32929	45_MinimalEtOH	train
32930	46_MinimalEtOH	train
32931	47_MinimalEtOH	train
32932	48_MinimalEtOH	train
32933	49_MinimalEtOH	train
32934	50_MinimalEtOH	validation
32935	51_MinimalEtOH	train
32936	52_MinimalEtOH	train
32937	53_MinimalEtOH	train
32938	54_MinimalEtOH	train
32939	55_MinimalEtOH	train
32940	56_MinimalEtOH	train
32941	57_MinimalEtOH	validation
32942	58_MinimalEtOH	train
32943	59_MinimalEtOH	train
32944	60_MinimalEtOH	train
32945	61_MinimalEtOH	validation
32946	62_MinimalEtOH	train
32947	63_MinimalEtOH	train
32948	64_MinimalEtOH	train
32949	65_MinimalEtOH	train
32950	66_MinimalEtOH	train
32951	67_MinimalEtOH	train
32952	68_MinimalEtOH	train
32953	69_MinimalEtOH	train
32954	70_MinimalEtOH	train
32955	71_MinimalEtOH	train
32956	72_MinimalEtOH	train
32957	73_MinimalEtOH	train
32958	74_MinimalEtOH	train
32959	75_MinimalEtOH	train
32960	76_MinimalEtOH	train
32961	77_MinimalEtOH	train
32962	78_MinimalEtOH	train
32963	79_MinimalEtOH	train
32964	80_MinimalEtOH	train
32965	81_MinimalEtOH	train
32966	82_MinimalEtOH	train
32967	83_MinimalEtOH	train
32968	84_MinimalEtOH	train
32969	85_MinimalEtOH	train
32970	86_MinimalEtOH	train
32971	87_MinimalEtOH	train
32972	88_MinimalEtOH	train
32973	89_MinimalEtOH	train
32974	90_MinimalEtOH	train
32975	91_MinimalEtOH	train
32976	92_MinimalEtOH	train
32977	93_MinimalEtOH	train
32978	94_MinimalEtOH	train
32979	95_MinimalEtOH	train
32980	96_MinimalEtOH	train
32981	97_MinimalEtOH	train
32982	98_MinimalEtOH	train
32983	99_MinimalEtOH	train
32984	100_MinimalEtOH	train
32985	101_MinimalEtOH	train
32986	102_MinimalEtOH	train
32987	103_MinimalEtOH	train
32988	104_MinimalEtOH	train
32989	105_MinimalEtOH	train
32990	106_MinimalEtOH	train
32991	107_MinimalEtOH	train
32992	108_MinimalEtOH	train
32993	109_MinimalEtOH	train
32994	110_MinimalEtOH	train
32995	111_MinimalEtOH	train
32996	112_MinimalEtOH	train
32997	113_MinimalEtOH	train
32998	114_MinimalEtOH	train
32999	115_MinimalEtOH	train
33000	116_MinimalEtOH	train
33001	117_MinimalEtOH	train
33002	118_MinimalEtOH	train
33003	119_MinimalEtOH	train
33004	120_MinimalEtOH	train
33005	121_MinimalEtOH	train
33006	122_MinimalEtOH	train
33007	123_MinimalEtOH	train
33008	124_MinimalEtOH	train
33009	125_MinimalEtOH	train
33010	126_MinimalEtOH	train
33011	127_MinimalEtOH	train
33012	128_MinimalEtOH	train
33013	129_MinimalEtOH	train
33014	130_MinimalEtOH	train
33015	131_MinimalEtOH	train
33016	132_MinimalEtOH	train
33017	133_MinimalEtOH	train
33018	134_MinimalEtOH	train
33019	135_MinimalEtOH	train
33020	136_MinimalEtOH	train
33021	137_MinimalEtOH	train
33022	138_MinimalEtOH	train
33023	139_MinimalEtOH	train
33024	140_MinimalEtOH	train
33025	141_MinimalEtOH	train
33026	142_MinimalEtOH	train
33027	143_MinimalEtOH	train
33028	144_MinimalEtOH	train
33029	145_MinimalEtOH	train
33030	146_MinimalEtOH	train
33031	147_MinimalEtOH	train
33032	148_MinimalEtOH	train
33033	149_MinimalEtOH	train
33034	150_MinimalEtOH	train
33035	151_MinimalEtOH	train
33036	152_MinimalEtOH	train
33037	153_MinimalEtOH	train
33038	154_MinimalEtOH	train
33039	155_MinimalEtOH	train
33040	156_MinimalEtOH	train
33041	157_MinimalEtOH	train
33042	158_MinimalEtOH	train
33043	159_MinimalEtOH	train
33044	160_MinimalEtOH	train
33045	161_MinimalEtOH	train
33046	162_MinimalEtOH	train
33047	163_MinimalEtOH	train
33048	164_MinimalEtOH	train
33049	165_MinimalEtOH	train
33050	166_MinimalEtOH	train
33051	167_MinimalEtOH	train
33052	168_MinimalEtOH	train
33053	169_MinimalEtOH	train
33054	170_MinimalEtOH	train
33055	171_MinimalEtOH	train
33056	172_MinimalEtOH	train
33057	173_MinimalEtOH	train
33058	174_MinimalEtOH	train
33059	175_MinimalEtOH	train
33060	176_MinimalEtOH	train
33061	177_MinimalEtOH	train
33062	178_MinimalEtOH	validation
33063	179_MinimalEtOH	train
33064	180_MinimalEtOH	train
33065	181_MinimalEtOH	train
33066	182_MinimalEtOH	train
33067	183_MinimalEtOH	train
33068	184_MinimalEtOH	train
33069	185_MinimalEtOH	train
33070	186_MinimalEtOH	train
33071	187_MinimalEtOH	train
33072	188_MinimalEtOH	validation
33073	189_MinimalEtOH	train
33074	190_MinimalEtOH	train
33075	191_MinimalEtOH	train
33076	192_MinimalEtOH	train
33077	193_MinimalEtOH	train
33078	194_MinimalEtOH	train
33079	195_MinimalEtOH	train
33080	196_MinimalEtOH	train
33081	197_MinimalEtOH	train
33082	198_MinimalEtOH	train
33083	199_MinimalEtOH	train
33084	200_MinimalEtOH	train
33085	201_MinimalEtOH	train
33086	202_MinimalEtOH	train
33087	203_MinimalEtOH	train
33088	204_MinimalEtOH	train
33089	205_MinimalEtOH	train
33090	206_MinimalEtOH	train
33091	207_MinimalEtOH	train
33092	208_MinimalEtOH	train
33093	209_MinimalEtOH	train
33094	210_MinimalEtOH	train
33095	211_MinimalEtOH	train
33096	212_MinimalEtOH	train
33097	213_MinimalEtOH	train
33098	214_MinimalEtOH	train
33099	215_MinimalEtOH	train
33100	216_MinimalEtOH	train
33101	217_MinimalEtOH	train
33102	218_MinimalEtOH	train
33103	219_MinimalEtOH	validation
33104	220_MinimalEtOH	train
33105	221_MinimalEtOH	train
33106	222_MinimalEtOH	train
33107	223_MinimalEtOH	train
33108	224_MinimalEtOH	train
33109	225_MinimalEtOH	train
33110	226_MinimalEtOH	train
33111	227_MinimalEtOH	train
33112	228_MinimalEtOH	train
33113	229_MinimalEtOH	train
33114	230_MinimalEtOH	train
33115	231_MinimalEtOH	train
33116	232_MinimalEtOH	validation
33117	233_MinimalEtOH	train
33118	234_MinimalEtOH	train
33119	235_MinimalEtOH	train
33120	236_MinimalEtOH	train
33121	237_MinimalEtOH	train
33122	238_MinimalEtOH	train
33123	239_MinimalEtOH	train
33124	240_MinimalEtOH	train
33125	241_MinimalEtOH	train
33126	242_MinimalEtOH	train
33127	243_MinimalEtOH	train
33128	244_MinimalEtOH	train
33129	245_MinimalEtOH	train
33130	246_MinimalEtOH	train
33131	247_MinimalEtOH	train
33132	248_MinimalEtOH	train
33133	249_MinimalEtOH	train
33134	250_MinimalEtOH	train
33135	251_MinimalEtOH	train
33136	252_MinimalEtOH	train
33137	253_MinimalEtOH	train
33138	254_MinimalEtOH	train
33139	255_MinimalEtOH	train
33140	256_MinimalEtOH	train
33141	257_MinimalEtOH	train
33142	258_MinimalEtOH	train
33143	259_MinimalEtOH	train
33144	260_MinimalEtOH	train
33145	261_MinimalEtOH	train
33146	262_MinimalEtOH	train
33147	263_MinimalEtOH	train
33148	264_MinimalEtOH	train
33149	265_MinimalEtOH	train
33150	266_MinimalEtOH	train
33151	267_MinimalEtOH	train
33152	268_MinimalEtOH	train
33153	269_MinimalEtOH	train
33154	270_MinimalEtOH	validation
33155	271_MinimalEtOH	train
33156	272_MinimalEtOH	train
33157	273_MinimalEtOH	train
33158	274_MinimalEtOH	train
33159	275_MinimalEtOH	train
33160	276_MinimalEtOH	train
33161	277_MinimalEtOH	train
33162	278_MinimalEtOH	train
33163	279_MinimalEtOH	train
33164	280_MinimalEtOH	train
33165	281_MinimalEtOH	train
33166	282_MinimalEtOH	train
33167	283_MinimalEtOH	train
33168	284_MinimalEtOH	validation
33169	285_MinimalEtOH	train
33170	286_MinimalEtOH	train
33171	287_MinimalEtOH	train
33172	288_MinimalEtOH	train
33173	289_MinimalEtOH	train
33174	290_MinimalEtOH	train
33175	291_MinimalEtOH	train
33176	292_MinimalEtOH	train
33177	293_MinimalEtOH	train
33178	294_MinimalEtOH	train
33179	295_MinimalEtOH	train
33180	296_MinimalEtOH	train
33181	297_MinimalEtOH	train
33182	298_MinimalEtOH	train
33183	299_MinimalEtOH	train
33184	300_MinimalEtOH	train
33185	301_MinimalEtOH	train
33186	302_MinimalEtOH	train
33187	303_MinimalEtOH	train
33188	304_MinimalEtOH	train
33189	305_MinimalEtOH	train
33190	306_MinimalEtOH	train
33191	307_MinimalEtOH	validation
33192	308_MinimalEtOH	train
33193	309_MinimalEtOH	train
33194	310_MinimalEtOH	train
33195	311_MinimalEtOH	train
33196	312_MinimalEtOH	train
33197	313_MinimalEtOH	train
33198	314_MinimalEtOH	train
33199	315_MinimalEtOH	train
33200	316_MinimalEtOH	validation
33201	317_MinimalEtOH	train
33202	318_MinimalEtOH	train
33203	319_MinimalEtOH	train
33204	320_MinimalEtOH	train
33205	321_MinimalEtOH	validation
33206	322_MinimalEtOH	train
33207	323_MinimalEtOH	validation
33208	324_MinimalEtOH	train
33209	325_MinimalEtOH	train
33210	326_MinimalEtOH	train
33211	327_MinimalEtOH	train
33212	328_MinimalEtOH	validation
33213	329_MinimalEtOH	train
33214	330_MinimalEtOH	train
33215	331_MinimalEtOH	train
33216	332_MinimalEtOH	train
33217	333_MinimalEtOH	train
33218	334_MinimalEtOH	train
33219	335_MinimalEtOH	train
33220	336_MinimalEtOH	train
33221	337_MinimalEtOH	train
33222	338_MinimalEtOH	train
33223	339_MinimalEtOH	train
33224	340_MinimalEtOH	train
33225	341_MinimalEtOH	train
33226	342_MinimalEtOH	train
33227	343_MinimalEtOH	train
33228	344_MinimalEtOH	train
33229	345_MinimalEtOH	train
33230	346_MinimalEtOH	train
33231	347_MinimalEtOH	train
33232	348_MinimalEtOH	train
33233	349_MinimalEtOH	train
33234	350_MinimalEtOH	train
33235	351_MinimalEtOH	train
33236	352_MinimalEtOH	train
33237	353_MinimalEtOH	train
33238	354_MinimalEtOH	train
33239	355_MinimalEtOH	train
33240	356_MinimalEtOH	train
33241	357_MinimalEtOH	train
33242	358_MinimalEtOH	train
33243	359_MinimalEtOH	train
33244	360_MinimalEtOH	validation
33245	361_MinimalEtOH	train
33246	362_MinimalEtOH	train
33247	363_MinimalEtOH	train
33248	364_MinimalEtOH	train
33249	365_MinimalEtOH	validation
33250	366_MinimalEtOH	train
33251	367_MinimalEtOH	train
33252	368_MinimalEtOH	train
33253	369_MinimalEtOH	train
33254	370_MinimalEtOH	train
33255	371_MinimalEtOH	train
33256	372_MinimalEtOH	train
33257	373_MinimalEtOH	train
33258	374_MinimalEtOH	train
33259	375_MinimalEtOH	train
33260	376_MinimalEtOH	train
33261	377_MinimalEtOH	train
33262	378_MinimalEtOH	train
33263	379_MinimalEtOH	train
33264	380_MinimalEtOH	train
33265	381_MinimalEtOH	train
33266	382_MinimalEtOH	train
33267	383_MinimalEtOH	train
33268	384_MinimalEtOH	train
33269	385_MinimalEtOH	train
33270	386_MinimalEtOH	train
33271	387_MinimalEtOH	train
33272	388_MinimalEtOH	train
33273	389_MinimalEtOH	train
33274	390_MinimalEtOH	train
33275	391_MinimalEtOH	train
33276	392_MinimalEtOH	train
33277	393_MinimalEtOH	train
33278	394_MinimalEtOH	train
33279	395_MinimalEtOH	validation
33280	396_MinimalEtOH	train
33281	397_MinimalEtOH	train
33282	398_MinimalEtOH	train
33283	399_MinimalEtOH	train
33284	400_MinimalEtOH	train
33285	401_MinimalEtOH	train
33286	402_MinimalEtOH	train
33287	403_MinimalEtOH	validation
33288	404_MinimalEtOH	train
33289	405_MinimalEtOH	train
33290	406_MinimalEtOH	train
33291	407_MinimalEtOH	train
33292	408_MinimalEtOH	train
33293	409_MinimalEtOH	validation
33294	410_MinimalEtOH	train
33295	411_MinimalEtOH	train
33296	412_MinimalEtOH	train
33297	413_MinimalEtOH	train
33298	414_MinimalEtOH	train
33299	415_MinimalEtOH	train
33300	416_MinimalEtOH	train
33301	417_MinimalEtOH	train
33302	418_MinimalEtOH	train
33303	419_MinimalEtOH	train
33304	420_MinimalEtOH	train
33305	421_MinimalEtOH	train
33306	422_MinimalEtOH	train
33307	423_MinimalEtOH	train
33308	424_MinimalEtOH	validation
33309	425_MinimalEtOH	train
33310	426_MinimalEtOH	validation
33311	427_MinimalEtOH	train
33312	428_MinimalEtOH	train
33313	429_MinimalEtOH	train
33314	430_MinimalEtOH	train
33315	431_MinimalEtOH	train
33316	432_MinimalEtOH	train
33317	433_MinimalEtOH	train
33318	434_MinimalEtOH	train
33319	435_MinimalEtOH	train
33320	436_MinimalEtOH	train
33321	437_MinimalEtOH	train
33322	438_MinimalEtOH	train
33323	439_MinimalEtOH	train
33324	440_MinimalEtOH	validation
33325	441_MinimalEtOH	train
33326	442_MinimalEtOH	train
33327	443_MinimalEtOH	train
33328	444_MinimalEtOH	train
33329	445_MinimalEtOH	train
33330	446_MinimalEtOH	train
33331	447_MinimalEtOH	train
33332	448_MinimalEtOH	train
33333	449_MinimalEtOH	train
33334	450_MinimalEtOH	train
33335	451_MinimalEtOH	train
33336	452_MinimalEtOH	train
33337	453_MinimalEtOH	train
33338	454_MinimalEtOH	train
33339	455_MinimalEtOH	train
33340	456_MinimalEtOH	train
33341	457_MinimalEtOH	train
33342	458_MinimalEtOH	train
33343	459_MinimalEtOH	train
33344	460_MinimalEtOH	train
33345	461_MinimalEtOH	train
33346	462_MinimalEtOH	train
33347	463_MinimalEtOH	train
33348	464_MinimalEtOH	train
33349	465_MinimalEtOH	train
33350	466_MinimalEtOH	train
33351	467_MinimalEtOH	train
33352	468_MinimalEtOH	train
33353	469_MinimalEtOH	validation
33354	470_MinimalEtOH	validation
33355	471_MinimalEtOH	train
33356	472_MinimalEtOH	train
33357	473_MinimalEtOH	train
33358	474_MinimalEtOH	train
33359	475_MinimalEtOH	train
33360	476_MinimalEtOH	train
33361	477_MinimalEtOH	train
33362	478_MinimalEtOH	train
33363	479_MinimalEtOH	validation
33364	480_MinimalEtOH	train
33365	481_MinimalEtOH	train
33366	482_MinimalEtOH	train
33367	483_MinimalEtOH	train
33368	484_MinimalEtOH	train
33369	485_MinimalEtOH	train
33370	486_MinimalEtOH	train
33371	487_MinimalEtOH	train
33372	488_MinimalEtOH	train
33373	489_MinimalEtOH	train
33374	490_MinimalEtOH	train
33375	491_MinimalEtOH	train
33376	492_MinimalEtOH	train
33377	493_MinimalEtOH	train
33378	494_MinimalEtOH	train
33379	495_MinimalEtOH	train
33380	496_MinimalEtOH	train
33381	497_MinimalEtOH	train
33382	498_MinimalEtOH	train
33383	499_MinimalEtOH	train
33384	500_MinimalEtOH	train
33385	501_MinimalEtOH	train
33386	502_MinimalEtOH	train
33387	503_MinimalEtOH	train
33388	504_MinimalEtOH	validation
33389	505_MinimalEtOH	train
33390	506_MinimalEtOH	train
33391	507_MinimalEtOH	train
33392	508_MinimalEtOH	train
33393	509_MinimalEtOH	train
33394	510_MinimalEtOH	train
33395	511_MinimalEtOH	train
33396	512_MinimalEtOH	train
33397	513_MinimalEtOH	train
33398	514_MinimalEtOH	train
33399	515_MinimalEtOH	train
33400	516_MinimalEtOH	train
33401	517_MinimalEtOH	train
33402	518_MinimalEtOH	train
33403	519_MinimalEtOH	train
33404	520_MinimalEtOH	train
33405	521_MinimalEtOH	train
33406	522_MinimalEtOH	train
33407	523_MinimalEtOH	train
33408	524_MinimalEtOH	train
33409	525_MinimalEtOH	train
33410	526_MinimalEtOH	train
33411	527_MinimalEtOH	train
33412	528_MinimalEtOH	train
33413	529_MinimalEtOH	train
33414	530_MinimalEtOH	train
33415	531_MinimalEtOH	train
33416	532_MinimalEtOH	train
33417	533_MinimalEtOH	train
33418	534_MinimalEtOH	train
33419	535_MinimalEtOH	train
33420	536_MinimalEtOH	train
33421	537_MinimalEtOH	train
33422	538_MinimalEtOH	train
33423	539_MinimalEtOH	train
33424	540_MinimalEtOH	train
33425	541_MinimalEtOH	train
33426	542_MinimalEtOH	train
33427	543_MinimalEtOH	train
33428	544_MinimalEtOH	train
33429	545_MinimalEtOH	validation
33430	546_MinimalEtOH	train
33431	547_MinimalEtOH	train
33432	548_MinimalEtOH	train
33433	549_MinimalEtOH	train
33434	550_MinimalEtOH	validation
33435	551_MinimalEtOH	train
33436	552_MinimalEtOH	train
33437	553_MinimalEtOH	train
33438	554_MinimalEtOH	train
33439	555_MinimalEtOH	validation
33440	556_MinimalEtOH	train
33441	557_MinimalEtOH	train
33442	558_MinimalEtOH	train
33443	559_MinimalEtOH	train
33444	560_MinimalEtOH	train
33445	561_MinimalEtOH	train
33446	562_MinimalEtOH	train
33447	563_MinimalEtOH	train
33448	564_MinimalEtOH	train
33449	565_MinimalEtOH	train
33450	566_MinimalEtOH	train
33451	567_MinimalEtOH	train
33452	568_MinimalEtOH	validation
33453	569_MinimalEtOH	train
33454	570_MinimalEtOH	train
33455	571_MinimalEtOH	train
33456	572_MinimalEtOH	train
33457	573_MinimalEtOH	train
33458	574_MinimalEtOH	train
33459	575_MinimalEtOH	train
33460	576_MinimalEtOH	train
33461	577_MinimalEtOH	train
33462	578_MinimalEtOH	validation
33463	579_MinimalEtOH	train
33464	580_MinimalEtOH	validation
33465	581_MinimalEtOH	train
33466	1_YPDDiauxic	train
33467	2_YPDDiauxic	train
33468	3_YPDDiauxic	train
33469	4_YPDDiauxic	train
33470	5_YPDDiauxic	train
33471	6_YPDDiauxic	train
33472	7_YPDDiauxic	train
33473	8_YPDDiauxic	train
33474	9_YPDDiauxic	train
33475	10_YPDDiauxic	train
33476	11_YPDDiauxic	train
33477	12_YPDDiauxic	train
33478	13_YPDDiauxic	train
33479	14_YPDDiauxic	train
33480	15_YPDDiauxic	train
33481	16_YPDDiauxic	train
33482	17_YPDDiauxic	train
33483	18_YPDDiauxic	train
33484	19_YPDDiauxic	train
33485	20_YPDDiauxic	train
33486	21_YPDDiauxic	train
33487	22_YPDDiauxic	train
33488	23_YPDDiauxic	train
33489	24_YPDDiauxic	train
33490	25_YPDDiauxic	train
33491	26_YPDDiauxic	train
33492	27_YPDDiauxic	train
33493	28_YPDDiauxic	train
33494	29_YPDDiauxic	train
33495	30_YPDDiauxic	train
33496	31_YPDDiauxic	train
33497	32_YPDDiauxic	train
33498	33_YPDDiauxic	train
33499	34_YPDDiauxic	train
33500	35_YPDDiauxic	train
33501	36_YPDDiauxic	train
33502	37_YPDDiauxic	train
33503	38_YPDDiauxic	train
33504	39_YPDDiauxic	validation
33505	40_YPDDiauxic	train
33506	41_YPDDiauxic	train
33507	42_YPDDiauxic	train
33508	43_YPDDiauxic	train
33509	44_YPDDiauxic	train
33510	45_YPDDiauxic	train
33511	46_YPDDiauxic	train
33512	47_YPDDiauxic	train
33513	48_YPDDiauxic	train
33514	49_YPDDiauxic	validation
33515	50_YPDDiauxic	train
33516	51_YPDDiauxic	train
33517	52_YPDDiauxic	train
33518	53_YPDDiauxic	train
33519	54_YPDDiauxic	train
33520	55_YPDDiauxic	train
33521	56_YPDDiauxic	train
33522	57_YPDDiauxic	train
33523	58_YPDDiauxic	train
33524	59_YPDDiauxic	train
33525	60_YPDDiauxic	train
33526	61_YPDDiauxic	train
33527	62_YPDDiauxic	train
33528	63_YPDDiauxic	train
33529	64_YPDDiauxic	train
33530	65_YPDDiauxic	train
33531	66_YPDDiauxic	train
33532	67_YPDDiauxic	train
33533	68_YPDDiauxic	train
33534	69_YPDDiauxic	train
33535	70_YPDDiauxic	train
33536	71_YPDDiauxic	train
33537	72_YPDDiauxic	train
33538	73_YPDDiauxic	validation
33539	74_YPDDiauxic	train
33540	75_YPDDiauxic	train
33541	76_YPDDiauxic	train
33542	77_YPDDiauxic	train
33543	78_YPDDiauxic	train
33544	79_YPDDiauxic	train
33545	80_YPDDiauxic	train
33546	81_YPDDiauxic	train
33547	82_YPDDiauxic	train
33548	83_YPDDiauxic	validation
33549	84_YPDDiauxic	train
33550	85_YPDDiauxic	train
33551	86_YPDDiauxic	train
33552	87_YPDDiauxic	validation
33553	88_YPDDiauxic	train
33554	89_YPDDiauxic	train
33555	90_YPDDiauxic	train
33556	91_YPDDiauxic	train
33557	92_YPDDiauxic	train
33558	93_YPDDiauxic	train
33559	94_YPDDiauxic	train
33560	95_YPDDiauxic	train
33561	96_YPDDiauxic	validation
33562	97_YPDDiauxic	train
33563	98_YPDDiauxic	train
33564	99_YPDDiauxic	train
33565	100_YPDDiauxic	train
33566	101_YPDDiauxic	train
33567	102_YPDDiauxic	train
33568	103_YPDDiauxic	train
33569	104_YPDDiauxic	train
33570	105_YPDDiauxic	train
33571	106_YPDDiauxic	train
33572	107_YPDDiauxic	train
33573	108_YPDDiauxic	train
33574	109_YPDDiauxic	train
33575	110_YPDDiauxic	train
33576	111_YPDDiauxic	train
33577	112_YPDDiauxic	train
33578	113_YPDDiauxic	train
33579	114_YPDDiauxic	train
33580	115_YPDDiauxic	train
33581	116_YPDDiauxic	train
33582	117_YPDDiauxic	train
33583	118_YPDDiauxic	train
33584	119_YPDDiauxic	train
33585	120_YPDDiauxic	train
33586	121_YPDDiauxic	train
33587	122_YPDDiauxic	train
33588	123_YPDDiauxic	train
33589	124_YPDDiauxic	train
33590	125_YPDDiauxic	train
33591	126_YPDDiauxic	train
33592	127_YPDDiauxic	train
33593	128_YPDDiauxic	train
33594	129_YPDDiauxic	train
33595	130_YPDDiauxic	train
33596	131_YPDDiauxic	train
33597	132_YPDDiauxic	train
33598	133_YPDDiauxic	train
33599	134_YPDDiauxic	train
33600	135_YPDDiauxic	train
33601	136_YPDDiauxic	train
33602	137_YPDDiauxic	train
33603	138_YPDDiauxic	train
33604	139_YPDDiauxic	train
33605	140_YPDDiauxic	train
33606	141_YPDDiauxic	train
33607	142_YPDDiauxic	train
33608	143_YPDDiauxic	train
33609	144_YPDDiauxic	train
33610	145_YPDDiauxic	train
33611	146_YPDDiauxic	train
33612	147_YPDDiauxic	train
33613	148_YPDDiauxic	train
33614	149_YPDDiauxic	train
33615	150_YPDDiauxic	train
33616	151_YPDDiauxic	train
33617	152_YPDDiauxic	train
33618	153_YPDDiauxic	train
33619	154_YPDDiauxic	train
33620	155_YPDDiauxic	train
33621	156_YPDDiauxic	train
33622	157_YPDDiauxic	validation
33623	158_YPDDiauxic	train
33624	159_YPDDiauxic	train
33625	160_YPDDiauxic	train
33626	161_YPDDiauxic	train
33627	162_YPDDiauxic	train
33628	163_YPDDiauxic	train
33629	164_YPDDiauxic	train
33630	165_YPDDiauxic	train
33631	166_YPDDiauxic	train
33632	167_YPDDiauxic	train
33633	168_YPDDiauxic	train
33634	169_YPDDiauxic	train
33635	170_YPDDiauxic	train
33636	171_YPDDiauxic	train
33637	172_YPDDiauxic	train
33638	173_YPDDiauxic	train
33639	174_YPDDiauxic	train
33640	175_YPDDiauxic	train
33641	176_YPDDiauxic	train
33642	177_YPDDiauxic	train
33643	178_YPDDiauxic	train
33644	179_YPDDiauxic	train
33645	180_YPDDiauxic	train
33646	181_YPDDiauxic	train
33647	182_YPDDiauxic	train
33648	183_YPDDiauxic	train
33649	184_YPDDiauxic	train
33650	185_YPDDiauxic	train
33651	186_YPDDiauxic	train
33652	187_YPDDiauxic	train
33653	188_YPDDiauxic	train
33654	189_YPDDiauxic	train
33655	190_YPDDiauxic	train
33656	191_YPDDiauxic	train
33657	192_YPDDiauxic	train
33658	193_YPDDiauxic	train
33659	194_YPDDiauxic	train
33660	195_YPDDiauxic	validation
33661	196_YPDDiauxic	train
33662	197_YPDDiauxic	train
33663	198_YPDDiauxic	train
33664	199_YPDDiauxic	train
33665	200_YPDDiauxic	train
33666	201_YPDDiauxic	train
33667	202_YPDDiauxic	train
33668	203_YPDDiauxic	train
33669	204_YPDDiauxic	train
33670	205_YPDDiauxic	train
33671	206_YPDDiauxic	train
33672	207_YPDDiauxic	train
33673	208_YPDDiauxic	train
33674	209_YPDDiauxic	train
33675	210_YPDDiauxic	train
33676	211_YPDDiauxic	train
33677	212_YPDDiauxic	train
33678	213_YPDDiauxic	train
33679	214_YPDDiauxic	train
33680	215_YPDDiauxic	train
33681	216_YPDDiauxic	train
33682	217_YPDDiauxic	train
33683	218_YPDDiauxic	train
33684	219_YPDDiauxic	train
33685	220_YPDDiauxic	train
33686	221_YPDDiauxic	train
33687	222_YPDDiauxic	validation
33688	223_YPDDiauxic	train
33689	224_YPDDiauxic	train
33690	225_YPDDiauxic	train
33691	226_YPDDiauxic	train
33692	227_YPDDiauxic	train
33693	228_YPDDiauxic	train
33694	229_YPDDiauxic	train
33695	230_YPDDiauxic	train
33696	231_YPDDiauxic	train
33697	232_YPDDiauxic	train
33698	233_YPDDiauxic	train
33699	234_YPDDiauxic	train
33700	235_YPDDiauxic	validation
33701	236_YPDDiauxic	train
33702	237_YPDDiauxic	train
33703	238_YPDDiauxic	train
33704	239_YPDDiauxic	train
33705	240_YPDDiauxic	train
33706	241_YPDDiauxic	train
33707	242_YPDDiauxic	train
33708	243_YPDDiauxic	train
33709	244_YPDDiauxic	train
33710	245_YPDDiauxic	train
33711	246_YPDDiauxic	train
33712	247_YPDDiauxic	train
33713	248_YPDDiauxic	train
33714	249_YPDDiauxic	train
33715	250_YPDDiauxic	train
33716	251_YPDDiauxic	train
33717	252_YPDDiauxic	train
33718	253_YPDDiauxic	train
33719	254_YPDDiauxic	validation
33720	255_YPDDiauxic	train
33721	256_YPDDiauxic	train
33722	257_YPDDiauxic	train
33723	258_YPDDiauxic	train
33724	259_YPDDiauxic	train
33725	260_YPDDiauxic	train
33726	261_YPDDiauxic	train
33727	262_YPDDiauxic	train
33728	263_YPDDiauxic	train
33729	264_YPDDiauxic	train
33730	265_YPDDiauxic	train
33731	266_YPDDiauxic	train
33732	267_YPDDiauxic	train
33733	268_YPDDiauxic	train
33734	269_YPDDiauxic	train
33735	270_YPDDiauxic	train
33736	271_YPDDiauxic	train
33737	272_YPDDiauxic	train
33738	273_YPDDiauxic	train
33739	274_YPDDiauxic	train
33740	275_YPDDiauxic	train
33741	276_YPDDiauxic	validation
33742	277_YPDDiauxic	train
33743	278_YPDDiauxic	validation
33744	279_YPDDiauxic	train
33745	280_YPDDiauxic	train
33746	281_YPDDiauxic	train
33747	282_YPDDiauxic	train
33748	283_YPDDiauxic	train
33749	284_YPDDiauxic	train
33750	285_YPDDiauxic	train
33751	286_YPDDiauxic	train
33752	287_YPDDiauxic	train
33753	288_YPDDiauxic	train
33754	289_YPDDiauxic	train
33755	290_YPDDiauxic	train
33756	291_YPDDiauxic	train
33757	292_YPDDiauxic	train
33758	293_YPDDiauxic	train
33759	294_YPDDiauxic	train
33760	295_YPDDiauxic	train
33761	296_YPDDiauxic	train
33762	297_YPDDiauxic	validation
33763	298_YPDDiauxic	train
33764	299_YPDDiauxic	train
33765	300_YPDDiauxic	train
33766	301_YPDDiauxic	train
33767	302_YPDDiauxic	train
33768	303_YPDDiauxic	train
33769	304_YPDDiauxic	train
33770	305_YPDDiauxic	train
33771	306_YPDDiauxic	train
33772	307_YPDDiauxic	validation
33773	308_YPDDiauxic	train
33774	309_YPDDiauxic	train
33775	310_YPDDiauxic	train
33776	311_YPDDiauxic	train
33777	312_YPDDiauxic	train
33778	313_YPDDiauxic	train
33779	314_YPDDiauxic	train
33780	315_YPDDiauxic	train
33781	316_YPDDiauxic	train
33782	317_YPDDiauxic	train
33783	318_YPDDiauxic	train
33784	319_YPDDiauxic	train
33785	320_YPDDiauxic	validation
33786	321_YPDDiauxic	train
33787	322_YPDDiauxic	train
33788	323_YPDDiauxic	train
33789	324_YPDDiauxic	train
33790	325_YPDDiauxic	train
33791	326_YPDDiauxic	train
33792	327_YPDDiauxic	train
33793	328_YPDDiauxic	train
33794	329_YPDDiauxic	train
33795	330_YPDDiauxic	validation
33796	331_YPDDiauxic	train
33797	332_YPDDiauxic	train
33798	333_YPDDiauxic	train
33799	334_YPDDiauxic	train
33800	335_YPDDiauxic	train
33801	336_YPDDiauxic	train
33802	337_YPDDiauxic	train
33803	338_YPDDiauxic	train
33804	339_YPDDiauxic	train
33805	340_YPDDiauxic	train
33806	341_YPDDiauxic	train
33807	342_YPDDiauxic	train
33808	343_YPDDiauxic	train
33809	344_YPDDiauxic	train
33810	345_YPDDiauxic	train
33811	346_YPDDiauxic	train
33812	347_YPDDiauxic	train
33813	348_YPDDiauxic	train
33814	349_YPDDiauxic	train
33815	350_YPDDiauxic	validation
33816	351_YPDDiauxic	train
33817	352_YPDDiauxic	train
33818	353_YPDDiauxic	train
33819	354_YPDDiauxic	train
33820	355_YPDDiauxic	train
33821	356_YPDDiauxic	validation
33822	357_YPDDiauxic	train
33823	358_YPDDiauxic	train
33824	359_YPDDiauxic	train
33825	360_YPDDiauxic	train
33826	361_YPDDiauxic	train
33827	362_YPDDiauxic	train
33828	363_YPDDiauxic	validation
33829	364_YPDDiauxic	validation
33830	365_YPDDiauxic	train
33831	366_YPDDiauxic	train
33832	367_YPDDiauxic	train
33833	368_YPDDiauxic	train
33834	369_YPDDiauxic	train
33835	370_YPDDiauxic	train
33836	371_YPDDiauxic	train
33837	372_YPDDiauxic	train
33838	373_YPDDiauxic	train
33839	374_YPDDiauxic	train
33840	375_YPDDiauxic	train
33841	376_YPDDiauxic	train
33842	377_YPDDiauxic	train
33843	378_YPDDiauxic	train
33844	379_YPDDiauxic	train
33845	380_YPDDiauxic	train
33846	381_YPDDiauxic	train
33847	382_YPDDiauxic	train
33848	383_YPDDiauxic	validation
33849	384_YPDDiauxic	train
33850	385_YPDDiauxic	train
33851	386_YPDDiauxic	train
33852	387_YPDDiauxic	train
33853	388_YPDDiauxic	train
33854	389_YPDDiauxic	train
33855	390_YPDDiauxic	train
33856	391_YPDDiauxic	train
33857	392_YPDDiauxic	train
33858	393_YPDDiauxic	train
33859	394_YPDDiauxic	train
33860	395_YPDDiauxic	train
33861	396_YPDDiauxic	train
33862	397_YPDDiauxic	train
33863	398_YPDDiauxic	train
33864	399_YPDDiauxic	train
33865	400_YPDDiauxic	validation
33866	401_YPDDiauxic	train
33867	402_YPDDiauxic	train
33868	403_YPDDiauxic	train
33869	404_YPDDiauxic	train
33870	405_YPDDiauxic	train
33871	406_YPDDiauxic	train
33872	407_YPDDiauxic	validation
33873	408_YPDDiauxic	train
33874	409_YPDDiauxic	train
33875	410_YPDDiauxic	train
33876	411_YPDDiauxic	train
33877	412_YPDDiauxic	train
33878	413_YPDDiauxic	train
33879	414_YPDDiauxic	train
33880	415_YPDDiauxic	validation
33881	416_YPDDiauxic	train
33882	417_YPDDiauxic	train
33883	418_YPDDiauxic	validation
33884	419_YPDDiauxic	train
33885	420_YPDDiauxic	train
33886	421_YPDDiauxic	train
33887	422_YPDDiauxic	train
33888	423_YPDDiauxic	train
33889	424_YPDDiauxic	train
33890	425_YPDDiauxic	train
33891	426_YPDDiauxic	train
33892	427_YPDDiauxic	train
33893	428_YPDDiauxic	train
33894	429_YPDDiauxic	train
33895	430_YPDDiauxic	train
33896	431_YPDDiauxic	train
33897	432_YPDDiauxic	train
33898	433_YPDDiauxic	validation
33899	434_YPDDiauxic	train
33900	435_YPDDiauxic	train
33901	436_YPDDiauxic	train
33902	437_YPDDiauxic	train
33903	438_YPDDiauxic	validation
33904	439_YPDDiauxic	train
33905	440_YPDDiauxic	train
33906	441_YPDDiauxic	train
33907	442_YPDDiauxic	train
33908	443_YPDDiauxic	train
33909	444_YPDDiauxic	train
33910	445_YPDDiauxic	train
33911	446_YPDDiauxic	train
33912	447_YPDDiauxic	train
33913	448_YPDDiauxic	validation
33914	449_YPDDiauxic	train
33915	450_YPDDiauxic	train
33916	451_YPDDiauxic	train
33917	452_YPDDiauxic	train
33918	453_YPDDiauxic	train
33919	454_YPDDiauxic	train
33920	455_YPDDiauxic	validation
33921	456_YPDDiauxic	train
33922	457_YPDDiauxic	train
33923	458_YPDDiauxic	train
33924	459_YPDDiauxic	train
33925	460_YPDDiauxic	train
33926	461_YPDDiauxic	train
33927	462_YPDDiauxic	train
33928	463_YPDDiauxic	train
33929	464_YPDDiauxic	train
33930	465_YPDDiauxic	train
33931	466_YPDDiauxic	train
33932	467_YPDDiauxic	train
33933	468_YPDDiauxic	train
33934	469_YPDDiauxic	train
33935	470_YPDDiauxic	train
33936	471_YPDDiauxic	train
33937	472_YPDDiauxic	train
33938	473_YPDDiauxic	train
33939	474_YPDDiauxic	train
33940	475_YPDDiauxic	train
33941	476_YPDDiauxic	train
33942	477_YPDDiauxic	train
33943	478_YPDDiauxic	train
33944	479_YPDDiauxic	train
33945	480_YPDDiauxic	train
33946	481_YPDDiauxic	train
33947	482_YPDDiauxic	validation
33948	483_YPDDiauxic	train
33949	484_YPDDiauxic	train
33950	485_YPDDiauxic	train
33951	486_YPDDiauxic	train
33952	487_YPDDiauxic	train
33953	488_YPDDiauxic	train
33954	489_YPDDiauxic	train
33955	490_YPDDiauxic	train
33956	491_YPDDiauxic	train
33957	492_YPDDiauxic	train
33958	493_YPDDiauxic	train
33959	494_YPDDiauxic	train
33960	495_YPDDiauxic	train
33961	496_YPDDiauxic	train
33962	497_YPDDiauxic	train
33963	498_YPDDiauxic	train
33964	499_YPDDiauxic	train
33965	500_YPDDiauxic	train
33966	501_YPDDiauxic	train
33967	502_YPDDiauxic	train
33968	503_YPDDiauxic	train
33969	504_YPDDiauxic	train
33970	505_YPDDiauxic	train
33971	506_YPDDiauxic	train
33972	507_YPDDiauxic	train
33973	508_YPDDiauxic	train
33974	509_YPDDiauxic	validation
33975	510_YPDDiauxic	validation
33976	511_YPDDiauxic	train
33977	512_YPDDiauxic	train
33978	513_YPDDiauxic	train
33979	514_YPDDiauxic	train
33980	515_YPDDiauxic	train
33981	516_YPDDiauxic	train
33982	517_YPDDiauxic	validation
33983	518_YPDDiauxic	train
33984	519_YPDDiauxic	train
33985	520_YPDDiauxic	train
33986	521_YPDDiauxic	validation
33987	522_YPDDiauxic	train
33988	523_YPDDiauxic	train
33989	524_YPDDiauxic	train
33990	525_YPDDiauxic	train
33991	526_YPDDiauxic	train
33992	527_YPDDiauxic	train
33993	528_YPDDiauxic	train
33994	529_YPDDiauxic	train
33995	530_YPDDiauxic	train
33996	531_YPDDiauxic	train
33997	532_YPDDiauxic	train
33998	533_YPDDiauxic	train
33999	534_YPDDiauxic	train
34000	535_YPDDiauxic	train
34001	536_YPDDiauxic	train
34002	537_YPDDiauxic	train
34003	538_YPDDiauxic	train
34004	539_YPDDiauxic	train
34005	540_YPDDiauxic	train
34006	541_YPDDiauxic	train
34007	542_YPDDiauxic	train
34008	543_YPDDiauxic	train
34009	544_YPDDiauxic	train
34010	545_YPDDiauxic	train
34011	546_YPDDiauxic	train
34012	547_YPDDiauxic	train
34013	548_YPDDiauxic	train
34014	549_YPDDiauxic	validation
34015	550_YPDDiauxic	train
34016	551_YPDDiauxic	train
34017	552_YPDDiauxic	train
34018	553_YPDDiauxic	train
34019	554_YPDDiauxic	train
34020	555_YPDDiauxic	train
34021	556_YPDDiauxic	validation
34022	557_YPDDiauxic	train
34023	558_YPDDiauxic	train
34024	559_YPDDiauxic	train
34025	560_YPDDiauxic	train
34026	561_YPDDiauxic	train
34027	562_YPDDiauxic	train
34028	563_YPDDiauxic	train
34029	564_YPDDiauxic	train
34030	565_YPDDiauxic	train
34031	566_YPDDiauxic	train
34032	567_YPDDiauxic	validation
34033	568_YPDDiauxic	train
34034	569_YPDDiauxic	train
34035	570_YPDDiauxic	validation
34036	571_YPDDiauxic	train
34037	572_YPDDiauxic	train
34038	573_YPDDiauxic	train
34039	574_YPDDiauxic	train
34040	575_YPDDiauxic	train
34041	576_YPDDiauxic	train
34042	577_YPDDiauxic	train
34043	578_YPDDiauxic	train
34044	579_YPDDiauxic	validation
34045	580_YPDDiauxic	train
34046	581_YPDDiauxic	train
34047	582_YPDDiauxic	train
34048	583_YPDDiauxic	train
34049	584_YPDDiauxic	train
34050	585_YPDDiauxic	train
34051	586_YPDDiauxic	validation
34052	587_YPDDiauxic	train
34053	588_YPDDiauxic	train
34054	589_YPDDiauxic	train
34055	590_YPDDiauxic	train
34056	591_YPDDiauxic	train
34057	592_YPDDiauxic	train
34058	593_YPDDiauxic	train
34059	594_YPDDiauxic	train
34060	595_YPDDiauxic	train
34061	596_YPDDiauxic	train
34062	597_YPDDiauxic	train
34063	598_YPDDiauxic	train
34064	599_YPDDiauxic	validation
34065	600_YPDDiauxic	train
34066	601_YPDDiauxic	train
34067	602_YPDDiauxic	train
34068	603_YPDDiauxic	train
34069	604_YPDDiauxic	train
34070	605_YPDDiauxic	train
34071	606_YPDDiauxic	train
34072	607_YPDDiauxic	train
34073	608_YPDDiauxic	train
34074	609_YPDDiauxic	train
34075	610_YPDDiauxic	train
34076	611_YPDDiauxic	train
34077	612_YPDDiauxic	train
34078	613_YPDDiauxic	train
34079	614_YPDDiauxic	train
34080	615_YPDDiauxic	train
34081	616_YPDDiauxic	train
34082	617_YPDDiauxic	train
34083	618_YPDDiauxic	train
34084	619_YPDDiauxic	train
34085	620_YPDDiauxic	train
34086	621_YPDDiauxic	validation
34087	622_YPDDiauxic	train
34088	623_YPDDiauxic	train
34089	624_YPDDiauxic	train
34090	625_YPDDiauxic	train
34091	626_YPDDiauxic	train
34092	627_YPDDiauxic	train
34093	628_YPDDiauxic	train
34094	629_YPDDiauxic	train
34095	630_YPDDiauxic	train
34096	631_YPDDiauxic	train
34097	632_YPDDiauxic	train
34098	633_YPDDiauxic	train
34099	634_YPDDiauxic	train
34100	635_YPDDiauxic	validation
34101	636_YPDDiauxic	train
34102	637_YPDDiauxic	train
34103	638_YPDDiauxic	train
34104	639_YPDDiauxic	train
34105	640_YPDDiauxic	train
34106	641_YPDDiauxic	train
34107	642_YPDDiauxic	train
34108	643_YPDDiauxic	train
34109	644_YPDDiauxic	train
34110	645_YPDDiauxic	train
34111	646_YPDDiauxic	train
34112	647_YPDDiauxic	train
34113	648_YPDDiauxic	validation
34114	649_YPDDiauxic	train
34115	650_YPDDiauxic	train
34116	651_YPDDiauxic	train
34117	652_YPDDiauxic	train
34118	653_YPDDiauxic	train
34119	654_YPDDiauxic	train
34120	655_YPDDiauxic	train
34121	656_YPDDiauxic	train
34122	657_YPDDiauxic	train
34123	658_YPDDiauxic	train
34124	659_YPDDiauxic	train
34125	660_YPDDiauxic	train
34126	661_YPDDiauxic	train
34127	662_YPDDiauxic	train
34128	663_YPDDiauxic	train
34129	664_YPDDiauxic	train
34130	665_YPDDiauxic	validation
34131	666_YPDDiauxic	train
34132	667_YPDDiauxic	train
34133	668_YPDDiauxic	train
34134	669_YPDDiauxic	train
34135	670_YPDDiauxic	train
34136	671_YPDDiauxic	train
34137	672_YPDDiauxic	train
34138	673_YPDDiauxic	train
34139	674_YPDDiauxic	train
34140	675_YPDDiauxic	train
34141	676_YPDDiauxic	train
34142	677_YPDDiauxic	train
34143	678_YPDDiauxic	train
34144	679_YPDDiauxic	train
34145	680_YPDDiauxic	train
34146	681_YPDDiauxic	train
34147	682_YPDDiauxic	train
34148	683_YPDDiauxic	train
34149	684_YPDDiauxic	train
34150	685_YPDDiauxic	train
34151	686_YPDDiauxic	train
34152	687_YPDDiauxic	train
34153	688_YPDDiauxic	train
34154	689_YPDDiauxic	train
34155	690_YPDDiauxic	validation
34156	691_YPDDiauxic	train
34157	692_YPDDiauxic	train
34158	693_YPDDiauxic	train
34159	694_YPDDiauxic	train
34160	695_YPDDiauxic	train
34161	696_YPDDiauxic	train
34162	697_YPDDiauxic	train
34163	698_YPDDiauxic	train
34164	699_YPDDiauxic	train
34165	700_YPDDiauxic	train
34166	701_YPDDiauxic	train
34167	702_YPDDiauxic	train
34168	703_YPDDiauxic	train
34169	704_YPDDiauxic	train
34170	705_YPDDiauxic	train
34171	706_YPDDiauxic	train
34172	707_YPDDiauxic	train
34173	708_YPDDiauxic	train
34174	709_YPDDiauxic	train
34175	710_YPDDiauxic	train
34176	711_YPDDiauxic	train
34177	712_YPDDiauxic	train
34178	713_YPDDiauxic	train
34179	714_YPDDiauxic	train
34180	715_YPDDiauxic	train
34181	716_YPDDiauxic	train
34182	717_YPDDiauxic	train
34183	718_YPDDiauxic	train
34184	719_YPDDiauxic	train
34185	720_YPDDiauxic	train
34186	721_YPDDiauxic	train
34187	722_YPDDiauxic	train
34188	723_YPDDiauxic	train
34189	724_YPDDiauxic	train
34190	725_YPDDiauxic	train
34191	726_YPDDiauxic	train
34192	727_YPDDiauxic	train
34193	728_YPDDiauxic	validation
34194	729_YPDDiauxic	train
34195	730_YPDDiauxic	train
34196	731_YPDDiauxic	train
34197	732_YPDDiauxic	train
34198	733_YPDDiauxic	train
34199	734_YPDDiauxic	train
34200	735_YPDDiauxic	validation
34201	736_YPDDiauxic	train
34202	737_YPDDiauxic	train
34203	738_YPDDiauxic	train
34204	739_YPDDiauxic	train
34205	740_YPDDiauxic	train
34206	741_YPDDiauxic	train
34207	742_YPDDiauxic	train
34208	743_YPDDiauxic	train
34209	744_YPDDiauxic	train
34210	745_YPDDiauxic	train
34211	746_YPDDiauxic	train
34212	747_YPDDiauxic	train
34213	748_YPDDiauxic	train
34214	749_YPDDiauxic	train
34215	750_YPDDiauxic	train
34216	751_YPDDiauxic	train
34217	752_YPDDiauxic	validation
34218	753_YPDDiauxic	train
34219	754_YPDDiauxic	train
34220	755_YPDDiauxic	train
34221	756_YPDDiauxic	train
34222	757_YPDDiauxic	train
34223	758_YPDDiauxic	train
34224	759_YPDDiauxic	train
34225	760_YPDDiauxic	train
34226	761_YPDDiauxic	train
34227	762_YPDDiauxic	train
34228	763_YPDDiauxic	train
34229	764_YPDDiauxic	train
34230	765_YPDDiauxic	train
34231	766_YPDDiauxic	train
34232	767_YPDDiauxic	train
34233	768_YPDDiauxic	train
34234	769_YPDDiauxic	train
34235	770_YPDDiauxic	train
34236	771_YPDDiauxic	validation
34237	772_YPDDiauxic	train
34238	773_YPDDiauxic	train
34239	774_YPDDiauxic	train
34240	775_YPDDiauxic	train
34241	776_YPDDiauxic	train
34242	777_YPDDiauxic	train
34243	778_YPDDiauxic	train
34244	779_YPDDiauxic	train
34245	780_YPDDiauxic	validation
34246	781_YPDDiauxic	train
34247	782_YPDDiauxic	train
34248	783_YPDDiauxic	train
34249	784_YPDDiauxic	train
34250	785_YPDDiauxic	train
34251	786_YPDDiauxic	train
34252	787_YPDDiauxic	train
34253	788_YPDDiauxic	train
34254	789_YPDDiauxic	train
34255	790_YPDDiauxic	train
34256	791_YPDDiauxic	train
34257	792_YPDDiauxic	train
34258	793_YPDDiauxic	train
34259	794_YPDDiauxic	train
34260	795_YPDDiauxic	train
34261	796_YPDDiauxic	train
34262	797_YPDDiauxic	train
34263	798_YPDDiauxic	train
34264	799_YPDDiauxic	train
34265	800_YPDDiauxic	train
34266	801_YPDDiauxic	train
34267	802_YPDDiauxic	train
34268	803_YPDDiauxic	train
34269	804_YPDDiauxic	train
34270	805_YPDDiauxic	validation
34271	806_YPDDiauxic	train
34272	807_YPDDiauxic	train
34273	808_YPDDiauxic	train
34274	809_YPDDiauxic	train
34275	810_YPDDiauxic	train
34276	811_YPDDiauxic	train
34277	812_YPDDiauxic	validation
34278	813_YPDDiauxic	train
34279	814_YPDDiauxic	train
34280	815_YPDDiauxic	train
34281	816_YPDDiauxic	train
34282	817_YPDDiauxic	train
34283	818_YPDDiauxic	train
34284	819_YPDDiauxic	train
34285	820_YPDDiauxic	train
34286	821_YPDDiauxic	train
34287	822_YPDDiauxic	train
34288	823_YPDDiauxic	train
34289	824_YPDDiauxic	validation
34290	825_YPDDiauxic	train
34291	826_YPDDiauxic	train
34292	827_YPDDiauxic	train
34293	828_YPDDiauxic	train
34294	829_YPDDiauxic	train
34295	830_YPDDiauxic	train
34296	831_YPDDiauxic	train
34297	832_YPDDiauxic	train
34298	833_YPDDiauxic	train
34299	834_YPDDiauxic	train
34300	835_YPDDiauxic	train
34301	836_YPDDiauxic	train
34302	837_YPDDiauxic	train
34303	838_YPDDiauxic	train
34304	839_YPDDiauxic	train
34305	840_YPDDiauxic	train
34306	841_YPDDiauxic	train
34307	842_YPDDiauxic	train
34308	843_YPDDiauxic	train
34309	844_YPDDiauxic	train
34310	845_YPDDiauxic	train
34311	846_YPDDiauxic	train
34312	847_YPDDiauxic	train
34313	848_YPDDiauxic	train
34314	849_YPDDiauxic	train
34315	850_YPDDiauxic	train
34316	851_YPDDiauxic	train
34317	852_YPDDiauxic	train
34318	853_YPDDiauxic	train
34319	854_YPDDiauxic	train
34320	855_YPDDiauxic	train
34321	856_YPDDiauxic	train
34322	857_YPDDiauxic	train
34323	858_YPDDiauxic	train
34324	859_YPDDiauxic	train
34325	860_YPDDiauxic	train
34326	861_YPDDiauxic	train
34327	862_YPDDiauxic	train
34328	863_YPDDiauxic	train
34329	864_YPDDiauxic	train
34330	865_YPDDiauxic	train
34331	866_YPDDiauxic	validation
34332	867_YPDDiauxic	train
34333	868_YPDDiauxic	train
34334	869_YPDDiauxic	train
34335	870_YPDDiauxic	train
34336	871_YPDDiauxic	train
34337	872_YPDDiauxic	train
34338	873_YPDDiauxic	train
34339	874_YPDDiauxic	train
34340	875_YPDDiauxic	train
34341	876_YPDDiauxic	train
34342	877_YPDDiauxic	train
34343	878_YPDDiauxic	train
34344	879_YPDDiauxic	train
34345	880_YPDDiauxic	train
34346	881_YPDDiauxic	train
34347	882_YPDDiauxic	train
34348	883_YPDDiauxic	train
34349	884_YPDDiauxic	train
34350	885_YPDDiauxic	train
34351	886_YPDDiauxic	train
34352	887_YPDDiauxic	train
34353	888_YPDDiauxic	train
34354	889_YPDDiauxic	train
34355	890_YPDDiauxic	train
34356	891_YPDDiauxic	train
34357	892_YPDDiauxic	train
34358	893_YPDDiauxic	train
34359	894_YPDDiauxic	train
34360	895_YPDDiauxic	train
34361	896_YPDDiauxic	train
34362	897_YPDDiauxic	validation
34363	898_YPDDiauxic	train
34364	899_YPDDiauxic	train
34365	900_YPDDiauxic	train
34366	901_YPDDiauxic	train
34367	902_YPDDiauxic	train
34368	903_YPDDiauxic	train
34369	904_YPDDiauxic	train
34370	905_YPDDiauxic	train
34371	906_YPDDiauxic	train
34372	907_YPDDiauxic	validation
34373	908_YPDDiauxic	train
34374	909_YPDDiauxic	train
34375	910_YPDDiauxic	train
34376	911_YPDDiauxic	train
34377	912_YPDDiauxic	train
34378	913_YPDDiauxic	train
34379	914_YPDDiauxic	train
34380	915_YPDDiauxic	train
34381	916_YPDDiauxic	train
34382	917_YPDDiauxic	train
34383	918_YPDDiauxic	train
34384	919_YPDDiauxic	train
34385	920_YPDDiauxic	train
34386	921_YPDDiauxic	validation
34387	922_YPDDiauxic	train
34388	923_YPDDiauxic	train
34389	924_YPDDiauxic	train
34390	925_YPDDiauxic	train
34391	926_YPDDiauxic	train
34392	927_YPDDiauxic	train
34393	928_YPDDiauxic	train
34394	929_YPDDiauxic	train
34395	930_YPDDiauxic	train
34396	931_YPDDiauxic	train
34397	932_YPDDiauxic	validation
34398	933_YPDDiauxic	train
34399	934_YPDDiauxic	train
34400	935_YPDDiauxic	train
34401	936_YPDDiauxic	train
34402	937_YPDDiauxic	train
34403	938_YPDDiauxic	train
34404	939_YPDDiauxic	train
34405	940_YPDDiauxic	train
34406	941_YPDDiauxic	train
34407	942_YPDDiauxic	train
34408	943_YPDDiauxic	train
34409	944_YPDDiauxic	train
34410	945_YPDDiauxic	train
34411	946_YPDDiauxic	train
34412	947_YPDDiauxic	train
34413	948_YPDDiauxic	train
34414	949_YPDDiauxic	train
34415	950_YPDDiauxic	train
34416	951_YPDDiauxic	train
34417	952_YPDDiauxic	train
34418	953_YPDDiauxic	train
34419	954_YPDDiauxic	train
34420	955_YPDDiauxic	validation
34421	956_YPDDiauxic	train
34422	957_YPDDiauxic	train
34423	958_YPDDiauxic	train
34424	959_YPDDiauxic	train
34425	960_YPDDiauxic	train
34426	961_YPDDiauxic	train
34427	962_YPDDiauxic	train
34428	963_YPDDiauxic	train
34429	964_YPDDiauxic	train
34430	965_YPDDiauxic	train
34431	966_YPDDiauxic	train
34432	967_YPDDiauxic	train
34433	968_YPDDiauxic	train
34434	969_YPDDiauxic	train
34435	970_YPDDiauxic	train
34436	971_YPDDiauxic	train
34437	972_YPDDiauxic	train
34438	973_YPDDiauxic	train
34439	974_YPDDiauxic	train
34440	975_YPDDiauxic	train
34441	976_YPDDiauxic	train
34442	977_YPDDiauxic	train
34443	978_YPDDiauxic	train
34444	979_YPDDiauxic	train
34445	980_YPDDiauxic	train
34446	981_YPDDiauxic	train
34447	982_YPDDiauxic	train
34448	983_YPDDiauxic	train
34449	984_YPDDiauxic	train
34450	985_YPDDiauxic	train
34451	986_YPDDiauxic	train
34452	987_YPDDiauxic	train
34453	988_YPDDiauxic	train
34454	989_YPDDiauxic	train
34455	990_YPDDiauxic	train
34456	991_YPDDiauxic	train
34457	992_YPDDiauxic	train
34458	993_YPDDiauxic	train
34459	994_YPDDiauxic	train
34460	995_YPDDiauxic	train
34461	996_YPDDiauxic	train
34462	997_YPDDiauxic	train
34463	998_YPDDiauxic	train
34464	999_YPDDiauxic	train
34465	1000_YPDDiauxic	train
34466	1001_YPDDiauxic	train
34467	1002_YPDDiauxic	train
34468	1003_YPDDiauxic	train
34469	1004_YPDDiauxic	train
34470	1005_YPDDiauxic	train
34471	1006_YPDDiauxic	train
34472	1007_YPDDiauxic	train
34473	1008_YPDDiauxic	train
34474	1009_YPDDiauxic	train
34475	1010_YPDDiauxic	train
34476	1011_YPDDiauxic	train
34477	1012_YPDDiauxic	train
34478	1013_YPDDiauxic	train
34479	1014_YPDDiauxic	validation
34480	1015_YPDDiauxic	train
34481	1016_YPDDiauxic	train
34482	1017_YPDDiauxic	train
34483	1018_YPDDiauxic	train
34484	1019_YPDDiauxic	train
34485	1020_YPDDiauxic	train
34486	1021_YPDDiauxic	train
34487	1022_YPDDiauxic	train
34488	1023_YPDDiauxic	train
34489	1024_YPDDiauxic	train
34490	1025_YPDDiauxic	train
34491	1026_YPDDiauxic	train
34492	1027_YPDDiauxic	train
34493	1028_YPDDiauxic	train
34494	1029_YPDDiauxic	train
34495	1030_YPDDiauxic	train
34496	1031_YPDDiauxic	train
34497	1032_YPDDiauxic	train
34498	1033_YPDDiauxic	train
34499	1034_YPDDiauxic	train
34500	1035_YPDDiauxic	train
34501	1036_YPDDiauxic	validation
34502	1037_YPDDiauxic	train
34503	1038_YPDDiauxic	train
34504	1039_YPDDiauxic	train
34505	1040_YPDDiauxic	train
34506	1041_YPDDiauxic	train
34507	1042_YPDDiauxic	train
34508	1043_YPDDiauxic	train
34509	1044_YPDDiauxic	train
34510	1045_YPDDiauxic	train
34511	1046_YPDDiauxic	train
34512	1047_YPDDiauxic	train
34513	1048_YPDDiauxic	train
34514	1049_YPDDiauxic	train
34515	1050_YPDDiauxic	train
34516	1051_YPDDiauxic	train
34517	1052_YPDDiauxic	train
34518	1053_YPDDiauxic	train
34519	1054_YPDDiauxic	train
34520	1055_YPDDiauxic	train
34521	1056_YPDDiauxic	train
34522	1057_YPDDiauxic	validation
34523	1058_YPDDiauxic	train
34524	1059_YPDDiauxic	validation
34525	1060_YPDDiauxic	train
34526	1061_YPDDiauxic	train
34527	1062_YPDDiauxic	train
34528	1063_YPDDiauxic	train
34529	1064_YPDDiauxic	train
34530	1065_YPDDiauxic	train
34531	1066_YPDDiauxic	train
34532	1067_YPDDiauxic	train
34533	1068_YPDDiauxic	train
34534	1069_YPDDiauxic	train
34535	1070_YPDDiauxic	train
34536	1071_YPDDiauxic	train
34537	1072_YPDDiauxic	train
34538	1073_YPDDiauxic	train
34539	1074_YPDDiauxic	train
34540	1075_YPDDiauxic	train
34541	1076_YPDDiauxic	train
34542	1077_YPDDiauxic	train
34543	1078_YPDDiauxic	train
34544	1079_YPDDiauxic	train
34545	1080_YPDDiauxic	train
34546	1081_YPDDiauxic	train
34547	1082_YPDDiauxic	train
34548	1083_YPDDiauxic	train
34549	1084_YPDDiauxic	train
34550	1085_YPDDiauxic	train
34551	1086_YPDDiauxic	train
34552	1087_YPDDiauxic	train
34553	1088_YPDDiauxic	train
34554	1089_YPDDiauxic	train
34555	1090_YPDDiauxic	train
34556	1091_YPDDiauxic	train
34557	1092_YPDDiauxic	train
34558	1093_YPDDiauxic	train
34559	1094_YPDDiauxic	train
34560	1095_YPDDiauxic	train
34561	1096_YPDDiauxic	train
34562	1097_YPDDiauxic	train
34563	1098_YPDDiauxic	train
34564	1099_YPDDiauxic	train
34565	1100_YPDDiauxic	train
34566	1101_YPDDiauxic	train
34567	1102_YPDDiauxic	train
34568	1103_YPDDiauxic	train
34569	1104_YPDDiauxic	train
34570	1105_YPDDiauxic	train
34571	1106_YPDDiauxic	train
34572	1107_YPDDiauxic	train
34573	1108_YPDDiauxic	train
34574	1109_YPDDiauxic	train
34575	1110_YPDDiauxic	train
34576	1111_YPDDiauxic	train
34577	1112_YPDDiauxic	train
34578	1113_YPDDiauxic	train
34579	1114_YPDDiauxic	train
34580	1115_YPDDiauxic	train
34581	1116_YPDDiauxic	train
34582	1117_YPDDiauxic	train
34583	1118_YPDDiauxic	validation
34584	1119_YPDDiauxic	train
34585	1120_YPDDiauxic	train
34586	1121_YPDDiauxic	train
34587	1122_YPDDiauxic	validation
34588	1123_YPDDiauxic	train
34589	1124_YPDDiauxic	train
34590	1125_YPDDiauxic	train
34591	1126_YPDDiauxic	train
34592	1127_YPDDiauxic	train
34593	1128_YPDDiauxic	train
34594	1129_YPDDiauxic	train
34595	1130_YPDDiauxic	train
34596	1131_YPDDiauxic	train
34597	1132_YPDDiauxic	train
34598	1133_YPDDiauxic	train
34599	1134_YPDDiauxic	train
34600	1135_YPDDiauxic	train
34601	1136_YPDDiauxic	train
34602	1137_YPDDiauxic	train
34603	1138_YPDDiauxic	train
34604	1139_YPDDiauxic	train
34605	1140_YPDDiauxic	train
34606	1141_YPDDiauxic	validation
34607	1142_YPDDiauxic	validation
34608	1143_YPDDiauxic	train
34609	1144_YPDDiauxic	train
34610	1145_YPDDiauxic	train
34611	1146_YPDDiauxic	train
34612	1147_YPDDiauxic	train
34613	1148_YPDDiauxic	train
34614	1149_YPDDiauxic	train
34615	1150_YPDDiauxic	train
34616	1151_YPDDiauxic	train
34617	1152_YPDDiauxic	train
34618	1153_YPDDiauxic	train
34619	1154_YPDDiauxic	train
34620	1155_YPDDiauxic	train
34621	1156_YPDDiauxic	train
34622	1157_YPDDiauxic	train
34623	1158_YPDDiauxic	train
34624	1159_YPDDiauxic	train
34625	1160_YPDDiauxic	train
34626	1161_YPDDiauxic	train
34627	1162_YPDDiauxic	train
34628	1163_YPDDiauxic	train
34629	1164_YPDDiauxic	train
34630	1165_YPDDiauxic	train
34631	1166_YPDDiauxic	train
34632	1167_YPDDiauxic	train
34633	1168_YPDDiauxic	validation
34634	1169_YPDDiauxic	train
34635	1170_YPDDiauxic	train
34636	1171_YPDDiauxic	train
34637	1172_YPDDiauxic	train
34638	1173_YPDDiauxic	train
34639	1174_YPDDiauxic	train
34640	1175_YPDDiauxic	train
34641	1176_YPDDiauxic	train
34642	1177_YPDDiauxic	train
34643	1178_YPDDiauxic	train
34644	1179_YPDDiauxic	train
34645	1180_YPDDiauxic	train
34646	1181_YPDDiauxic	train
34647	1182_YPDDiauxic	train
34648	1183_YPDDiauxic	train
34649	1184_YPDDiauxic	train
34650	1185_YPDDiauxic	train
34651	1186_YPDDiauxic	validation
34652	1187_YPDDiauxic	train
34653	1188_YPDDiauxic	train
34654	1189_YPDDiauxic	train
34655	1190_YPDDiauxic	train
34656	1191_YPDDiauxic	train
34657	1192_YPDDiauxic	train
34658	1193_YPDDiauxic	train
34659	1194_YPDDiauxic	train
34660	1195_YPDDiauxic	train
34661	1196_YPDDiauxic	train
34662	1197_YPDDiauxic	train
34663	1198_YPDDiauxic	train
34664	1199_YPDDiauxic	validation
34665	1200_YPDDiauxic	train
34666	1201_YPDDiauxic	train
34667	1202_YPDDiauxic	train
34668	1203_YPDDiauxic	train
34669	1204_YPDDiauxic	train
34670	1205_YPDDiauxic	train
34671	1206_YPDDiauxic	train
34672	1207_YPDDiauxic	train
34673	1208_YPDDiauxic	train
34674	1209_YPDDiauxic	train
34675	1210_YPDDiauxic	train
34676	1211_YPDDiauxic	train
34677	1212_YPDDiauxic	train
34678	1213_YPDDiauxic	train
34679	1214_YPDDiauxic	train
34680	1215_YPDDiauxic	train
34681	1216_YPDDiauxic	train
34682	1217_YPDDiauxic	train
34683	1218_YPDDiauxic	train
34684	1219_YPDDiauxic	train
34685	1220_YPDDiauxic	train
34686	1221_YPDDiauxic	train
34687	1222_YPDDiauxic	train
34688	1223_YPDDiauxic	train
34689	1224_YPDDiauxic	train
34690	1225_YPDDiauxic	train
34691	1226_YPDDiauxic	train
34692	1227_YPDDiauxic	train
34693	1228_YPDDiauxic	train
34694	1229_YPDDiauxic	train
34695	1230_YPDDiauxic	train
34696	1231_YPDDiauxic	train
34697	1232_YPDDiauxic	train
34698	1233_YPDDiauxic	train
34699	1234_YPDDiauxic	train
34700	1235_YPDDiauxic	validation
34701	1236_YPDDiauxic	train
34702	1237_YPDDiauxic	train
34703	1238_YPDDiauxic	train
34704	1239_YPDDiauxic	train
34705	1240_YPDDiauxic	train
34706	1241_YPDDiauxic	train
34707	1242_YPDDiauxic	train
34708	1243_YPDDiauxic	train
34709	1244_YPDDiauxic	train
34710	1245_YPDDiauxic	train
34711	1246_YPDDiauxic	train
34712	1247_YPDDiauxic	train
34713	1248_YPDDiauxic	train
34714	1249_YPDDiauxic	validation
34715	1250_YPDDiauxic	train
34716	1251_YPDDiauxic	train
34717	1252_YPDDiauxic	train
34718	1253_YPDDiauxic	train
34719	1254_YPDDiauxic	train
34720	1255_YPDDiauxic	train
34721	1256_YPDDiauxic	train
34722	1257_YPDDiauxic	train
34723	1258_YPDDiauxic	train
34724	1259_YPDDiauxic	train
34725	1260_YPDDiauxic	train
34726	1261_YPDDiauxic	train
34727	1262_YPDDiauxic	train
34728	1263_YPDDiauxic	train
34729	1264_YPDDiauxic	train
34730	1265_YPDDiauxic	train
34731	1266_YPDDiauxic	train
34732	1267_YPDDiauxic	train
34733	1268_YPDDiauxic	train
34734	1269_YPDDiauxic	train
34735	1270_YPDDiauxic	train
34736	1271_YPDDiauxic	train
34737	1272_YPDDiauxic	train
34738	1273_YPDDiauxic	train
34739	1274_YPDDiauxic	train
34740	1275_YPDDiauxic	train
34741	1276_YPDDiauxic	train
34742	1277_YPDDiauxic	train
34743	1278_YPDDiauxic	validation
34744	1279_YPDDiauxic	train
34745	1280_YPDDiauxic	train
34746	1281_YPDDiauxic	train
34747	1282_YPDDiauxic	train
34748	1283_YPDDiauxic	train
34749	1284_YPDDiauxic	train
34750	1285_YPDDiauxic	train
34751	1286_YPDDiauxic	train
34752	1287_YPDDiauxic	train
34753	1288_YPDDiauxic	train
34754	1289_YPDDiauxic	train
34755	1290_YPDDiauxic	train
34756	1291_YPDDiauxic	train
34757	1292_YPDDiauxic	train
34758	1293_YPDDiauxic	train
34759	1294_YPDDiauxic	train
34760	1295_YPDDiauxic	train
34761	1296_YPDDiauxic	train
34762	1297_YPDDiauxic	train
34763	1298_YPDDiauxic	validation
34764	1299_YPDDiauxic	train
34765	1300_YPDDiauxic	train
34766	1301_YPDDiauxic	train
34767	1302_YPDDiauxic	train
34768	1303_YPDDiauxic	train
34769	1304_YPDDiauxic	train
34770	1305_YPDDiauxic	train
34771	1306_YPDDiauxic	train
34772	1307_YPDDiauxic	train
34773	1308_YPDDiauxic	train
34774	1309_YPDDiauxic	train
34775	1310_YPDDiauxic	train
34776	1311_YPDDiauxic	train
34777	1312_YPDDiauxic	train
34778	1313_YPDDiauxic	train
34779	1314_YPDDiauxic	train
34780	1315_YPDDiauxic	train
34781	1316_YPDDiauxic	validation
34782	1317_YPDDiauxic	train
34783	1318_YPDDiauxic	train
34784	1319_YPDDiauxic	train
34785	1320_YPDDiauxic	train
34786	1321_YPDDiauxic	train
34787	1322_YPDDiauxic	train
34788	1323_YPDDiauxic	train
34789	1324_YPDDiauxic	train
34790	1325_YPDDiauxic	train
34791	1326_YPDDiauxic	train
34792	1327_YPDDiauxic	train
34793	1328_YPDDiauxic	train
34794	1329_YPDDiauxic	train
34795	1330_YPDDiauxic	train
34796	1331_YPDDiauxic	train
34797	1332_YPDDiauxic	train
34798	1333_YPDDiauxic	train
34799	1334_YPDDiauxic	train
34800	1335_YPDDiauxic	train
34801	1336_YPDDiauxic	train
34802	1337_YPDDiauxic	train
34803	1338_YPDDiauxic	train
34804	1339_YPDDiauxic	train
34805	1340_YPDDiauxic	validation
34806	1341_YPDDiauxic	train
34807	1342_YPDDiauxic	train
34808	1343_YPDDiauxic	train
34809	1344_YPDDiauxic	train
34810	1345_YPDDiauxic	train
34811	1346_YPDDiauxic	train
34812	1347_YPDDiauxic	train
34813	1348_YPDDiauxic	train
34814	1349_YPDDiauxic	train
34815	1350_YPDDiauxic	train
34816	1351_YPDDiauxic	train
34817	1352_YPDDiauxic	train
34818	1353_YPDDiauxic	train
34819	1354_YPDDiauxic	train
34820	1355_YPDDiauxic	train
34821	1356_YPDDiauxic	train
34822	1357_YPDDiauxic	train
34823	1358_YPDDiauxic	train
34824	1359_YPDDiauxic	train
34825	1360_YPDDiauxic	train
34826	1361_YPDDiauxic	train
34827	1362_YPDDiauxic	train
34828	1363_YPDDiauxic	train
34829	1364_YPDDiauxic	train
34830	1365_YPDDiauxic	train
34831	1366_YPDDiauxic	train
34832	1367_YPDDiauxic	train
34833	1368_YPDDiauxic	train
34834	1369_YPDDiauxic	train
34835	1370_YPDDiauxic	train
34836	1371_YPDDiauxic	train
34837	1372_YPDDiauxic	train
34838	1373_YPDDiauxic	train
34839	1374_YPDDiauxic	train
34840	1375_YPDDiauxic	train
34841	1376_YPDDiauxic	validation
34842	1377_YPDDiauxic	train
34843	1378_YPDDiauxic	train
34844	1379_YPDDiauxic	train
34845	1380_YPDDiauxic	train
34846	1381_YPDDiauxic	train
34847	1382_YPDDiauxic	train
34848	1383_YPDDiauxic	train
34849	1384_YPDDiauxic	train
34850	1385_YPDDiauxic	train
34851	1386_YPDDiauxic	train
34852	1387_YPDDiauxic	train
34853	1388_YPDDiauxic	train
34854	1389_YPDDiauxic	train
34855	1390_YPDDiauxic	train
34856	1391_YPDDiauxic	train
34857	1392_YPDDiauxic	train
34858	1393_YPDDiauxic	train
34859	1394_YPDDiauxic	train
34860	1395_YPDDiauxic	train
34861	1396_YPDDiauxic	train
34862	1397_YPDDiauxic	train
34863	1398_YPDDiauxic	train
34864	1399_YPDDiauxic	train
34865	1400_YPDDiauxic	train
34866	1401_YPDDiauxic	train
34867	1402_YPDDiauxic	train
34868	1403_YPDDiauxic	train
34869	1404_YPDDiauxic	train
34870	1405_YPDDiauxic	train
34871	1406_YPDDiauxic	train
34872	1407_YPDDiauxic	train
34873	1408_YPDDiauxic	train
34874	1409_YPDDiauxic	train
34875	1410_YPDDiauxic	train
34876	1411_YPDDiauxic	train
34877	1412_YPDDiauxic	train
34878	1413_YPDDiauxic	train
34879	1414_YPDDiauxic	train
34880	1415_YPDDiauxic	train
34881	1416_YPDDiauxic	train
34882	1417_YPDDiauxic	train
34883	1418_YPDDiauxic	train
34884	1419_YPDDiauxic	train
34885	1420_YPDDiauxic	train
34886	1421_YPDDiauxic	train
34887	1422_YPDDiauxic	train
34888	1423_YPDDiauxic	train
34889	1424_YPDDiauxic	train
34890	1425_YPDDiauxic	train
34891	1426_YPDDiauxic	train
34892	1427_YPDDiauxic	train
34893	1428_YPDDiauxic	train
34894	1429_YPDDiauxic	train
34895	1430_YPDDiauxic	validation
34896	1431_YPDDiauxic	train
34897	1432_YPDDiauxic	train
34898	1433_YPDDiauxic	train
34899	1434_YPDDiauxic	train
34900	1435_YPDDiauxic	train
34901	1436_YPDDiauxic	train
34902	1437_YPDDiauxic	validation
34903	1438_YPDDiauxic	train
34904	1439_YPDDiauxic	train
34905	1440_YPDDiauxic	train
34906	1441_YPDDiauxic	train
34907	1442_YPDDiauxic	train
34908	1443_YPDDiauxic	train
34909	1444_YPDDiauxic	train
34910	1445_YPDDiauxic	train
34911	1446_YPDDiauxic	train
34912	1447_YPDDiauxic	train
34913	1448_YPDDiauxic	train
34914	1449_YPDDiauxic	train
34915	1450_YPDDiauxic	train
34916	1451_YPDDiauxic	validation
34917	1452_YPDDiauxic	train
34918	1453_YPDDiauxic	train
34919	1454_YPDDiauxic	train
34920	1455_YPDDiauxic	train
34921	1456_YPDDiauxic	train
34922	1457_YPDDiauxic	train
34923	1458_YPDDiauxic	train
34924	1459_YPDDiauxic	train
34925	1460_YPDDiauxic	validation
34926	1461_YPDDiauxic	train
34927	1462_YPDDiauxic	train
34928	1463_YPDDiauxic	train
34929	1464_YPDDiauxic	train
34930	1465_YPDDiauxic	train
34931	1466_YPDDiauxic	train
34932	1467_YPDDiauxic	train
34933	1468_YPDDiauxic	train
34934	1469_YPDDiauxic	train
34935	1470_YPDDiauxic	train
34936	1471_YPDDiauxic	train
34937	1472_YPDDiauxic	validation
34938	1473_YPDDiauxic	train
34939	1474_YPDDiauxic	train
34940	1475_YPDDiauxic	train
34941	1476_YPDDiauxic	train
34942	1477_YPDDiauxic	train
34943	1478_YPDDiauxic	train
34944	1479_YPDDiauxic	train
34945	1480_YPDDiauxic	train
34946	1481_YPDDiauxic	train
34947	1482_YPDDiauxic	train
34948	1483_YPDDiauxic	train
34949	1484_YPDDiauxic	train
34950	1485_YPDDiauxic	train
34951	1486_YPDDiauxic	train
34952	1487_YPDDiauxic	train
34953	1488_YPDDiauxic	validation
34954	1489_YPDDiauxic	train
34955	1490_YPDDiauxic	train
34956	1491_YPDDiauxic	train
34957	1492_YPDDiauxic	train
34958	1493_YPDDiauxic	train
34959	1494_YPDDiauxic	train
34960	1495_YPDDiauxic	train
34961	1496_YPDDiauxic	train
34962	1497_YPDDiauxic	train
34963	1498_YPDDiauxic	validation
34964	1499_YPDDiauxic	train
34965	1500_YPDDiauxic	train
34966	1501_YPDDiauxic	train
34967	1502_YPDDiauxic	train
34968	1503_YPDDiauxic	train
34969	1504_YPDDiauxic	train
34970	1505_YPDDiauxic	train
34971	1506_YPDDiauxic	train
34972	1507_YPDDiauxic	train
34973	1508_YPDDiauxic	train
34974	1509_YPDDiauxic	train
34975	1510_YPDDiauxic	train
34976	1511_YPDDiauxic	train
34977	1512_YPDDiauxic	validation
34978	1513_YPDDiauxic	train
34979	1514_YPDDiauxic	train
34980	1515_YPDDiauxic	train
34981	1516_YPDDiauxic	train
34982	1517_YPDDiauxic	train
34983	1518_YPDDiauxic	train
34984	1519_YPDDiauxic	train
34985	1520_YPDDiauxic	train
34986	1521_YPDDiauxic	train
34987	1522_YPDDiauxic	train
34988	1523_YPDDiauxic	train
34989	1524_YPDDiauxic	train
34990	1525_YPDDiauxic	train
34991	1526_YPDDiauxic	train
34992	1527_YPDDiauxic	train
34993	1528_YPDDiauxic	train
34994	1529_YPDDiauxic	train
34995	1530_YPDDiauxic	train
34996	1531_YPDDiauxic	train
34997	1532_YPDDiauxic	validation
34998	1533_YPDDiauxic	train
34999	1534_YPDDiauxic	train
35000	1535_YPDDiauxic	train
35001	1536_YPDDiauxic	train
35002	1537_YPDDiauxic	train
35003	1538_YPDDiauxic	train
35004	1539_YPDDiauxic	train
35005	1540_YPDDiauxic	train
35006	1541_YPDDiauxic	train
35007	1542_YPDDiauxic	train
35008	1543_YPDDiauxic	train
35009	1544_YPDDiauxic	train
35010	1545_YPDDiauxic	train
35011	1546_YPDDiauxic	train
35012	1547_YPDDiauxic	train
35013	1548_YPDDiauxic	validation
35014	1549_YPDDiauxic	train
35015	1550_YPDDiauxic	train
35016	1551_YPDDiauxic	train
35017	1552_YPDDiauxic	validation
35018	1553_YPDDiauxic	train
35019	1554_YPDDiauxic	train
35020	1555_YPDDiauxic	train
35021	1556_YPDDiauxic	train
35022	1557_YPDDiauxic	train
35023	1558_YPDDiauxic	train
35024	1559_YPDDiauxic	train
35025	1560_YPDDiauxic	train
35026	1561_YPDDiauxic	train
35027	1562_YPDDiauxic	train
35028	1563_YPDDiauxic	train
35029	1564_YPDDiauxic	train
35030	1565_YPDDiauxic	train
35031	1566_YPDDiauxic	train
35032	1567_YPDDiauxic	train
35033	1568_YPDDiauxic	train
35034	1569_YPDDiauxic	train
35035	1570_YPDDiauxic	train
35036	1571_YPDDiauxic	train
35037	1572_YPDDiauxic	train
35038	1573_YPDDiauxic	train
35039	1574_YPDDiauxic	train
35040	1575_YPDDiauxic	train
35041	1576_YPDDiauxic	train
35042	1577_YPDDiauxic	train
35043	1578_YPDDiauxic	train
35044	1579_YPDDiauxic	train
35045	1580_YPDDiauxic	train
35046	1581_YPDDiauxic	train
35047	1582_YPDDiauxic	train
35048	1583_YPDDiauxic	train
35049	1584_YPDDiauxic	train
35050	1585_YPDDiauxic	train
35051	1586_YPDDiauxic	train
35052	1587_YPDDiauxic	train
35053	1588_YPDDiauxic	train
35054	1589_YPDDiauxic	train
35055	1590_YPDDiauxic	train
35056	1591_YPDDiauxic	train
35057	1592_YPDDiauxic	train
35058	1593_YPDDiauxic	train
35059	1594_YPDDiauxic	train
35060	1595_YPDDiauxic	train
35061	1596_YPDDiauxic	train
35062	1597_YPDDiauxic	train
35063	1598_YPDDiauxic	train
35064	1599_YPDDiauxic	train
35065	1600_YPDDiauxic	train
35066	1601_YPDDiauxic	train
35067	1602_YPDDiauxic	train
35068	1603_YPDDiauxic	train
35069	1604_YPDDiauxic	train
35070	1605_YPDDiauxic	train
35071	1606_YPDDiauxic	validation
35072	1607_YPDDiauxic	train
35073	1608_YPDDiauxic	train
35074	1609_YPDDiauxic	train
35075	1610_YPDDiauxic	train
35076	1611_YPDDiauxic	train
35077	1612_YPDDiauxic	validation
35078	1613_YPDDiauxic	train
35079	1614_YPDDiauxic	train
35080	1615_YPDDiauxic	train
35081	1616_YPDDiauxic	train
35082	1617_YPDDiauxic	train
35083	1618_YPDDiauxic	train
35084	1619_YPDDiauxic	train
35085	1620_YPDDiauxic	train
35086	1621_YPDDiauxic	train
35087	1622_YPDDiauxic	train
35088	1623_YPDDiauxic	train
35089	1624_YPDDiauxic	train
35090	1625_YPDDiauxic	train
35091	1626_YPDDiauxic	train
35092	1627_YPDDiauxic	train
35093	1628_YPDDiauxic	train
35094	1629_YPDDiauxic	train
35095	1630_YPDDiauxic	train
35096	1631_YPDDiauxic	train
35097	1632_YPDDiauxic	train
35098	1633_YPDDiauxic	train
35099	1634_YPDDiauxic	train
35100	1635_YPDDiauxic	train
35101	1636_YPDDiauxic	train
35102	1637_YPDDiauxic	train
35103	1638_YPDDiauxic	train
35104	1639_YPDDiauxic	train
35105	1640_YPDDiauxic	train
35106	1641_YPDDiauxic	train
35107	1642_YPDDiauxic	train
35108	1643_YPDDiauxic	train
35109	1644_YPDDiauxic	train
35110	1645_YPDDiauxic	train
35111	1646_YPDDiauxic	train
35112	1647_YPDDiauxic	train
35113	1648_YPDDiauxic	train
35114	1649_YPDDiauxic	train
35115	1650_YPDDiauxic	train
35116	1651_YPDDiauxic	train
35117	1652_YPDDiauxic	validation
35118	1653_YPDDiauxic	train
35119	1654_YPDDiauxic	train
35120	1655_YPDDiauxic	train
35121	1656_YPDDiauxic	train
35122	1657_YPDDiauxic	train
35123	1658_YPDDiauxic	train
35124	1659_YPDDiauxic	train
35125	1660_YPDDiauxic	validation
35126	1661_YPDDiauxic	train
35127	1662_YPDDiauxic	train
35128	1663_YPDDiauxic	train
35129	1664_YPDDiauxic	train
35130	1665_YPDDiauxic	train
35131	1666_YPDDiauxic	train
35132	1667_YPDDiauxic	train
35133	1668_YPDDiauxic	train
35134	1669_YPDDiauxic	train
35135	1670_YPDDiauxic	validation
35136	1671_YPDDiauxic	train
35137	1672_YPDDiauxic	train
35138	1673_YPDDiauxic	train
35139	1674_YPDDiauxic	train
35140	1675_YPDDiauxic	train
35141	1676_YPDDiauxic	train
35142	1677_YPDDiauxic	train
35143	1678_YPDDiauxic	train
35144	1679_YPDDiauxic	train
35145	1680_YPDDiauxic	train
35146	1681_YPDDiauxic	train
35147	1682_YPDDiauxic	train
35148	1683_YPDDiauxic	train
35149	1684_YPDDiauxic	train
35150	1685_YPDDiauxic	train
35151	1686_YPDDiauxic	train
35152	1687_YPDDiauxic	train
35153	1688_YPDDiauxic	train
35154	1689_YPDDiauxic	train
35155	1690_YPDDiauxic	train
35156	1691_YPDDiauxic	train
35157	1692_YPDDiauxic	train
35158	1693_YPDDiauxic	train
35159	1694_YPDDiauxic	validation
35160	1695_YPDDiauxic	train
35161	1696_YPDDiauxic	train
35162	1697_YPDDiauxic	train
35163	1698_YPDDiauxic	train
35164	1699_YPDDiauxic	train
35165	1700_YPDDiauxic	train
35166	1701_YPDDiauxic	train
35167	1702_YPDDiauxic	train
35168	1703_YPDDiauxic	train
35169	1704_YPDDiauxic	train
35170	1705_YPDDiauxic	train
35171	1706_YPDDiauxic	train
35172	1707_YPDDiauxic	train
35173	1708_YPDDiauxic	train
35174	1709_YPDDiauxic	validation
35175	1710_YPDDiauxic	train
35176	1711_YPDDiauxic	train
35177	1712_YPDDiauxic	train
35178	1713_YPDDiauxic	train
35179	1714_YPDDiauxic	train
35180	1715_YPDDiauxic	train
35181	1716_YPDDiauxic	train
35182	1717_YPDDiauxic	train
35183	1718_YPDDiauxic	train
35184	1719_YPDDiauxic	train
35185	1720_YPDDiauxic	train
35186	1721_YPDDiauxic	train
35187	1722_YPDDiauxic	train
35188	1723_YPDDiauxic	train
35189	1724_YPDDiauxic	train
35190	1725_YPDDiauxic	train
35191	1726_YPDDiauxic	train
35192	1727_YPDDiauxic	train
35193	1728_YPDDiauxic	validation
35194	1729_YPDDiauxic	train
35195	1730_YPDDiauxic	train
35196	1731_YPDDiauxic	train
35197	1732_YPDDiauxic	train
35198	1733_YPDDiauxic	train
35199	1734_YPDDiauxic	train
35200	1735_YPDDiauxic	train
35201	1736_YPDDiauxic	train
35202	1737_YPDDiauxic	train
35203	1738_YPDDiauxic	train
35204	1739_YPDDiauxic	train
35205	1740_YPDDiauxic	train
35206	1741_YPDDiauxic	train
35207	1742_YPDDiauxic	train
35208	1743_YPDDiauxic	train
35209	1744_YPDDiauxic	validation
35210	1745_YPDDiauxic	train
35211	1746_YPDDiauxic	validation
35212	1747_YPDDiauxic	train
35213	1748_YPDDiauxic	train
35214	1749_YPDDiauxic	train
35215	1750_YPDDiauxic	train
35216	1751_YPDDiauxic	train
35217	1752_YPDDiauxic	train
35218	1753_YPDDiauxic	train
35219	1754_YPDDiauxic	train
35220	1755_YPDDiauxic	train
35221	1756_YPDDiauxic	train
35222	1757_YPDDiauxic	train
35223	1758_YPDDiauxic	train
35224	1759_YPDDiauxic	train
35225	1760_YPDDiauxic	train
35226	1761_YPDDiauxic	train
35227	1762_YPDDiauxic	train
35228	1763_YPDDiauxic	train
35229	1764_YPDDiauxic	train
35230	1765_YPDDiauxic	train
35231	1766_YPDDiauxic	train
35232	1767_YPDDiauxic	validation
35233	1768_YPDDiauxic	train
35234	1769_YPDDiauxic	train
35235	1770_YPDDiauxic	train
35236	1771_YPDDiauxic	train
35237	1772_YPDDiauxic	train
35238	1773_YPDDiauxic	train
35239	1774_YPDDiauxic	train
35240	1775_YPDDiauxic	train
35241	1776_YPDDiauxic	train
35242	1777_YPDDiauxic	train
35243	1778_YPDDiauxic	train
35244	1779_YPDDiauxic	train
35245	1780_YPDDiauxic	train
35246	1781_YPDDiauxic	train
35247	1782_YPDDiauxic	train
35248	1783_YPDDiauxic	train
35249	1784_YPDDiauxic	train
35250	1785_YPDDiauxic	train
35251	1786_YPDDiauxic	train
35252	1787_YPDDiauxic	train
35253	1788_YPDDiauxic	train
35254	1789_YPDDiauxic	train
35255	1790_YPDDiauxic	train
35256	1791_YPDDiauxic	train
35257	1792_YPDDiauxic	train
35258	1793_YPDDiauxic	train
35259	1794_YPDDiauxic	train
35260	1795_YPDDiauxic	train
35261	1796_YPDDiauxic	train
35262	1797_YPDDiauxic	train
35263	1798_YPDDiauxic	train
35264	1799_YPDDiauxic	train
35265	1800_YPDDiauxic	train
35266	1801_YPDDiauxic	train
35267	1802_YPDDiauxic	train
35268	1803_YPDDiauxic	train
35269	1804_YPDDiauxic	train
35270	1805_YPDDiauxic	train
35271	1806_YPDDiauxic	train
35272	1807_YPDDiauxic	train
35273	1808_YPDDiauxic	train
35274	1809_YPDDiauxic	train
35275	1810_YPDDiauxic	train
35276	1811_YPDDiauxic	train
35277	1812_YPDDiauxic	train
35278	1813_YPDDiauxic	train
35279	1814_YPDDiauxic	train
35280	1815_YPDDiauxic	validation
35281	1816_YPDDiauxic	train
35282	1817_YPDDiauxic	validation
35283	1818_YPDDiauxic	train
35284	1819_YPDDiauxic	train
35285	1820_YPDDiauxic	train
35286	1821_YPDDiauxic	train
35287	1822_YPDDiauxic	train
35288	1823_YPDDiauxic	train
35289	1824_YPDDiauxic	train
35290	1825_YPDDiauxic	train
35291	1826_YPDDiauxic	train
35292	1827_YPDDiauxic	train
35293	1828_YPDDiauxic	train
35294	1829_YPDDiauxic	train
35295	1830_YPDDiauxic	train
35296	1831_YPDDiauxic	train
35297	1832_YPDDiauxic	train
35298	1833_YPDDiauxic	train
35299	1834_YPDDiauxic	train
35300	1835_YPDDiauxic	train
35301	1836_YPDDiauxic	train
35302	1837_YPDDiauxic	train
35303	1838_YPDDiauxic	train
35304	1839_YPDDiauxic	train
35305	1840_YPDDiauxic	train
35306	1841_YPDDiauxic	train
35307	1842_YPDDiauxic	train
35308	1843_YPDDiauxic	train
35309	1844_YPDDiauxic	train
35310	1845_YPDDiauxic	train
35311	1846_YPDDiauxic	train
35312	1847_YPDDiauxic	train
35313	1848_YPDDiauxic	train
35314	1849_YPDDiauxic	train
35315	1850_YPDDiauxic	train
35316	1851_YPDDiauxic	train
35317	1852_YPDDiauxic	train
35318	1853_YPDDiauxic	train
35319	1854_YPDDiauxic	train
35320	1855_YPDDiauxic	train
35321	1856_YPDDiauxic	train
35322	1857_YPDDiauxic	train
35323	1858_YPDDiauxic	train
35324	1859_YPDDiauxic	train
35325	1860_YPDDiauxic	train
35326	1861_YPDDiauxic	train
35327	1862_YPDDiauxic	train
35328	1863_YPDDiauxic	train
35329	1864_YPDDiauxic	train
35330	1865_YPDDiauxic	train
35331	1866_YPDDiauxic	train
35332	1867_YPDDiauxic	train
35333	1868_YPDDiauxic	train
35334	1869_YPDDiauxic	train
35335	1870_YPDDiauxic	train
35336	1871_YPDDiauxic	train
35337	1872_YPDDiauxic	train
35338	1873_YPDDiauxic	train
35339	1874_YPDDiauxic	train
35340	1875_YPDDiauxic	train
35341	1876_YPDDiauxic	train
35342	1877_YPDDiauxic	train
35343	1878_YPDDiauxic	validation
35344	1879_YPDDiauxic	train
35345	1880_YPDDiauxic	train
35346	1881_YPDDiauxic	train
35347	1882_YPDDiauxic	train
35348	1883_YPDDiauxic	train
35349	1884_YPDDiauxic	train
35350	1885_YPDDiauxic	train
35351	1886_YPDDiauxic	train
35352	1887_YPDDiauxic	train
35353	1888_YPDDiauxic	train
35354	1889_YPDDiauxic	validation
35355	1890_YPDDiauxic	train
35356	1891_YPDDiauxic	train
35357	1892_YPDDiauxic	train
35358	1893_YPDDiauxic	train
35359	1894_YPDDiauxic	train
35360	1895_YPDDiauxic	validation
35361	1896_YPDDiauxic	train
35362	1897_YPDDiauxic	train
35363	1898_YPDDiauxic	train
35364	1899_YPDDiauxic	train
35365	1900_YPDDiauxic	train
35366	1901_YPDDiauxic	train
35367	1902_YPDDiauxic	train
35368	1903_YPDDiauxic	train
35369	1904_YPDDiauxic	train
35370	1905_YPDDiauxic	train
35371	1906_YPDDiauxic	train
35372	1907_YPDDiauxic	train
35373	1908_YPDDiauxic	train
35374	1909_YPDDiauxic	train
35375	1910_YPDDiauxic	train
35376	1911_YPDDiauxic	train
35377	1912_YPDDiauxic	train
35378	1913_YPDDiauxic	train
35379	1914_YPDDiauxic	train
35380	1915_YPDDiauxic	train
35381	1916_YPDDiauxic	train
35382	1917_YPDDiauxic	validation
35383	1918_YPDDiauxic	train
35384	1919_YPDDiauxic	train
35385	1920_YPDDiauxic	train
35386	1921_YPDDiauxic	train
35387	1922_YPDDiauxic	train
35388	1923_YPDDiauxic	train
35389	1924_YPDDiauxic	train
35390	1925_YPDDiauxic	train
35391	1926_YPDDiauxic	train
35392	1927_YPDDiauxic	train
35393	1928_YPDDiauxic	train
35394	1929_YPDDiauxic	validation
35395	1930_YPDDiauxic	train
35396	1931_YPDDiauxic	train
35397	1932_YPDDiauxic	train
35398	1933_YPDDiauxic	train
35399	1934_YPDDiauxic	train
35400	1935_YPDDiauxic	train
35401	1936_YPDDiauxic	train
35402	1937_YPDDiauxic	train
35403	1938_YPDDiauxic	train
35404	1939_YPDDiauxic	train
35405	1940_YPDDiauxic	train
35406	1941_YPDDiauxic	train
35407	1942_YPDDiauxic	train
35408	1943_YPDDiauxic	train
35409	1944_YPDDiauxic	train
35410	1945_YPDDiauxic	train
35411	1946_YPDDiauxic	train
35412	1947_YPDDiauxic	train
35413	1948_YPDDiauxic	train
35414	1949_YPDDiauxic	train
35415	1950_YPDDiauxic	train
35416	1951_YPDDiauxic	train
35417	1952_YPDDiauxic	train
35418	1953_YPDDiauxic	train
35419	1954_YPDDiauxic	train
35420	1955_YPDDiauxic	train
35421	1956_YPDDiauxic	train
35422	1957_YPDDiauxic	train
35423	1958_YPDDiauxic	train
35424	1959_YPDDiauxic	train
35425	1960_YPDDiauxic	train
35426	1961_YPDDiauxic	train
35427	1962_YPDDiauxic	train
35428	1963_YPDDiauxic	train
35429	1964_YPDDiauxic	train
35430	1965_YPDDiauxic	train
35431	1966_YPDDiauxic	train
35432	1967_YPDDiauxic	train
35433	1968_YPDDiauxic	train
35434	1969_YPDDiauxic	train
35435	1970_YPDDiauxic	train
35436	1971_YPDDiauxic	train
35437	1972_YPDDiauxic	train
35438	1973_YPDDiauxic	train
35439	1974_YPDDiauxic	train
35440	1975_YPDDiauxic	train
35441	1976_YPDDiauxic	train
35442	1977_YPDDiauxic	train
35443	1978_YPDDiauxic	train
35444	1979_YPDDiauxic	train
35445	1980_YPDDiauxic	train
35446	1981_YPDDiauxic	train
35447	1982_YPDDiauxic	train
35448	1983_YPDDiauxic	train
35449	1984_YPDDiauxic	train
35450	1985_YPDDiauxic	train
35451	1986_YPDDiauxic	train
35452	1987_YPDDiauxic	train
35453	1988_YPDDiauxic	train
35454	1989_YPDDiauxic	train
35455	1990_YPDDiauxic	validation
35456	1991_YPDDiauxic	train
35457	1992_YPDDiauxic	train
35458	1993_YPDDiauxic	validation
35459	1994_YPDDiauxic	train
35460	1995_YPDDiauxic	train
35461	1996_YPDDiauxic	train
35462	1997_YPDDiauxic	train
35463	1998_YPDDiauxic	train
35464	1999_YPDDiauxic	train
35465	2000_YPDDiauxic	train
35466	2001_YPDDiauxic	train
35467	2002_YPDDiauxic	train
35468	2003_YPDDiauxic	train
35469	2004_YPDDiauxic	train
35470	2005_YPDDiauxic	train
35471	2006_YPDDiauxic	train
35472	2007_YPDDiauxic	train
35473	2008_YPDDiauxic	train
35474	2009_YPDDiauxic	train
35475	2010_YPDDiauxic	train
35476	2011_YPDDiauxic	train
35477	2012_YPDDiauxic	train
35478	2013_YPDDiauxic	train
35479	2014_YPDDiauxic	train
35480	2015_YPDDiauxic	train
35481	2016_YPDDiauxic	train
35482	2017_YPDDiauxic	train
35483	2018_YPDDiauxic	train
35484	2019_YPDDiauxic	train
35485	2020_YPDDiauxic	train
35486	2021_YPDDiauxic	train
35487	2022_YPDDiauxic	train
35488	2023_YPDDiauxic	train
35489	2024_YPDDiauxic	train
35490	2025_YPDDiauxic	train
35491	2026_YPDDiauxic	train
35492	2027_YPDDiauxic	train
35493	2028_YPDDiauxic	train
35494	2029_YPDDiauxic	train
35495	2030_YPDDiauxic	train
35496	2031_YPDDiauxic	train
35497	2032_YPDDiauxic	train
35498	2033_YPDDiauxic	validation
35499	2034_YPDDiauxic	train
35500	2035_YPDDiauxic	train
35501	2036_YPDDiauxic	validation
35502	2037_YPDDiauxic	train
35503	2038_YPDDiauxic	train
35504	2039_YPDDiauxic	train
35505	2040_YPDDiauxic	validation
35506	2041_YPDDiauxic	train
35507	2042_YPDDiauxic	train
35508	2043_YPDDiauxic	train
35509	2044_YPDDiauxic	train
35510	2045_YPDDiauxic	train
35511	2046_YPDDiauxic	train
35512	2047_YPDDiauxic	train
35513	2048_YPDDiauxic	train
35514	2049_YPDDiauxic	train
35515	2050_YPDDiauxic	train
35516	2051_YPDDiauxic	train
35517	2052_YPDDiauxic	train
35518	2053_YPDDiauxic	train
35519	2054_YPDDiauxic	train
35520	2055_YPDDiauxic	train
35521	2056_YPDDiauxic	train
35522	2057_YPDDiauxic	train
35523	2058_YPDDiauxic	train
35524	2059_YPDDiauxic	train
35525	2060_YPDDiauxic	train
35526	2061_YPDDiauxic	train
35527	2062_YPDDiauxic	train
35528	2063_YPDDiauxic	train
35529	2064_YPDDiauxic	train
35530	2065_YPDDiauxic	train
35531	2066_YPDDiauxic	train
35532	2067_YPDDiauxic	train
35533	2068_YPDDiauxic	train
35534	2069_YPDDiauxic	validation
35535	2070_YPDDiauxic	train
35536	2071_YPDDiauxic	train
35537	2072_YPDDiauxic	train
35538	2073_YPDDiauxic	train
35539	2074_YPDDiauxic	train
35540	2075_YPDDiauxic	train
35541	2076_YPDDiauxic	train
35542	2077_YPDDiauxic	train
35543	2078_YPDDiauxic	train
35544	2079_YPDDiauxic	train
35545	2080_YPDDiauxic	validation
35546	2081_YPDDiauxic	train
35547	2082_YPDDiauxic	train
35548	2083_YPDDiauxic	train
35549	2084_YPDDiauxic	validation
35550	2085_YPDDiauxic	train
35551	2086_YPDDiauxic	validation
35552	2087_YPDDiauxic	train
35553	2088_YPDDiauxic	train
35554	2089_YPDDiauxic	train
35555	2090_YPDDiauxic	train
35556	2091_YPDDiauxic	train
35557	2092_YPDDiauxic	train
35558	2093_YPDDiauxic	train
35559	2094_YPDDiauxic	train
35560	2095_YPDDiauxic	train
35561	2096_YPDDiauxic	train
35562	2097_YPDDiauxic	train
35563	2098_YPDDiauxic	train
35564	2099_YPDDiauxic	train
35565	2100_YPDDiauxic	train
35566	2101_YPDDiauxic	train
35567	2102_YPDDiauxic	train
35568	2103_YPDDiauxic	train
35569	2104_YPDDiauxic	train
35570	2105_YPDDiauxic	train
35571	2106_YPDDiauxic	train
35572	2107_YPDDiauxic	train
35573	2108_YPDDiauxic	train
35574	2109_YPDDiauxic	train
35575	2110_YPDDiauxic	train
35576	2111_YPDDiauxic	train
35577	2112_YPDDiauxic	train
35578	2113_YPDDiauxic	validation
35579	2114_YPDDiauxic	train
35580	2115_YPDDiauxic	train
35581	2116_YPDDiauxic	train
35582	2117_YPDDiauxic	train
35583	2118_YPDDiauxic	train
35584	2119_YPDDiauxic	train
35585	2120_YPDDiauxic	train
35586	2121_YPDDiauxic	train
35587	2122_YPDDiauxic	train
35588	2123_YPDDiauxic	train
35589	2124_YPDDiauxic	train
35590	2125_YPDDiauxic	train
35591	2126_YPDDiauxic	train
35592	2127_YPDDiauxic	train
35593	2128_YPDDiauxic	train
35594	2129_YPDDiauxic	train
35595	2130_YPDDiauxic	train
35596	2131_YPDDiauxic	train
35597	2132_YPDDiauxic	train
35598	2133_YPDDiauxic	train
35599	2134_YPDDiauxic	train
35600	2135_YPDDiauxic	train
35601	2136_YPDDiauxic	train
35602	2137_YPDDiauxic	train
35603	2138_YPDDiauxic	train
35604	2139_YPDDiauxic	train
35605	2140_YPDDiauxic	train
35606	2141_YPDDiauxic	train
35607	2142_YPDDiauxic	train
35608	2143_YPDDiauxic	train
35609	2144_YPDDiauxic	train
35610	2145_YPDDiauxic	train
35611	2146_YPDDiauxic	validation
35612	2147_YPDDiauxic	train
35613	2148_YPDDiauxic	train
35614	2149_YPDDiauxic	train
35615	2150_YPDDiauxic	train
35616	2151_YPDDiauxic	train
35617	2152_YPDDiauxic	train
35618	2153_YPDDiauxic	train
35619	2154_YPDDiauxic	train
35620	2155_YPDDiauxic	validation
35621	2156_YPDDiauxic	train
35622	2157_YPDDiauxic	train
35623	2158_YPDDiauxic	train
35624	2159_YPDDiauxic	train
35625	2160_YPDDiauxic	train
35626	2161_YPDDiauxic	train
35627	2162_YPDDiauxic	train
35628	2163_YPDDiauxic	train
35629	2164_YPDDiauxic	train
35630	2165_YPDDiauxic	validation
35631	2166_YPDDiauxic	train
35632	2167_YPDDiauxic	train
35633	2168_YPDDiauxic	train
35634	2169_YPDDiauxic	train
35635	2170_YPDDiauxic	train
35636	2171_YPDDiauxic	validation
35637	2172_YPDDiauxic	train
35638	2173_YPDDiauxic	train
35639	2174_YPDDiauxic	train
35640	2175_YPDDiauxic	train
35641	2176_YPDDiauxic	train
35642	2177_YPDDiauxic	train
35643	2178_YPDDiauxic	train
35644	2179_YPDDiauxic	train
35645	2180_YPDDiauxic	train
35646	2181_YPDDiauxic	train
35647	2182_YPDDiauxic	train
35648	2183_YPDDiauxic	train
35649	2184_YPDDiauxic	train
35650	2185_YPDDiauxic	train
35651	2186_YPDDiauxic	train
35652	2187_YPDDiauxic	train
35653	2188_YPDDiauxic	train
35654	2189_YPDDiauxic	train
35655	2190_YPDDiauxic	train
35656	2191_YPDDiauxic	validation
35657	2192_YPDDiauxic	train
35658	2193_YPDDiauxic	train
35659	2194_YPDDiauxic	train
35660	2195_YPDDiauxic	train
35661	2196_YPDDiauxic	train
35662	2197_YPDDiauxic	train
35663	2198_YPDDiauxic	train
35664	2199_YPDDiauxic	train
35665	2200_YPDDiauxic	train
35666	2201_YPDDiauxic	train
35667	2202_YPDDiauxic	train
35668	2203_YPDDiauxic	train
35669	2204_YPDDiauxic	train
35670	2205_YPDDiauxic	train
35671	2206_YPDDiauxic	train
35672	2207_YPDDiauxic	train
35673	2208_YPDDiauxic	train
35674	2209_YPDDiauxic	train
35675	2210_YPDDiauxic	train
35676	2211_YPDDiauxic	train
35677	2212_YPDDiauxic	train
35678	2213_YPDDiauxic	train
35679	2214_YPDDiauxic	validation
35680	2215_YPDDiauxic	validation
35681	2216_YPDDiauxic	train
35682	2217_YPDDiauxic	train
35683	2218_YPDDiauxic	train
35684	2219_YPDDiauxic	train
35685	2220_YPDDiauxic	train
35686	2221_YPDDiauxic	train
35687	2222_YPDDiauxic	train
35688	2223_YPDDiauxic	train
35689	2224_YPDDiauxic	train
35690	2225_YPDDiauxic	train
35691	2226_YPDDiauxic	train
35692	2227_YPDDiauxic	train
35693	2228_YPDDiauxic	train
35694	2229_YPDDiauxic	train
35695	2230_YPDDiauxic	train
35696	2231_YPDDiauxic	train
35697	2232_YPDDiauxic	train
35698	2233_YPDDiauxic	train
35699	2234_YPDDiauxic	train
35700	2235_YPDDiauxic	train
35701	2236_YPDDiauxic	train
35702	2237_YPDDiauxic	train
35703	2238_YPDDiauxic	train
35704	2239_YPDDiauxic	train
35705	2240_YPDDiauxic	train
35706	2241_YPDDiauxic	train
35707	2242_YPDDiauxic	train
35708	2243_YPDDiauxic	train
35709	2244_YPDDiauxic	train
35710	2245_YPDDiauxic	train
35711	2246_YPDDiauxic	train
35712	2247_YPDDiauxic	train
35713	2248_YPDDiauxic	train
35714	2249_YPDDiauxic	train
35715	2250_YPDDiauxic	train
35716	2251_YPDDiauxic	train
35717	2252_YPDDiauxic	validation
35718	2253_YPDDiauxic	train
35719	2254_YPDDiauxic	train
35720	2255_YPDDiauxic	train
35721	2256_YPDDiauxic	train
35722	2257_YPDDiauxic	train
35723	2258_YPDDiauxic	train
35724	2259_YPDDiauxic	validation
35725	2260_YPDDiauxic	train
35726	2261_YPDDiauxic	validation
35727	2262_YPDDiauxic	train
35728	2263_YPDDiauxic	train
35729	2264_YPDDiauxic	train
35730	2265_YPDDiauxic	train
35731	2266_YPDDiauxic	train
35732	2267_YPDDiauxic	train
35733	2268_YPDDiauxic	validation
35734	2269_YPDDiauxic	validation
35735	2270_YPDDiauxic	train
35736	2271_YPDDiauxic	train
35737	2272_YPDDiauxic	train
35738	2273_YPDDiauxic	train
35739	2274_YPDDiauxic	train
35740	2275_YPDDiauxic	train
35741	2276_YPDDiauxic	train
35742	2277_YPDDiauxic	train
35743	2278_YPDDiauxic	train
35744	2279_YPDDiauxic	train
35745	2280_YPDDiauxic	train
35746	2281_YPDDiauxic	train
35747	2282_YPDDiauxic	train
35748	2283_YPDDiauxic	train
35749	2284_YPDDiauxic	train
35750	2285_YPDDiauxic	train
35751	2286_YPDDiauxic	train
35752	2287_YPDDiauxic	train
35753	2288_YPDDiauxic	train
35754	2289_YPDDiauxic	train
35755	2290_YPDDiauxic	train
35756	2291_YPDDiauxic	train
35757	2292_YPDDiauxic	train
35758	2293_YPDDiauxic	train
35759	2294_YPDDiauxic	train
35760	2295_YPDDiauxic	train
35761	2296_YPDDiauxic	train
35762	2297_YPDDiauxic	train
35763	2298_YPDDiauxic	train
35764	2299_YPDDiauxic	train
35765	2300_YPDDiauxic	train
35766	2301_YPDDiauxic	train
35767	2302_YPDDiauxic	train
35768	2303_YPDDiauxic	train
35769	2304_YPDDiauxic	train
35770	2305_YPDDiauxic	train
35771	2306_YPDDiauxic	train
35772	2307_YPDDiauxic	train
35773	2308_YPDDiauxic	train
35774	2309_YPDDiauxic	train
35775	2310_YPDDiauxic	train
35776	2311_YPDDiauxic	train
35777	2312_YPDDiauxic	train
35778	2313_YPDDiauxic	train
35779	2314_YPDDiauxic	train
35780	2315_YPDDiauxic	train
35781	2316_YPDDiauxic	train
35782	2317_YPDDiauxic	train
35783	2318_YPDDiauxic	train
35784	2319_YPDDiauxic	train
35785	2320_YPDDiauxic	train
35786	2321_YPDDiauxic	train
35787	2322_YPDDiauxic	validation
35788	2323_YPDDiauxic	train
35789	2324_YPDDiauxic	train
35790	2325_YPDDiauxic	train
35791	2326_YPDDiauxic	train
35792	2327_YPDDiauxic	train
35793	2328_YPDDiauxic	train
35794	2329_YPDDiauxic	train
35795	2330_YPDDiauxic	train
35796	2331_YPDDiauxic	validation
35797	2332_YPDDiauxic	train
35798	2333_YPDDiauxic	train
35799	2334_YPDDiauxic	train
35800	2335_YPDDiauxic	train
35801	2336_YPDDiauxic	train
35802	2337_YPDDiauxic	train
35803	2338_YPDDiauxic	train
35804	2339_YPDDiauxic	train
35805	2340_YPDDiauxic	validation
35806	2341_YPDDiauxic	train
35807	2342_YPDDiauxic	train
35808	2343_YPDDiauxic	train
35809	2344_YPDDiauxic	train
35810	2345_YPDDiauxic	train
35811	2346_YPDDiauxic	train
35812	2347_YPDDiauxic	train
35813	2348_YPDDiauxic	train
35814	2349_YPDDiauxic	train
35815	2350_YPDDiauxic	train
35816	2351_YPDDiauxic	train
35817	2352_YPDDiauxic	train
35818	2353_YPDDiauxic	train
35819	2354_YPDDiauxic	train
35820	2355_YPDDiauxic	train
35821	2356_YPDDiauxic	train
35822	2357_YPDDiauxic	train
35823	2358_YPDDiauxic	train
35824	2359_YPDDiauxic	train
35825	2360_YPDDiauxic	train
35826	2361_YPDDiauxic	train
35827	2362_YPDDiauxic	train
35828	2363_YPDDiauxic	train
35829	2364_YPDDiauxic	train
35830	2365_YPDDiauxic	train
35831	2366_YPDDiauxic	train
35832	2367_YPDDiauxic	train
35833	2368_YPDDiauxic	train
35834	2369_YPDDiauxic	train
35835	2370_YPDDiauxic	train
35836	2371_YPDDiauxic	validation
35837	2372_YPDDiauxic	train
35838	2373_YPDDiauxic	train
35839	2374_YPDDiauxic	train
35840	2375_YPDDiauxic	train
35841	2376_YPDDiauxic	train
35842	2377_YPDDiauxic	train
35843	2378_YPDDiauxic	validation
35844	2379_YPDDiauxic	train
35845	2380_YPDDiauxic	train
35846	2381_YPDDiauxic	train
35847	2382_YPDDiauxic	validation
35848	2383_YPDDiauxic	train
35849	2384_YPDDiauxic	train
35850	2385_YPDDiauxic	train
35851	2386_YPDDiauxic	train
35852	2387_YPDDiauxic	train
35853	2388_YPDDiauxic	train
35854	2389_YPDDiauxic	train
35855	2390_YPDDiauxic	train
35856	2391_YPDDiauxic	train
35857	2392_YPDDiauxic	train
35858	2393_YPDDiauxic	train
35859	2394_YPDDiauxic	train
35860	2395_YPDDiauxic	train
35861	2396_YPDDiauxic	train
35862	2397_YPDDiauxic	train
35863	2398_YPDDiauxic	train
35864	2399_YPDDiauxic	train
35865	2400_YPDDiauxic	train
35866	2401_YPDDiauxic	train
35867	2402_YPDDiauxic	train
35868	2403_YPDDiauxic	validation
35869	2404_YPDDiauxic	train
35870	2405_YPDDiauxic	train
35871	2406_YPDDiauxic	train
35872	2407_YPDDiauxic	train
35873	2408_YPDDiauxic	train
35874	2409_YPDDiauxic	train
35875	2410_YPDDiauxic	train
35876	2411_YPDDiauxic	train
35877	2412_YPDDiauxic	train
35878	2413_YPDDiauxic	train
35879	2414_YPDDiauxic	train
35880	2415_YPDDiauxic	train
35881	2416_YPDDiauxic	train
35882	2417_YPDDiauxic	train
35883	2418_YPDDiauxic	train
35884	2419_YPDDiauxic	train
35885	2420_YPDDiauxic	train
35886	2421_YPDDiauxic	train
35887	2422_YPDDiauxic	train
35888	2423_YPDDiauxic	train
35889	2424_YPDDiauxic	train
35890	2425_YPDDiauxic	train
35891	2426_YPDDiauxic	train
35892	2427_YPDDiauxic	train
35893	2428_YPDDiauxic	train
35894	2429_YPDDiauxic	train
35895	2430_YPDDiauxic	train
35896	2431_YPDDiauxic	train
35897	2432_YPDDiauxic	train
35898	2433_YPDDiauxic	train
35899	2434_YPDDiauxic	train
35900	2435_YPDDiauxic	train
35901	2436_YPDDiauxic	train
35902	2437_YPDDiauxic	train
35903	2438_YPDDiauxic	train
35904	2439_YPDDiauxic	train
35905	2440_YPDDiauxic	validation
35906	2441_YPDDiauxic	train
35907	2442_YPDDiauxic	validation
35908	2443_YPDDiauxic	train
35909	2444_YPDDiauxic	train
35910	2445_YPDDiauxic	train
35911	2446_YPDDiauxic	train
35912	2447_YPDDiauxic	train
35913	2448_YPDDiauxic	train
35914	2449_YPDDiauxic	train
35915	2450_YPDDiauxic	train
35916	2451_YPDDiauxic	train
35917	2452_YPDDiauxic	validation
35918	2453_YPDDiauxic	train
35919	2454_YPDDiauxic	train
35920	2455_YPDDiauxic	train
35921	2456_YPDDiauxic	train
35922	2457_YPDDiauxic	validation
35923	2458_YPDDiauxic	train
35924	2459_YPDDiauxic	train
35925	2460_YPDDiauxic	train
35926	2461_YPDDiauxic	train
35927	2462_YPDDiauxic	train
35928	2463_YPDDiauxic	train
35929	2464_YPDDiauxic	train
35930	2465_YPDDiauxic	validation
35931	2466_YPDDiauxic	train
35932	2467_YPDDiauxic	train
35933	2468_YPDDiauxic	train
35934	2469_YPDDiauxic	train
35935	2470_YPDDiauxic	train
35936	2471_YPDDiauxic	train
35937	2472_YPDDiauxic	train
35938	2473_YPDDiauxic	train
35939	2474_YPDDiauxic	train
35940	2475_YPDDiauxic	train
35941	2476_YPDDiauxic	train
35942	2477_YPDDiauxic	train
35943	2478_YPDDiauxic	train
35944	2479_YPDDiauxic	train
35945	2480_YPDDiauxic	train
35946	2481_YPDDiauxic	train
35947	2482_YPDDiauxic	train
35948	2483_YPDDiauxic	train
35949	2484_YPDDiauxic	train
35950	2485_YPDDiauxic	train
35951	2486_YPDDiauxic	train
35952	2487_YPDDiauxic	train
35953	2488_YPDDiauxic	train
35954	2489_YPDDiauxic	train
35955	2490_YPDDiauxic	train
35956	2491_YPDDiauxic	train
35957	2492_YPDDiauxic	train
35958	2493_YPDDiauxic	train
35959	2494_YPDDiauxic	train
35960	2495_YPDDiauxic	train
35961	2496_YPDDiauxic	train
35962	2497_YPDDiauxic	train
35963	2498_YPDDiauxic	train
35964	2499_YPDDiauxic	train
35965	2500_YPDDiauxic	train
35966	2501_YPDDiauxic	train
35967	2502_YPDDiauxic	train
35968	2503_YPDDiauxic	train
35969	2504_YPDDiauxic	train
35970	2505_YPDDiauxic	train
35971	2506_YPDDiauxic	train
35972	2507_YPDDiauxic	train
35973	2508_YPDDiauxic	train
35974	2509_YPDDiauxic	train
35975	2510_YPDDiauxic	train
35976	2511_YPDDiauxic	train
35977	2512_YPDDiauxic	train
35978	2513_YPDDiauxic	train
35979	2514_YPDDiauxic	train
35980	2515_YPDDiauxic	train
35981	2516_YPDDiauxic	train
35982	2517_YPDDiauxic	train
35983	2518_YPDDiauxic	train
35984	2519_YPDDiauxic	train
35985	2520_YPDDiauxic	train
35986	2521_YPDDiauxic	train
35987	2522_YPDDiauxic	train
35988	2523_YPDDiauxic	train
35989	2524_YPDDiauxic	train
35990	2525_YPDDiauxic	train
35991	2526_YPDDiauxic	train
35992	2527_YPDDiauxic	train
35993	2528_YPDDiauxic	train
35994	2529_YPDDiauxic	validation
35995	2530_YPDDiauxic	train
35996	2531_YPDDiauxic	train
35997	2532_YPDDiauxic	train
35998	2533_YPDDiauxic	train
35999	2534_YPDDiauxic	train
36000	2535_YPDDiauxic	train
36001	2536_YPDDiauxic	train
36002	2537_YPDDiauxic	train
36003	2538_YPDDiauxic	train
36004	2539_YPDDiauxic	validation
36005	2540_YPDDiauxic	train
36006	2541_YPDDiauxic	train
36007	2542_YPDDiauxic	train
36008	2543_YPDDiauxic	train
36009	2544_YPDDiauxic	train
36010	2545_YPDDiauxic	train
36011	2546_YPDDiauxic	train
36012	2547_YPDDiauxic	validation
36013	2548_YPDDiauxic	train
36014	2549_YPDDiauxic	validation
36015	2550_YPDDiauxic	train
36016	2551_YPDDiauxic	train
36017	2552_YPDDiauxic	train
36018	2553_YPDDiauxic	train
36019	2554_YPDDiauxic	train
36020	2555_YPDDiauxic	train
36021	2556_YPDDiauxic	train
36022	2557_YPDDiauxic	train
36023	2558_YPDDiauxic	train
36024	2559_YPDDiauxic	train
36025	2560_YPDDiauxic	train
36026	2561_YPDDiauxic	train
36027	2562_YPDDiauxic	train
36028	2563_YPDDiauxic	train
36029	2564_YPDDiauxic	train
36030	2565_YPDDiauxic	train
36031	2566_YPDDiauxic	train
36032	2567_YPDDiauxic	train
36033	2568_YPDDiauxic	train
36034	2569_YPDDiauxic	train
36035	2570_YPDDiauxic	train
36036	2571_YPDDiauxic	train
36037	2572_YPDDiauxic	train
36038	2573_YPDDiauxic	train
36039	2574_YPDDiauxic	train
36040	2575_YPDDiauxic	train
36041	2576_YPDDiauxic	train
36042	2577_YPDDiauxic	train
36043	2578_YPDDiauxic	validation
36044	2579_YPDDiauxic	train
36045	2580_YPDDiauxic	train
36046	2581_YPDDiauxic	train
36047	2582_YPDDiauxic	train
36048	2583_YPDDiauxic	validation
36049	2584_YPDDiauxic	train
36050	2585_YPDDiauxic	train
36051	2586_YPDDiauxic	train
36052	2587_YPDDiauxic	train
36053	2588_YPDDiauxic	train
36054	2589_YPDDiauxic	train
36055	2590_YPDDiauxic	train
36056	2591_YPDDiauxic	train
36057	2592_YPDDiauxic	train
36058	2593_YPDDiauxic	train
36059	2594_YPDDiauxic	train
36060	2595_YPDDiauxic	train
36061	2596_YPDDiauxic	train
36062	2597_YPDDiauxic	train
36063	2598_YPDDiauxic	train
36064	2599_YPDDiauxic	train
36065	2600_YPDDiauxic	train
36066	2601_YPDDiauxic	train
36067	2602_YPDDiauxic	train
36068	2603_YPDDiauxic	train
36069	2604_YPDDiauxic	train
36070	2605_YPDDiauxic	train
36071	2606_YPDDiauxic	train
36072	2607_YPDDiauxic	train
36073	2608_YPDDiauxic	train
36074	2609_YPDDiauxic	train
36075	2610_YPDDiauxic	train
36076	2611_YPDDiauxic	train
36077	2612_YPDDiauxic	train
36078	2613_YPDDiauxic	train
36079	2614_YPDDiauxic	train
36080	2615_YPDDiauxic	train
36081	2616_YPDDiauxic	train
36082	2617_YPDDiauxic	train
36083	2618_YPDDiauxic	train
36084	2619_YPDDiauxic	train
36085	2620_YPDDiauxic	train
36086	2621_YPDDiauxic	train
36087	2622_YPDDiauxic	train
36088	2623_YPDDiauxic	train
36089	2624_YPDDiauxic	train
36090	2625_YPDDiauxic	train
36091	2626_YPDDiauxic	train
36092	2627_YPDDiauxic	train
36093	2628_YPDDiauxic	train
36094	2629_YPDDiauxic	validation
36095	2630_YPDDiauxic	train
36096	2631_YPDDiauxic	train
36097	2632_YPDDiauxic	train
36098	2633_YPDDiauxic	train
36099	2634_YPDDiauxic	train
36100	2635_YPDDiauxic	train
36101	2636_YPDDiauxic	train
36102	2637_YPDDiauxic	train
36103	2638_YPDDiauxic	train
36104	2639_YPDDiauxic	train
36105	2640_YPDDiauxic	train
36106	2641_YPDDiauxic	train
36107	2642_YPDDiauxic	train
36108	2643_YPDDiauxic	train
36109	2644_YPDDiauxic	train
36110	2645_YPDDiauxic	train
36111	2646_YPDDiauxic	train
36112	2647_YPDDiauxic	train
36113	2648_YPDDiauxic	train
36114	2649_YPDDiauxic	train
36115	2650_YPDDiauxic	train
36116	2651_YPDDiauxic	train
36117	2652_YPDDiauxic	train
36118	2653_YPDDiauxic	train
36119	2654_YPDDiauxic	train
36120	2655_YPDDiauxic	train
36121	2656_YPDDiauxic	train
36122	2657_YPDDiauxic	train
36123	2658_YPDDiauxic	train
36124	2659_YPDDiauxic	train
36125	2660_YPDDiauxic	validation
36126	2661_YPDDiauxic	train
36127	2662_YPDDiauxic	train
36128	2663_YPDDiauxic	train
36129	2664_YPDDiauxic	train
36130	2665_YPDDiauxic	train
36131	2666_YPDDiauxic	train
36132	2667_YPDDiauxic	train
36133	2668_YPDDiauxic	train
36134	2669_YPDDiauxic	train
36135	2670_YPDDiauxic	train
36136	2671_YPDDiauxic	train
36137	2672_YPDDiauxic	train
36138	2673_YPDDiauxic	train
36139	2674_YPDDiauxic	train
36140	2675_YPDDiauxic	train
36141	2676_YPDDiauxic	train
36142	2677_YPDDiauxic	train
36143	2678_YPDDiauxic	train
36144	2679_YPDDiauxic	train
36145	2680_YPDDiauxic	train
36146	2681_YPDDiauxic	train
36147	2682_YPDDiauxic	train
36148	2683_YPDDiauxic	train
36149	2684_YPDDiauxic	train
36150	2685_YPDDiauxic	train
36151	2686_YPDDiauxic	train
36152	2687_YPDDiauxic	validation
36153	2688_YPDDiauxic	train
36154	2689_YPDDiauxic	train
36155	2690_YPDDiauxic	train
36156	2691_YPDDiauxic	train
36157	2692_YPDDiauxic	train
36158	2693_YPDDiauxic	train
36159	2694_YPDDiauxic	train
36160	2695_YPDDiauxic	train
36161	2696_YPDDiauxic	train
36162	2697_YPDDiauxic	train
36163	2698_YPDDiauxic	train
36164	2699_YPDDiauxic	validation
36165	2700_YPDDiauxic	train
36166	2701_YPDDiauxic	train
36167	2702_YPDDiauxic	train
36168	2703_YPDDiauxic	train
36169	2704_YPDDiauxic	train
36170	2705_YPDDiauxic	train
36171	2706_YPDDiauxic	train
36172	2707_YPDDiauxic	train
36173	2708_YPDDiauxic	train
36174	2709_YPDDiauxic	train
36175	2710_YPDDiauxic	train
36176	2711_YPDDiauxic	train
36177	2712_YPDDiauxic	train
36178	2713_YPDDiauxic	train
36179	2714_YPDDiauxic	train
36180	2715_YPDDiauxic	train
36181	2716_YPDDiauxic	train
36182	2717_YPDDiauxic	validation
36183	2718_YPDDiauxic	train
36184	2719_YPDDiauxic	train
36185	2720_YPDDiauxic	train
36186	2721_YPDDiauxic	train
36187	2722_YPDDiauxic	train
36188	2723_YPDDiauxic	train
36189	2724_YPDDiauxic	train
36190	2725_YPDDiauxic	train
36191	2726_YPDDiauxic	train
36192	2727_YPDDiauxic	train
36193	2728_YPDDiauxic	train
36194	2729_YPDDiauxic	train
36195	2730_YPDDiauxic	train
36196	2731_YPDDiauxic	train
36197	2732_YPDDiauxic	validation
36198	2733_YPDDiauxic	train
36199	2734_YPDDiauxic	train
36200	2735_YPDDiauxic	train
36201	2736_YPDDiauxic	train
36202	2737_YPDDiauxic	train
36203	2738_YPDDiauxic	validation
36204	2739_YPDDiauxic	train
36205	2740_YPDDiauxic	train
36206	2741_YPDDiauxic	train
36207	2742_YPDDiauxic	train
36208	2743_YPDDiauxic	train
36209	2744_YPDDiauxic	train
36210	2745_YPDDiauxic	train
36211	2746_YPDDiauxic	train
36212	2747_YPDDiauxic	train
36213	2748_YPDDiauxic	train
36214	2749_YPDDiauxic	train
36215	2750_YPDDiauxic	train
36216	2751_YPDDiauxic	train
36217	2752_YPDDiauxic	train
36218	2753_YPDDiauxic	train
36219	2754_YPDDiauxic	train
36220	2755_YPDDiauxic	train
36221	2756_YPDDiauxic	train
36222	2757_YPDDiauxic	train
36223	2758_YPDDiauxic	train
36224	2759_YPDDiauxic	train
36225	2760_YPDDiauxic	train
36226	2761_YPDDiauxic	train
36227	2762_YPDDiauxic	train
36228	2763_YPDDiauxic	train
36229	2764_YPDDiauxic	train
36230	2765_YPDDiauxic	train
36231	2766_YPDDiauxic	train
36232	2767_YPDDiauxic	train
36233	2768_YPDDiauxic	validation
36234	2769_YPDDiauxic	train
36235	2770_YPDDiauxic	train
36236	2771_YPDDiauxic	validation
36237	2772_YPDDiauxic	train
36238	2773_YPDDiauxic	train
36239	2774_YPDDiauxic	train
36240	2775_YPDDiauxic	train
36241	2776_YPDDiauxic	train
36242	2777_YPDDiauxic	train
36243	2778_YPDDiauxic	train
36244	2779_YPDDiauxic	train
36245	2780_YPDDiauxic	train
36246	2781_YPDDiauxic	train
36247	2782_YPDDiauxic	train
36248	2783_YPDDiauxic	train
36249	2784_YPDDiauxic	train
36250	2785_YPDDiauxic	train
36251	2786_YPDDiauxic	train
36252	2787_YPDDiauxic	train
36253	2788_YPDDiauxic	train
36254	2789_YPDDiauxic	train
36255	2790_YPDDiauxic	train
36256	2791_YPDDiauxic	train
36257	2792_YPDDiauxic	train
36258	2793_YPDDiauxic	train
36259	2794_YPDDiauxic	validation
36260	2795_YPDDiauxic	train
36261	2796_YPDDiauxic	train
36262	2797_YPDDiauxic	validation
36263	2798_YPDDiauxic	train
36264	2799_YPDDiauxic	train
36265	2800_YPDDiauxic	train
36266	2801_YPDDiauxic	train
36267	2802_YPDDiauxic	train
36268	2803_YPDDiauxic	train
36269	2804_YPDDiauxic	train
36270	2805_YPDDiauxic	train
36271	2806_YPDDiauxic	train
36272	2807_YPDDiauxic	train
36273	2808_YPDDiauxic	train
36274	2809_YPDDiauxic	train
36275	2810_YPDDiauxic	train
36276	2811_YPDDiauxic	train
36277	2812_YPDDiauxic	train
36278	2813_YPDDiauxic	train
36279	2814_YPDDiauxic	train
36280	2815_YPDDiauxic	train
36281	2816_YPDDiauxic	train
36282	2817_YPDDiauxic	train
36283	2818_YPDDiauxic	train
36284	2819_YPDDiauxic	train
36285	2820_YPDDiauxic	train
36286	2821_YPDDiauxic	train
36287	2822_YPDDiauxic	train
36288	2823_YPDDiauxic	train
36289	2824_YPDDiauxic	train
36290	2825_YPDDiauxic	train
36291	2826_YPDDiauxic	train
36292	2827_YPDDiauxic	train
36293	2828_YPDDiauxic	validation
36294	2829_YPDDiauxic	train
36295	2830_YPDDiauxic	train
36296	2831_YPDDiauxic	train
36297	2832_YPDDiauxic	train
36298	2833_YPDDiauxic	train
36299	2834_YPDDiauxic	train
36300	2835_YPDDiauxic	train
36301	2836_YPDDiauxic	train
36302	2837_YPDDiauxic	train
36303	2838_YPDDiauxic	train
36304	2839_YPDDiauxic	train
36305	2840_YPDDiauxic	train
36306	2841_YPDDiauxic	train
36307	2842_YPDDiauxic	train
36308	2843_YPDDiauxic	train
36309	2844_YPDDiauxic	train
36310	2845_YPDDiauxic	train
36311	2846_YPDDiauxic	train
36312	2847_YPDDiauxic	validation
36313	2848_YPDDiauxic	train
36314	2849_YPDDiauxic	train
36315	2850_YPDDiauxic	train
36316	2851_YPDDiauxic	train
36317	2852_YPDDiauxic	train
36318	2853_YPDDiauxic	train
36319	2854_YPDDiauxic	train
36320	2855_YPDDiauxic	train
36321	2856_YPDDiauxic	train
36322	2857_YPDDiauxic	train
36323	2858_YPDDiauxic	train
36324	2859_YPDDiauxic	train
36325	2860_YPDDiauxic	train
36326	2861_YPDDiauxic	train
36327	2862_YPDDiauxic	train
36328	2863_YPDDiauxic	train
36329	2864_YPDDiauxic	train
36330	2865_YPDDiauxic	train
36331	2866_YPDDiauxic	train
36332	2867_YPDDiauxic	train
36333	2868_YPDDiauxic	train
36334	2869_YPDDiauxic	train
36335	2870_YPDDiauxic	train
36336	2871_YPDDiauxic	train
36337	2872_YPDDiauxic	train
36338	2873_YPDDiauxic	validation
36339	2874_YPDDiauxic	train
36340	2875_YPDDiauxic	train
36341	2876_YPDDiauxic	train
36342	2877_YPDDiauxic	train
36343	2878_YPDDiauxic	train
36344	2879_YPDDiauxic	validation
36345	2880_YPDDiauxic	train
36346	2881_YPDDiauxic	train
36347	2882_YPDDiauxic	train
36348	2883_YPDDiauxic	train
36349	2884_YPDDiauxic	train
36350	2885_YPDDiauxic	train
36351	2886_YPDDiauxic	train
36352	2887_YPDDiauxic	train
36353	2888_YPDDiauxic	train
36354	2889_YPDDiauxic	train
36355	2890_YPDDiauxic	train
36356	2891_YPDDiauxic	train
36357	2892_YPDDiauxic	train
36358	2893_YPDDiauxic	train
36359	2894_YPDDiauxic	train
36360	2895_YPDDiauxic	train
36361	2896_YPDDiauxic	validation
36362	2897_YPDDiauxic	train
36363	2898_YPDDiauxic	train
36364	2899_YPDDiauxic	train
36365	2900_YPDDiauxic	train
36366	2901_YPDDiauxic	train
36367	2902_YPDDiauxic	train
36368	2903_YPDDiauxic	train
36369	2904_YPDDiauxic	train
36370	2905_YPDDiauxic	train
36371	2906_YPDDiauxic	train
36372	2907_YPDDiauxic	train
36373	2908_YPDDiauxic	train
36374	2909_YPDDiauxic	train
36375	2910_YPDDiauxic	train
36376	2911_YPDDiauxic	train
36377	2912_YPDDiauxic	train
36378	2913_YPDDiauxic	train
36379	2914_YPDDiauxic	train
36380	2915_YPDDiauxic	train
36381	2916_YPDDiauxic	train
36382	2917_YPDDiauxic	validation
36383	2918_YPDDiauxic	train
36384	2919_YPDDiauxic	train
36385	2920_YPDDiauxic	train
36386	2921_YPDDiauxic	train
36387	2922_YPDDiauxic	train
36388	2923_YPDDiauxic	train
36389	2924_YPDDiauxic	train
36390	2925_YPDDiauxic	train
36391	2926_YPDDiauxic	train
36392	2927_YPDDiauxic	train
36393	2928_YPDDiauxic	train
36394	2929_YPDDiauxic	train
36395	2930_YPDDiauxic	train
36396	2931_YPDDiauxic	validation
36397	2932_YPDDiauxic	train
36398	2933_YPDDiauxic	train
36399	2934_YPDDiauxic	train
36400	2935_YPDDiauxic	train
36401	2936_YPDDiauxic	train
36402	2937_YPDDiauxic	train
36403	2938_YPDDiauxic	train
36404	2939_YPDDiauxic	train
36405	2940_YPDDiauxic	train
36406	2941_YPDDiauxic	train
36407	2942_YPDDiauxic	train
36408	2943_YPDDiauxic	train
36409	2944_YPDDiauxic	train
36410	2945_YPDDiauxic	train
36411	2946_YPDDiauxic	train
36412	2947_YPDDiauxic	train
36413	2948_YPDDiauxic	train
36414	2949_YPDDiauxic	train
36415	2950_YPDDiauxic	train
36416	2951_YPDDiauxic	train
36417	2952_YPDDiauxic	train
36418	2953_YPDDiauxic	train
36419	2954_YPDDiauxic	train
36420	2955_YPDDiauxic	train
36421	2956_YPDDiauxic	train
36422	2957_YPDDiauxic	train
36423	2958_YPDDiauxic	train
36424	2959_YPDDiauxic	train
36425	2960_YPDDiauxic	train
36426	2961_YPDDiauxic	train
36427	2962_YPDDiauxic	train
36428	2963_YPDDiauxic	train
36429	2964_YPDDiauxic	train
36430	2965_YPDDiauxic	train
36431	2966_YPDDiauxic	train
36432	2967_YPDDiauxic	train
36433	2968_YPDDiauxic	train
36434	2969_YPDDiauxic	train
36435	2970_YPDDiauxic	train
36436	2971_YPDDiauxic	train
36437	2972_YPDDiauxic	validation
36438	2973_YPDDiauxic	train
36439	2974_YPDDiauxic	train
36440	2975_YPDDiauxic	train
36441	2976_YPDDiauxic	train
36442	2977_YPDDiauxic	train
36443	2978_YPDDiauxic	validation
36444	2979_YPDDiauxic	train
36445	2980_YPDDiauxic	train
36446	2981_YPDDiauxic	train
36447	2982_YPDDiauxic	train
36448	2983_YPDDiauxic	train
36449	2984_YPDDiauxic	train
36450	2985_YPDDiauxic	train
36451	2986_YPDDiauxic	train
36452	2987_YPDDiauxic	train
36453	2988_YPDDiauxic	train
36454	2989_YPDDiauxic	train
36455	2990_YPDDiauxic	train
36456	2991_YPDDiauxic	validation
36457	2992_YPDDiauxic	train
36458	2993_YPDDiauxic	train
36459	2994_YPDDiauxic	train
36460	2995_YPDDiauxic	train
36461	2996_YPDDiauxic	train
36462	2997_YPDDiauxic	train
36463	2998_YPDDiauxic	train
36464	2999_YPDDiauxic	train
36465	3000_YPDDiauxic	train
36466	3001_YPDDiauxic	train
36467	3002_YPDDiauxic	train
36468	3003_YPDDiauxic	train
36469	3004_YPDDiauxic	train
36470	3005_YPDDiauxic	train
36471	3006_YPDDiauxic	train
36472	3007_YPDDiauxic	train
36473	3008_YPDDiauxic	train
36474	3009_YPDDiauxic	train
36475	3010_YPDDiauxic	train
36476	3011_YPDDiauxic	train
36477	3012_YPDDiauxic	train
36478	3013_YPDDiauxic	train
36479	3014_YPDDiauxic	train
36480	3015_YPDDiauxic	validation
36481	3016_YPDDiauxic	validation
36482	3017_YPDDiauxic	train
36483	3018_YPDDiauxic	train
36484	3019_YPDDiauxic	train
36485	3020_YPDDiauxic	train
36486	3021_YPDDiauxic	train
36487	3022_YPDDiauxic	train
36488	3023_YPDDiauxic	train
36489	3024_YPDDiauxic	train
36490	3025_YPDDiauxic	train
36491	3026_YPDDiauxic	train
36492	3027_YPDDiauxic	train
36493	3028_YPDDiauxic	train
36494	3029_YPDDiauxic	train
36495	3030_YPDDiauxic	train
36496	3031_YPDDiauxic	train
36497	3032_YPDDiauxic	train
36498	3033_YPDDiauxic	train
36499	3034_YPDDiauxic	train
36500	3035_YPDDiauxic	validation
36501	3036_YPDDiauxic	train
36502	3037_YPDDiauxic	train
36503	3038_YPDDiauxic	train
36504	3039_YPDDiauxic	train
36505	3040_YPDDiauxic	train
36506	3041_YPDDiauxic	train
36507	3042_YPDDiauxic	train
36508	3043_YPDDiauxic	train
36509	3044_YPDDiauxic	train
36510	3045_YPDDiauxic	train
36511	3046_YPDDiauxic	train
36512	3047_YPDDiauxic	train
36513	3048_YPDDiauxic	train
36514	3049_YPDDiauxic	train
36515	3050_YPDDiauxic	train
36516	3051_YPDDiauxic	train
36517	3052_YPDDiauxic	train
36518	3053_YPDDiauxic	train
36519	3054_YPDDiauxic	train
36520	3055_YPDDiauxic	train
36521	3056_YPDDiauxic	train
36522	3057_YPDDiauxic	train
36523	3058_YPDDiauxic	train
36524	3059_YPDDiauxic	train
36525	3060_YPDDiauxic	train
36526	3061_YPDDiauxic	train
36527	3062_YPDDiauxic	train
36528	3063_YPDDiauxic	train
36529	3064_YPDDiauxic	train
36530	3065_YPDDiauxic	train
36531	3066_YPDDiauxic	validation
36532	3067_YPDDiauxic	train
36533	3068_YPDDiauxic	train
36534	3069_YPDDiauxic	train
36535	3070_YPDDiauxic	train
36536	3071_YPDDiauxic	train
36537	3072_YPDDiauxic	train
36538	3073_YPDDiauxic	train
36539	3074_YPDDiauxic	validation
36540	3075_YPDDiauxic	train
36541	3076_YPDDiauxic	train
36542	3077_YPDDiauxic	train
36543	3078_YPDDiauxic	train
36544	3079_YPDDiauxic	train
36545	3080_YPDDiauxic	train
36546	3081_YPDDiauxic	train
36547	3082_YPDDiauxic	train
36548	3083_YPDDiauxic	train
36549	3084_YPDDiauxic	train
36550	3085_YPDDiauxic	train
36551	3086_YPDDiauxic	train
36552	3087_YPDDiauxic	train
36553	3088_YPDDiauxic	train
36554	3089_YPDDiauxic	train
36555	3090_YPDDiauxic	train
36556	3091_YPDDiauxic	train
36557	3092_YPDDiauxic	train
36558	3093_YPDDiauxic	train
36559	3094_YPDDiauxic	train
36560	3095_YPDDiauxic	train
36561	3096_YPDDiauxic	train
36562	3097_YPDDiauxic	train
36563	3098_YPDDiauxic	train
36564	3099_YPDDiauxic	train
36565	3100_YPDDiauxic	train
36566	3101_YPDDiauxic	train
36567	3102_YPDDiauxic	train
36568	3103_YPDDiauxic	train
36569	3104_YPDDiauxic	train
36570	3105_YPDDiauxic	train
36571	3106_YPDDiauxic	train
36572	3107_YPDDiauxic	train
36573	3108_YPDDiauxic	train
36574	3109_YPDDiauxic	train
36575	3110_YPDDiauxic	train
36576	3111_YPDDiauxic	train
36577	3112_YPDDiauxic	train
36578	3113_YPDDiauxic	train
36579	3114_YPDDiauxic	validation
36580	3115_YPDDiauxic	validation
36581	3116_YPDDiauxic	train
36582	3117_YPDDiauxic	train
36583	3118_YPDDiauxic	train
36584	3119_YPDDiauxic	train
36585	3120_YPDDiauxic	train
36586	3121_YPDDiauxic	train
36587	3122_YPDDiauxic	train
36588	3123_YPDDiauxic	train
36589	3124_YPDDiauxic	train
36590	3125_YPDDiauxic	train
36591	3126_YPDDiauxic	train
36592	3127_YPDDiauxic	train
36593	3128_YPDDiauxic	validation
36594	3129_YPDDiauxic	train
36595	3130_YPDDiauxic	train
36596	3131_YPDDiauxic	train
36597	3132_YPDDiauxic	train
36598	3133_YPDDiauxic	train
36599	3134_YPDDiauxic	train
36600	3135_YPDDiauxic	train
36601	3136_YPDDiauxic	train
36602	3137_YPDDiauxic	train
36603	3138_YPDDiauxic	train
36604	3139_YPDDiauxic	train
36605	3140_YPDDiauxic	train
36606	3141_YPDDiauxic	train
36607	3142_YPDDiauxic	train
36608	3143_YPDDiauxic	train
36609	3144_YPDDiauxic	train
36610	3145_YPDDiauxic	train
36611	3146_YPDDiauxic	train
36612	3147_YPDDiauxic	train
36613	3148_YPDDiauxic	train
36614	3149_YPDDiauxic	train
36615	3150_YPDDiauxic	validation
36616	3151_YPDDiauxic	train
36617	3152_YPDDiauxic	train
36618	3153_YPDDiauxic	train
36619	3154_YPDDiauxic	train
36620	3155_YPDDiauxic	train
36621	3156_YPDDiauxic	train
36622	3157_YPDDiauxic	train
36623	3158_YPDDiauxic	train
36624	3159_YPDDiauxic	train
36625	3160_YPDDiauxic	train
36626	3161_YPDDiauxic	train
36627	3162_YPDDiauxic	train
36628	3163_YPDDiauxic	train
36629	3164_YPDDiauxic	train
36630	3165_YPDDiauxic	train
36631	3166_YPDDiauxic	train
36632	3167_YPDDiauxic	train
36633	3168_YPDDiauxic	train
36634	3169_YPDDiauxic	train
36635	3170_YPDDiauxic	train
36636	3171_YPDDiauxic	validation
36637	3172_YPDDiauxic	train
36638	3173_YPDDiauxic	train
36639	3174_YPDDiauxic	train
36640	3175_YPDDiauxic	train
36641	3176_YPDDiauxic	train
36642	3177_YPDDiauxic	train
36643	3178_YPDDiauxic	train
36644	3179_YPDDiauxic	train
36645	3180_YPDDiauxic	train
36646	3181_YPDDiauxic	train
36647	3182_YPDDiauxic	train
36648	3183_YPDDiauxic	train
36649	3184_YPDDiauxic	train
36650	3185_YPDDiauxic	train
36651	3186_YPDDiauxic	train
36652	3187_YPDDiauxic	validation
36653	3188_YPDDiauxic	train
36654	3189_YPDDiauxic	train
36655	3190_YPDDiauxic	train
36656	3191_YPDDiauxic	train
36657	3192_YPDDiauxic	train
36658	3193_YPDDiauxic	train
36659	3194_YPDDiauxic	train
36660	3195_YPDDiauxic	train
36661	3196_YPDDiauxic	train
36662	3197_YPDDiauxic	train
36663	3198_YPDDiauxic	train
36664	3199_YPDDiauxic	train
36665	3200_YPDDiauxic	train
36666	3201_YPDDiauxic	validation
36667	3202_YPDDiauxic	train
36668	3203_YPDDiauxic	validation
36669	3204_YPDDiauxic	train
36670	3205_YPDDiauxic	train
36671	3206_YPDDiauxic	train
36672	3207_YPDDiauxic	validation
36673	3208_YPDDiauxic	train
36674	3209_YPDDiauxic	train
36675	3210_YPDDiauxic	train
36676	3211_YPDDiauxic	train
36677	3212_YPDDiauxic	train
36678	3213_YPDDiauxic	train
36679	3214_YPDDiauxic	train
36680	3215_YPDDiauxic	train
36681	3216_YPDDiauxic	train
36682	3217_YPDDiauxic	train
36683	3218_YPDDiauxic	train
36684	3219_YPDDiauxic	train
36685	3220_YPDDiauxic	train
36686	3221_YPDDiauxic	train
36687	3222_YPDDiauxic	train
36688	3223_YPDDiauxic	train
36689	3224_YPDDiauxic	train
36690	3225_YPDDiauxic	train
36691	3226_YPDDiauxic	train
36692	3227_YPDDiauxic	train
36693	3228_YPDDiauxic	train
36694	3229_YPDDiauxic	train
36695	3230_YPDDiauxic	train
36696	3231_YPDDiauxic	train
36697	3232_YPDDiauxic	train
36698	3233_YPDDiauxic	train
36699	3234_YPDDiauxic	train
36700	3235_YPDDiauxic	train
36701	3236_YPDDiauxic	train
36702	3237_YPDDiauxic	train
36703	3238_YPDDiauxic	train
36704	3239_YPDDiauxic	train
36705	3240_YPDDiauxic	train
36706	3241_YPDDiauxic	train
36707	3242_YPDDiauxic	train
36708	3243_YPDDiauxic	validation
36709	3244_YPDDiauxic	train
36710	3245_YPDDiauxic	train
36711	3246_YPDDiauxic	train
36712	3247_YPDDiauxic	train
36713	3248_YPDDiauxic	train
36714	3249_YPDDiauxic	train
36715	3250_YPDDiauxic	train
36716	3251_YPDDiauxic	train
36717	3252_YPDDiauxic	train
36718	3253_YPDDiauxic	validation
36719	3254_YPDDiauxic	validation
36720	3255_YPDDiauxic	train
36721	3256_YPDDiauxic	train
36722	3257_YPDDiauxic	train
36723	3258_YPDDiauxic	train
36724	3259_YPDDiauxic	train
36725	3260_YPDDiauxic	train
36726	3261_YPDDiauxic	train
36727	3262_YPDDiauxic	train
36728	3263_YPDDiauxic	train
36729	3264_YPDDiauxic	validation
36730	3265_YPDDiauxic	train
36731	3266_YPDDiauxic	train
36732	3267_YPDDiauxic	train
36733	3268_YPDDiauxic	train
36734	3269_YPDDiauxic	train
36735	3270_YPDDiauxic	train
36736	3271_YPDDiauxic	train
36737	3272_YPDDiauxic	train
36738	3273_YPDDiauxic	train
36739	3274_YPDDiauxic	train
36740	3275_YPDDiauxic	train
36741	3276_YPDDiauxic	train
36742	3277_YPDDiauxic	train
36743	3278_YPDDiauxic	train
36744	3279_YPDDiauxic	train
36745	3280_YPDDiauxic	train
36746	3281_YPDDiauxic	train
36747	3282_YPDDiauxic	train
36748	3283_YPDDiauxic	train
36749	3284_YPDDiauxic	train
36750	3285_YPDDiauxic	train
36751	3286_YPDDiauxic	train
36752	3287_YPDDiauxic	train
36753	3288_YPDDiauxic	train
36754	3289_YPDDiauxic	train
36755	3290_YPDDiauxic	train
36756	3291_YPDDiauxic	train
36757	3292_YPDDiauxic	train
36758	3293_YPDDiauxic	train
36759	3294_YPDDiauxic	train
36760	3295_YPDDiauxic	train
36761	3296_YPDDiauxic	train
36762	3297_YPDDiauxic	train
36763	3298_YPDDiauxic	train
36764	3299_YPDDiauxic	train
36765	3300_YPDDiauxic	train
36766	3301_YPDDiauxic	train
36767	3302_YPDDiauxic	train
36768	3303_YPDDiauxic	train
36769	3304_YPDDiauxic	train
36770	3305_YPDDiauxic	train
36771	3306_YPDDiauxic	train
36772	3307_YPDDiauxic	train
36773	3308_YPDDiauxic	train
36774	3309_YPDDiauxic	train
36775	3310_YPDDiauxic	train
36776	3311_YPDDiauxic	train
36777	3312_YPDDiauxic	train
36778	3313_YPDDiauxic	train
36779	3314_YPDDiauxic	train
36780	3315_YPDDiauxic	train
36781	3316_YPDDiauxic	train
36782	3317_YPDDiauxic	train
36783	3318_YPDDiauxic	train
36784	3319_YPDDiauxic	train
36785	3320_YPDDiauxic	train
36786	3321_YPDDiauxic	train
36787	3322_YPDDiauxic	train
36788	3323_YPDDiauxic	train
36789	3324_YPDDiauxic	train
36790	3325_YPDDiauxic	validation
36791	3326_YPDDiauxic	train
36792	3327_YPDDiauxic	train
36793	3328_YPDDiauxic	train
36794	3329_YPDDiauxic	train
36795	3330_YPDDiauxic	train
36796	3331_YPDDiauxic	train
36797	3332_YPDDiauxic	train
36798	1_YPEtOH	train
36799	2_YPEtOH	train
36800	3_YPEtOH	train
36801	4_YPEtOH	train
36802	5_YPEtOH	train
36803	6_YPEtOH	train
36804	7_YPEtOH	train
36805	8_YPEtOH	train
36806	9_YPEtOH	train
36807	10_YPEtOH	train
36808	11_YPEtOH	train
36809	12_YPEtOH	train
36810	13_YPEtOH	train
36811	14_YPEtOH	train
36812	15_YPEtOH	train
36813	16_YPEtOH	train
36814	17_YPEtOH	train
36815	18_YPEtOH	train
36816	19_YPEtOH	train
36817	20_YPEtOH	train
36818	21_YPEtOH	train
36819	22_YPEtOH	train
36820	23_YPEtOH	train
36821	24_YPEtOH	train
36822	25_YPEtOH	train
36823	26_YPEtOH	train
36824	27_YPEtOH	validation
36825	28_YPEtOH	train
36826	29_YPEtOH	train
36827	30_YPEtOH	train
36828	31_YPEtOH	train
36829	32_YPEtOH	train
36830	33_YPEtOH	train
36831	34_YPEtOH	train
36832	35_YPEtOH	train
36833	36_YPEtOH	train
36834	37_YPEtOH	train
36835	38_YPEtOH	train
36836	39_YPEtOH	train
36837	40_YPEtOH	train
36838	41_YPEtOH	train
36839	42_YPEtOH	train
36840	43_YPEtOH	train
36841	44_YPEtOH	train
36842	45_YPEtOH	train
36843	46_YPEtOH	train
36844	47_YPEtOH	train
36845	48_YPEtOH	validation
36846	49_YPEtOH	train
36847	50_YPEtOH	train
36848	51_YPEtOH	train
36849	52_YPEtOH	train
36850	53_YPEtOH	train
36851	54_YPEtOH	train
36852	55_YPEtOH	train
36853	56_YPEtOH	train
36854	57_YPEtOH	train
36855	58_YPEtOH	train
36856	59_YPEtOH	train
36857	60_YPEtOH	train
36858	61_YPEtOH	train
36859	62_YPEtOH	train
36860	63_YPEtOH	train
36861	64_YPEtOH	train
36862	65_YPEtOH	train
36863	66_YPEtOH	train
36864	67_YPEtOH	train
36865	68_YPEtOH	train
36866	69_YPEtOH	train
36867	70_YPEtOH	train
36868	71_YPEtOH	train
36869	72_YPEtOH	train
36870	73_YPEtOH	train
36871	74_YPEtOH	train
36872	75_YPEtOH	train
36873	76_YPEtOH	train
36874	77_YPEtOH	train
36875	78_YPEtOH	train
36876	79_YPEtOH	train
36877	80_YPEtOH	train
36878	81_YPEtOH	train
36879	82_YPEtOH	train
36880	83_YPEtOH	train
36881	84_YPEtOH	train
36882	85_YPEtOH	train
36883	86_YPEtOH	train
36884	87_YPEtOH	train
36885	88_YPEtOH	train
36886	89_YPEtOH	train
36887	90_YPEtOH	validation
36888	91_YPEtOH	train
36889	92_YPEtOH	train
36890	93_YPEtOH	train
36891	94_YPEtOH	train
36892	95_YPEtOH	train
36893	96_YPEtOH	train
36894	97_YPEtOH	train
36895	98_YPEtOH	train
36896	99_YPEtOH	train
36897	100_YPEtOH	train
36898	101_YPEtOH	train
36899	102_YPEtOH	train
36900	103_YPEtOH	train
36901	104_YPEtOH	train
36902	105_YPEtOH	train
36903	106_YPEtOH	train
36904	107_YPEtOH	validation
36905	108_YPEtOH	train
36906	109_YPEtOH	train
36907	110_YPEtOH	train
36908	111_YPEtOH	train
36909	112_YPEtOH	train
36910	113_YPEtOH	train
36911	114_YPEtOH	train
36912	115_YPEtOH	train
36913	116_YPEtOH	train
36914	117_YPEtOH	train
36915	118_YPEtOH	train
36916	119_YPEtOH	train
36917	120_YPEtOH	train
36918	121_YPEtOH	train
36919	122_YPEtOH	validation
36920	123_YPEtOH	train
36921	124_YPEtOH	train
36922	125_YPEtOH	train
36923	126_YPEtOH	train
36924	127_YPEtOH	train
36925	128_YPEtOH	train
36926	129_YPEtOH	train
36927	130_YPEtOH	train
36928	131_YPEtOH	train
36929	132_YPEtOH	validation
36930	133_YPEtOH	validation
36931	134_YPEtOH	train
36932	135_YPEtOH	train
36933	136_YPEtOH	train
36934	137_YPEtOH	train
36935	138_YPEtOH	train
36936	139_YPEtOH	train
36937	140_YPEtOH	train
36938	141_YPEtOH	validation
36939	142_YPEtOH	validation
36940	143_YPEtOH	train
36941	144_YPEtOH	train
36942	145_YPEtOH	train
36943	146_YPEtOH	train
36944	147_YPEtOH	train
36945	148_YPEtOH	train
36946	149_YPEtOH	train
36947	150_YPEtOH	train
36948	151_YPEtOH	train
36949	152_YPEtOH	train
36950	153_YPEtOH	train
36951	154_YPEtOH	validation
36952	155_YPEtOH	train
36953	156_YPEtOH	train
36954	157_YPEtOH	train
36955	158_YPEtOH	train
36956	159_YPEtOH	train
36957	160_YPEtOH	train
36958	161_YPEtOH	train
36959	162_YPEtOH	train
36960	163_YPEtOH	train
36961	164_YPEtOH	train
36962	165_YPEtOH	validation
36963	166_YPEtOH	train
36964	167_YPEtOH	train
36965	168_YPEtOH	validation
36966	169_YPEtOH	train
36967	170_YPEtOH	validation
36968	171_YPEtOH	train
36969	172_YPEtOH	train
36970	173_YPEtOH	train
36971	174_YPEtOH	train
36972	175_YPEtOH	train
36973	176_YPEtOH	train
36974	177_YPEtOH	train
36975	178_YPEtOH	train
36976	179_YPEtOH	train
36977	180_YPEtOH	train
36978	181_YPEtOH	train
36979	182_YPEtOH	train
36980	183_YPEtOH	train
36981	184_YPEtOH	train
36982	185_YPEtOH	train
36983	186_YPEtOH	validation
36984	187_YPEtOH	train
36985	188_YPEtOH	train
36986	189_YPEtOH	validation
36987	190_YPEtOH	train
36988	191_YPEtOH	train
36989	192_YPEtOH	train
36990	193_YPEtOH	train
36991	194_YPEtOH	train
36992	195_YPEtOH	train
36993	196_YPEtOH	train
36994	197_YPEtOH	train
36995	198_YPEtOH	train
36996	199_YPEtOH	train
36997	200_YPEtOH	train
36998	201_YPEtOH	train
36999	202_YPEtOH	train
37000	203_YPEtOH	train
37001	204_YPEtOH	train
37002	205_YPEtOH	train
37003	206_YPEtOH	train
37004	207_YPEtOH	train
37005	208_YPEtOH	train
37006	209_YPEtOH	train
37007	210_YPEtOH	train
37008	211_YPEtOH	train
37009	212_YPEtOH	train
37010	213_YPEtOH	train
37011	214_YPEtOH	train
37012	215_YPEtOH	train
37013	216_YPEtOH	train
37014	217_YPEtOH	train
37015	218_YPEtOH	train
37016	219_YPEtOH	train
37017	220_YPEtOH	train
37018	221_YPEtOH	train
37019	222_YPEtOH	train
37020	223_YPEtOH	train
37021	224_YPEtOH	train
37022	225_YPEtOH	train
37023	226_YPEtOH	train
37024	227_YPEtOH	train
37025	228_YPEtOH	train
37026	229_YPEtOH	train
37027	230_YPEtOH	train
37028	231_YPEtOH	train
37029	232_YPEtOH	train
37030	233_YPEtOH	train
37031	234_YPEtOH	train
37032	235_YPEtOH	train
37033	236_YPEtOH	train
37034	237_YPEtOH	train
37035	238_YPEtOH	validation
37036	239_YPEtOH	train
37037	240_YPEtOH	train
37038	241_YPEtOH	train
37039	242_YPEtOH	train
37040	243_YPEtOH	train
37041	244_YPEtOH	train
37042	245_YPEtOH	train
37043	246_YPEtOH	train
37044	247_YPEtOH	train
37045	248_YPEtOH	train
37046	249_YPEtOH	train
37047	250_YPEtOH	train
37048	251_YPEtOH	train
37049	252_YPEtOH	train
37050	253_YPEtOH	train
37051	254_YPEtOH	validation
37052	255_YPEtOH	train
37053	256_YPEtOH	train
37054	257_YPEtOH	train
37055	258_YPEtOH	train
37056	259_YPEtOH	train
37057	260_YPEtOH	train
37058	261_YPEtOH	train
37059	262_YPEtOH	validation
37060	263_YPEtOH	train
37061	264_YPEtOH	train
37062	265_YPEtOH	train
37063	266_YPEtOH	train
37064	267_YPEtOH	train
37065	268_YPEtOH	train
37066	269_YPEtOH	train
37067	270_YPEtOH	train
37068	271_YPEtOH	train
37069	272_YPEtOH	train
37070	273_YPEtOH	train
37071	274_YPEtOH	train
37072	275_YPEtOH	train
37073	276_YPEtOH	train
37074	277_YPEtOH	validation
37075	278_YPEtOH	train
37076	279_YPEtOH	train
37077	280_YPEtOH	train
37078	281_YPEtOH	train
37079	282_YPEtOH	train
37080	283_YPEtOH	train
37081	284_YPEtOH	train
37082	285_YPEtOH	train
37083	286_YPEtOH	train
37084	287_YPEtOH	train
37085	288_YPEtOH	train
37086	289_YPEtOH	train
37087	290_YPEtOH	train
37088	291_YPEtOH	train
37089	292_YPEtOH	train
37090	293_YPEtOH	train
37091	294_YPEtOH	validation
37092	295_YPEtOH	train
37093	296_YPEtOH	train
37094	297_YPEtOH	train
37095	298_YPEtOH	train
37096	299_YPEtOH	train
37097	300_YPEtOH	train
37098	301_YPEtOH	train
37099	302_YPEtOH	train
37100	303_YPEtOH	train
37101	304_YPEtOH	train
37102	305_YPEtOH	train
37103	306_YPEtOH	train
37104	307_YPEtOH	train
37105	308_YPEtOH	train
37106	309_YPEtOH	train
37107	310_YPEtOH	train
37108	311_YPEtOH	train
37109	312_YPEtOH	train
37110	313_YPEtOH	train
37111	314_YPEtOH	train
37112	315_YPEtOH	train
37113	316_YPEtOH	train
37114	317_YPEtOH	train
37115	318_YPEtOH	train
37116	319_YPEtOH	train
37117	320_YPEtOH	train
37118	321_YPEtOH	train
37119	322_YPEtOH	train
37120	323_YPEtOH	train
37121	324_YPEtOH	train
37122	325_YPEtOH	validation
37123	326_YPEtOH	train
37124	327_YPEtOH	validation
37125	328_YPEtOH	train
37126	329_YPEtOH	train
37127	330_YPEtOH	train
37128	331_YPEtOH	train
37129	332_YPEtOH	train
37130	333_YPEtOH	train
37131	334_YPEtOH	train
37132	335_YPEtOH	train
37133	336_YPEtOH	train
37134	337_YPEtOH	train
37135	338_YPEtOH	train
37136	339_YPEtOH	train
37137	340_YPEtOH	train
37138	341_YPEtOH	train
37139	342_YPEtOH	train
37140	343_YPEtOH	train
37141	344_YPEtOH	train
37142	345_YPEtOH	train
37143	346_YPEtOH	train
37144	347_YPEtOH	train
37145	348_YPEtOH	train
37146	349_YPEtOH	train
37147	350_YPEtOH	train
37148	351_YPEtOH	train
37149	352_YPEtOH	validation
37150	353_YPEtOH	train
37151	354_YPEtOH	train
37152	355_YPEtOH	train
37153	356_YPEtOH	train
37154	357_YPEtOH	train
37155	358_YPEtOH	train
37156	359_YPEtOH	train
37157	360_YPEtOH	train
37158	361_YPEtOH	train
37159	362_YPEtOH	train
37160	363_YPEtOH	train
37161	364_YPEtOH	train
37162	365_YPEtOH	train
37163	366_YPEtOH	train
37164	367_YPEtOH	train
37165	368_YPEtOH	train
37166	369_YPEtOH	train
37167	370_YPEtOH	train
37168	371_YPEtOH	train
37169	372_YPEtOH	train
37170	373_YPEtOH	train
37171	374_YPEtOH	train
37172	375_YPEtOH	train
37173	376_YPEtOH	train
37174	377_YPEtOH	train
37175	378_YPEtOH	train
37176	379_YPEtOH	train
37177	380_YPEtOH	train
37178	381_YPEtOH	train
37179	382_YPEtOH	train
37180	383_YPEtOH	train
37181	384_YPEtOH	train
37182	385_YPEtOH	train
37183	386_YPEtOH	train
37184	387_YPEtOH	train
37185	388_YPEtOH	train
37186	389_YPEtOH	train
37187	390_YPEtOH	train
37188	391_YPEtOH	train
37189	392_YPEtOH	train
37190	393_YPEtOH	train
37191	394_YPEtOH	train
37192	395_YPEtOH	train
37193	396_YPEtOH	train
37194	397_YPEtOH	train
37195	398_YPEtOH	train
37196	399_YPEtOH	train
37197	400_YPEtOH	train
37198	401_YPEtOH	train
37199	402_YPEtOH	train
37200	403_YPEtOH	train
37201	404_YPEtOH	validation
37202	405_YPEtOH	train
37203	406_YPEtOH	train
37204	407_YPEtOH	train
37205	408_YPEtOH	train
37206	409_YPEtOH	train
37207	410_YPEtOH	train
37208	411_YPEtOH	train
37209	412_YPEtOH	train
37210	413_YPEtOH	train
37211	414_YPEtOH	train
37212	415_YPEtOH	train
37213	416_YPEtOH	train
37214	417_YPEtOH	train
37215	418_YPEtOH	train
37216	419_YPEtOH	train
37217	420_YPEtOH	train
37218	421_YPEtOH	train
37219	422_YPEtOH	train
37220	423_YPEtOH	train
37221	424_YPEtOH	train
37222	425_YPEtOH	train
37223	426_YPEtOH	train
37224	427_YPEtOH	train
37225	428_YPEtOH	train
37226	429_YPEtOH	train
37227	430_YPEtOH	train
37228	431_YPEtOH	train
37229	432_YPEtOH	train
37230	433_YPEtOH	train
37231	434_YPEtOH	train
37232	435_YPEtOH	train
37233	436_YPEtOH	train
37234	437_YPEtOH	train
37235	438_YPEtOH	train
37236	439_YPEtOH	train
37237	440_YPEtOH	train
37238	441_YPEtOH	train
37239	442_YPEtOH	train
37240	443_YPEtOH	train
37241	444_YPEtOH	train
37242	445_YPEtOH	train
37243	446_YPEtOH	train
37244	447_YPEtOH	train
37245	448_YPEtOH	train
37246	449_YPEtOH	validation
37247	450_YPEtOH	train
37248	451_YPEtOH	train
37249	452_YPEtOH	train
37250	453_YPEtOH	train
37251	454_YPEtOH	train
37252	455_YPEtOH	train
37253	456_YPEtOH	train
37254	457_YPEtOH	train
37255	458_YPEtOH	train
37256	459_YPEtOH	train
37257	460_YPEtOH	train
37258	461_YPEtOH	train
37259	462_YPEtOH	train
37260	463_YPEtOH	train
37261	464_YPEtOH	train
37262	465_YPEtOH	train
37263	466_YPEtOH	train
37264	467_YPEtOH	train
37265	468_YPEtOH	train
37266	469_YPEtOH	train
37267	470_YPEtOH	train
37268	471_YPEtOH	train
37269	472_YPEtOH	train
37270	473_YPEtOH	train
37271	474_YPEtOH	train
37272	475_YPEtOH	train
37273	476_YPEtOH	validation
37274	477_YPEtOH	train
37275	478_YPEtOH	train
37276	479_YPEtOH	train
37277	480_YPEtOH	train
37278	481_YPEtOH	train
37279	482_YPEtOH	train
37280	483_YPEtOH	train
37281	484_YPEtOH	train
37282	485_YPEtOH	train
37283	486_YPEtOH	train
37284	487_YPEtOH	train
37285	488_YPEtOH	train
37286	489_YPEtOH	train
37287	490_YPEtOH	train
37288	491_YPEtOH	train
37289	492_YPEtOH	train
37290	493_YPEtOH	train
37291	494_YPEtOH	train
37292	495_YPEtOH	train
37293	496_YPEtOH	train
37294	497_YPEtOH	train
37295	498_YPEtOH	train
37296	499_YPEtOH	train
37297	500_YPEtOH	train
37298	501_YPEtOH	train
37299	502_YPEtOH	train
37300	503_YPEtOH	train
37301	504_YPEtOH	train
37302	505_YPEtOH	train
37303	506_YPEtOH	train
37304	507_YPEtOH	train
37305	508_YPEtOH	train
37306	509_YPEtOH	train
37307	510_YPEtOH	train
37308	511_YPEtOH	train
37309	512_YPEtOH	validation
37310	513_YPEtOH	train
37311	514_YPEtOH	train
37312	515_YPEtOH	train
37313	516_YPEtOH	train
37314	517_YPEtOH	train
37315	518_YPEtOH	validation
37316	519_YPEtOH	train
37317	520_YPEtOH	train
37318	521_YPEtOH	train
37319	522_YPEtOH	train
37320	523_YPEtOH	train
37321	524_YPEtOH	train
37322	525_YPEtOH	train
37323	526_YPEtOH	train
37324	527_YPEtOH	train
37325	528_YPEtOH	train
37326	529_YPEtOH	train
37327	530_YPEtOH	validation
37328	531_YPEtOH	train
37329	532_YPEtOH	validation
37330	533_YPEtOH	train
37331	534_YPEtOH	validation
37332	535_YPEtOH	train
37333	536_YPEtOH	train
37334	537_YPEtOH	train
37335	538_YPEtOH	train
37336	539_YPEtOH	train
37337	540_YPEtOH	validation
37338	541_YPEtOH	train
37339	542_YPEtOH	train
37340	543_YPEtOH	train
37341	544_YPEtOH	train
37342	545_YPEtOH	train
37343	546_YPEtOH	train
37344	547_YPEtOH	train
37345	548_YPEtOH	train
37346	549_YPEtOH	train
37347	550_YPEtOH	train
37348	551_YPEtOH	train
37349	552_YPEtOH	train
37350	553_YPEtOH	train
37351	554_YPEtOH	train
37352	555_YPEtOH	validation
37353	556_YPEtOH	train
37354	557_YPEtOH	train
37355	558_YPEtOH	train
37356	559_YPEtOH	train
37357	560_YPEtOH	train
37358	561_YPEtOH	train
37359	562_YPEtOH	train
37360	563_YPEtOH	train
37361	564_YPEtOH	validation
37362	565_YPEtOH	train
37363	566_YPEtOH	train
37364	567_YPEtOH	train
37365	568_YPEtOH	train
37366	569_YPEtOH	train
37367	570_YPEtOH	train
37368	571_YPEtOH	validation
37369	572_YPEtOH	train
37370	573_YPEtOH	train
37371	574_YPEtOH	train
37372	575_YPEtOH	train
37373	576_YPEtOH	train
37374	577_YPEtOH	train
37375	578_YPEtOH	train
37376	579_YPEtOH	train
37377	580_YPEtOH	train
37378	581_YPEtOH	train
37379	582_YPEtOH	train
37380	583_YPEtOH	train
37381	584_YPEtOH	train
37382	585_YPEtOH	train
37383	586_YPEtOH	train
37384	587_YPEtOH	train
37385	588_YPEtOH	train
37386	589_YPEtOH	train
37387	590_YPEtOH	train
37388	591_YPEtOH	train
37389	592_YPEtOH	train
37390	593_YPEtOH	train
37391	594_YPEtOH	train
37392	595_YPEtOH	train
37393	596_YPEtOH	train
37394	597_YPEtOH	train
37395	598_YPEtOH	train
37396	599_YPEtOH	train
37397	600_YPEtOH	train
37398	601_YPEtOH	train
37399	602_YPEtOH	train
37400	603_YPEtOH	train
37401	604_YPEtOH	train
37402	605_YPEtOH	train
37403	606_YPEtOH	train
37404	607_YPEtOH	train
37405	608_YPEtOH	train
37406	609_YPEtOH	train
37407	610_YPEtOH	train
37408	611_YPEtOH	train
37409	612_YPEtOH	train
37410	613_YPEtOH	train
37411	614_YPEtOH	train
37412	615_YPEtOH	validation
37413	616_YPEtOH	train
37414	617_YPEtOH	train
37415	618_YPEtOH	train
37416	619_YPEtOH	train
37417	620_YPEtOH	train
37418	621_YPEtOH	validation
37419	622_YPEtOH	train
37420	623_YPEtOH	train
37421	624_YPEtOH	train
37422	625_YPEtOH	train
37423	626_YPEtOH	train
37424	627_YPEtOH	train
37425	628_YPEtOH	train
37426	629_YPEtOH	train
37427	630_YPEtOH	train
37428	631_YPEtOH	train
37429	632_YPEtOH	train
37430	633_YPEtOH	train
37431	634_YPEtOH	train
37432	635_YPEtOH	train
37433	636_YPEtOH	train
37434	637_YPEtOH	train
37435	638_YPEtOH	train
37436	639_YPEtOH	train
37437	640_YPEtOH	train
37438	641_YPEtOH	train
37439	642_YPEtOH	train
37440	643_YPEtOH	train
37441	644_YPEtOH	train
37442	645_YPEtOH	train
37443	646_YPEtOH	validation
37444	647_YPEtOH	train
37445	648_YPEtOH	train
37446	649_YPEtOH	validation
37447	650_YPEtOH	train
37448	651_YPEtOH	train
37449	652_YPEtOH	train
37450	653_YPEtOH	train
37451	654_YPEtOH	train
37452	655_YPEtOH	train
37453	656_YPEtOH	train
37454	657_YPEtOH	train
37455	658_YPEtOH	train
37456	659_YPEtOH	train
37457	660_YPEtOH	train
37458	661_YPEtOH	train
37459	662_YPEtOH	train
37460	663_YPEtOH	train
37461	664_YPEtOH	train
37462	665_YPEtOH	train
37463	666_YPEtOH	train
37464	667_YPEtOH	train
37465	668_YPEtOH	train
37466	669_YPEtOH	train
37467	670_YPEtOH	train
37468	671_YPEtOH	train
37469	672_YPEtOH	train
37470	673_YPEtOH	train
37471	674_YPEtOH	train
37472	675_YPEtOH	train
37473	676_YPEtOH	train
37474	677_YPEtOH	train
37475	678_YPEtOH	train
37476	679_YPEtOH	train
37477	680_YPEtOH	train
37478	681_YPEtOH	train
37479	682_YPEtOH	train
37480	683_YPEtOH	train
37481	684_YPEtOH	train
37482	685_YPEtOH	train
37483	686_YPEtOH	train
37484	687_YPEtOH	train
37485	688_YPEtOH	train
37486	689_YPEtOH	train
37487	690_YPEtOH	train
37488	691_YPEtOH	train
37489	692_YPEtOH	train
37490	693_YPEtOH	train
37491	694_YPEtOH	train
37492	695_YPEtOH	train
37493	696_YPEtOH	validation
37494	697_YPEtOH	train
37495	698_YPEtOH	train
37496	699_YPEtOH	train
37497	700_YPEtOH	train
37498	701_YPEtOH	validation
37499	702_YPEtOH	train
37500	703_YPEtOH	train
37501	704_YPEtOH	train
37502	705_YPEtOH	train
37503	706_YPEtOH	train
37504	707_YPEtOH	train
37505	708_YPEtOH	train
37506	709_YPEtOH	train
37507	710_YPEtOH	validation
37508	711_YPEtOH	train
37509	712_YPEtOH	train
37510	713_YPEtOH	train
37511	714_YPEtOH	train
37512	715_YPEtOH	train
37513	716_YPEtOH	train
37514	717_YPEtOH	train
37515	718_YPEtOH	train
37516	719_YPEtOH	train
37517	720_YPEtOH	validation
37518	721_YPEtOH	train
37519	722_YPEtOH	train
37520	723_YPEtOH	train
37521	724_YPEtOH	train
37522	725_YPEtOH	train
37523	726_YPEtOH	train
37524	727_YPEtOH	validation
37525	728_YPEtOH	train
37526	729_YPEtOH	train
37527	730_YPEtOH	train
37528	731_YPEtOH	train
37529	732_YPEtOH	train
37530	733_YPEtOH	train
37531	734_YPEtOH	train
37532	735_YPEtOH	train
37533	736_YPEtOH	train
37534	737_YPEtOH	train
37535	738_YPEtOH	train
37536	739_YPEtOH	train
37537	740_YPEtOH	train
37538	741_YPEtOH	train
37539	742_YPEtOH	train
37540	743_YPEtOH	train
37541	744_YPEtOH	train
37542	745_YPEtOH	validation
37543	746_YPEtOH	validation
37544	747_YPEtOH	train
37545	748_YPEtOH	train
37546	749_YPEtOH	validation
37547	750_YPEtOH	train
37548	751_YPEtOH	train
37549	752_YPEtOH	train
37550	753_YPEtOH	train
37551	754_YPEtOH	train
37552	755_YPEtOH	train
37553	756_YPEtOH	validation
37554	757_YPEtOH	train
37555	758_YPEtOH	train
37556	759_YPEtOH	train
37557	760_YPEtOH	train
37558	761_YPEtOH	train
37559	762_YPEtOH	train
37560	763_YPEtOH	train
37561	764_YPEtOH	train
37562	765_YPEtOH	train
37563	766_YPEtOH	train
37564	767_YPEtOH	train
37565	768_YPEtOH	train
37566	769_YPEtOH	train
37567	770_YPEtOH	train
37568	771_YPEtOH	train
37569	772_YPEtOH	validation
37570	773_YPEtOH	train
37571	774_YPEtOH	train
37572	775_YPEtOH	train
37573	776_YPEtOH	train
37574	777_YPEtOH	train
37575	778_YPEtOH	train
37576	779_YPEtOH	train
37577	780_YPEtOH	train
37578	781_YPEtOH	train
37579	782_YPEtOH	train
37580	783_YPEtOH	train
37581	784_YPEtOH	train
37582	785_YPEtOH	train
37583	786_YPEtOH	train
37584	787_YPEtOH	train
37585	788_YPEtOH	train
37586	789_YPEtOH	train
37587	790_YPEtOH	train
37588	791_YPEtOH	train
37589	792_YPEtOH	train
37590	793_YPEtOH	train
37591	794_YPEtOH	validation
37592	795_YPEtOH	train
37593	796_YPEtOH	train
37594	797_YPEtOH	train
37595	798_YPEtOH	train
37596	799_YPEtOH	train
37597	800_YPEtOH	train
37598	801_YPEtOH	train
37599	802_YPEtOH	train
37600	803_YPEtOH	train
37601	804_YPEtOH	train
37602	805_YPEtOH	train
37603	806_YPEtOH	train
37604	807_YPEtOH	train
37605	808_YPEtOH	train
37606	809_YPEtOH	train
37607	810_YPEtOH	train
37608	811_YPEtOH	train
37609	812_YPEtOH	train
37610	813_YPEtOH	train
37611	814_YPEtOH	train
37612	815_YPEtOH	train
37613	816_YPEtOH	train
37614	817_YPEtOH	train
37615	818_YPEtOH	train
37616	819_YPEtOH	train
37617	820_YPEtOH	train
37618	821_YPEtOH	train
37619	822_YPEtOH	train
37620	823_YPEtOH	train
37621	824_YPEtOH	train
37622	825_YPEtOH	train
37623	826_YPEtOH	train
37624	827_YPEtOH	validation
37625	828_YPEtOH	train
37626	829_YPEtOH	train
37627	830_YPEtOH	validation
37628	831_YPEtOH	train
37629	832_YPEtOH	train
37630	833_YPEtOH	train
37631	834_YPEtOH	validation
37632	835_YPEtOH	train
37633	836_YPEtOH	train
37634	837_YPEtOH	train
37635	838_YPEtOH	train
37636	839_YPEtOH	train
37637	840_YPEtOH	train
37638	841_YPEtOH	train
37639	842_YPEtOH	train
37640	843_YPEtOH	train
37641	844_YPEtOH	train
37642	845_YPEtOH	train
37643	846_YPEtOH	validation
37644	847_YPEtOH	train
37645	848_YPEtOH	train
37646	849_YPEtOH	train
37647	850_YPEtOH	train
37648	851_YPEtOH	train
37649	852_YPEtOH	train
37650	853_YPEtOH	train
37651	854_YPEtOH	train
37652	855_YPEtOH	train
37653	856_YPEtOH	train
37654	857_YPEtOH	train
37655	858_YPEtOH	train
37656	859_YPEtOH	train
37657	860_YPEtOH	train
37658	861_YPEtOH	train
37659	862_YPEtOH	train
37660	863_YPEtOH	train
37661	864_YPEtOH	train
37662	865_YPEtOH	train
37663	866_YPEtOH	train
37664	867_YPEtOH	train
37665	868_YPEtOH	train
37666	869_YPEtOH	train
37667	870_YPEtOH	train
37668	871_YPEtOH	train
37669	872_YPEtOH	train
37670	873_YPEtOH	train
37671	874_YPEtOH	validation
37672	875_YPEtOH	train
37673	876_YPEtOH	train
37674	877_YPEtOH	train
37675	878_YPEtOH	train
37676	879_YPEtOH	train
37677	880_YPEtOH	train
37678	881_YPEtOH	train
37679	882_YPEtOH	train
37680	883_YPEtOH	train
37681	884_YPEtOH	train
37682	885_YPEtOH	train
37683	886_YPEtOH	train
37684	887_YPEtOH	train
37685	888_YPEtOH	train
37686	889_YPEtOH	train
37687	890_YPEtOH	train
37688	891_YPEtOH	validation
37689	892_YPEtOH	train
37690	893_YPEtOH	train
37691	894_YPEtOH	train
37692	895_YPEtOH	train
37693	896_YPEtOH	train
37694	897_YPEtOH	train
37695	898_YPEtOH	train
37696	899_YPEtOH	train
37697	900_YPEtOH	train
37698	901_YPEtOH	train
37699	902_YPEtOH	train
37700	903_YPEtOH	train
37701	904_YPEtOH	train
37702	905_YPEtOH	train
37703	906_YPEtOH	train
37704	907_YPEtOH	train
37705	908_YPEtOH	train
37706	909_YPEtOH	train
37707	910_YPEtOH	train
37708	911_YPEtOH	train
37709	912_YPEtOH	train
37710	913_YPEtOH	train
37711	914_YPEtOH	train
37712	915_YPEtOH	train
37713	916_YPEtOH	train
37714	917_YPEtOH	train
37715	918_YPEtOH	train
37716	919_YPEtOH	train
37717	920_YPEtOH	train
37718	921_YPEtOH	train
37719	922_YPEtOH	train
37720	923_YPEtOH	train
37721	924_YPEtOH	train
37722	925_YPEtOH	train
37723	926_YPEtOH	train
37724	927_YPEtOH	train
37725	928_YPEtOH	train
37726	929_YPEtOH	train
37727	930_YPEtOH	train
37728	931_YPEtOH	train
37729	932_YPEtOH	train
37730	933_YPEtOH	train
37731	934_YPEtOH	train
37732	935_YPEtOH	train
37733	936_YPEtOH	train
37734	937_YPEtOH	train
37735	938_YPEtOH	train
37736	939_YPEtOH	train
37737	940_YPEtOH	train
37738	941_YPEtOH	train
37739	942_YPEtOH	train
37740	943_YPEtOH	train
37741	944_YPEtOH	train
37742	945_YPEtOH	train
37743	946_YPEtOH	train
37744	947_YPEtOH	train
37745	948_YPEtOH	train
37746	949_YPEtOH	train
37747	950_YPEtOH	train
37748	951_YPEtOH	train
37749	952_YPEtOH	train
37750	953_YPEtOH	train
37751	954_YPEtOH	train
37752	955_YPEtOH	train
37753	956_YPEtOH	train
37754	957_YPEtOH	train
37755	958_YPEtOH	train
37756	959_YPEtOH	train
37757	960_YPEtOH	train
37758	961_YPEtOH	train
37759	962_YPEtOH	train
37760	963_YPEtOH	train
37761	964_YPEtOH	train
37762	965_YPEtOH	train
37763	966_YPEtOH	train
37764	967_YPEtOH	validation
37765	968_YPEtOH	train
37766	969_YPEtOH	train
37767	970_YPEtOH	train
37768	971_YPEtOH	train
37769	972_YPEtOH	train
37770	973_YPEtOH	train
37771	974_YPEtOH	validation
37772	975_YPEtOH	train
37773	976_YPEtOH	train
37774	977_YPEtOH	train
37775	978_YPEtOH	train
37776	979_YPEtOH	train
37777	980_YPEtOH	train
37778	981_YPEtOH	train
37779	982_YPEtOH	train
37780	983_YPEtOH	train
37781	984_YPEtOH	train
37782	985_YPEtOH	train
37783	986_YPEtOH	train
37784	987_YPEtOH	train
37785	988_YPEtOH	train
37786	989_YPEtOH	train
37787	990_YPEtOH	train
37788	991_YPEtOH	train
37789	992_YPEtOH	train
37790	993_YPEtOH	train
37791	994_YPEtOH	train
37792	995_YPEtOH	train
37793	996_YPEtOH	validation
37794	997_YPEtOH	train
37795	998_YPEtOH	train
37796	999_YPEtOH	train
37797	1000_YPEtOH	train
37798	1001_YPEtOH	train
37799	1002_YPEtOH	train
37800	1003_YPEtOH	train
37801	1004_YPEtOH	train
37802	1005_YPEtOH	train
37803	1006_YPEtOH	train
37804	1007_YPEtOH	train
37805	1008_YPEtOH	train
37806	1009_YPEtOH	train
37807	1010_YPEtOH	train
37808	1011_YPEtOH	train
37809	1012_YPEtOH	train
37810	1013_YPEtOH	train
37811	1014_YPEtOH	train
37812	1015_YPEtOH	train
37813	1016_YPEtOH	train
37814	1017_YPEtOH	train
37815	1018_YPEtOH	train
37816	1019_YPEtOH	train
37817	1020_YPEtOH	train
37818	1021_YPEtOH	train
37819	1022_YPEtOH	train
37820	1023_YPEtOH	train
37821	1024_YPEtOH	train
37822	1025_YPEtOH	train
37823	1026_YPEtOH	train
37824	1027_YPEtOH	train
37825	1028_YPEtOH	train
37826	1029_YPEtOH	train
37827	1030_YPEtOH	train
37828	1031_YPEtOH	train
37829	1032_YPEtOH	train
37830	1033_YPEtOH	train
37831	1034_YPEtOH	train
37832	1035_YPEtOH	train
37833	1036_YPEtOH	train
37834	1037_YPEtOH	train
37835	1038_YPEtOH	train
37836	1039_YPEtOH	train
37837	1040_YPEtOH	train
37838	1041_YPEtOH	train
37839	1042_YPEtOH	train
37840	1043_YPEtOH	train
37841	1044_YPEtOH	train
37842	1045_YPEtOH	train
37843	1046_YPEtOH	train
37844	1047_YPEtOH	train
37845	1048_YPEtOH	train
37846	1049_YPEtOH	train
37847	1050_YPEtOH	train
37848	1051_YPEtOH	train
37849	1052_YPEtOH	train
37850	1053_YPEtOH	train
37851	1054_YPEtOH	train
37852	1055_YPEtOH	train
37853	1056_YPEtOH	train
37854	1057_YPEtOH	train
37855	1058_YPEtOH	train
37856	1059_YPEtOH	train
37857	1060_YPEtOH	train
37858	1061_YPEtOH	train
37859	1062_YPEtOH	train
37860	1063_YPEtOH	train
37861	1064_YPEtOH	train
37862	1065_YPEtOH	train
37863	1066_YPEtOH	train
37864	1067_YPEtOH	train
37865	1068_YPEtOH	train
37866	1069_YPEtOH	train
37867	1070_YPEtOH	train
37868	1071_YPEtOH	train
37869	1072_YPEtOH	train
37870	1073_YPEtOH	train
37871	1074_YPEtOH	train
37872	1075_YPEtOH	train
37873	1076_YPEtOH	train
37874	1077_YPEtOH	train
37875	1078_YPEtOH	train
37876	1079_YPEtOH	train
37877	1080_YPEtOH	train
37878	1081_YPEtOH	train
37879	1082_YPEtOH	train
37880	1083_YPEtOH	train
37881	1084_YPEtOH	train
37882	1085_YPEtOH	train
37883	1086_YPEtOH	train
37884	1087_YPEtOH	train
37885	1088_YPEtOH	train
37886	1089_YPEtOH	train
37887	1090_YPEtOH	train
37888	1091_YPEtOH	train
37889	1092_YPEtOH	train
37890	1093_YPEtOH	train
37891	1094_YPEtOH	train
37892	1095_YPEtOH	train
37893	1096_YPEtOH	train
37894	1097_YPEtOH	train
37895	1098_YPEtOH	train
37896	1099_YPEtOH	train
37897	1100_YPEtOH	train
37898	1101_YPEtOH	train
37899	1102_YPEtOH	train
37900	1103_YPEtOH	train
37901	1104_YPEtOH	validation
37902	1105_YPEtOH	train
37903	1106_YPEtOH	train
37904	1107_YPEtOH	train
37905	1108_YPEtOH	train
37906	1109_YPEtOH	train
37907	1110_YPEtOH	train
37908	1111_YPEtOH	train
37909	1112_YPEtOH	train
37910	1113_YPEtOH	train
37911	1114_YPEtOH	train
37912	1115_YPEtOH	train
37913	1116_YPEtOH	train
37914	1117_YPEtOH	train
37915	1118_YPEtOH	train
37916	1119_YPEtOH	validation
37917	1120_YPEtOH	train
37918	1121_YPEtOH	train
37919	1122_YPEtOH	train
37920	1123_YPEtOH	train
37921	1124_YPEtOH	train
37922	1125_YPEtOH	train
37923	1126_YPEtOH	train
37924	1127_YPEtOH	train
37925	1128_YPEtOH	train
37926	1129_YPEtOH	train
37927	1130_YPEtOH	train
37928	1131_YPEtOH	train
37929	1132_YPEtOH	train
37930	1133_YPEtOH	train
37931	1134_YPEtOH	train
37932	1135_YPEtOH	train
37933	1136_YPEtOH	train
37934	1137_YPEtOH	train
37935	1138_YPEtOH	train
37936	1139_YPEtOH	train
37937	1140_YPEtOH	train
37938	1141_YPEtOH	train
37939	1142_YPEtOH	train
37940	1143_YPEtOH	train
37941	1144_YPEtOH	train
37942	1145_YPEtOH	train
37943	1146_YPEtOH	train
37944	1147_YPEtOH	train
37945	1148_YPEtOH	train
37946	1149_YPEtOH	train
37947	1150_YPEtOH	train
37948	1151_YPEtOH	train
37949	1152_YPEtOH	validation
37950	1153_YPEtOH	train
37951	1154_YPEtOH	train
37952	1155_YPEtOH	train
37953	1156_YPEtOH	train
37954	1157_YPEtOH	train
37955	1158_YPEtOH	train
37956	1159_YPEtOH	train
37957	1160_YPEtOH	train
37958	1161_YPEtOH	train
37959	1162_YPEtOH	train
37960	1163_YPEtOH	train
37961	1164_YPEtOH	train
37962	1165_YPEtOH	train
37963	1166_YPEtOH	train
37964	1167_YPEtOH	train
37965	1168_YPEtOH	train
37966	1169_YPEtOH	train
37967	1170_YPEtOH	train
37968	1171_YPEtOH	train
37969	1172_YPEtOH	train
37970	1173_YPEtOH	train
37971	1174_YPEtOH	train
37972	1175_YPEtOH	train
37973	1176_YPEtOH	train
37974	1177_YPEtOH	train
37975	1178_YPEtOH	train
37976	1179_YPEtOH	train
37977	1180_YPEtOH	train
37978	1181_YPEtOH	train
37979	1182_YPEtOH	train
37980	1183_YPEtOH	train
37981	1184_YPEtOH	train
37982	1185_YPEtOH	train
37983	1186_YPEtOH	train
37984	1187_YPEtOH	train
37985	1188_YPEtOH	train
37986	1189_YPEtOH	train
37987	1190_YPEtOH	train
37988	1191_YPEtOH	train
37989	1192_YPEtOH	train
37990	1193_YPEtOH	train
37991	1194_YPEtOH	train
37992	1195_YPEtOH	train
37993	1196_YPEtOH	train
37994	1197_YPEtOH	train
37995	1198_YPEtOH	train
37996	1199_YPEtOH	train
37997	1200_YPEtOH	train
37998	1201_YPEtOH	validation
37999	1202_YPEtOH	train
38000	1203_YPEtOH	train
38001	1204_YPEtOH	train
38002	1205_YPEtOH	train
38003	1206_YPEtOH	train
38004	1207_YPEtOH	train
38005	1208_YPEtOH	train
38006	1209_YPEtOH	train
38007	1210_YPEtOH	train
38008	1211_YPEtOH	train
38009	1212_YPEtOH	train
38010	1213_YPEtOH	train
38011	1214_YPEtOH	validation
38012	1215_YPEtOH	train
38013	1216_YPEtOH	train
38014	1217_YPEtOH	train
38015	1218_YPEtOH	train
38016	1219_YPEtOH	train
38017	1220_YPEtOH	train
38018	1221_YPEtOH	train
38019	1222_YPEtOH	train
38020	1223_YPEtOH	train
38021	1224_YPEtOH	train
38022	1225_YPEtOH	train
38023	1226_YPEtOH	train
38024	1227_YPEtOH	train
38025	1228_YPEtOH	train
38026	1229_YPEtOH	train
38027	1230_YPEtOH	train
38028	1231_YPEtOH	train
38029	1232_YPEtOH	train
38030	1233_YPEtOH	validation
38031	1234_YPEtOH	train
38032	1235_YPEtOH	train
38033	1236_YPEtOH	train
38034	1237_YPEtOH	train
38035	1238_YPEtOH	train
38036	1239_YPEtOH	train
38037	1240_YPEtOH	train
38038	1241_YPEtOH	train
38039	1242_YPEtOH	train
38040	1243_YPEtOH	train
38041	1244_YPEtOH	train
38042	1245_YPEtOH	train
38043	1246_YPEtOH	train
38044	1247_YPEtOH	train
38045	1248_YPEtOH	train
38046	1249_YPEtOH	train
38047	1250_YPEtOH	train
38048	1251_YPEtOH	train
38049	1252_YPEtOH	train
38050	1253_YPEtOH	train
38051	1254_YPEtOH	train
38052	1255_YPEtOH	train
38053	1256_YPEtOH	train
38054	1257_YPEtOH	train
38055	1258_YPEtOH	train
38056	1259_YPEtOH	train
38057	1260_YPEtOH	train
38058	1261_YPEtOH	validation
38059	1262_YPEtOH	train
38060	1263_YPEtOH	train
38061	1264_YPEtOH	train
38062	1265_YPEtOH	train
38063	1266_YPEtOH	train
38064	1267_YPEtOH	validation
38065	1268_YPEtOH	train
38066	1269_YPEtOH	train
38067	1270_YPEtOH	validation
38068	1271_YPEtOH	train
38069	1272_YPEtOH	train
38070	1273_YPEtOH	train
38071	1274_YPEtOH	train
38072	1275_YPEtOH	train
38073	1276_YPEtOH	train
38074	1277_YPEtOH	train
38075	1278_YPEtOH	train
38076	1279_YPEtOH	validation
38077	1280_YPEtOH	train
38078	1281_YPEtOH	train
38079	1282_YPEtOH	train
38080	1283_YPEtOH	train
38081	1284_YPEtOH	train
38082	1285_YPEtOH	train
38083	1286_YPEtOH	train
38084	1287_YPEtOH	train
38085	1288_YPEtOH	train
38086	1289_YPEtOH	train
38087	1290_YPEtOH	train
38088	1291_YPEtOH	train
38089	1292_YPEtOH	train
38090	1293_YPEtOH	train
38091	1294_YPEtOH	validation
38092	1295_YPEtOH	train
38093	1296_YPEtOH	train
38094	1297_YPEtOH	train
38095	1298_YPEtOH	train
38096	1299_YPEtOH	train
38097	1300_YPEtOH	train
38098	1301_YPEtOH	train
38099	1302_YPEtOH	train
38100	1303_YPEtOH	train
38101	1304_YPEtOH	train
38102	1305_YPEtOH	train
38103	1306_YPEtOH	train
38104	1307_YPEtOH	train
38105	1308_YPEtOH	train
38106	1309_YPEtOH	train
38107	1310_YPEtOH	train
38108	1311_YPEtOH	train
38109	1312_YPEtOH	train
38110	1313_YPEtOH	train
38111	1314_YPEtOH	train
38112	1315_YPEtOH	train
38113	1316_YPEtOH	train
38114	1317_YPEtOH	train
38115	1318_YPEtOH	train
38116	1319_YPEtOH	train
38117	1320_YPEtOH	train
38118	1321_YPEtOH	train
38119	1322_YPEtOH	train
38120	1323_YPEtOH	train
38121	1324_YPEtOH	train
38122	1325_YPEtOH	train
38123	1326_YPEtOH	train
38124	1327_YPEtOH	train
38125	1328_YPEtOH	train
38126	1329_YPEtOH	train
38127	1330_YPEtOH	train
38128	1331_YPEtOH	train
38129	1332_YPEtOH	train
38130	1333_YPEtOH	train
38131	1334_YPEtOH	train
38132	1335_YPEtOH	validation
38133	1336_YPEtOH	train
38134	1337_YPEtOH	train
38135	1338_YPEtOH	train
38136	1339_YPEtOH	train
38137	1340_YPEtOH	train
38138	1341_YPEtOH	train
38139	1342_YPEtOH	train
38140	1343_YPEtOH	train
38141	1344_YPEtOH	train
38142	1345_YPEtOH	validation
38143	1346_YPEtOH	train
38144	1347_YPEtOH	train
38145	1348_YPEtOH	train
38146	1349_YPEtOH	train
38147	1350_YPEtOH	train
38148	1351_YPEtOH	train
38149	1352_YPEtOH	train
38150	1353_YPEtOH	train
38151	1354_YPEtOH	validation
38152	1355_YPEtOH	train
38153	1356_YPEtOH	train
38154	1357_YPEtOH	train
38155	1358_YPEtOH	train
38156	1359_YPEtOH	train
38157	1360_YPEtOH	train
38158	1361_YPEtOH	train
38159	1362_YPEtOH	train
38160	1363_YPEtOH	train
38161	1364_YPEtOH	train
38162	1365_YPEtOH	train
38163	1366_YPEtOH	train
38164	1367_YPEtOH	validation
38165	1368_YPEtOH	train
38166	1369_YPEtOH	train
38167	1370_YPEtOH	train
38168	1371_YPEtOH	train
38169	1372_YPEtOH	train
38170	1373_YPEtOH	train
38171	1374_YPEtOH	train
38172	1375_YPEtOH	train
38173	1376_YPEtOH	train
38174	1377_YPEtOH	train
38175	1378_YPEtOH	train
38176	1379_YPEtOH	train
38177	1380_YPEtOH	train
38178	1381_YPEtOH	train
38179	1382_YPEtOH	train
38180	1383_YPEtOH	train
38181	1384_YPEtOH	train
38182	1385_YPEtOH	train
38183	1386_YPEtOH	train
38184	1387_YPEtOH	train
38185	1388_YPEtOH	validation
38186	1389_YPEtOH	train
38187	1390_YPEtOH	train
38188	1391_YPEtOH	validation
38189	1392_YPEtOH	train
38190	1393_YPEtOH	train
38191	1394_YPEtOH	train
38192	1395_YPEtOH	train
38193	1396_YPEtOH	train
38194	1397_YPEtOH	validation
38195	1398_YPEtOH	train
38196	1399_YPEtOH	train
38197	1400_YPEtOH	train
38198	1401_YPEtOH	train
38199	1402_YPEtOH	train
38200	1403_YPEtOH	train
38201	1404_YPEtOH	validation
38202	1405_YPEtOH	train
38203	1406_YPEtOH	train
38204	1407_YPEtOH	train
38205	1408_YPEtOH	train
38206	1409_YPEtOH	train
38207	1410_YPEtOH	train
38208	1411_YPEtOH	train
38209	1412_YPEtOH	train
38210	1413_YPEtOH	train
38211	1414_YPEtOH	train
38212	1415_YPEtOH	train
38213	1416_YPEtOH	train
38214	1417_YPEtOH	train
38215	1418_YPEtOH	train
38216	1419_YPEtOH	train
38217	1420_YPEtOH	validation
38218	1421_YPEtOH	train
38219	1422_YPEtOH	train
38220	1423_YPEtOH	train
38221	1424_YPEtOH	train
38222	1425_YPEtOH	train
38223	1426_YPEtOH	train
38224	1427_YPEtOH	train
