array_name	inchikey	dose	dose_unit	is_vehicle
06_11_21_01.CEL		1	percent	True
06_11_21_03.CEL	OROBHEIDSDBDCD-UHFFFAOYSA-N	57.37	micromolar	False
06_11_21_04.CEL	BGEKLQCZIWJPKS-UHFFFAOYSA-N	29	micromolar	False
06_11_21_05.CEL	YABQZSPMZGQNFB-UHFFFAOYSA-N	95.58	micromolar	False
06_11_21_06.CEL	CYQKUZJPBVGBDW-UHFFFAOYSA-N	25.67	micromolar	False
06_11_21_08.CEL	CKYIBQYUWVWFEJ-UHFFFAOYSA-N	109.88	micromolar	False
06_12_06_13.CEL	YRAVRUAVNIDFHS-UHFFFAOYSA-N	19.84	micromolar	False
06_12_06_15.CEL	PONLWVUMWQZPMA-UHFFFAOYSA-N	4.23	micromolar	False
06_12_06_16.CEL	ADMJUEWONNHPPH-UHFFFAOYSA-N	70	micromolar	False
06_12_06_17.CEL		1	percent	True
06_12_06_18.CEL	OGVDJJZWFHWTRS-UHFFFAOYSA-N	10.45	micromolar	False
06_12_06_19.CEL	OOXHZCGBJSGVTN-UHFFFAOYSA-N	42.58	micromolar	False
06_12_06_20.CEL	BNHCFYPXSWGNRY-UHFFFAOYSA-N	1.3	micromolar	False
06_12_06_21.CEL	ZIWUVIOQXRVBSU-AATRIKPKSA-N	9.27	micromolar	False
06_12_06_23.CEL	ZHEQJNSPIQLLMN-UHFFFAOYSA-N	65	micromolar	False
06_12_06_24.CEL	KXJDJHUCMLXJLH-UHFFFAOYSA-N	295	micromolar	False
06_12_06_25.CEL		1	percent	True
06_12_08_09.CEL		1	percent	True
06_12_08_11.CEL	XVPVASDNIQXXGZ-UHFFFAOYSA-N	27.1	micromolar	False
06_12_12_12.CEL	SYWWRIKZBWQUGY-UHFFFAOYSA-N	22.81	micromolar	False
06_12_12_14.CEL	XPYUKIYCBRYIEJ-UHFFFAOYSA-N	49.81	micromolar	False
06_12_12_26.CEL	XDJXVMSXFQUDGZ-UHFFFAOYSA-N	500	nanomolar	False
06_12_12_27.CEL	OOXHZCGBJSGVTN-UHFFFAOYSA-M	38.43	micromolar	False
06_12_12_28.CEL	DPIKZXAIPNGTLG-UHFFFAOYSA-N	4.94	micromolar	False
06_12_12_29.CEL	IPASVEYYTNTJTM-AATRIKPKSA-N	22.99	micromolar	False
06_12_12_30.CEL	VNJVZJNBTWPKNX-UHFFFAOYSA-N	14.47	micromolar	False
06_12_12_31.CEL	GHWYJRRNNWVCPM-UHFFFAOYSA-N	40	micromolar	False
06_12_12_32.CEL	UJLQOPMNGFLYBL-UHFFFAOYSA-N	219	micromolar	False
06_12_12_33.CEL		1	percent	True
06_12_12_34.CEL	MVZMBETVLIKHSI-UHFFFAOYSA-N	35.66	micromolar	False
06_12_12_35.CEL	IKBVHBLOMZBKQR-UHFFFAOYSA-N	425.16	micromolar	False
06_12_14_36.CEL	ANFBEWMAKVJSIH-UHFFFAOYSA-N	32.62	micromolar	False
06_12_14_38.CEL	BBMHWFCIWRBYFW-UHFFFAOYSA-N	1.61	micromolar	False
06_12_14_39.CEL	OBGBGHKYJAOXRR-UHFFFAOYSA-N	12.98	micromolar	False
06_12_14_41.CEL		1	percent	True
06_12_14_43.CEL	XLYORYAUKZCBPS-GQCTYLIASA-N	28.7	micromolar	False
06_12_14_44.CEL	QLSUDTPEEIHQQK-UHFFFAOYSA-N	57.24	micromolar	False
06_12_14_45.CEL	HRAFGHWKNFRMCY-NTEUORMPSA-N	34.1	micromolar	False
06_12_14_46.CEL	LIMTWPITFUAXFV-UHFFFAOYSA-O	35.82	micromolar	False
06_12_14_48.CEL	VAORXNFHBAQNHT-UHFFFAOYSA-N	81.75	micromolar	False
06_12_19_49.CEL		1	percent	True
06_12_19_50.CEL	LXJVUGANBDAASB-UHFFFAOYSA-N	64.07	micromolar	False
06_12_19_51.CEL	VFHYDJZQCPVVGG-UHFFFAOYSA-N	14.2	micromolar	False
06_12_19_52.CEL	JOWGYKSVRDSZSJ-VOTSOKGWSA-N	1.56	micromolar	False
06_12_19_53.CEL	FHRKKLBIQCOIMF-VMPITWQZSA-N	58.27	micromolar	False
06_12_19_54.CEL	CFTHDRGSIALRLP-UHFFFAOYSA-O	58.35	micromolar	False
06_12_19_55.CEL	ABCJCTVERFCFCP-UHFFFAOYSA-N	19.75	micromolar	False
06_12_19_56.CEL	PQMGRVXQAFKVMO-UHFFFAOYSA-N	82.64	micromolar	False
06_12_19_57.CEL		1	percent	True
06_12_19_58.CEL	GTLLBGFJGUJABH-UHFFFAOYSA-N	60.65	micromolar	False
06_12_19_60.CEL	SYFJSJZFNCQBDL-UHFFFAOYSA-N	72.5	micromolar	False
06_12_21_61.CEL	LODOBCLAGUEESL-VMPITWQZSA-N	61.21	micromolar	False
06_12_21_62.CEL	PAOSMTQZMCUXNJ-UHFFFAOYSA-N	14.9	micromolar	False
06_12_21_63.CEL	MZZAXKKQUMDLOA-UHFFFAOYSA-N	2.2	micromolar	False
07_01_03_65.CEL		1	percent	True
07_01_03_66.CEL	LPHPULUIFWHEFN-UHFFFAOYSA-N	24.25	micromolar	False
07_01_03_67.CEL	DROHRAYYEDKXIN-UHFFFAOYSA-N	55	micromolar	False
07_01_03_68.CEL	QCEXFVBEVUCEAA-PKNBQFBNSA-N	32.13	micromolar	False
07_01_03_69.CEL	XABHYXPBBJGVRA-DODKFZKMSA-N	56.39	micromolar	False
07_01_03_70.CEL	BXIUOWUMDPZEMR-GXDHUFHOSA-N	23.42	micromolar	False
07_01_03_71.CEL	FQIHYTIJLIRZDF-UHFFFAOYSA-N	875	nanomolar	False
07_01_03_72.CEL	FXPVOLWQNNGFHA-UHFFFAOYSA-N	39.98	micromolar	False
07_01_03_73.CEL		1	percent	True
07_01_03_74.CEL	SZLNXYKSOABWKJ-UHFFFAOYSA-N	9	micromolar	False
07_01_03_76.CEL	WNWXXQTUESDFIN-UHFFFAOYSA-N	6.56	micromolar	False
07_01_04_77.CEL	LBYOSJPDQKJKOA-UHFFFAOYSA-N	83.25	micromolar	False
07_01_04_81.CEL		1	percent	True
07_01_04_84.CEL	BYBLEWFAAKGYCD-UHFFFAOYSA-N	162.5	nanomolar	False
07_01_04_85.CEL	OJGDVNBMXHRPMY-SXQRSUGDSA-N	9	micromolar	False
07_01_04_87.CEL	BMMHXDVBSJNNKF-UHFFFAOYSA-N	1.33	micromolar	False
07_01_04_88.CEL	UCHTZIQOFSGPQN-UHFFFAOYSA-N	202	micromolar	False
07_01_04_89.CEL		1	percent	True
07_01_09_80.CEL	HFGIUZXHXKAPJL-SNAWJCMRSA-N	98.57	micromolar	False
07_01_09_82.CEL	NDKYICANXPTKKC-UHFFFAOYSA-N	3.23	micromolar	False
07_01_12_86.CEL	POMWLWLIVQQZTJ-UHFFFAOYSA-N	26.7	micromolar	False
07_01_18_01.CEL		1	percent	True
07_01_18_02.CEL	DYBPKAJTBVNVBW-UHFFFAOYSA-N	272.08	micromolar	False
07_01_18_92.CEL	LZTYSWMIQGXRFN-UHFFFAOYSA-N	34.99	micromolar	False
07_01_18_94.CEL	PTXUJRTVWRYYTE-UHFFFAOYSA-N	42.4	micromolar	False
07_01_18_95.CEL	CMONWUQZZQGYMH-UHFFFAOYSA-N	266	micromolar	False
07_01_18_96.CEL	MPEDRRVGJQFNFL-UHFFFAOYSA-N	82.83	micromolar	False
07_01_19_03.CEL	KUTMGHUWZNXGEZ-UHFFFAOYSA-N	206.68	micromolar	False
07_01_19_05.CEL	YVVILFKWXBZXAA-UHFFFAOYSA-N	43.28	micromolar	False
07_01_19_06.CEL	ZDAQNRVHEIUNRF-UHFFFAOYSA-N	47.81	micromolar	False
07_01_19_07.CEL	TZMXCFNRWDJQJM-UHFFFAOYSA-N	198.39	micromolar	False
07_01_19_08.CEL	ZLGLISLOMNTCQB-UHFFFAOYSA-N	16.23	micromolar	False
07_01_19_09.CEL		1	percent	True
07_01_19_10.CEL	UXHPAFIXYBVZEL-UHFFFAOYSA-N	160.28	micromolar	False
07_01_19_12.CEL	VSGYFZZDRUPMBM-WQLSENKSSA-N	199.01	micromolar	False
07_01_19_14.CEL	XENONHKIYRGPAD-UHFFFAOYSA-N	400.33	micromolar	False
07_01_19_15.CEL	TUADUELTUXXWIL-UHFFFAOYSA-N	12.52	micromolar	False
07_01_19_16.CEL	HQADOIBLYMTVLS-UHFFFAOYSA-N	156.75	micromolar	False
07_01_24_17.CEL		1	percent	True
07_01_24_18.CEL	LRAJLMGRXDVQNP-UHFFFAOYSA-N	94.09	micromolar	False
07_01_24_20.CEL	LCGVYGLDLGTJAP-UHFFFAOYSA-N	512.24	micromolar	False
07_01_24_24.CEL	IXEZJRBBSZMJNU-UHFFFAOYSA-N	9.97	micromolar	False
07_01_24_25.CEL		1	percent	True
07_01_24_26.CEL	FMEJYQSHWHPSHF-UHFFFAOYSA-N	293.76	micromolar	False
07_01_24_28.CEL	AJHKRSIWZFQOIC-UHFFFAOYSA-N	39.03	micromolar	False
07_01_24_30.CEL	WKDKZJSFKGMSOR-OWJSUJKRSA-N	128.82	micromolar	False
07_01_24_31.CEL	JYDFOXZALFOSJF-UHFFFAOYSA-N	160.06	micromolar	False
07_01_26_32.CEL	DRDBYUFZTMNUGV-UHFFFAOYSA-N	471.92	micromolar	False
07_01_26_35.CEL	RSRQDUSONVRSMB-UHFFFAOYSA-N	35.5	micromolar	False
07_01_26_36.CEL	UOKUFDJNDUFTJJ-UHFFFAOYSA-N	8.67	micromolar	False
07_01_26_37.CEL	DMXYGCNTSRXDPP-UHFFFAOYSA-N	142.11	micromolar	False
07_01_26_39.CEL	RHCSSGCPGXBBGS-RVDMUPIBSA-N	4.61	micromolar	False
07_01_26_40.CEL	SELDHDUHPIZVGB-UHFFFAOYSA-N	58.38	micromolar	False
07_01_26_41.CEL		1	percent	True
07_01_26_42.CEL	OHMVKSCLPIXUHY-UHFFFAOYSA-N	660.87	micromolar	False
07_01_26_43.CEL	XZYQBYQGHHGXBC-UHFFFAOYSA-N	59.23	micromolar	False
07_01_30_45.CEL	YCATXABDWWOPEE-UHFFFAOYSA-N	514.75	micromolar	False
07_01_30_46.CEL	VYPFILQRNJYPQH-UHFFFAOYSA-N	561.06	micromolar	False
07_01_30_47.CEL	GRSZKDCOHSSIAJ-NTEUORMPSA-N	37.28	micromolar	False
07_01_30_48.CEL	WCZLZKLICVOKBC-UHFFFAOYSA-N	19.13	micromolar	False
07_01_30_49.CEL		1	percent	True
07_01_30_50.CEL	RPVXVXVYQAUIQJ-UHFFFAOYSA-N	107.66	micromolar	False
07_01_30_51.CEL	WXCIUWMZYPAPDZ-UHFFFAOYSA-N	622.8	micromolar	False
07_01_30_52.CEL	LSVBBJVITBGNFC-UHFFFAOYSA-N	49.59	micromolar	False
07_01_30_54.CEL	BMINNOTWFDOGHZ-UHFFFAOYSA-N	117.49	micromolar	False
07_01_30_55.CEL	HTQNYBBTZSBWKL-UHFFFAOYSA-N	83.62	micromolar	False
07_01_30_56.CEL	NRHLGLQBPHEKMF-FMIVXFBMSA-N	51.84	micromolar	False
07_02_06_57.CEL		1	percent	True
07_02_06_58.CEL	KLRCTKSAAPBESE-UHFFFAOYSA-N	590.99	micromolar	False
07_02_06_59.CEL	IHWFKAOWMRMPIA-UHFFFAOYSA-N	734.78	micromolar	False
07_02_06_60.CEL	AIFGMUQKEOBNOJ-UHFFFAOYSA-N	11.58	micromolar	False
07_02_06_61.CEL	RFAXLXKIAKIUDT-UHFFFAOYSA-N	2.69	micromolar	False
07_02_06_62.CEL	ZVJQMQNYDNEXKB-UHFFFAOYSA-N	621.13	micromolar	False
07_02_06_63.CEL	AQYMRQUYPFCXDM-UHFFFAOYSA-N	33.7	micromolar	False
07_02_06_64.CEL	YJRJARYHRGMBPL-UHFFFAOYSA-N	111.64	micromolar	False
07_02_06_65.CEL		1	percent	True
07_02_06_66.CEL	MKNDSAMBNFQTRY-UHFFFAOYSA-N	52.46	micromolar	False
07_02_06_67.CEL	WJFKNYWRSNBZNX-UHFFFAOYSA-N	287.22	micromolar	False
07_02_06_68.CEL	DXRDPERPLIKXEB-UHFFFAOYSA-N	2.5	micromolar	False
07_02_09_69.CEL	PQPQVZIFCZGIFQ-UHFFFAOYSA-N	490.3	micromolar	False
07_02_09_70.CEL	FCOPLZDHYPVTJU-UHFFFAOYSA-N	112.04	micromolar	False
07_02_09_71.CEL	GJZBNSJPZKCNPU-UHFFFAOYSA-O	31.79	micromolar	False
07_02_09_72.CEL	FULGIHLPACFUCU-UHFFFAOYSA-N	22.08	micromolar	False
07_02_13_73.CEL		1	percent	True
07_02_14_74.CEL	WXPNWDZVBHQEAA-UHFFFAOYSA-M	135.34	micromolar	False
07_02_14_75.CEL	NOBGQGXPNOIMQT-UHFFFAOYSA-N	24.82	micromolar	False
07_02_14_76.CEL	IWWWBRIIGAXLCJ-UHFFFAOYSA-O	52.26	micromolar	False
07_02_14_78.CEL	VARJULNXGISUBP-UHFFFAOYSA-O	61.34	micromolar	False
07_02_14_79.CEL	IJMBZHALXJHWRA-UHFFFAOYSA-N	402.4	micromolar	False
07_02_14_81.CEL		1	percent	True
07_02_14_82.CEL	HWFYYJBVRJSZRV-UHFFFAOYSA-N	66.68	micromolar	False
07_02_14_83.CEL	WXRNVTZNMJWULS-UHFFFAOYSA-N	7.12	micromolar	False
07_02_14_84.CEL	YSSSPARMOAYJTE-UHFFFAOYSA-N	11.75	micromolar	False
07_02_14_85.CEL	UWPMIBVQZDSYNA-UHFFFAOYSA-N	672.48	micromolar	False
07_02_22_13.CEL	CEKRDUGRJHELNU-UHFFFAOYSA-N	59.13	micromolar	False
07_02_22_88.CEL	FDXAEBVHVLRBNL-UHFFFAOYSA-N	13.37	micromolar	False
07_02_22_89.CEL		1	percent	True
07_02_22_90.CEL	MNOIELCLJGGCGM-UHFFFAOYSA-N	176.64	micromolar	False
07_02_22_91.CEL	TTWXIMMUHLMUIV-UHFFFAOYSA-N	337.66	micromolar	False
07_02_22_92.CEL	KMROVZXIEIXPTH-UHFFFAOYSA-N	33.85	micromolar	False
07_02_22_93.CEL	BWQZSJGKWVZDQV-UHFFFAOYSA-N	25.81	micromolar	False
07_02_22_94.CEL	UNJRQDPTLDVHOR-UHFFFAOYSA-N	378.92	micromolar	False
07_02_22_95.CEL	VWRAQAPTTZKYCR-UHFFFAOYSA-N	6.92	micromolar	False
07_02_22_96.CEL	PINFVMBXAWOWAD-NTMALXAHSA-N	26.35	micromolar	False
07_02_23_19.CEL	HUEHVPNKLNTJSZ-UHFFFAOYSA-N	404.48	micromolar	False
07_02_23_22.CEL	PSFVXVFYZFVWCI-UHFFFAOYSA-N	85.39	micromolar	False
07_02_23_23.CEL	PYQQHIFIRXPBSW-UHFFFAOYSA-N	40.92	micromolar	False
07_02_23_27.CEL	JDOLPAMOKSAEMD-UHFFFAOYSA-N	718.62	micromolar	False
07_02_23_33.CEL		1	percent	True
07_02_23_34.CEL	YHAUBUQTPJRKKV-UHFFFAOYSA-N	502.53	micromolar	False
07_02_23_38.CEL	HYFJDUBKWVILOC-KJFCXQQNSA-N	32.33	micromolar	False
07_02_23_53.CEL	KNBKVKYQCZKINX-UHFFFAOYSA-N	62.67	micromolar	False
07_02_28_03.CEL	ZZAYRFTZKPVTAI-DHDCSXOGSA-N	15.74	micromolar	False
07_02_28_04.CEL	OOJYYJUWBZYYPH-UHFFFAOYSA-N	112.38	micromolar	False
07_02_28_05.CEL	PKVYESCBEAZAMU-UHFFFAOYSA-N	38.37	micromolar	False
07_02_28_06.CEL	NXBSFISOTGDCJX-UHFFFAOYSA-N	53.13	micromolar	False
07_02_28_07.CEL	UMMSZXFMOOKFFA-UHFFFAOYSA-N	29.23	micromolar	False
07_02_28_08.CEL	SQJMGMJPOZKFGT-XYZJYNETSA-N	288.01	micromolar	False
07_02_28_09.CEL		1	percent	True
07_02_28_11.CEL	INNBGZYVIPYMGZ-UHFFFAOYSA-N	46.1	micromolar	False
07_02_28_13.CEL	SUVMTDKQDXNCAK-UHFFFAOYSA-N	77.2	micromolar	False
07_02_28_14.CEL	OYEOXFZRVNDRKZ-UHFFFAOYSA-N	2.29	micromolar	False
07_03_02_16.CEL	DERMXGZWGLKTNH-UHFFFAOYSA-N	551.23	micromolar	False
07_03_02_17.CEL		1	percent	True
07_03_02_19.CEL	ACNOLDSTSIOOBL-UHFFFAOYSA-N	519.67	micromolar	False
07_03_02_20.CEL	RIGSCQWAWIRFFV-UHFFFAOYSA-N	511.12	micromolar	False
07_03_02_21.CEL	JXPQBMIBCDGZHY-STZFKDTASA-N	43.6	micromolar	False
07_03_02_22.CEL	YGLBLEHNCCHFCO-UHFFFAOYSA-N	5.64	micromolar	False
07_03_02_23.CEL	QUEDQWSWNZCOQW-UHFFFAOYSA-N	65.82	micromolar	False
07_03_02_24.CEL	OKVBCYAGTPSVNT-CVKSISIWSA-N	26.45	micromolar	False
07_03_02_25.CEL		1	percent	True
07_03_07_27.CEL	FXCFMWKATNVYPA-UHFFFAOYSA-N	50	micromolar	False
07_03_07_28.CEL	UJMCMOPBTJKYJL-UHFFFAOYSA-N	289.7	micromolar	False
07_03_07_30.CEL	JJMOUYPQUNZHQG-UHFFFAOYSA-N	162.15	micromolar	False
07_03_07_31.CEL	QCTZEHIRXZGGSD-UHFFFAOYSA-N	37.8	micromolar	False
07_03_07_32.CEL	AOTFCXHSBXYTQC-UHFFFAOYSA-N	7.55	micromolar	False
07_03_07_33.CEL		1	percent	True
07_03_07_34.CEL	NQYHVOHJXIJILU-UHFFFAOYSA-N	89.62	micromolar	False
07_03_07_35.CEL	WLZWDDYKFCFOOZ-UHFFFAOYSA-N	64.38	micromolar	False
07_03_07_36.CEL	FLCCZJSEQBXNBG-OCKHKDLRSA-N	166.42	micromolar	False
07_03_07_37.CEL	WDYIXLPYUNDXQP-UHFFFAOYSA-N	66.21	micromolar	False
07_03_09_26.CEL	GYFLGFTWDXAQIG-UHFFFAOYSA-N	530.54	micromolar	False
07_03_09_38.CEL	ANBXQIMDYMEMAX-UHFFFAOYSA-N	16.03	micromolar	False
07_03_09_39.CEL	YPKJBICYXBSDFT-UHFFFAOYSA-N	226	micromolar	False
07_03_09_40.CEL	YPTKKTRAGNKREQ-UHFFFAOYSA-N	9.68	micromolar	False
07_03_14_41.CEL		1	percent	True
07_03_14_44.CEL	DXKYCRWEFUUADQ-UHFFFAOYSA-N	2.64	micromolar	False
07_03_14_45.CEL	LFLDQGMJNMZCIJ-UHFFFAOYSA-N	2.69	micromolar	False
07_03_14_47.CEL	GBIGZDOOXKHBGD-UHFFFAOYSA-N	74.3	micromolar	False
07_03_14_49.CEL		1	percent	True
07_03_14_50.CEL	ZDCZVPAWKQQXKJ-UHFFFAOYSA-N	23.7	micromolar	False
07_03_14_51.CEL	IAFPBKWBVZYKQC-UHFFFAOYSA-N	72.83	micromolar	False
07_03_14_52.CEL	PQDVZUFBJUAPKM-UHFFFAOYSA-N	8.36	micromolar	False
07_03_14_54.CEL	BBSAOKHEUQSRKK-UHFFFAOYSA-N	87.51	micromolar	False
07_03_14_55.CEL	KYXHRRQYBOUYKP-UHFFFAOYSA-O	6.77	micromolar	False
07_03_14_56.CEL	RHFWXOFUGJXKPR-UHFFFAOYSA-N	102.78	micromolar	False
07_03_16_57.CEL		1	percent	True
07_03_16_59.CEL	NKPCVLBBSSICKJ-UHFFFAOYSA-N	8.07	micromolar	False
07_03_16_61.CEL	SOHTYEKCCZMIQM-UHFFFAOYSA-N	550.52	micromolar	False
07_03_16_62.CEL	IWKGXPVPDJNYDN-UHFFFAOYSA-N	30.55	micromolar	False
07_03_16_63.CEL	RMBZZLCNUYBFIJ-UHFFFAOYSA-N	24.71	micromolar	False
07_03_21_64.CEL	PEQZOEXMRCACPF-UHFFFAOYSA-N	25.49	micromolar	False
07_03_21_65.CEL		1	percent	True
07_03_21_67.CEL	LVKDROIISOZJDV-UHFFFAOYSA-N	67.28	micromolar	False
07_03_21_68.CEL	PENYLGHILLWZNR-UHFFFAOYSA-N	32.73	micromolar	False
07_03_21_69.CEL	KDVAMBNFSCNBQJ-DHDCSXOGSA-N	278.47	micromolar	False
07_03_21_70.CEL	KPJKWKUDBQQILH-UHFFFAOYSA-N	2.12	micromolar	False
07_03_21_72.CEL	VYHCUDLEIGISHF-UHFFFAOYSA-N	3.72	micromolar	False
07_03_21_74.CEL	CQLQCMMIUIQUQT-UHFFFAOYSA-N	66.51	micromolar	False
07_03_21_75.CEL	LUQATNNNHABPSD-UHFFFAOYSA-N	60.9	micromolar	False
07_03_21_76.CEL	PRSJVBQKECISKG-UHFFFAOYSA-N	1.56	micromolar	False
07_03_21_77.CEL	ZQNIWJDRDOMDAC-UHFFFAOYSA-N	56.9	micromolar	False
07_03_23_78.CEL	GTUHBFOHORBFLZ-UHFFFAOYSA-N	16.65	micromolar	False
07_03_23_79.CEL	VTSBYGVVQNKAJO-UHFFFAOYSA-N	18.11	micromolar	False
07_03_23_80.CEL	RMBGJKRYZOEJMN-UHFFFAOYSA-N	41.56	micromolar	False
07_03_23_81.CEL		1	percent	True
07_03_23_82.CEL	IUCZVBKANJIZKR-UHFFFAOYSA-N	16.19	micromolar	False
07_03_23_83.CEL	ZYDXPXBPARYTSC-UHFFFAOYSA-N	41.6	micromolar	False
07_03_23_86.CEL	ASKZFCKVVSXGBI-UHFFFAOYSA-N	37.55	micromolar	False
07_03_23_87.CEL	UNEQEEVPWCOSSZ-UHFFFAOYSA-N	12.8	micromolar	False
07_03_30_1.CEL		1	percent	True
07_03_30_10.CEL	SMFFDONWMCQXFW-UHFFFAOYSA-N	34.79	micromolar	False
07_03_30_12.CEL	USZMMCGDMULWHI-UHFFFAOYSA-N	30.89	micromolar	False
07_03_30_2.CEL	DMXJRHDFHFHZOF-LICLKQGHSA-N	62.41	micromolar	False
07_03_30_93.CEL	UGTIPOIYFLIFDI-UHFFFAOYSA-N	71.9	micromolar	False
07_03_30_94.CEL	QYELUXMUSPMUTP-UHFFFAOYSA-N	72.01	micromolar	False
07_03_30_95.CEL	GRMUAQMHJKQVFL-UHFFFAOYSA-N	4.49	micromolar	False
07_03_30_96.CEL	XUFFHMYGXVOKDB-DHDCSXOGSA-N	12.37	micromolar	False
07_04_06_42.CEL	HMWZUHVZXCPJSD-UHFFFAOYSA-N	175.59	micromolar	False
07_04_06_46.CEL	IXGGBZXZSJGHON-UHFFFAOYSA-N	56.83	micromolar	False
07_04_06_53.CEL	NBTXBAOGAXOKEV-UHFFFAOYSA-N	143.5	micromolar	False
07_04_11_58.CEL	DWMVGNREZWVDIZ-UHFFFAOYSA-N	38.77	micromolar	False
07_04_11_60.CEL	IXXHUEVERWNGPM-XYOKQWHBSA-N	967	nanomolar	False
07_04_11_66.CEL	UFHDQKZEMIEXQO-UHFFFAOYSA-N	70	micromolar	False
07_04_11_73.CEL		1	percent	True
07_04_11_84.CEL	QKFFKRJETNUNJC-DSFDPNDFSA-N	461.5	micromolar	False
07_04_11_88.CEL	MDMVOODOQUVIFZ-UHFFFAOYSA-N	28.38	micromolar	False
07_04_11_89.CEL		1	percent	True
07_06_01_B1.CEL		1	percent	True
07_06_01_B3.CEL	XMAYWYJOQHXEEK-OZXSUGGESA-N	989	nanomolar	False
07_06_01_B4.CEL	RYHCACJBKCOBTJ-UHFFFAOYSA-N	93.75	micromolar	False
07_06_01_B5.CEL	KKZJGLLVHKMTCM-UHFFFAOYSA-N	164.41	micromolar	False
07_06_01_B6.CEL	RCINICONZNJXQF-UHFFFAOYSA-N	373.38	micromolar	False
07_06_01_B7.CEL	ZEWQUBUPAILYHI-UHFFFAOYSA-N	10.3	micromolar	False
07_06_05_B10.CEL	FOAONBQCGRKHOS-UHFFFAOYSA-N	10.67	micromolar	False
07_06_05_B13.CEL	COVZYZSDYWQREU-UHFFFAOYSA-N	5	millimolar	False
07_06_05_B15.CEL	CJAVTWRYCDNHSM-UHFFFAOYSA-N	43.88	micromolar	False
07_06_05_B17.CEL		1	percent	True
07_06_05_B18.CEL	HZFBXPDDUCZHGX-UHFFFAOYSA-N	1.02	micromolar	False
07_06_05_B19.CEL	QRWVOJLTHSRPOA-UHFFFAOYSA-N	8.29	millimolar	False
07_06_05_B20.CEL	RFHAOTPXVQNOHP-UHFFFAOYSA-N	33.52	micromolar	False
07_06_05_B21.CEL	RYYVLZVUVIJVGH-UHFFFAOYSA-N	993.06	micromolar	False
07_06_05_B22.CEL	RIOXQFHNBCKOKP-UHFFFAOYSA-N	22.87	micromolar	False
07_06_05_B23.CEL	FMGYKKMPNATWHP-UHFFFAOYSA-N	141.67	micromolar	False
07_06_05_B9.CEL		1	percent	True
07_06_06_B85.CEL	VOXZDWNPVJITMN-UHFFFAOYSA-N	524	micromolar	False
07_06_06_B86.CEL	ZUXABONWMNSFBN-UHFFFAOYSA-N	119	micromolar	False
07_06_06_B88.CEL	QFJCIRLUMZQUOT-HPLJOQBZSA-N	362	picomolar	False
07_06_06_B89.CEL		1	percent	True
07_06_06_B90.CEL	XNGZKLFCPYJUAT-UHFFFAOYSA-N	10.7	micromolar	False
07_06_06_B92.CEL	UATKMMKWSZSPTD-UHFFFAOYSA-N	5	millimolar	False
07_06_06_B93.CEL	KPFCTSPVNYQSOW-UHFFFAOYSA-N	5.31	micromolar	False
07_06_06_B96.CEL	WWJFFVUVFNBJTN-UHFFFAOYSA-N	200	micromolar	False
07_06_07_B26.CEL	NRPKZBJQMMCLPA-UHFFFAOYSA-N	8.93	micromolar	False
07_06_07_B27.CEL	NWIBSHFKIJFRCO-WUDYKRTCSA-N	819.44	micromolar	False
07_06_07_B28.CEL	NFDQYBUVHVRNNY-UHFFFAOYSA-N	300	micromolar	False
07_06_07_B29.CEL	DHZBEENLJMYSHQ-UHFFFAOYSA-N	155.45	micromolar	False
07_06_07_B30.CEL	GHASVSINZRGABV-UHFFFAOYSA-N	4.57	micromolar	False
07_06_07_B31.CEL	ISFPDBUKMJDAJH-UHFFFAOYSA-N	1	micromolar	False
07_06_07_B33.CEL		1	percent	True
07_06_07_B34.CEL	MWFZDJLPWDCQIL-UHFFFAOYSA-N	1.3	micromolar	False
07_06_07_B35.CEL	FBOZXECLQNJBKD-UHFFFAOYSA-N	289.6	micromolar	False
07_06_07_B36.CEL	YPHMISFOHDHNIV-AWQJKBAPSA-N	667	micromolar	False
07_06_08_B37.CEL	NNLIGLZIWQGGJT-UHFFFAOYSA-N	29.71	micromolar	False
07_06_08_B38.CEL	ZSJLQEPLLKMAKR-UHFFFAOYSA-N	5.23	millimolar	False
07_06_08_B39.CEL	XUBJEDZHBUPBKL-UHFFFAOYSA-N	11.21	micromolar	False
07_06_08_B41.CEL		1	percent	True
07_06_08_B43.CEL	KQNZDYYTLMIZCT-KFKPYADVSA-N	552.24	micromolar	False
07_06_08_B45.CEL	SGDBTWWWUNNDEQ-LBPRGKRZSA-N	456.52	micromolar	False
07_06_08_B46.CEL	BYBLEWFAAKGYCD-UHFFFAOYSA-N	1.31	nanomolar	False
07_06_08_B47.CEL	BZEWSEKUUPWQDQ-UHFFFAOYSA-N	31.25	micromolar	False
07_06_12_B49.CEL		1	percent	True
07_06_12_B50.CEL	LZRGRPBCRMPSBY-UHFFFAOYSA-N	3.81	micromolar	False
07_06_12_B51.CEL	ZHSGGJXRNHWHRS-XQRVVYSFSA-N	200.47	nanomolar	False
07_06_12_B52.CEL	VNFPBHJOKIVQEB-UHFFFAOYSA-N	625	nanomolar	False
07_06_12_B53.CEL	STQGQHZAVUOBTE-VGBVRHCVSA-N	18.5	micromolar	False
07_06_12_B54.CEL	LNEPOXFFQSENCJ-UHFFFAOYSA-N	50.78	micromolar	False
07_06_12_B55.CEL	CUCUKLJLRRAKFN-UHFFFAOYSA-N	108.93	micromolar	False
07_06_12_B57.CEL		1	percent	True
07_06_12_B58.CEL	OSVFSXQGUVYMIT-NJBQKBHSSA-N	3.99	micromolar	False
07_06_12_B59.CEL	FHIDNBAQOFJWCA-UHFFFAOYSA-N	15.38	micromolar	False
07_06_12_B60.CEL	RYAUSSKQMZRMAI-UHFFFAOYSA-N	62.5	micromolar	False
07_06_13_B61.CEL	RGCKGOZRHPZPFP-UHFFFAOYSA-N	107.93	micromolar	False
07_06_13_B62.CEL	XXPDBLUZJRXNNZ-UHFFFAOYSA-N	12.5	millimolar	False
07_06_13_B63.CEL	HPNSFSBZBAHARI-RUDMXATFSA-N	32.93	micromolar	False
07_06_13_B65.CEL		1	percent	True
07_06_13_B66.CEL	OZIHYFWYFUSXIS-KORJSKJVSA-N	406	nanomolar	False
07_06_13_B67.CEL	YHQDZJICGQWFHK-UHFFFAOYSA-N	44.4	nanomolar	False
07_06_13_B69.CEL	VSJKWCGYPAHWDS-FQEVSTJZSA-N	39.62	micromolar	False
07_06_13_B70.CEL	CKSJXOVLXUMMFF-UHFFFAOYSA-N	29	micromolar	False
07_06_15_B73.CEL		1	percent	True
07_06_15_B74.CEL	NKANXQFJJICGDU-UHFFFAOYSA-N	5.46	micromolar	False
07_06_15_B75.CEL	JUVIOZPCNVVQFO-UHFFFAOYSA-N	740	micromolar	False
07_06_15_B76.CEL	AOJJSUZBOXZQNB-TZSSRYMLSA-N	8.13	micromolar	False
07_06_15_B77.CEL	VSNHCAURESNICA-UHFFFAOYSA-N	18.1	millimolar	False
07_06_15_B78.CEL	YUGODMKHHCZZOI-UHFFFAOYSA-N	40.1	micromolar	False
07_06_15_B81.CEL		1	percent	True
07_06_15_B82.CEL	FXHQZEJEBWTOJA-UHFFFAOYSA-N	5.69	micromolar	False
07_06_15_B83.CEL	IAKHMKGGTNLKSZ-UHFFFAOYSA-N	750	micromolar	False
07_06_15_B84.CEL	ZDFDJJJGIRGMBE-YMRVYQTRSA-N	15.5	micromolar	False
07_10_12_4-1.CEL		1	percent	True
07_10_12_4-2.CEL	IUSRPFHVAGISQE-UHFFFAOYSA-N	23.9	micromolar	False
07_10_12_4-3.CEL	SWDHLIRBKKMJAB-UHFFFAOYSA-N	2.93	micromolar	False
07_10_12_4-4.CEL	YLUBWOIEELDZPM-UHFFFAOYSA-N	3.04	micromolar	False
07_10_12_4-5.CEL	YPCAKMQLFZEUDO-UHFFFAOYSA-N	14.9	micromolar	False
07_10_12_4-6.CEL	LOVZNFRYSGLKBK-UHFFFAOYSA-N	65.7	micromolar	False
07_10_12_4-7.CEL	LQKOYVKDUXDFKL-UHFFFAOYSA-N	11.7	micromolar	False
07_10_12_4-8.CEL	GWGKSIQNCPTUGE-UHFFFAOYSA-N	32.6	micromolar	False
07_10_17_4-10.CEL	XWWVTXOFROQDJJ-UHFFFAOYSA-N	46	micromolar	False
07_10_17_4-11.CEL	XYFHFTMMDCERTL-SXGWCWSVSA-N	22.9	micromolar	False
07_10_17_4-12.CEL	KOPHGXJBYXKGSV-IUXPMGMMSA-N	29.6	micromolar	False
07_10_17_4-13.CEL	JKQGKUIFNMJOCH-UHFFFAOYSA-N	35.1	micromolar	False
07_10_17_4-14.CEL	XNGRMUGOBXBTIS-UHFFFAOYSA-N	526	micromolar	False
07_10_17_4-15.CEL	NMKPJBQCDRCXCE-FMIVXFBMSA-N	48.1	micromolar	False
07_10_17_4-16.CEL	LJKNSKVLUIYTEJ-UHFFFAOYSA-N	35.5	micromolar	False
07_10_17_4-9.CEL		1	percent	True
07_10_18_4-17.CEL		1	percent	True
07_10_18_4-18.CEL	AUWWQOIHZVXJBJ-UHFFFAOYSA-N	474	micromolar	False
07_10_18_4-19.CEL	UZLBQBZBGWLDDC-UHFFFAOYSA-N	38.5	micromolar	False
07_10_18_4-20.CEL	JHHIIJCVWFYCBU-UHFFFAOYSA-N	157	micromolar	False
07_10_18_4-21.CEL	ASTDEEXTPFFZEU-UHFFFAOYSA-N	31	micromolar	False
07_10_18_4-22.CEL	HIIFUPIDHKSFGO-ZHACJKMWSA-N	74.9	micromolar	False
07_10_18_4-23.CEL	FSFQJJHNIYFCNG-UHFFFAOYSA-N	24	micromolar	False
07_10_18_4-24.CEL	RVDUJQJNCDQXMC-UHFFFAOYSA-N	10	micromolar	False
07_10_18_4-25.CEL		1	percent	True
07_10_18_4-26.CEL	WGHPBVDVOAOHLD-UHFFFAOYSA-N	1.44	micromolar	False
07_10_19_4-27.CEL	FTARNHBLAKDKDS-UHFFFAOYSA-N	5.04	micromolar	False
07_10_19_4-28.CEL	GDLIGKIOYRNHDA-UHFFFAOYSA-N	24.5	micromolar	False
07_10_19_4-29.CEL	NERYPJCPSYUTQT-NBVRZTHBSA-N	18.9	micromolar	False
07_10_19_4-30.CEL	ONQRPMCVVMYTLD-UHFFFAOYSA-N	34.2	micromolar	False
07_10_19_4-31.CEL	DHKKONBXGAAFTB-OTYYAQKOSA-N	97	micromolar	False
07_10_19_4-32.CEL	DUOCQDQMSWPLKI-UHFFFAOYSA-N	20.8	micromolar	False
07_10_19_4-33.CEL		1	percent	True
07_10_19_4-34.CEL	RYCXRKIBRWWDHH-UHFFFAOYSA-N	11.6	micromolar	False
07_10_19_4-35.CEL	HSBTVZCQJJUQAV-UHFFFAOYSA-N	22.3	micromolar	False
07_10_19_4-36.CEL	HHWZBEXLGGIMHH-UHFFFAOYSA-N	104	micromolar	False
07_10_19_4-37.CEL	AWZRUBWCRAXMEG-UHFFFAOYSA-N	1.48	micromolar	False
07_10_19_4-38.CEL	DCLKMMFVIGOXQN-UHFFFAOYSA-N	1.06	micromolar	False
07_10_22_4-39.CEL	WRBBBHRODOSTQE-UHFFFAOYSA-N	58	micromolar	False
07_10_22_4-40.CEL	LMMQHOADDMEWDH-UHFFFAOYSA-N	6.84	micromolar	False
07_10_22_4-41.CEL		1	percent	True
07_10_22_4-42.CEL	TUJPGGHLZPGCAJ-UHFFFAOYSA-N	5.03	micromolar	False
07_10_22_4-44.CEL	HPGKJCFDLAZRAQ-UHFFFAOYSA-N	2.74	micromolar	False
07_10_22_4-45.CEL	VXODISGBGSIYEI-UHFFFAOYSA-N	187	micromolar	False
07_10_22_4-46.CEL	HJJNYMFYCLBSGB-OCKHKDLRSA-N	58.6	micromolar	False
07_10_22_4-47.CEL	LRRATNAODCVJHE-UHFFFAOYSA-N	170	micromolar	False
07_10_22_4-48.CEL	VTQBNVIAZYHEGM-UHFFFAOYSA-N	67.2	micromolar	False
07_10_22_4-49.CEL		1	percent	True
07_10_22_4-50.CEL	JAXLYKGXVLDQMO-UHFFFAOYSA-N	45.5	micromolar	False
07_10_23_4-51.CEL	VRADBUYXNXWTNL-UHFFFAOYSA-N	5.34	micromolar	False
07_10_23_4-52.CEL	FOBFJXVWYLSSLA-UHFFFAOYSA-N	65.3	micromolar	False
07_10_23_4-53.CEL	SKVAOZXLWKMZFX-UHFFFAOYSA-N	19.3	micromolar	False
07_10_23_4-54.CEL	PHVULJJAKOZNEN-UHFFFAOYSA-N	34.3	micromolar	False
07_10_23_4-55.CEL	ZXHIURMVJDOMKS-UHFFFAOYSA-N	19.6	micromolar	False
07_10_23_4-56.CEL	LZQRAZOLPLCAMT-UHFFFAOYSA-N	181	micromolar	False
07_10_23_4-57.CEL		1	percent	True
07_10_23_4-58.CEL	VFOREMAZXBGDOF-UHFFFAOYSA-N	17.5	micromolar	False
07_10_23_4-59.CEL	DBVXTXHHEDGFQV-UHFFFAOYSA-N	3.96	micromolar	False
07_10_23_4-60.CEL	NWXCKWDMRABXRQ-UHFFFAOYSA-N	63.5	micromolar	False
07_10_23_4-61.CEL	ZWMQBJBODIUHMF-UHFFFAOYSA-N	21.3	micromolar	False
07_10_24_4-62.CEL	CHXFRSROFAYDPU-UHFFFAOYSA-N	80.1	micromolar	False
07_10_26_4-63.CEL	LISHZYHLVLUKFD-UHFFFAOYSA-N	24.5	micromolar	False
07_10_26_4-64.CEL	RBWNDBNSJFCLBZ-UHFFFAOYSA-N	40.9	micromolar	False
07_10_26_4-65.CEL		1	percent	True
07_10_26_4-66.CEL	VKHOOIHSNYMTPE-UHFFFAOYSA-N	40.1	micromolar	False
07_10_26_4-67.CEL	JTFGCEVZUXFNIO-UHFFFAOYSA-N	68.5	micromolar	False
07_10_26_4-68.CEL	WUPIHWLNWSANDL-UHFFFAOYSA-N	27.6	micromolar	False
07_10_26_4-69.CEL	LKOBDBGCQQSYIZ-UHFFFAOYSA-N	111	micromolar	False
07_10_26_4-70.CEL	VPEXJCFJVYMVIX-HVSNTMGOSA-N	354	micromolar	False
07_10_26_4-72.CEL	BFZJGFQSMYAJRC-UHFFFAOYSA-N	114	micromolar	False
07_10_26_4-73.CEL		1	percent	True
07_10_26_4-74.CEL	HIMZCSWBHPCINI-UHFFFAOYSA-N	71.4	micromolar	False
07_10_26_4-75.CEL	VDDKPPDLMPOCRY-UHFFFAOYSA-N	454	micromolar	False
07_10_29_4-77.CEL	NETKQGTYNFJEIM-UHFFFAOYSA-N	230	micromolar	False
07_10_29_4-78.CEL	ZIXANGUFLPHHBA-UHFFFAOYSA-N	23.3	micromolar	False
07_10_29_4-79.CEL	UWTXTJWEYKRBSW-UHFFFAOYSA-N	29.8	micromolar	False
07_10_29_4-80.CEL	LPETYCFVRJJRIU-UHFFFAOYSA-N	6.43	micromolar	False
07_10_29_4-81.CEL		1	percent	True
07_10_29_4-82.CEL	IKMNSQMUFNBOEV-UHFFFAOYSA-N	395	micromolar	False
07_10_29_4-83.CEL	QQRKJVIRHXDXHB-UHFFFAOYSA-N	7.16	micromolar	False
07_10_29_4-84.CEL	AQLPPRUBMNWCRY-UHFFFAOYSA-N	26.2	micromolar	False
07_10_29_4-85.CEL	YQUFKWQKYACDNQ-UHFFFAOYSA-N	10.7	micromolar	False
07_10_29_4-86.CEL	VZMWFVZENWCHOV-UHFFFAOYSA-N	24	micromolar	False
07_10_29_4-87.CEL	HIRXKQUEQXKPCJ-UHFFFAOYSA-N	19.8	micromolar	False
07_10_30_4-88.CEL	JYIKNQVWKBUSNH-UHFFFAOYSA-N	25	nanomolar	False
07_10_30_4-89.CEL		1	percent	True
07_10_30_4-90.CEL	PAMKAKKXWNRYKI-UHFFFAOYSA-N	5.11	micromolar	False
07_10_30_4-91.CEL	LENGHKOBRKERHA-UHFFFAOYSA-N	58.3	micromolar	False
07_10_30_4-92.CEL	SKSXYACZXYAMEU-UHFFFAOYSA-N	4.88	micromolar	False
07_10_30_4-93.CEL	IDFOCEQDKOOOER-UHFFFAOYSA-N	105	micromolar	False
07_10_30_4-94.CEL	GSZLSWQEDNSDKG-UHFFFAOYSA-N	32.5	micromolar	False
07_10_30_4-95.CEL	VBIVLTLRTJQORS-UHFFFAOYSA-N	420	micromolar	False
07_10_30_C-1.CEL		1	percent	True
07_10_30_C-2.CEL	DQGSSSLXBXDNFM-UHFFFAOYSA-N	9.45	micromolar	False
07_10_30_C-3.CEL	RKFUNHMCGMYPDV-UHFFFAOYSA-N	15.9	micromolar	False
07_10_31_C-10.CEL	UAHUEKRPMXKILC-UHFFFAOYSA-N	1.01	micromolar	False
07_10_31_C-11.CEL	VMUXSMXIQBNMGZ-UHFFFAOYSA-N	1.45	micromolar	False
07_10_31_C-12.CEL	VTZHHJWRJNBRND-UHFFFAOYSA-N	9.03	micromolar	False
07_10_31_C-13.CEL	WUKRBMPMKWKFSY-UHFFFAOYSA-N	3.06	micromolar	False
07_10_31_C-15.CEL	WXPNWDZVBHQEAA-UHFFFAOYSA-M	67.7	micromolar	False
07_10_31_C-4.CEL	AVULBMQWQQWAKG-UHFFFAOYSA-N	13.6	micromolar	False
07_10_31_C-5.CEL	FIHILUSWISKVSR-UHFFFAOYSA-N	4.31	micromolar	False
07_10_31_C-6.CEL	VFHYDJZQCPVVGG-UHFFFAOYSA-N	7.1	micromolar	False
07_10_31_C-7.CEL	ANUSOIHIIPAHJV-UHFFFAOYSA-N	4.58	micromolar	False
07_10_31_C-8.CEL	OJGDVNBMXHRPMY-SXQRSUGDSA-N	4.5	micromolar	False
07_10_31_C-9.CEL		1	percent	True
07_11_01_C-16.CEL	JJTDABKGTRPCPL-UHFFFAOYSA-N	38.7	micromolar	False
07_11_01_C-19.CEL	QCVMOSGPTRRUQZ-UHFFFAOYSA-N	7.36	micromolar	False
07_11_01_C-23.CEL	GJZBNSJPZKCNPU-UHFFFAOYSA-O	15.9	micromolar	False
07_11_05_C-24.CEL	NRHLGLQBPHEKMF-FMIVXFBMSA-N	25.9	micromolar	False
07_11_05_C-25.CEL		1	percent	True
07_11_05_C-26.CEL	QQDNVANLYYGZIH-UHFFFAOYSA-O	82.3	micromolar	False
07_11_05_C-27.CEL	VCIRVTJQPNZIIS-UHFFFAOYSA-N	9.27	micromolar	False
07_11_05_C-28.CEL	GYFLGFTWDXAQIG-UHFFFAOYSA-N	59.1	micromolar	False
07_11_05_C-29.CEL	JWAMLAMKCCCENB-UHFFFAOYSA-N	33.1	micromolar	False
07_11_05_C-30.CEL	FXCFMWKATNVYPA-UHFFFAOYSA-N	8.33	micromolar	False
07_11_05_C-31.CEL	WSDZYOGQJPHWGT-UHFFFAOYSA-N	5.9	micromolar	False
07_11_05_C-32.CEL	PHMDTYPSXBJNRO-UHFFFAOYSA-N	6	micromolar	False
07_11_05_C-33.CEL		1	percent	True
07_11_05_C-34.CEL	LYUZOXNETFFKST-UHFFFAOYSA-N	42.7	micromolar	False
07_11_05_C-35.CEL	KDVAMBNFSCNBQJ-DHDCSXOGSA-N	23.2	micromolar	False
07_11_06_c-36.CEL	YSQZXXQOIHGWIS-UHFFFAOYSA-N	7.37	micromolar	False
07_11_06_c-37.CEL	RUFDDOIGLSULBD-UHFFFAOYSA-N	5.16	micromolar	False
07_11_06_c-38.CEL	RMBZZLCNUYBFIJ-UHFFFAOYSA-N	12.4	micromolar	False
07_11_06_c-39.CEL	KPFCTSPVNYQSOW-UHFFFAOYSA-N	3.07	micromolar	False
07_11_06_c-40.CEL	IMONTRJLAWHYGT-UHFFFAOYSA-N	66.7	micromolar	False
07_11_06_c-41.CEL		1	percent	True
07_11_06_c-42.CEL	SUGXUUGGLDCZKB-UHFFFAOYSA-N	16.7	micromolar	False
07_11_06_c-43.CEL	MQUQNUAYKLCRME-INIZCTEOSA-N	16.7	micromolar	False
07_11_06_c-44.CEL	NHBJTTGFHCHQHS-VZTVMPNDSA-N	16.7	micromolar	False
07_11_06_c-45.CEL	FIVPIPIDMRVLAY-RBJBARPLSA-N	8.33	micromolar	False
07_11_06_c-46.CEL	HDFGOPSGAURCEO-UHFFFAOYSA-N	8.33	micromolar	False
07_11_06_c-47.CEL	QAWIHIJWNYOLBE-ZAFYKAAXSA-N	6.25	micromolar	False
07_11_07_c-48.CEL	MJVAVZPDRWSRRC-UHFFFAOYSA-N	8.33	micromolar	False
07_11_07_c-49.CEL		1	percent	True
07_11_07_c-50.CEL	CJVDASHOTFQIKU-AGIUHOORSA-N	6.25	micromolar	False
07_11_07_c-51.CEL	MNQDKWZEUULFPX-UHFFFAOYSA-M	1.25	micromolar	False
07_11_07_c-52.CEL	PLWQHPWNKPKQJT-UHFFFAOYSA-N	50	micromolar	False
07_11_07_c-53.CEL	LVDKZNITIUWNER-UHFFFAOYSA-N	33.3	micromolar	False
07_11_07_c-54.CEL	KYGZCKSPAKDVKC-UHFFFAOYSA-N	75	micromolar	False
07_11_07_c-55.CEL	FTLDJPRFCGDUFH-UHFFFAOYSA-N	37.5	micromolar	False
07_11_07_c-56.CEL	PGBHMTALBVVCIT-VCIWKGPPSA-N	50	micromolar	False
07_11_07_c-59.CEL	WMBWREPUVVBILR-WIYYLYMNSA-N	10	micromolar	False
07_11_08_c-61.CEL	FQRLGZIGRMSTAX-OLZOCXBDSA-N	50	micromolar	False
07_11_08_c-63.CEL	NGGMYCMLYOUNGM-FKSJYSFPSA-N	50	micromolar	False
07_11_08_c-65.CEL		1	percent	True
07_11_08_c-66.CEL	UNBMQQNYLCPCHS-ZRDIBKRKSA-N	50	micromolar	False
07_11_08_c-67.CEL	DNXHEGUUPJUMQT-CBZIJGRNSA-N	100	micromolar	False
07_11_08_c-68.CEL	WYJAPUKIYAZSEM-UHFFFAOYSA-N	100	micromolar	False
07_11_08_c-69.CEL	DHZBEENLJMYSHQ-UHFFFAOYSA-N	100	micromolar	False
07_11_08_c-70.CEL	YZXBAPSDXZZRGB-UHFFFAOYSA-N	100	micromolar	False
07_11_08_c-71.CEL	DTOSIQBPPRVQHS-UHFFFAOYSA-N	100	micromolar	False
07_11_09_c-72.CEL	SPFYMRJSYKOXGV-UHFFFAOYSA-N	100	micromolar	False
07_11_09_c-73.CEL		1	percent	True
07_11_09_c-74.CEL	HEMJJKBWTPKOJG-UHFFFAOYSA-N	100	micromolar	False
07_11_09_c-75.CEL	QELSKZZBTMNZEB-UHFFFAOYSA-N	100	micromolar	False
07_11_09_c-76.CEL	FIPWRIJSWJWJAI-UHFFFAOYSA-N	100	micromolar	False
07_11_09_c-77.CEL	YFKBXYGUSOXJGS-UHFFFAOYSA-N	100	micromolar	False
07_11_09_c-78.CEL	RSEPBGGWRJCQGY-RBRWEJTLSA-N	100	micromolar	False
07_11_09_c-79.CEL	UYIFTLBWAOGQBI-BZDYCCQFSA-N	100	micromolar	False
07_11_09_c-80.CEL	DBLVDAUGBTYDFR-SWMBIRFSSA-N	100	micromolar	False
07_11_09_c-81.CEL		1	percent	True
07_11_09_c-82.CEL	NRPKZBJQMMCLPA-UHFFFAOYSA-N	893	micromolar	False
07_11_09_c-83.CEL	NWIBSHFKIJFRCO-WUDYKRTCSA-N	81.9	millimolar	False
07_11_13_c-84.CEL	NFDQYBUVHVRNNY-UHFFFAOYSA-N	30	millimolar	False
07_11_13_c-85.CEL	DHZBEENLJMYSHQ-UHFFFAOYSA-N	155	micromolar	False
07_11_13_c-86.CEL	GHASVSINZRGABV-UHFFFAOYSA-N	457	micromolar	False
07_11_13_c-87.CEL	ISFPDBUKMJDAJH-UHFFFAOYSA-N	100	millimolar	False
07_11_13_c-89.CEL		1	percent	True
07_11_13_c-90.CEL	AUMGRTMFSUIVOI-UHFFFAOYSA-N	13.1	micromolar	False
07_11_13_c-91.CEL	VMSQSGNDVNLMPF-UHFFFAOYSA-N	14.6	micromolar	False
07_11_13_c-92.CEL	BDLIYZKLSHJRHC-UHFFFAOYSA-N	47.3	micromolar	False
07_11_13_c-93.CEL	VLKDPADCSJKUKA-UHFFFAOYSA-N	16.5	micromolar	False
07_11_13_c-94.CEL	SONAJUSNYFELMA-UHFFFAOYSA-N	25.5	micromolar	False
07_11_13_c-95.CEL	ADRFDEVRGXWVPR-UHFFFAOYSA-N	16.4	micromolar	False
07_11_13_c-96.CEL	NGNPEAMSQLFTCG-MRUKODCESA-N	107	micromolar	False
07_11_14_E-1.CEL		1	percent	True
07_11_14_E-11.CEL	YLFMCMWKHSDUCT-UHFFFAOYSA-N	61.3	micromolar	False
07_11_14_E-12.CEL	YVUQSNJEYSNKRX-UHFFFAOYSA-N	108	micromolar	False
07_11_14_E-2.CEL	RZNRKXGAJMGLIM-UHFFFAOYSA-N	8	micromolar	False
07_11_14_E-3.CEL	FNFHZBKBDFRYHS-RUZDIDTESA-N	6.7	micromolar	False
07_11_14_E-4.CEL	YRXOQXUDKDCXME-YIVRLKKSSA-N	3.3	micromolar	False
07_11_14_E-5.CEL	SIEHZFPZQUNSAS-GCVUPTOQSA-N	6.67	micromolar	False
07_11_14_E-6.CEL	WWUZIQQURGPMPG-KRWOKUGFSA-N	6.67	micromolar	False
07_11_14_E-7.CEL	IYIKLHRQXLHMJQ-UHFFFAOYSA-N	34.4	micromolar	False
07_11_14_E-8.CEL	QOYHHIBFXOOADH-UHFFFAOYSA-N	35.1	micromolar	False
07_11_14_E-9.CEL		1	percent	True
07_11_15_E-13.CEL	JWHAUXFOSRPERK-UHFFFAOYSA-N	146	micromolar	False
07_11_15_E-14.CEL	SWUARLUWKZWEBQ-VQHVLOKHSA-N	100	micromolar	False
07_11_15_E-15.CEL	ZUXABONWMNSFBN-UHFFFAOYSA-N	122	micromolar	False
07_11_15_E-16.CEL	VZMSCIKIANDZNI-UHFFFAOYSA-N	90.4	micromolar	False
07_11_15_E-17.CEL		1	percent	True
07_11_15_E-18.CEL	PUAVTDKYTXNVBU-OIDHKYIRSA-N	66	micromolar	False
07_11_15_E-19.CEL	VWVYILCFSYNJHF-UHFFFAOYSA-N	132	micromolar	False
07_11_15_E-20.CEL	GEHJIACZUFWBTK-UHFFFAOYSA-N	120	micromolar	False
07_11_15_E-21.CEL	LOBCDGHHHHGHFA-UHFFFAOYSA-N	171	micromolar	False
07_11_15_E-22.CEL	PQYOPBRFUUEHRC-MUJQFDPKSA-N	11.19	micromolar	False
07_11_15_E-23.CEL	YZVWKHVRBDQPMQ-UHFFFAOYSA-N	156	nanomolar	False
07_11_15_E-24.CEL	RNFNDJAIBTYOQL-UHFFFAOYSA-N	100	micromolar	False
07_11_16_E-25.CEL		1	percent	True
07_11_16_E-26.CEL	VFTRKSBEFQDZKX-UHFFFAOYSA-N	8	micromolar	False
07_11_16_E-27.CEL	HVAUUPRFYPCOCA-SANMLTNESA-N	10	micromolar	False
07_11_16_E-28.CEL	VLBPIWYTPAXCFJ-XMMPIXPASA-N	6.67	micromolar	False
07_11_16_E-29.CEL	HVAUUPRFYPCOCA-AREMUKBSSA-N	10	micromolar	False
07_11_16_E-30.CEL	NLDDIKRKFXEWBK-AWEZNQCLSA-N	170	micromolar	False
07_11_16_E-31.CEL	BWMFRQKICHXLSH-GUZSWSNOSA-N	135	micromolar	False
07_11_16_E-32.CEL	WBSMIPAMAXNXFS-UHFFFAOYSA-N	133	micromolar	False
07_11_16_E-33.CEL		1	percent	True
07_11_16_E-34.CEL	DANUORFCFTYTSZ-SJSJOXFOSA-N	15.3	micromolar	False
07_11_16_E-35.CEL	MCMSJVMUSBZUCN-UHFFFAOYSA-N	123	micromolar	False
07_11_16_E-36.CEL	XTURYZYJYQRJDO-BNAHBJSTSA-N	136	micromolar	False
07_11_19_E-37.CEL	LCUMYVYIHXYBIA-UHFFFAOYSA-N	158	micromolar	False
07_11_19_E-38.CEL	GHXZHWYUSAWISC-BFVJYCBLSA-N	104	micromolar	False
07_11_19_E-39.CEL	UAIYNMRLUHHRMF-AATRIKPKSA-N	158	micromolar	False
07_11_19_E-40.CEL	KQEPIRKXSUIUTH-UHFFFAOYSA-N	41	micromolar	False
07_11_19_E-41.CEL		1	percent	True
07_11_19_E-42.CEL	QTQAWLPCGQOSGP-KSRBKZBZSA-N	89.2	micromolar	False
07_11_19_E-43.CEL	DSXXEELGXBCYNQ-UHFFFAOYSA-N	72.8	micromolar	False
07_11_19_E-44.CEL	QMGUOJYZJKLOLH-UHFFFAOYSA-N	121	micromolar	False
07_11_19_E-46.CEL	KLUSDCFTHHWSNM-UHFFFAOYSA-N	172	micromolar	False
07_11_19_E-47.CEL	WDEABJKSGGRCQA-UHFFFAOYSA-N	153	micromolar	False
07_11_19_E-48.CEL	XPAXRSJGGFVTFM-RUZDIDTESA-N	4	micromolar	False
07_11_20_E-49.CEL		1	percent	True
07_11_20_E-50.CEL	JWUBBDSIWDLEOM-DTOXIADCSA-N	10	micromolar	False
07_11_20_E-51.CEL	RCRCTBLIHCHWDZ-DOFZRALJSA-N	10	micromolar	False
07_11_20_E-52.CEL	OTKJDMGTUTTYMP-ROUUACIJSA-N	5	micromolar	False
07_11_20_E-53.CEL	DTOSIQBPPRVQHS-PDBXOOCHSA-N	10	micromolar	False
07_11_20_E-54.CEL	UNSRRHDPHVZAHH-YOILPLPUSA-N	10	micromolar	False
07_11_20_E-55.CEL	YKGQBEGMUSSPFY-YOILPLPUSA-N	10	micromolar	False
07_11_20_E-56.CEL	YLEARPUNMCCKMP-DOFZRALJSA-N	10	micromolar	False
07_11_20_E-57.CEL		1	percent	True
07_11_20_E-58.CEL	YCRHZEHWEYAHCO-HZJYTTRNSA-N	10	micromolar	False
07_11_20_E-59.CEL	BQBSHJUQVIWEFM-UHFFFAOYSA-N	50	micromolar	False
07_11_20_E-60.CEL	ZFLWDHHVRRZMEI-UHFFFAOYSA-N	50	micromolar	False
07_11_21_E-61.CEL	ZOCSXAVNDGMNBV-UHFFFAOYSA-N	114	micromolar	False
07_11_21_E-62.CEL	MDMWHKZANMNXTF-UHFFFAOYSA-N	144	micromolar	False
07_11_21_E-63.CEL	RDOIQAHITMMDAJ-UHFFFAOYSA-N	105	micromolar	False
07_11_21_E-64.CEL	JZFPYUNJRRFVQU-UHFFFAOYSA-N	177	micromolar	False
07_11_21_E-65.CEL		1	percent	True
07_11_21_E-66.CEL	SVJMLYUFVDMUHP-UHFFFAOYSA-N	82	micromolar	False
07_11_21_E-67.CEL	UIAGMCDKSXEBJQ-UHFFFAOYSA-N	119	micromolar	False
07_11_21_E-68.CEL	PVHUJELLJLJGLN-UHFFFAOYSA-N	139	micromolar	False
07_11_21_E-69.CEL	ACNHBCIZLNNLRS-UBGQALKQSA-N	115	micromolar	False
07_11_21_E-70.CEL	NIOHELZQFBGCEO-UHFFFAOYSA-N	164	micromolar	False
07_11_21_E-71.CEL	WVTKBKWTSCPRNU-KYJUHHDHSA-N	80.3	micromolar	False
07_11_21_E-72.CEL	IBQMHBGFMLHHLE-UHFFFAOYSA-N	126	micromolar	False
07_11_26_E-73.CEL		1	percent	True
07_11_26_E-74.CEL	LJLXQHHFAKVTNP-UHFFFAOYSA-N	134	micromolar	False
07_11_26_E-75.CEL	XNZHJADQXXCSFV-OCCSQVGLSA-N	140	micromolar	False
07_11_26_E-76.CEL	VMEGFMNVSYVVOM-UHFFFAOYSA-N	155	micromolar	False
07_11_26_E-77.CEL	PGGUOGKHUUUWAF-ROUUACIJSA-N	138	micromolar	False
07_11_26_E-78.CEL	DRCMAZOSEIMCHM-UHFFFAOYSA-N	133	micromolar	False
07_11_26_E-79.CEL	JZODKRWQWUWGCD-UHFFFAOYSA-N	150	micromolar	False
07_11_26_E-80.CEL	LPUBIDJYIRFDOT-UHFFFAOYSA-N	192	micromolar	False
07_11_26_E-81.CEL		1	percent	True
07_11_26_E-82.CEL	ZKZXNDJNWUTGDK-NSCUHMNNSA-N	112	micromolar	False
07_11_26_E-83.CEL	MAASHDQFQDDECQ-UHFFFAOYSA-N	161	micromolar	False
07_11_26_E-84.CEL	PGOKBMWPBDRDGN-LVCZELDUSA-N	89.3	micromolar	False
07_11_29_E-85.CEL	FNCOVSWSZZVFBQ-UHFFFAOYSA-N	294	micromolar	False
07_11_29_E-86.CEL	PCZOHLXUXFIOCF-BXMDZJJMSA-N	124	micromolar	False
07_11_29_E-87.CEL	LMXYVLFTZRPNRV-KMKOMSMNSA-N	63.9	micromolar	False
07_11_29_E-89.CEL		1	percent	True
07_11_29_E-90.CEL	WHDJEAZLMYPLGL-UHFFFAOYSA-N	153	micromolar	False
07_11_29_E-91.CEL	HYWYRSMBCFDLJT-UHFFFAOYSA-N	162	micromolar	False
07_11_29_E-92.CEL	BTIHMVBBUGXLCJ-OAHLLOKOSA-N	141	micromolar	False
07_11_29_E-93.CEL	OLTZHXYLLRJLST-UHFFFAOYSA-N	175	micromolar	False
07_11_29_E-94.CEL	TUCIOBMMDDOEMM-RIYZIHGNSA-N	170	micromolar	False
07_11_29_E-95.CEL	LZAXPYOBKSJSEX-UHFFFAOYSA-N	171	micromolar	False
07_11_29_E-96.CEL	RFBVBRVVOPAAFS-UHFFFAOYSA-N	270	micromolar	False
07_11_30_5-73.CEL		1	percent	True
07_11_30_5-74.CEL	UYDNDWBXVXZOTA-UHFFFAOYSA-N	41.7	micromolar	False
07_11_30_5-75.CEL	WRZFUOOSXMQGBT-JZJYNLBNSA-N	2.65	nanomolar	False
07_11_30_5-76.CEL	JLRLGONHCPAGDX-UHFFFAOYSA-N	102	micromolar	False
07_11_30_5-77.CEL	YMZAYLQBCODNGT-UHFFFAOYSA-N	87.3	micromolar	False
07_11_30_5-78.CEL	ITQNSQLQESIJBP-UHFFFAOYSA-N	113	micromolar	False
07_11_30_5-79.CEL	BFIFBLMKFOYJPP-UHFFFAOYSA-N	62.6	micromolar	False
07_11_30_5-80.CEL	FCCVQNVGIHAMGY-UHFFFAOYSA-N	62.8	micromolar	False
07_11_30_5-81.CEL		1	percent	True
07_11_30_5-82.CEL	XXJDIYDFYRKVLB-YRNVUSSQSA-N	682	micromolar	False
07_11_30_5-83.CEL	MLCQNZQXVSPVEE-UHFFFAOYSA-N	13.8	micromolar	False
07_11_30_5-84.CEL	FGIQAVBDULQHRW-CMDGGOBGSA-N	11.6	micromolar	False
07_12_04_5-1.CEL		1	percent	True
07_12_04_5-10.CEL	QKPRDNYBJYTPLF-VMPITWQZSA-N	13.7	micromolar	False
07_12_04_5-11.CEL	KCDVLESKXQDBPH-UHFFFAOYSA-N	27.8	micromolar	False
07_12_04_5-2.CEL	BIUQAEAEHYMSPE-UHFFFAOYSA-N	26.7	micromolar	False
07_12_04_5-3.CEL	NVBNLWGCRFMOIU-UHFFFAOYSA-N	170	micromolar	False
07_12_04_5-4.CEL	CZKTYPOIXMVYQB-UHFFFAOYSA-N	268	micromolar	False
07_12_04_5-5.CEL	QTRIGFJYNKGEIO-UHFFFAOYSA-N	172	micromolar	False
07_12_04_5-6.CEL	QUEGIWVIZDVOPL-UKWGHVSLSA-N	30.3	micromolar	False
07_12_04_5-7.CEL	SSKIMMCUCZAFTO-UHFFFAOYSA-N	28	micromolar	False
07_12_04_5-8.CEL	DZMBWGIDAQHZED-UHFFFAOYSA-N	174	micromolar	False
07_12_04_5-9.CEL		1	percent	True
07_12_05_5-13.CEL	MRJPNCJTBJIFHI-QQTULTPQSA-N	215	micromolar	False
07_12_05_5-14.CEL	SCMITPNPFWCURP-UHFFFAOYSA-N	6.71	micromolar	False
07_12_05_5-15.CEL	SLRCMANOLOGLLP-UHFFFAOYSA-N	63.4	micromolar	False
07_12_05_5-16.CEL	POVGDMXEDGPTGA-UHFFFAOYSA-N	48.2	micromolar	False
07_12_05_5-17.CEL		1	percent	True
07_12_05_5-18.CEL	RCVKPERXWXTZSO-UHFFFAOYSA-N	10.6	micromolar	False
07_12_05_5-19.CEL	WUFSCZGAQIOILP-YBEGLDIGSA-N	209	micromolar	False
07_12_05_5-20.CEL	AQDKTHFYGXJVBN-UHFFFAOYSA-N	53.3	micromolar	False
07_12_05_5-21.CEL	PFZCWJHRVQMOHW-UHFFFAOYSA-N	2.54	micromolar	False
07_12_05_5-22.CEL	MHAXBZBBMXYYBU-UHFFFAOYSA-N	17.3	micromolar	False
07_12_05_5-23.CEL	FBKCHMDLFIWFMF-UHFFFAOYSA-N	94	micromolar	False
07_12_05_5-24.CEL	MIFVUFZOBMTKRY-UHFFFAOYSA-N	89.3	micromolar	False
07_12_06_5-25.CEL		1	percent	True
07_12_06_5-26.CEL	QDFJDWXCNLXZGJ-UHFFFAOYSA-N	191	micromolar	False
07_12_06_5-27.CEL	DELLOEULSHGYCG-UHFFFAOYSA-N	52.4	micromolar	False
07_12_06_5-28.CEL	AAPWCIWYSSCVPX-UHFFFAOYSA-N	221	micromolar	False
07_12_06_5-29.CEL	UKOVZLWSUZKTRL-UHFFFAOYSA-N	147	micromolar	False
07_12_06_5-30.CEL	AOGKHZAXGNKOMP-UHFFFAOYSA-N	610	nanomolar	False
07_12_06_5-31.CEL	MTQALLSXLREZEC-OBGWFSINSA-N	110	micromolar	False
07_12_06_5-32.CEL	IQDQTMDENMTDBV-UHFFFAOYSA-N	519	micromolar	False
07_12_06_5-33.CEL		1	percent	True
07_12_06_5-34.CEL	GICUDSHECYQJKN-VQHVLOKHSA-N	25.7	micromolar	False
07_12_06_5-35.CEL	MPKZCHVYMPOGRL-UHFFFAOYSA-N	34.9	micromolar	False
07_12_06_5-36.CEL	CMCGHRHRAQYHQQ-UHFFFAOYSA-N	476	micromolar	False
07_12_07_5-37.CEL	ASHZHQPKGGNJDL-YBEGLDIGSA-N	45.7	micromolar	False
07_12_07_5-38.CEL	CEMSMUYIQPCAOH-UHFFFAOYSA-N	187	micromolar	False
07_12_07_5-39.CEL	MMDUOIUWEWNNQF-UHFFFAOYSA-N	37	micromolar	False
07_12_07_5-40.CEL	PQLFQXNYRICORF-UHFFFAOYSA-N	51.5	micromolar	False
07_12_07_5-41.CEL		1	percent	True
07_12_07_5-42.CEL	OXCCUFXJRLKBPC-UHFFFAOYSA-N	16.2	micromolar	False
07_12_07_5-43.CEL	XTWOXPSDCVBAGB-UHFFFAOYSA-N	21.3	micromolar	False
07_12_07_5-44.CEL	PSOZKQIGMSJVFV-MOTOTAFCSA-N	158	micromolar	False
07_12_07_5-45.CEL	OXAZPAPVJZTSMR-UHFFFAOYSA-N	155	micromolar	False
07_12_07_5-46.CEL	SLSBXLSIKUJUDU-UHFFFAOYSA-N	72.9	micromolar	False
07_12_07_5-47.CEL	OGLUCGQGVRXQDW-UHFFFAOYSA-N	112	micromolar	False
07_12_07_5-48.CEL	JUIDNHMRFHXGSO-UHFFFAOYSA-N	614	micromolar	False
07_12_11_5-49.CEL		1	percent	True
07_12_11_5-50.CEL	DERDAKKOWIHJAY-UHFFFAOYSA-N	330	micromolar	False
07_12_11_5-51.CEL	DWKBIUBIASWQMZ-UHFFFAOYSA-N	44.5	micromolar	False
07_12_11_5-52.CEL	ZMCIBJPSSYCLSA-UHFFFAOYSA-N	16.5	micromolar	False
07_12_11_5-53.CEL	MTAWZMIULVBHNF-LUUHTGMGSA-N	68.4	micromolar	False
07_12_11_5-54.CEL	IDYLOMJSJGBBMS-UHFFFAOYSA-N	7.48	micromolar	False
07_12_11_5-55.CEL	CQXVGPJFAGUFBI-UHFFFAOYSA-N	160	micromolar	False
07_12_11_5-56.CEL	DBYNPBSEYSAOIS-UHFFFAOYSA-O	62.6	micromolar	False
07_12_11_5-57.CEL		1	percent	True
07_12_11_5-58.CEL	ZEANNYDNUYNTGB-UHFFFAOYSA-N	44.2	micromolar	False
07_12_11_5-59.CEL	TXLROKCNHNHTLU-UHFFFAOYSA-N	17.7	micromolar	False
07_12_11_5-60.CEL	KYUSTKYOXPSKCA-UHFFFAOYSA-N	84.7	micromolar	False
07_12_12_5-61.CEL	VYBIVKRSLHNZBZ-UHFFFAOYSA-N	40	micromolar	False
07_12_12_5-62.CEL	VAFSSJQNIXIBOE-UHFFFAOYSA-N	11.9	micromolar	False
07_12_12_5-63.CEL	FLSGACJZRSGMOA-UUYOSTAYSA-N	22.7	micromolar	False
07_12_12_5-64.CEL	GOSXYOIWVJACTD-UHFFFAOYSA-N	38.6	micromolar	False
07_12_12_5-85.CEL	VINGTFWNMOXCNQ-UHFFFAOYSA-N	92	micromolar	False
07_12_12_5-86.CEL	MRBADEVIVHRDIW-UHFFFAOYSA-N	110	micromolar	False
07_12_12_5-87.CEL	GFHVBGYRIRAULC-UHFFFAOYSA-N	41	micromolar	False
07_12_12_5-88.CEL	VUPXFUMCXLXTED-UHFFFAOYSA-N	211	micromolar	False
07_12_12_5-89.CEL		1	percent	True
07_12_12_5-90.CEL	YFKFJHGNRYDDBF-UHFFFAOYSA-O	156	micromolar	False
07_12_12_5-91.CEL	CJTLRFFECCKGDJ-UHFFFAOYSA-N	88.9	micromolar	False
07_12_12_5-92.CEL	XNOGQBRATHMGLR-UHFFFAOYSA-N	15.4	micromolar	False
07_12_14_5-93.CEL	KUCGAGONGXZTOE-UHFFFAOYSA-N	191	micromolar	False
07_12_14_5-94.CEL	VWWIZWZCXNZMNC-UHFFFAOYSA-N	8.15	micromolar	False
07_12_14_5-95.CEL	ZDESTPITUFXLPZ-AUEPDCJTSA-N	57	micromolar	False
07_12_14_5-96.CEL	HBAOKWBRQDXTMH-UHFFFAOYSA-N	52.9	micromolar	False
08_01_09_6-1.CEL		1	percent	True
08_01_09_6-10.CEL	SHJLBPUTXATXRW-UHFFFAOYSA-N	34.1	micromolar	False
08_01_09_6-11.CEL	NNLFMLKGPMHEAF-UHFFFAOYSA-N	22.4	micromolar	False
08_01_09_6-2.CEL	IVZZZGLXUQBECB-UHFFFAOYSA-N	154	micromolar	False
08_01_09_6-3.CEL	XKCYIWZKYFMOCM-UHFFFAOYSA-N	46.5	micromolar	False
08_01_09_6-4.CEL	HKDOQQYMNWPUBN-UHFFFAOYSA-N	61.7	micromolar	False
08_01_09_6-5.CEL	QLXSKISOUXDVMK-UHFFFAOYSA-N	10.8	micromolar	False
08_01_09_6-6.CEL	LGCNXFADJBQMSC-UHFFFAOYSA-N	73.7	micromolar	False
08_01_09_6-7.CEL	IDJGRXQMAHESOD-UHFFFAOYSA-N	116	micromolar	False
08_01_09_6-8.CEL	CSCVLIGUSJOZFN-UHFFFAOYSA-N	82.8	micromolar	False
08_01_09_6-9.CEL		1	percent	True
08_01_10_6-13.CEL	OMFFMHDBCLYMPU-UHFFFAOYSA-N	20.2	micromolar	False
08_01_10_6-14.CEL	PLMXENZVCZGCHM-DEDYPNTBSA-N	86.5	micromolar	False
08_01_10_6-15.CEL	ZOSCLVRDFHFOHY-LFIBNONCSA-N	41.6	micromolar	False
08_01_10_6-16.CEL	NPZZXTUKCRVPHW-UHFFFAOYSA-N	62.9	micromolar	False
08_01_10_6-17.CEL		1	percent	True
08_01_10_6-18.CEL	NAUVDUAFMRTQQN-UHFFFAOYSA-N	38.1	micromolar	False
08_01_10_6-19.CEL	LFDCTFOZNHPJED-UHFFFAOYSA-N	45.9	micromolar	False
08_01_10_6-20.CEL	HEFTZORMGMTRPG-UHFFFAOYSA-N	314	micromolar	False
08_01_10_6-21.CEL	VUNJXWVEKYSUJZ-UHFFFAOYSA-N	119	micromolar	False
08_01_10_6-22.CEL	DGUYNCOMHJNSBV-UHFFFAOYSA-N	38.6	micromolar	False
08_01_10_6-23.CEL	OZNHWVNFKJECRK-UHFFFAOYSA-N	66.8	micromolar	False
08_01_10_6-24.CEL	GVFVOLLPFJNCPC-UHFFFAOYSA-N	159	micromolar	False
08_01_11_6-25.CEL		1	percent	True
08_01_11_6-26.CEL	VZJMOBOCJKRZFP-UHFFFAOYSA-N	86.3	micromolar	False
08_01_11_6-27.CEL	UQCNZQFTNGZZLE-YVNNLAQVSA-N	155	micromolar	False
08_01_11_6-28.CEL	UPFZYXWYLMXCDM-VMPITWQZSA-N	23.7	micromolar	False
08_01_11_6-29.CEL	FLEURRNKVDUGOR-UHFFFAOYSA-N	22.4	micromolar	False
08_01_11_6-30.CEL	JJRQRBZNHZPNDE-UHFFFAOYSA-N	117	micromolar	False
08_01_11_6-31.CEL	KCIVXMIFEQMUDC-UHFFFAOYSA-N	107	micromolar	False
08_01_11_6-33.CEL		1	percent	True
08_01_11_6-34.CEL	SMDCDPWEJOZMDM-IPPBACCNSA-N	167	micromolar	False
08_01_11_6-35.CEL	WZWBUKYWFYASHW-UHFFFAOYSA-N	108	micromolar	False
08_01_11_6-36.CEL	NKBMBEGQQBFSDD-JLHYYAGUSA-N	35	micromolar	False
08_01_14_6-37.CEL	XDCSSXMPPBUTQH-ZDLGFXPLSA-N	33.2	micromolar	False
08_01_14_6-38.CEL	PZVOHVNJYQQHJI-RVDMUPIBSA-N	108	micromolar	False
08_01_14_6-39.CEL	WKJURPXEWJJWGJ-UHFFFAOYSA-N	432	micromolar	False
08_01_14_6-40.CEL	YHWRPTNDJULNKW-YRNVUSSQSA-N	32.1	micromolar	False
08_01_14_6-41.CEL		1	percent	True
08_01_14_6-42.CEL	STNTUWWFJRZWPX-FMCGGJTJSA-N	26.3	micromolar	False
08_01_14_6-43.CEL	JLIFGFRXBLCQSK-DHDCSXOGSA-N	16.9	micromolar	False
08_01_14_6-44.CEL	SXLBXLPJRGTUGT-UHFFFAOYSA-N	28	micromolar	False
08_01_14_6-45.CEL	NEGJHAXQMSCICH-UHFFFAOYSA-N	121	micromolar	False
08_01_14_6-46.CEL	PBQVGTOQMUVSRN-UHFFFAOYSA-N	33	micromolar	False
08_01_14_6-47.CEL	AZNNBONKLSEZOT-UHFFFAOYSA-N	175	micromolar	False
08_01_14_6-48.CEL	OUFYYVAASPLOAA-UHFFFAOYSA-N	16	micromolar	False
08_01_15_6-49.CEL		1	percent	True
08_01_15_6-50.CEL	JDRUHELATNKNIQ-UHFFFAOYSA-N	76.7	micromolar	False
08_01_15_6-51.CEL	BCUPQOPHSHPXET-UHFFFAOYSA-N	183	micromolar	False
08_01_15_6-52.CEL	MWUKVAZSLDCXIQ-ZSOIEALJSA-N	41.5	micromolar	False
08_01_15_6-53.CEL	FNIJWCUPMHCILC-UHFFFAOYSA-N	4.65	micromolar	False
08_01_15_6-54.CEL	GXGAZZDVCYPSHO-UHFFFAOYSA-N	97.7	micromolar	False
08_01_15_6-55.CEL	SRJILMNQOFHBFH-UHFFFAOYSA-N	11.2	micromolar	False
08_01_15_6-56.CEL	HGQXEQUFSMXIGU-UHFFFAOYSA-N	24.7	micromolar	False
08_01_15_6-57.CEL		1	percent	True
08_01_15_6-58.CEL	JVJWJUQLRDIVJV-UHFFFAOYSA-N	126	micromolar	False
08_01_15_6-59.CEL	PGJJVLOPVGKUTC-MDWZMJQESA-N	7.26	micromolar	False
08_01_15_6-60.CEL	CLQPEZWMMZFTBG-UHFFFAOYSA-N	4.09	micromolar	False
08_01_16_6-61.CEL	SPABMCLDHGNLFQ-BJMVGYQFSA-N	114	micromolar	False
08_01_16_6-62.CEL	CAWGAZOGNAWLPB-UHFFFAOYSA-N	37.1	micromolar	False
08_01_16_6-63.CEL	ZPFIGRLBEWAISB-UHFFFAOYSA-N	30	micromolar	False
08_01_16_6-64.CEL	BILHRENCHAPXQD-UHFFFAOYSA-N	158	micromolar	False
08_01_16_6-65.CEL		1	percent	True
08_01_16_6-66.CEL	OODFHGROPWEEMC-UHFFFAOYSA-N	28.4	micromolar	False
08_01_16_6-67.CEL	LYLXRRVIIAPOPR-UHFFFAOYSA-N	63.3	micromolar	False
08_01_16_6-68.CEL	NUGRITYIZUXWRQ-UHFFFAOYSA-N	5.41	micromolar	False
08_01_16_6-69.CEL	FQLPGRTTWAZLNW-UHFFFAOYSA-N	27.3	micromolar	False
08_01_16_6-70.CEL	KOLPZKQPBGVSAU-UHFFFAOYSA-N	81	micromolar	False
08_01_16_6-71.CEL	IRMWQHINYNTMNS-UHFFFAOYSA-N	33.3	micromolar	False
08_01_16_6-72.CEL	KGZXEYIVPHJIRL-UHFFFAOYSA-N	367	micromolar	False
08_01_17_6-73.CEL		1	percent	True
08_01_17_6-74.CEL	FMLHOINVMYQJPG-UHFFFAOYSA-N	38	micromolar	False
08_01_17_6-75.CEL	KBUIURUSSHIMGT-UHFFFAOYSA-N	34.4	micromolar	False
08_01_17_6-76.CEL	PIAKILNRCYLDQL-UHFFFAOYSA-N	114	micromolar	False
08_01_17_6-77.CEL	GPYOCESFBXOCNO-UHFFFAOYSA-N	55.2	micromolar	False
08_01_17_6-78.CEL	CFXZIALXQYYFQZ-AUWJEWJLSA-N	80.9	micromolar	False
08_01_17_6-79.CEL	GIJMPQLMIVNKMV-IUXPMGMMSA-N	42	micromolar	False
08_01_17_6-80.CEL	VEISSYWAHFJWGV-UHFFFAOYSA-N	187	micromolar	False
08_01_17_6-81.CEL		1	percent	True
08_01_17_6-82.CEL	HLNBBMIFCTUHKV-UHFFFAOYSA-N	86.7	micromolar	False
08_01_17_6-83.CEL	RMVJSHOIENRKIK-UHFFFAOYSA-N	102	micromolar	False
08_01_17_6-84.CEL	OZXCMYGSWXVPCA-UHFFFAOYSA-N	107	micromolar	False
08_01_18_6-85.CEL	YJIBEPBESDEPDH-UHFFFAOYSA-N	102	micromolar	False
08_01_18_6-86.CEL	MFRWFNJNFMWPJJ-UHFFFAOYSA-N	33.6	micromolar	False
08_01_18_6-87.CEL	ZUGXHHDSFVKTTL-UHFFFAOYSA-N	104	micromolar	False
08_01_18_6-88.CEL	HXJVXAIDZJNZJK-UHFFFAOYSA-N	13.9	micromolar	False
08_01_18_6-89.CEL		1	percent	True
08_01_18_6-90.CEL	KSQLDHQWAGRRMQ-UHFFFAOYSA-N	14.9	micromolar	False
08_01_18_6-91.CEL	BMXHBXKMOZSMBV-UHFFFAOYSA-N	307	micromolar	False
08_01_18_6-92.CEL	POYKQEMKERARGZ-PTNGSMBKSA-N	136	micromolar	False
08_01_18_6-93.CEL	SRKSGNYBRPJVHT-UHFFFAOYSA-N	59	micromolar	False
08_01_18_6-94.CEL	KKBMVSGBGAUGTR-UHFFFAOYSA-N	62.6	micromolar	False
08_02_25_7-1.CEL		1	percent	True
08_02_25_7-2.CEL	WUPRYUDHUFLKFL-UHFFFAOYSA-N	26.2	micromolar	False
08_03_04_8-73.CEL		1	percent	True
08_03_04_8-74.CEL	YXFXJSDMAFOQHZ-UHFFFAOYSA-N	119	micromolar	False
08_03_04_8-75.CEL	GHXLYBBHNVZJOC-NHCILGORSA-N	407	micromolar	False
08_03_04_8-76.CEL	ADGDUIDDAMQKAG-UHFFFAOYSA-N	53.7	micromolar	False
08_03_04_8-77.CEL	YXJUNTVNUADVNO-UHFFFAOYSA-N	110	micromolar	False
08_03_04_8-78.CEL	FDTGYANHAMAOCF-UHFFFAOYSA-N	451	micromolar	False
08_03_04_8-79.CEL	DCMUQSWRISJEGQ-UHFFFAOYSA-N	238	micromolar	False
08_03_04_8-80.CEL	UGJAEDFOKNAMQD-UHFFFAOYSA-N	140	micromolar	False
08_03_04_8-81.CEL		1	percent	True
08_03_04_8-82.CEL	ARJGUVIAPHIKLE-UXBLZVDNSA-N	136	micromolar	False
08_03_04_8-83.CEL	SLJOQQCIXCULGW-UHFFFAOYSA-N	85.9	micromolar	False
08_03_04_8-84.CEL	SMXOUFFPKVBWEE-UHFFFAOYSA-N	41.4	micromolar	False
08_03_05_8-85.CEL	CJVRMJIOBJQEAV-UHFFFAOYSA-N	114	micromolar	False
08_03_05_8-86.CEL	JMJFOHCLGYJSFZ-UHFFFAOYSA-N	26.6	micromolar	False
08_03_05_8-87.CEL	OKQNTQZCMNRWEL-UHFFFAOYSA-N	17	micromolar	False
08_03_05_8-88.CEL	GVLDSGIQZAFIAN-UHFFFAOYSA-N	45	micromolar	False
08_03_05_8-89.CEL		1	percent	True
08_03_05_8-90.CEL	YRCLFTLASPBIOL-UHFFFAOYSA-N	328	micromolar	False
08_03_05_8-91.CEL	YAMGDACIHVVKEF-UHFFFAOYSA-N	54.9	micromolar	False
08_03_05_8-92.CEL	OEJOOZPMOCEFND-UHFFFAOYSA-N	510	micromolar	False
08_03_05_8-93.CEL	FEYZYUICUKTEHF-WSVATBPTSA-N	34.9	micromolar	False
08_03_05_8-94.CEL	IERAOTYVRHXGMG-UHFFFAOYSA-N	473	micromolar	False
08_03_05_8-95.CEL	GQLIWGHJUSUIRN-VOTSOKGWSA-N	98	micromolar	False
08_03_05_8-96.CEL	LEQAOMBKQFMDFZ-UHFFFAOYSA-N	20.3	micromolar	False
08_03_11_8-1.CEL		1	percent	True
08_03_11_8-10.CEL	ODLOKLWVHQIGTG-RPPGKUMJSA-N	185	micromolar	False
08_03_11_8-11.CEL	PQVVQBKZHLPPNM-UHFFFAOYSA-N	77.8	micromolar	False
08_03_11_8-12.CEL	BYEQRVQYSXFEQR-GORDUTHDSA-N	114	micromolar	False
08_03_11_8-2.CEL	AOSSSSJZIRHMQW-UHFFFAOYSA-N	43.2	micromolar	False
08_03_11_8-3.CEL	SVHOXNKIZQXFJZ-HIXSDJFHSA-N	243	micromolar	False
08_03_11_8-4.CEL	HLOOVTMYBRRYOP-UHFFFAOYSA-N	611	micromolar	False
08_03_11_8-5.CEL	PLLXNLLYSXPBLU-UQYZDNHMSA-N	564	micromolar	False
08_03_11_8-6.CEL	HLPYQPCDBFDTTQ-UHFFFAOYSA-N	127	micromolar	False
08_03_11_8-7.CEL	NJSJUUVCEGAWOL-UHFFFAOYSA-N	111	micromolar	False
08_03_11_8-8.CEL	KTSCRLVWGYIJDL-UHFFFAOYSA-N	142	micromolar	False
08_03_11_8-9.CEL		1	percent	True
08_03_12_8-13.CEL	ITKWPVLOLOFGLS-UHFFFAOYSA-N	185	micromolar	False
08_03_12_8-14.CEL	OAAXNYZLQAEOBS-UHFFFAOYSA-N	94	micromolar	False
08_03_12_8-15.CEL	MOXNWEWELLSVJT-UHFFFAOYSA-N	71.8	micromolar	False
08_03_12_8-16.CEL	BXKHXGUWBXLIFW-VMPITWQZSA-N	142	micromolar	False
08_03_12_8-17.CEL		1	percent	True
08_03_12_8-18.CEL	ABKBDBXGTIMQEI-RQZCQDPDSA-N	310	micromolar	False
08_03_12_8-19.CEL	KPACHBQGIGPENA-UHFFFAOYSA-N	46.9	micromolar	False
08_03_12_8-20.CEL	LEYACHSFIUEDPZ-UHFFFAOYSA-N	204	micromolar	False
08_03_12_8-21.CEL	OPCNHLCGIRVPQO-UHFFFAOYSA-N	146	micromolar	False
08_03_12_8-22.CEL	KNMBHGSZDTURIO-UHFFFAOYSA-N	243	micromolar	False
08_03_12_8-23.CEL	YHNCVVVYWKOJFY-UHFFFAOYSA-N	58	micromolar	False
08_03_12_8-24.CEL	KFULURXNVNLJOV-UHFFFAOYSA-N	179	micromolar	False
08_03_19_8-25.CEL		1	percent	True
08_03_19_8-26.CEL	SWFPUENXLOVPMV-UHFFFAOYSA-N	80.6	micromolar	False
08_03_19_8-27.CEL	GCWXFKCZUCAFCO-UHFFFAOYSA-N	324	micromolar	False
08_03_19_8-28.CEL	PHBXCQHBDGMLOV-UHFFFAOYSA-N	26.1	micromolar	False
08_03_19_8-29.CEL	PIMZVSRHGMIQBU-UHFFFAOYSA-N	184	micromolar	False
08_03_19_8-30.CEL	CXVOXSAHGRZHDN-UHFFFAOYSA-N	658	micromolar	False
08_03_19_8-31.CEL	YRZUZUFUJBIBSV-UKTHLTGXSA-N	73.2	micromolar	False
08_03_19_8-32.CEL	HTDTVKFZAFEXDE-UHFFFAOYSA-N	349	micromolar	False
08_03_19_8-33.CEL		1	percent	True
08_03_19_8-34.CEL	CEBMGSOURCAPDC-UHFFFAOYSA-N	27.3	micromolar	False
08_03_19_8-35.CEL	LEIJUUNMDKBYLE-UHFFFAOYSA-N	49.9	micromolar	False
08_03_19_8-36.CEL	HMAVFIILOJEMLV-UHFFFAOYSA-N	279	micromolar	False
08_03_20_8-37.CEL	YMWNYFZFKMQXSO-UHFFFAOYSA-N	190	micromolar	False
08_03_20_8-38.CEL	XZWGMKAUYXISLI-UHFFFAOYSA-N	115	micromolar	False
08_03_20_8-39.CEL	ACHQQXFWSWWHOY-UHFFFAOYSA-N	137	micromolar	False
08_03_20_8-40.CEL	ULDBURWJUWKQPG-UHFFFAOYSA-N	19	micromolar	False
08_03_20_8-41.CEL		1	percent	True
08_03_20_8-42.CEL	OHSGJXJUWYJXHH-QGOAFFKASA-N	34.2	micromolar	False
08_03_20_8-43.CEL	IPEBZBGNMZQELD-UHFFFAOYSA-N	202	micromolar	False
08_03_20_8-44.CEL	SXXWAQLEOGYOSO-UHFFFAOYSA-N	22.5	micromolar	False
08_03_20_8-45.CEL	ZFEKACACXMETBH-UHFFFAOYSA-N	94.1	micromolar	False
08_03_20_8-46.CEL	ABKONMXONQQXKA-UHFFFAOYSA-N	41.2	micromolar	False
08_03_20_8-47.CEL	WEJGELKFGRHMBP-UHFFFAOYSA-N	387	micromolar	False
08_03_20_8-48.CEL	ANGUDMWXEAAKLO-XSFVSMFZSA-N	52.7	micromolar	False
08_03_25_8-49.CEL		1	percent	True
08_03_25_8-50.CEL	ZOZHRQACKWQYOW-LSCVHKIXSA-N	56.1	micromolar	False
08_03_25_8-51.CEL	PNRBLPYPEGSKQR-UHFFFAOYSA-N	80	micromolar	False
08_03_25_8-52.CEL	FICKTBOMIPGRMD-UHFFFAOYSA-N	636	micromolar	False
08_03_25_8-53.CEL	UTKCPEYHFUJVSK-UHFFFAOYSA-N	92.6	micromolar	False
08_03_25_8-54.CEL	JVGZJQMIINCCIN-NDENLUEZSA-N	57.9	micromolar	False
08_03_25_8-55.CEL	BORNFOCZNCAECU-GHIXNKMVSA-N	72.4	micromolar	False
08_03_25_8-56.CEL	IYLZJDSCZSTABQ-UHFFFAOYSA-N	203	micromolar	False
08_03_25_8-57.CEL		1	percent	True
08_03_25_8-58.CEL	WJSKGEXOBYRTNF-UHFFFAOYSA-N	261	micromolar	False
08_03_25_8-59.CEL	RDLYBUUOPNXVDW-UHFFFAOYSA-N	126	micromolar	False
08_03_25_8-60.CEL	GLJRNCZYMLAOAN-UHFFFAOYSA-N	140	micromolar	False
08_03_26_8-61.CEL	MCCXVGYSWHWHDK-UHFFFAOYSA-N	158	micromolar	False
08_03_26_8-62.CEL	OAVULPOOAHQYDZ-UHFFFAOYSA-N	283	micromolar	False
08_03_26_8-63.CEL	VHCZOCZRUNTGBS-UHFFFAOYSA-N	296	micromolar	False
08_03_26_8-64.CEL	HLNPVMAANQXJQU-UHFFFAOYSA-N	46.6	micromolar	False
08_03_26_8-65.CEL		1	percent	True
08_03_26_8-66.CEL	OWPLGTCMPHVOQU-UHFFFAOYSA-N	38.7	micromolar	False
08_03_26_8-67.CEL	IYACPGWWSFLUES-UHFFFAOYSA-N	77.9	micromolar	False
08_03_26_8-68.CEL	PNBLAGJAUXZQTL-UHFFFAOYSA-N	128	micromolar	False
08_03_26_8-69.CEL	VYPCFUHTJBCPNC-UHFFFAOYSA-N	132	micromolar	False
08_03_26_8-70.CEL	RVSBXXRKYHTGAZ-GIJQJNRQSA-N	350	micromolar	False
08_03_26_8-71.CEL	YZJPFPYIEUYCKC-UITAMQMPSA-N	130	micromolar	False
08_03_26_8-72.CEL	AFDVLSIRUVYOAF-QPEQYQDCSA-N	289	micromolar	False
08_04_01_7-10.CEL	BLKLDLGNKQQCBX-KQWNVCNZSA-N	171	micromolar	False
08_04_01_7-11.CEL	DFXHLUMKJNNXSE-UHFFFAOYSA-N	37.3	micromolar	False
08_04_01_7-12.CEL	SGVCNNGMQNCBQW-UHFFFAOYSA-N	28.3	micromolar	False
08_04_01_7-13.CEL	MPXGAWHGBQLTFF-UHFFFAOYSA-N	322	micromolar	False
08_04_01_7-3.CEL	HSKHEMGXJUDSBK-UHFFFAOYSA-N	16	micromolar	False
08_04_01_7-4.CEL	ZMTDRKIXLMJGLV-UHFFFAOYSA-N	89.3	micromolar	False
08_04_01_7-5.CEL	QXNDGERYIHWDRK-UHFFFAOYSA-N	82.9	micromolar	False
08_04_01_7-6.CEL	NIXKHMFOWNKKTK-UHFFFAOYSA-N	480	micromolar	False
08_04_01_7-7.CEL	UPTLIZVLJJLDOT-ZHACJKMWSA-N	115	micromolar	False
08_04_01_7-8.CEL	ZKCLEXXJABCQIC-UHFFFAOYSA-N	128	micromolar	False
08_04_01_7-9.CEL		1	percent	True
08_04_03_7-15.CEL	ORSCTFRUJZPQPU-YBEGLDIGSA-N	146	micromolar	False
08_04_03_7-16.CEL	BKAALDUZCPDYJK-UHFFFAOYSA-N	244	micromolar	False
08_04_03_7-17.CEL		1	percent	True
08_04_03_7-18.CEL	NLXAJRCSGBEVJZ-UHFFFAOYSA-N	126	micromolar	False
08_04_03_7-19.CEL	JGFXKXPPIIPAFJ-RMKNXTFCSA-N	86	micromolar	False
08_04_03_7-20.CEL	LFVYDUHHPGRLAT-UHFFFAOYSA-N	77.3	micromolar	False
08_04_03_7-21.CEL	BBVUAJTZGSWJDD-UHFFFAOYSA-N	76	micromolar	False
08_04_03_7-22.CEL	GKGHOUTUQAYXPU-UHFFFAOYSA-N	67.2	micromolar	False
08_04_03_7-23.CEL	MCSDFYQDURKRBW-JQIJEIRASA-N	27.3	micromolar	False
08_04_03_7-24.CEL	GZQZQOQJDQFUNS-NSIKDUERSA-N	35.3	micromolar	False
08_04_03_7-25.CEL		1	percent	True
08_04_03_7-26.CEL	ACKAVWGNSJGXHM-UHFFFAOYSA-N	44.6	micromolar	False
08_04_08_7-27.CEL	MMXGXIVVWSANMS-BOPFTXTBSA-N	136	micromolar	False
08_04_08_7-28.CEL	OBAKIMAYCCZFDH-UHFFFAOYSA-N	57.3	micromolar	False
08_04_08_7-29.CEL	NIODRQCZEOICID-UHFFFAOYSA-N	112	micromolar	False
08_04_08_7-30.CEL	NVNOTMKJDJJVHI-UHFFFAOYSA-N	517	micromolar	False
08_04_08_7-31.CEL	VGBWLEISWLDUGT-VURMDHGXSA-N	196	micromolar	False
08_04_08_7-33.CEL		1	percent	True
08_04_08_7-34.CEL	ZBPKGHOGUVVDLF-UHFFFAOYSA-N	233	micromolar	False
08_04_08_7-35.CEL	FXYKUYWNZGYJPF-UHFFFAOYSA-N	192	micromolar	False
08_04_08_7-36.CEL	FMVFWGAIQDFXJM-UHFFFAOYSA-N	94.4	micromolar	False
08_04_09_7-37.CEL	HJZFRHKAXRLQSG-UHFFFAOYSA-M	30.5	micromolar	False
08_04_09_7-38.CEL	IRGCKCXHSHLSNY-UHFFFAOYSA-N	92.7	micromolar	False
08_04_09_7-39.CEL	ZCDCGUYMOOCLSZ-UHFFFAOYSA-N	173	micromolar	False
08_04_09_7-40.CEL	JDWZIDZXOPUIPW-UHFFFAOYSA-N	65.3	micromolar	False
08_04_09_7-41.CEL		1	percent	True
08_04_09_7-42.CEL	VKNOZIUXLYWWPZ-UHFFFAOYSA-N	423	micromolar	False
08_04_09_7-43.CEL	UUTPWWFKHYOFRA-OVCLIPMQSA-N	138	micromolar	False
08_04_09_7-44.CEL	HIHNDLREWUJZKX-MLPAPPSSSA-N	188	micromolar	False
08_04_09_7-45.CEL	PWKJVXKKVOSNIA-UHFFFAOYSA-N	70.6	micromolar	False
08_04_09_7-46.CEL	YYVQGMBTHJSGCT-UHFFFAOYSA-N	79.1	micromolar	False
08_04_09_7-47.CEL	NWDGUEUPJFGXND-JJFYIABZSA-N	225	micromolar	False
08_04_09_7-48.CEL	ZUQZUNDGIIJRBZ-UHFFFAOYSA-N	155	micromolar	False
08_04_15_7-49.CEL		1	percent	True
08_04_15_7-50.CEL	ARCUVLVHQWONDY-UHFFFAOYSA-N	106	micromolar	False
08_04_15_7-51.CEL	PBJKAQJTKDWYMT-UHFFFAOYSA-N	316	micromolar	False
08_04_15_7-52.CEL	USPQXWOMWBPRCW-UHFFFAOYSA-N	78	micromolar	False
08_04_15_7-53.CEL	VQVPKLBQXGLIHN-UHFFFAOYSA-N	70.7	micromolar	False
08_04_15_7-54.CEL	JAXIFLBRKIYZKE-UHFFFAOYSA-N	270	micromolar	False
08_04_15_7-55.CEL	VNJLUJMOYWEPSU-UHFFFAOYSA-N	476	micromolar	False
08_04_15_7-56.CEL	ATKADZVINWFQOE-SOFGYWHQSA-N	151	micromolar	False
08_04_15_7-57.CEL		1	percent	True
08_04_15_7-58.CEL	DNAXDRRPGDVCKH-UHFFFAOYSA-N	155	micromolar	False
08_04_15_7-59.CEL	USDMEOIVFRDBCQ-UHFFFAOYSA-N	10.1	micromolar	False
08_04_15_7-60.CEL	PSORHRNXSLIXKV-UHFFFAOYSA-N	742	micromolar	False
08_04_16_7-61.CEL	QMARCNKWRJFPOJ-UHFFFAOYSA-N	147	micromolar	False
08_04_16_7-62.CEL	ZIIUUSVHCHPIQD-UHFFFAOYSA-N	20.9	micromolar	False
08_04_16_7-63.CEL	BXPLPMDYRAFEFN-UHFFFAOYSA-N	479	micromolar	False
08_04_16_7-64.CEL	XIMAWNGTXNERJS-UHFFFAOYSA-N	5.86	micromolar	False
08_04_16_7-65.CEL		1	percent	True
08_04_16_7-66.CEL	ONMLUYYOXKOWEP-UHFFFAOYSA-N	48	micromolar	False
08_04_16_7-67.CEL	YUOYHRVPSNQJHZ-UHFFFAOYSA-N	135	micromolar	False
08_04_16_7-68.CEL	UAQFDYHJIVFMOZ-UHFFFAOYSA-N	90	micromolar	False
08_04_16_7-69.CEL	YEWQWKFFNNLMSZ-UHFFFAOYSA-N	143	micromolar	False
08_04_16_7-70.CEL	AFIWNUXRGDOSHE-UHFFFAOYSA-N	265	micromolar	False
08_04_16_7-71.CEL	PQHBUKNDCJQQME-IBKJGWGWSA-N	148	micromolar	False
08_04_22_7-73.CEL		1	percent	True
08_04_22_7-74.CEL	WLNICOSBIJMNCP-RELWKKBWSA-N	173	micromolar	False
08_04_22_7-75.CEL	BCNYNLZUUAPJGS-UHFFFAOYSA-N	96	micromolar	False
08_04_22_7-76.CEL	USNMIXOMQNDITH-UHFFFAOYSA-N	36.9	micromolar	False
08_04_22_7-77.CEL	LWHDQPLUIFIFFT-UHFFFAOYSA-N	81.3	micromolar	False
08_04_22_7-78.CEL	ZDRHDCTYISHUDB-UHFFFAOYSA-N	46	micromolar	False
08_04_22_7-79.CEL	VCRYPZHLSGMRQY-UHFFFAOYSA-N	53.5	micromolar	False
08_04_22_7-80.CEL	DWWRMJYLOORMMN-MHWRWJLKSA-N	27.7	micromolar	False
08_04_22_7-81.CEL		1	percent	True
08_04_22_7-82.CEL	DTQIEGZLOXESHQ-UHFFFAOYSA-N	59.9	micromolar	False
08_04_24_7-83.CEL	NTSAMQATWIBDFT-UHFFFAOYSA-N	29.2	micromolar	False
08_04_24_7-84.CEL	BOIWZISLXVEWAY-UHFFFAOYSA-N	154	micromolar	False
08_04_24_7-85.CEL	KNHLWMPXYCBQCJ-UHFFFAOYSA-N	178	micromolar	False
08_04_24_7-86.CEL	CFBZZQWUZNLDKO-UHFFFAOYSA-N	100	micromolar	False
08_04_24_7-87.CEL	SBMNFUFGJXJBHH-UHFFFAOYSA-N	89.6	micromolar	False
08_04_24_7-88.CEL	WSBUHLCNENMCJP-UHFFFAOYSA-N	118	micromolar	False
08_04_24_7-89.CEL		1	percent	True
08_04_24_7-90.CEL	LGGYOCHHZUYXAR-FNIQPLQKSA-N	693	micromolar	False
08_04_24_7-91.CEL	KTXHFBIXMZEWDG-VULFUBBASA-N	139	micromolar	False
08_04_24_7-92.CEL	KPCXPWQRKNQBMW-UHFFFAOYSA-N	117	micromolar	False
08_04_24_7-93.CEL	MAHYUHNHAWSAPE-CVKSISIWSA-N	57.8	micromolar	False
08_04_24_7-94.CEL	GMZMOVNEPMUOQW-UHFFFAOYSA-N	217	micromolar	False
08_04_24_7-95.CEL	QQRXGNBWNBZAKR-UHFFFAOYSA-N	164	micromolar	False
08_04_24_7-96.CEL	KKHSVEODDKEBHK-UHFFFAOYSA-N	558	micromolar	False
08_05_01_9-1.CEL		1	percent	True
08_05_01_9-10.CEL	KOAZNFCSOAOVEQ-GHXNOFRVSA-N	75.7	micromolar	False
08_05_01_9-11.CEL	ZISILIDPIRVCTQ-SNAWJCMRSA-N	67.2	micromolar	False
08_05_01_9-12.CEL	OTMHSXSPMNUEDL-WAYWQWQTSA-N	1.35	micromolar	False
08_05_01_9-2.CEL	ZQMNUMBREHBKEB-UHFFFAOYSA-N	12.5	micromolar	False
08_05_01_9-3.CEL	TUTVDOPAKOUNQV-UHFFFAOYSA-N	71.4	micromolar	False
08_05_01_9-4.CEL	AUEFFYNFISVJTJ-UHFFFAOYSA-N	230	micromolar	False
08_05_01_9-5.CEL	XISORPJGTBPTKW-UHFFFAOYSA-N	390	micromolar	False
08_05_01_9-6.CEL	AHUGQNPASAGFGP-UHFFFAOYSA-N	91.2	micromolar	False
08_05_01_9-7.CEL	ADPQTYQGRNTBAV-UHFFFAOYSA-N	11.1	micromolar	False
08_05_01_9-8.CEL	VVZBJQLCFQMRLI-UHFFFAOYSA-N	143	micromolar	False
08_05_01_9-9.CEL		1	percent	True
08_05_06_9-13.CEL	RWAXHCZXKNGEFW-UHFFFAOYSA-N	15.3	micromolar	False
08_05_06_9-14.CEL	IBAUCIYWRBMAMS-UHFFFAOYSA-N	4.51	micromolar	False
08_05_06_9-15.CEL	GYVQZQFEXWYMOP-UHFFFAOYSA-N	148	micromolar	False
08_05_06_9-16.CEL	SCXAYTWCHGRQPA-UHFFFAOYSA-N	5.54	micromolar	False
08_05_06_9-17.CEL		1	percent	True
08_05_06_9-20.CEL	YIFKMNQYIAKKJF-UHFFFAOYSA-N	85.6	micromolar	False
08_05_06_9-21.CEL	FZKZJOKUFYGTKL-UHFFFAOYSA-N	241	micromolar	False
08_05_06_9-22.CEL	FBLAHUMENIHUGG-UHFFFAOYSA-N	75.9	micromolar	False
08_05_06_9-23.CEL	VHIZJSVECYVZTO-UHFFFAOYSA-N	453	micromolar	False
08_05_06_9-24.CEL	KJYYVKYSBVQXBM-NVNXTCNLSA-N	439	micromolar	False
08_05_06_9-25.CEL		1	percent	True
08_05_08_9-26.CEL	DWAWHEKTGBPHCA-UHFFFAOYSA-N	21	micromolar	False
08_05_08_9-27.CEL	BPPBVOICFJALNK-UHFFFAOYSA-N	192	micromolar	False
08_05_08_9-28.CEL	SECVRJVIQKHBKI-UHFFFAOYSA-N	25	micromolar	False
08_05_08_9-29.CEL	UYSRBUVVSIYHKP-UHFFFAOYSA-M	11.3	micromolar	False
08_05_08_9-30.CEL	XTQXACZULRWFPY-UHFFFAOYSA-N	1.35	micromolar	False
08_05_08_9-31.CEL	POMVXMJASACHTI-UHFFFAOYSA-N	2.77	micromolar	False
08_05_08_9-32.CEL	GGIKJDPZRIOUKR-UHFFFAOYSA-N	54.6	micromolar	False
08_05_08_9-33.CEL		1	percent	True
08_05_08_9-34.CEL	BGVXUADKPAJQBF-JXMROGBWSA-N	25.1	micromolar	False
08_05_08_9-35.CEL	VZRNIVHKBXPVMN-UERKNBGBSA-N	110	micromolar	False
08_05_08_9-36.CEL	DRFMRJBOMFXSMB-UHFFFAOYSA-N	10.2	micromolar	False
08_05_08_9-37.CEL	DLHRPFVERCOHRS-UHFFFAOYSA-N	129	micromolar	False
08_05_13_9-39.CEL	LYAOHUVQTBMDDG-UHFFFAOYSA-N	172	micromolar	False
08_05_13_9-40.CEL	RMZKSJUOWYXPGU-IZZDOVSWSA-N	301	micromolar	False
08_05_13_9-41.CEL		1	percent	True
08_05_13_9-42.CEL	NMFBKAUQJNTTBW-UHFFFAOYSA-N	262	micromolar	False
08_05_13_9-43.CEL	LAAMFYYXHGDSRH-UHFFFAOYSA-N	155	micromolar	False
08_05_13_9-44.CEL	PXULFLOFICHVBD-UHFFFAOYSA-N	213	micromolar	False
08_05_13_9-45.CEL	WBMLAODDWQSUQY-UHFFFAOYSA-N	44.1	micromolar	False
08_05_13_9-46.CEL	FVAUVQDKEWUTKC-UHFFFAOYSA-N	57.6	micromolar	False
08_05_13_9-47.CEL	MYLISZOVCXSGTF-PTNGSMBKSA-N	149	micromolar	False
08_05_13_9-48.CEL	PSIDVLQBLHZTTJ-UHFFFAOYSA-N	234	micromolar	False
08_05_13_9-49.CEL		1	percent	True
08_05_15_9-50.CEL	DBGYRGHNQNOOTO-UHFFFAOYSA-N	488	micromolar	False
08_05_15_9-51.CEL	IHFYJLOOWUDKMZ-UHFFFAOYSA-N	117	micromolar	False
08_05_15_9-52.CEL	GFPMSDAAABXZHE-VKAVYKQESA-N	25.7	micromolar	False
08_05_15_9-53.CEL	TXTFTYDDKAVFHN-UHFFFAOYSA-N	56.8	micromolar	False
08_05_15_9-54.CEL	MNVCQHXWRVJHGI-RMKNXTFCSA-N	33.1	micromolar	False
08_05_15_9-55.CEL	BQNPTQYYUHKFLX-UHFFFAOYSA-N	13.7	micromolar	False
08_05_15_9-56.CEL	UIVKNNAQRINTRE-WGDLNXRISA-N	162	micromolar	False
08_05_15_9-57.CEL		1	percent	True
08_05_15_9-58.CEL	HTAUVJPDFDVVHV-UHFFFAOYSA-N	87.2	micromolar	False
08_05_15_9-59.CEL	MLIXHAHNCBLSNV-UNOMPAQXSA-N	170	micromolar	False
08_05_15_9-60.CEL	AWWCRWADLQILFM-DHDCSXOGSA-N	351	micromolar	False
08_05_15_9-61.CEL	DFYOPNAAXURGHM-UHFFFAOYSA-N	24.6	micromolar	False
08_05_20_9-62.CEL	QAUOIXWYAKBGIX-DEDYPNTBSA-N	334	micromolar	False
08_05_20_9-63.CEL	MTVFSKBKWKCAIP-UHFFFAOYSA-N	16.8	micromolar	False
08_05_20_9-64.CEL	IGFSAVURETUQDW-UHFFFAOYSA-N	153	micromolar	False
08_05_20_9-65.CEL		1	percent	True
08_05_20_9-66.CEL	IFHXPTNRJZKDAL-DHZHZOJOSA-N	9.62	micromolar	False
08_05_20_9-67.CEL	DUPVGFMKXACAET-UHFFFAOYSA-N	6.97	micromolar	False
08_05_20_9-68.CEL	QGARNMFKWNYXAB-UHFFFAOYSA-N	82.7	micromolar	False
08_05_20_9-69.CEL	QRTIHKBCRWQQGK-YVMONPNESA-N	47.2	micromolar	False
08_05_20_9-70.CEL	YRPCEGFPKMQCHL-YHYXMXQVSA-N	133	micromolar	False
08_05_20_9-71.CEL	VUXDSWRSGDQYRJ-RMKNXTFCSA-N	29	micromolar	False
08_05_20_9-72.CEL	VKUAQDQXGDOJSD-UHFFFAOYSA-N	48.9	micromolar	False
08_05_20_9-73.CEL		1	percent	True
08_05_21_9-74.CEL	NHQSHDRVDXMDQR-UHFFFAOYSA-N	55.9	micromolar	False
08_05_21_9-75.CEL	VHISDCKHKOBPKN-UHFFFAOYSA-N	13.7	micromolar	False
08_05_21_9-76.CEL	UHPBVXCJPKCAAM-UHFFFAOYSA-N	44.5	micromolar	False
08_05_21_9-78.CEL	IAZDUUIBTPNMJE-VOTSOKGWSA-N	31.4	micromolar	False
08_05_21_9-79.CEL	NORCDOGAJXQZKZ-UHFFFAOYSA-N	28.3	micromolar	False
08_06_04_9-80.CEL	VLBLGBNVXOKLSS-UHFFFAOYSA-N	478	micromolar	False
08_06_04_9-81.CEL		1	percent	True
08_06_04_9-82.CEL	XZMXXDXFHOVSEF-UHFFFAOYSA-N	141	micromolar	False
08_06_04_9-83.CEL	NHUXXJPRIHSCBJ-UHFFFAOYSA-N	60.1	micromolar	False
08_06_04_9-84.CEL	RXTJOCNYCYFDSQ-UHFFFAOYSA-N	2.07	micromolar	False
08_06_04_9-85.CEL	JFHXWMRFXORESD-UHFFFAOYSA-N	114	micromolar	False
08_06_04_9-86.CEL	ZORPRWNIHCQZMZ-UHFFFAOYSA-N	396	micromolar	False
08_06_04_9-87.CEL	CFRFHWQYWJMEJN-UHFFFAOYSA-N	215	micromolar	False
08_06_04_9-88.CEL	KRRBMTIKXCFLSD-UHFFFAOYSA-N	526	micromolar	False
08_06_04_9-89.CEL		1	percent	True
08_07_09_10-80.CEL	NKBRFRZQFYYIPL-UHFFFAOYSA-N	75.5	micromolar	False
08_07_09_10-81.CEL		1	percent	True
08_07_09_10-82.CEL	LKPDUXLBIIHXON-UHFFFAOYSA-N	47.7	micromolar	False
08_07_09_10-83.CEL	KKGFFQSFDZJSEK-UHFFFAOYSA-N	149	micromolar	False
08_07_09_10-84.CEL	UJULBDVFQIHTAV-UHFFFAOYSA-N	490	micromolar	False
08_07_09_10-85.CEL	GYXDKFKCSUDTOR-UHFFFAOYSA-N	236	micromolar	False
08_07_09_10-86.CEL	JKVXBXBBBCNQFF-UHFFFAOYSA-N	2.18	micromolar	False
08_07_09_10-87.CEL	NIWLUIYEFZWWQH-UHFFFAOYSA-N	167	micromolar	False
08_07_09_10-88.CEL	RIHJVVHRLYBWEP-UHFFFAOYSA-N	408	micromolar	False
08_07_09_10-89.CEL		1	percent	True
08_07_22_10-91.CEL	MBABOKRGFJTBAE-UHFFFAOYSA-N	110	millimolar	False
08_07_22_10-92.CEL	WRZFUOOSXMQGBT-JZJYNLBNSA-N	42	nanomolar	False
08_07_22_10-93.CEL	QJOZJXNKVMFAET-UHFFFAOYSA-N	728.09	nanomolar	False
08_07_22_10-94.CEL	DAWSYIQAGQMLFS-SFHVURJKSA-N	770.73	nanomolar	False
08_07_22_10-95.CEL	FWZKNPRCZCUJMQ-UHFFFAOYSA-N	403.57	nanomolar	False
08_07_22_10-96.CEL	HPNSFSBZBAHARI-RUDMXATFSA-N	780.42	nanomolar	False
08_08_15_10-49.CEL		1	percent	True
08_08_15_10-50.CEL	QJZKGJAPOATHKT-UHFFFAOYSA-N	372	micromolar	False
08_09_03_10-51.CEL	YPUXHMRFHYJRLN-UHFFFAOYSA-N	480	micromolar	False
08_09_03_10-52.CEL	XBKAIZMQSRVQCU-LKUDQCMESA-N	73.3	micromolar	False
08_09_03_10-53.CEL	VSXAMNSIRGHYQV-UHFFFAOYSA-N	21.3	micromolar	False
08_09_03_10-54.CEL	FEIMCWHNBNBAHH-UHFFFAOYSA-N	59.6	micromolar	False
08_09_03_10-55.CEL	DRBWUGJJKRTKMJ-UHFFFAOYSA-N	59.4	micromolar	False
08_09_03_10-56.CEL	ZHLHOYCEJNEVGW-UHFFFAOYSA-N	123	micromolar	False
08_09_03_10-57.CEL		1	percent	True
08_09_03_10-58.CEL	DWOZBVPZDFQNFG-UHFFFAOYSA-N	58.7	micromolar	False
08_09_03_10-59.CEL	JMCCXTIGFGVBRZ-UHFFFAOYSA-N	398	micromolar	False
08_09_03_10-60.CEL	BKYWTITVOOQXFJ-UHFFFAOYSA-N	265	micromolar	False
08_09_03_10-61.CEL	WBHZYIITYMITBK-UHFFFAOYSA-N	566	micromolar	False
08_09_03_10-62.CEL	BFFZHBHYXIHNKW-UHFFFAOYSA-N	154	micromolar	False
08_09_04_10-63.CEL	TTXYDMVOVAJTCI-UHFFFAOYSA-N	114	micromolar	False
08_09_04_10-64.CEL	ZUPRUYKDNMXKSG-UHFFFAOYSA-N	338	micromolar	False
08_09_04_10-65.CEL		1	percent	True
08_09_04_10-66.CEL	DYBFEHWYXYZOSP-UHFFFAOYSA-N	430	micromolar	False
08_09_04_10-67.CEL	ALJZFUNHEUBSCR-UHFFFAOYSA-N	401	micromolar	False
08_09_04_10-68.CEL	MJPNDTUCRKKJRX-UHFFFAOYSA-N	46.7	micromolar	False
08_09_04_10-69.CEL	IMXPBIVHPVHSIJ-UHFFFAOYSA-N	342	micromolar	False
08_09_09_10-1.CEL		1	percent	True
08_09_09_10-2.CEL	IXLQQINBCDIZGZ-UHFFFAOYSA-N	45.3	micromolar	False
08_09_09_10-70.CEL	XMSMOXHKSOTNSX-GXDHUFHOSA-N	54.8	micromolar	False
08_09_09_10-71.CEL	DDKJECHBDWLFFD-UHFFFAOYSA-N	460	micromolar	False
08_09_09_10-72.CEL	OYKGYZPIDWVUDX-XMHGGMMESA-N	227	micromolar	False
08_09_09_10-73.CEL		1	percent	True
08_09_09_10-74.CEL	KVPHHQPWYLJMIZ-UHFFFAOYSA-N	105	micromolar	False
08_09_09_10-75.CEL	HRWOPJLHROFHKD-UHFFFAOYSA-N	231	micromolar	False
08_09_09_10-76.CEL	UCUYMXSMUBCWGS-UHFFFAOYSA-N	11.3	micromolar	False
08_09_09_10-77.CEL	OXRNQEJVYBPFJC-UHFFFAOYSA-N	87.4	micromolar	False
08_09_09_10-78.CEL	DUCXQFAHDINGEV-UHFFFAOYSA-N	211	micromolar	False
08_09_09_10-79.CEL	LUNFYIYRSZNSKV-UHFFFAOYSA-N	75.3	micromolar	False
08_09_10_10-3.CEL	NVYUEKOPKWWRJJ-ZHACJKMWSA-N	146	micromolar	False
08_09_10_10-4.CEL	IDIJAUPALWSRMM-OUKQBFOZSA-N	94.1	micromolar	False
08_09_10_10-5.CEL	BGSPSXBNQGDYCI-UHFFFAOYSA-N	82.7	micromolar	False
08_09_10_10-6.CEL	FVNGQVLEXLACMT-UHFFFAOYSA-N	232	micromolar	False
08_09_16_10-10.CEL	MPMZSHBASKBPKF-VAWYXSNFSA-N	9.7	micromolar	False
08_09_16_10-11.CEL	DSNJWBWIHZBKBY-UHFFFAOYSA-N	2.85	micromolar	False
08_09_16_10-12.CEL	PEGSVRHBGVCXME-UHFFFAOYSA-N	33	micromolar	False
08_09_16_10-7.CEL	FHXSTIMUHDDCHE-UHFFFAOYSA-N	191	micromolar	False
08_09_16_10-8.CEL	YMXGYYJCNAJZDQ-UHFFFAOYSA-N	14.1	micromolar	False
08_09_16_10-9.CEL		1	percent	True
08_09_17_10-13.CEL	LSWGXOOSIAEHBE-SEYXRHQNSA-N	33	micromolar	False
08_09_17_10-14.CEL	CRVLBCGJELEIKF-VAWYXSNFSA-N	107	micromolar	False
08_09_17_10-15.CEL	FBJAGPZIMYFDSU-UHFFFAOYSA-N	7.7	micromolar	False
08_09_17_10-16.CEL	FZGCNPIHCXQKLO-UHFFFAOYSA-N	372	micromolar	False
08_09_17_10-17.CEL		1	percent	True
08_09_17_10-18.CEL	GBZOPKFXYPZCDU-QGMBQPNBSA-N	21.5	micromolar	False
08_09_17_10-19.CEL	TYWCNIPWHLUZQB-UHFFFAOYSA-N	151	micromolar	False
08_09_17_10-20.CEL	PXKDPADCRZHGOW-DNMQNISESA-N	19.4	micromolar	False
08_09_17_10-21.CEL	YMTISLCQXGXNOZ-UHFFFAOYSA-N	308	micromolar	False
08_09_17_10-22.CEL	OTMYLOBWDNFTLO-UHFFFAOYSA-N	30.2	micromolar	False
08_09_17_10-23.CEL	GACIWOLKJMJYEQ-UHFFFAOYSA-N	352	micromolar	False
08_09_17_10-24.CEL	OWOWJBUZFCWJGR-UHFFFAOYSA-N	340	micromolar	False
08_09_23_10-25.CEL		1	percent	True
08_09_23_10-26.CEL	MGVOGBWHXXFBSU-UHFFFAOYSA-N	134	micromolar	False
08_09_23_10-27.CEL	UOZOOVKLJXSXQK-UHFFFAOYSA-N	19.5	micromolar	False
08_09_23_10-28.CEL	KATQKAIFLVFBEK-UHFFFAOYSA-N	26.7	micromolar	False
08_09_23_10-29.CEL	GQQAMHRIHJIXIJ-UHFFFAOYSA-N	195	micromolar	False
08_09_23_10-30.CEL	QGKZSWOBGSWBBF-UHFFFAOYSA-N	65.9	micromolar	False
08_09_23_10-31.CEL	UJHGVKSRLMQLBM-SEYXRHQNSA-N	138	micromolar	False
08_09_23_10-32.CEL	JAKSETALLYIUNX-UHFFFAOYSA-N	28.5	micromolar	False
08_09_23_10-33.CEL		1	percent	True
08_09_23_10-34.CEL	HRIMBXKMKRXNLE-UHFFFAOYSA-N	47.6	micromolar	False
08_09_23_10-35.CEL	BMRIJLJYELBGOF-CIAFOILYSA-N	135	micromolar	False
08_09_23_10-36.CEL	OVWRDDUBOLGMIS-UHFFFAOYSA-N	87.4	micromolar	False
08_09_24_10-37.CEL	ZDQGSUCMJZBZOC-UHFFFAOYSA-N	121	micromolar	False
08_09_24_10-38.CEL	VGHUNHMCOJGJSJ-UHFFFAOYSA-N	201	micromolar	False
08_09_24_10-39.CEL	HAJKZGTYMOQZOZ-UHFFFAOYSA-N	54.9	micromolar	False
08_09_24_10-40.CEL	RMOUWVCHCMBBMC-UHFFFAOYSA-N	27.5	micromolar	False
08_09_24_10-41.CEL		1	percent	True
08_09_24_10-42.CEL	SQFNCEKTEKNPCN-UHFFFAOYSA-N	12.2	micromolar	False
08_09_24_10-43.CEL	YWKXLWSLQFXBLS-UHFFFAOYSA-O	2.91	micromolar	False
08_09_24_10-44.CEL	NMKQCZUCONTOKU-UHFFFAOYSA-N	8.71	micromolar	False
08_09_24_10-45.CEL	WEKMIMCAEGYNET-UHFFFAOYSA-N	84	micromolar	False
08_09_24_10-46.CEL	HZFWRSYLBKELBF-UHFFFAOYSA-N	404	micromolar	False
08_09_24_10-47.CEL	HKKMTINBQLULNL-UHFFFAOYSA-N	103	micromolar	False
08_09_24_10-48.CEL	OMIMGTHJMGNADB-UHFFFAOYSA-N	10.3	micromolar	False
08_10_14_11-1.CEL		1	percent	True
08_10_14_11-10.CEL	MQFPPMNTMRFPQW-YVLHZVERSA-N	41.3	micromolar	False
08_10_14_11-12.CEL	SYUJGOWWFRBILM-UHFFFAOYSA-N	64.7	micromolar	False
08_10_14_11-2.CEL	CWCKIMYBCAVPOG-UHFFFAOYSA-N	162	micromolar	False
08_10_14_11-3.CEL	UDJMFMSUGQJSFH-UHFFFAOYSA-N	62.7	micromolar	False
08_10_14_11-4.CEL	ZOYXISIRYJLHSP-UHFFFAOYSA-N	138	micromolar	False
08_10_14_11-5.CEL	DQWUWFGUNTVNAC-UHFFFAOYSA-N	34.6	micromolar	False
08_10_14_11-7.CEL	IGEVYWJXBSXJPB-UHFFFAOYSA-N	1.8	micromolar	False
08_10_14_11-9.CEL		1	percent	True
08_10_15_11-13.CEL	QZTWSDNLYXWCBK-UHFFFAOYSA-N	137	micromolar	False
08_10_15_11-14.CEL	VZVDPZVCALCROO-UHFFFAOYSA-N	177	micromolar	False
08_10_15_11-15.CEL	WEUSXIBCGCFOQR-UHFFFAOYSA-N	22.7	micromolar	False
08_10_15_11-16.CEL	SUOAXGSNCZHZAY-UHFFFAOYSA-N	8.67	micromolar	False
08_10_15_11-17.CEL		1	percent	True
08_10_15_11-18.CEL	ZJHVBJIZKKHVGY-UHFFFAOYSA-N	44.4	micromolar	False
08_10_15_11-19.CEL	KNEPKOQSGFSSJJ-UHFFFAOYSA-N	172	micromolar	False
08_10_15_11-20.CEL	IJCSKFYHYFBPNB-UHFFFAOYSA-N	100	micromolar	False
08_10_15_11-22.CEL	QAYGWPKQQQTWMF-UHFFFAOYSA-N	199	micromolar	False
08_10_15_11-23.CEL	PHVLTBORIWSJKL-UHFFFAOYSA-N	4.4	micromolar	False
08_10_15_11-24.CEL	CNCSTIPEWOWJGX-UHFFFAOYSA-N	255	micromolar	False
08_10_22_11-25.CEL		1	percent	True
08_10_22_11-26.CEL	USBJAMMXIGFVLX-UHFFFAOYSA-N	70	micromolar	False
08_10_22_11-27.CEL	GVGJONSSZLBTJH-UHFFFAOYSA-N	6	micromolar	False
08_10_22_11-28.CEL	OXQRYRABXLSCLE-UHFFFAOYSA-N	9.87	micromolar	False
08_10_22_11-29.CEL	JOWQUJSUTXABCC-UHFFFAOYSA-N	15.2	micromolar	False
08_10_22_11-30.CEL	ILKSGPGCWWKYTM-UHFFFAOYSA-N	17.4	micromolar	False
08_10_22_11-31.CEL	UVOYRRXVWKDTKA-UHFFFAOYSA-N	18	micromolar	False
08_10_22_11-32.CEL	CRFITBLJZAUCAW-UHFFFAOYSA-N	241	micromolar	False
08_10_22_11-33.CEL		1	percent	True
08_10_22_11-34.CEL	XNGCUIBXOYHSBO-UHFFFAOYSA-N	69.3	micromolar	False
08_10_22_11-35.CEL	UBDOIXKMXCICLP-UHFFFAOYSA-N	82	micromolar	False
08_10_28_11-37.CEL	MCIYJCSAOJOHTR-UHFFFAOYSA-N	38	micromolar	False
08_10_28_11-38.CEL	IINNOWQMMDWMMI-UHFFFAOYSA-N	168	micromolar	False
08_10_28_11-39.CEL	BTUNIUUBPAXJCE-UHFFFAOYSA-N	28.1	micromolar	False
08_10_28_11-40.CEL	PCECIMWPOAIRAM-UHFFFAOYSA-N	3.4	micromolar	False
08_10_28_11-41.CEL		1	percent	True
08_10_28_11-42.CEL	INOZKKRYQIHMSU-UHFFFAOYSA-N	93.3	micromolar	False
08_10_29_11-43.CEL	HMIZBFXFFBXNEB-DHZHZOJOSA-N	85.3	micromolar	False
08_10_29_11-44.CEL	RQLSHWMGAOADHG-UHFFFAOYSA-N	21.3	micromolar	False
08_10_29_11-45.CEL	AZQSOOCKRGNSPD-UHFFFAOYSA-N	16	micromolar	False
08_10_29_11-46.CEL	QBJRABMOPULTHF-UHFFFAOYSA-N	26	micromolar	False
08_10_29_11-47.CEL	PGXHRHXBSJSPCP-LICLKQGHSA-N	70	micromolar	False
08_10_29_11-48.CEL	XNRGDUQYBDLLLQ-RQZCQDPDSA-N	30.6	micromolar	False
08_11_07_11-49.CEL		1	percent	True
08_11_07_11-50.CEL	GYTPWUUEFKHVOQ-UHFFFAOYSA-N	8.67	micromolar	False
08_11_07_11-51.CEL	QMEZVWNBBHSSRZ-UHFFFAOYSA-N	4.8	micromolar	False
08_11_07_11-52.CEL	SKHKUQDIOKDKRJ-UHFFFAOYSA-N	64.7	micromolar	False
08_11_07_11-53.CEL	FUSKBDBJBAYRBC-GRSHGNNSSA-N	36.7	micromolar	False
08_11_07_11-54.CEL	ZEPWSNXCHBOONG-UHFFFAOYSA-N	16	micromolar	False
08_11_07_11-55.CEL	LYXUJVGRXMMRMV-UHFFFAOYSA-N	98.7	micromolar	False
08_11_07_11-56.CEL	XYOLASZCQRCWIT-ZSOIEALJSA-N	21.3	micromolar	False
08_11_07_11-57.CEL		1	percent	True
08_11_07_11-58.CEL	CMAPJRSVMIIZKO-LXOGZNDWSA-N	12.7	micromolar	False
08_11_07_11-59.CEL	AOLKXWKPFHQLTG-UHFFFAOYSA-N	55.2	micromolar	False
08_11_07_11-60.CEL	AZBUBLADLOVHKT-UHFFFAOYSA-N	33.5	micromolar	False
08_11_11_11-61.CEL	CHWSEMMNBNNBCX-UHFFFAOYSA-N	78.7	micromolar	False
08_11_11_11-62.CEL	PRWIOEGVJASEDF-UHFFFAOYSA-N	154	micromolar	False
08_11_11_11-63.CEL	UTDUKRASFDMEAP-UHFFFAOYSA-N	94	micromolar	False
08_11_12_11-64.CEL	JNPILYJDTTVDGS-UHFFFAOYSA-N	155	micromolar	False
08_11_12_11-65.CEL		1	percent	True
08_11_12_11-66.CEL	YFRHGJUZBYPRIZ-UHFFFAOYSA-N	107	micromolar	False
08_11_12_11-67.CEL	ZHFDAQCVGOFONE-UHFFFAOYSA-N	82	micromolar	False
08_11_12_11-68.CEL	IUYHQXQULKHTOS-UHFFFAOYSA-N	19.3	micromolar	False
08_11_12_11-69.CEL	NEUJWBMEHXUICN-UHFFFAOYSA-N	1.78	micromolar	False
08_11_18_11-70.CEL	JJEPSVVWZDJVCX-UHFFFAOYSA-N	165	micromolar	False
08_11_18_11-71.CEL	QKDDPDJJDGWEPN-UHFFFAOYSA-N	216	micromolar	False
08_11_18_11-72.CEL	NGALFKPFMUEMSJ-UHFFFAOYSA-N	82	micromolar	False
08_11_18_11-73.CEL		1	percent	True
08_11_18_11-74.CEL	CUBZPJNMBNGTFC-UHFFFAOYSA-N	24.5	micromolar	False
08_11_18_11-75.CEL	BZVYAIVUIDKPTL-BQYQJAHWSA-N	66	micromolar	False
08_11_18_11-76.CEL	ASIRBRKGCGBLEP-UHFFFAOYSA-O	69.3	micromolar	False
08_11_18_11-77.CEL	SXGFPOPZCBJRRT-NKVSQWTQSA-N	78	micromolar	False
08_11_18_11-78.CEL	JOVAHLHZCDSGMA-GRSHGNNSSA-N	198	micromolar	False
08_11_18_11-79.CEL	OKKCQNOEZYCHMK-UHFFFAOYSA-N	134	micromolar	False
08_11_19_11-80.CEL	MFMXUKBZTRUKOS-UHFFFAOYSA-N	167	micromolar	False
08_11_19_11-81.CEL		1	percent	True
08_11_19_11-82.CEL	GMLWUIOMUFRCHP-UHFFFAOYSA-N	86	micromolar	False
08_11_19_11-83.CEL	CFLODTCSGMYDQM-UHFFFAOYSA-N	115	micromolar	False
08_11_19_11-84.CEL	KTJZVEXZSFGILS-RWPWKDLBSA-N	134	micromolar	False
08_11_19_11-85.CEL	UZNJPIXNIZOTQZ-UHFFFAOYSA-N	97.3	micromolar	False
08_11_19_11-86.CEL	VDVUKNXOFXNYSI-UHFFFAOYSA-N	171	micromolar	False
08_11_19_11-87.CEL	ZAHOCPVVQPLAQN-UHFFFAOYSA-N	82	micromolar	False
08_11_19_11-88.CEL	PPDGDYXNGBQWKT-UHFFFAOYSA-N	110	micromolar	False
08_11_19_11-89.CEL		1	percent	True
08_12_04_f-1.CEL		1	percent	True
08_12_04_f-10.CEL	SLVMESMUVMCQIY-UHFFFAOYSA-N	14.2	micromolar	False
08_12_04_f-11.CEL	AUZONCFQVSMFAP-UHFFFAOYSA-N	1.84	micromolar	False
08_12_04_f-12.CEL	FVYXIJYOAGAUQK-UHFFFAOYSA-N	6.76	micromolar	False
08_12_04_f-2.CEL	ZYSCHNVPUOSLNC-BTJKTKAUSA-N	2.48	micromolar	False
08_12_04_f-3.CEL	XMAYWYJOQHXEEK-OZXSUGGESA-N	628	nanomolar	False
08_12_04_f-4.CEL	VNFPBHJOKIVQEB-UHFFFAOYSA-N	1.36	micromolar	False
08_12_04_f-5.CEL	JCCNYMKQOSZNPW-UHFFFAOYSA-N	26.9	micromolar	False
08_12_04_f-6.CEL	HCIBTBXNLVOFER-UHFFFAOYSA-N	8.49	micromolar	False
08_12_04_f-7.CEL	QICQDZXGZOVTEF-MELYUZJYSA-N	8.81	micromolar	False
08_12_04_f-8.CEL	RIULCFSTKRDHBX-UHFFFAOYSA-N	6.31	micromolar	False
08_12_04_f-9.CEL		1	percent	True
08_12_09_f-13.CEL	WVNOAGNOIPTWPT-UHFFFAOYSA-N	14.9	nanomolar	False
08_12_09_f-14.CEL	NQPDXQQQCQDHHW-UHFFFAOYSA-N	3.09	micromolar	False
08_12_09_f-15.CEL	AOCCBINRVIKJHY-UHFFFAOYSA-N	3.8	micromolar	False
08_12_09_f-16.CEL	CEUORZQYGODEFX-UHFFFAOYSA-N	15.2	micromolar	False
08_12_09_f-17.CEL		1	percent	True
08_12_09_f-18.CEL	VHVPQPYKVGDNFY-UHFFFAOYSA-N	331	nanomolar	False
08_12_09_f-19.CEL	XRECTZIEBJDKEO-UHFFFAOYSA-N	377	nanomolar	False
08_12_09_f-20.CEL	JGPMMRGNQUBGND-UHFFFAOYSA-N	36.1	micromolar	False
08_12_09_f-21.CEL	JVHPTYWUBOQMBP-RVFAQHLVSA-N	2.36	micromolar	False
08_12_09_f-22.CEL	VKQFCGNPDRICFG-UHFFFAOYSA-N	24.4	micromolar	False
08_12_09_f-23.CEL	BLFQGGGGFNSJKA-XHXSRVRCSA-N	6	micromolar	False
08_12_10_11-95.CEL	VSJKWCGYPAHWDS-UHFFFAOYSA-N	424.86	nanomolar	False
08_12_10_11-96.CEL	RZUHGAKUNBFQJS-UHFFFAOYSA-N	707.39	nanomolar	False
08_12_10_f-24.CEL	BCEHBSKCWLPMDN-MGPLVRAMSA-N	435	nanomolar	False
08_12_10_f-25.CEL		1	percent	True
08_12_10_f-26.CEL	MWWSFMDVAYGXBV-RUELKSSGSA-N	7.67	micromolar	False
08_12_10_f-27.CEL	GPUADMRJQVPIAS-QCVDVZFFSA-M	2.18	micromolar	False
08_12_10_f-28.CEL	VLEUZFDZJKSGMX-ONEGZZNKSA-N	9.05	micromolar	False
08_12_10_f-29.CEL	OCAPBUJLXMYKEJ-UHFFFAOYSA-N	369	nanomolar	False
08_12_10_f-30.CEL	BWMISRWJRUSYEX-SZKNIZGXSA-N	2.25	micromolar	False
09_01_27_f-31.CEL	XPOQHMRABVBWPR-ZDUSSCGKSA-N	20.7	micromolar	False
09_01_27_f-32.CEL	RMMXLENWKUUMAY-UHFFFAOYSA-N	47.6	micromolar	False
09_01_27_f-33.CEL		1	percent	True
09_01_27_f-34.CEL	XFCLJVABOIYOMF-QPLCGJKRSA-N	6.32	micromolar	False
09_01_27_f-35.CEL	CUXQPMGPJPHNFO-UHFFFAOYSA-N	7.97	micromolar	False
09_01_27_f-36.CEL	BFFSMCNJSOPUAY-LMOVPXPDSA-N	25.4	micromolar	False
09_01_27_f-37.CEL	WHQCHUCQKNIQEC-UHFFFAOYSA-N	15.5	micromolar	False
09_01_27_f-38.CEL	CYLGPNGMJHSIPL-VWDRLOGHSA-N	32.2	micromolar	False
09_01_27_f-39.CEL	RHGYHLPFVJEAOC-FFNUKLMVSA-L	7.23	micromolar	False
09_01_27_f-40.CEL	WDQPAMHFFCXSNU-UHFFFAOYSA-N	15.1	micromolar	False
09_01_27_f-41.CEL		1	percent	True
09_01_27_f-42.CEL	WVSBVULKJPWRBT-UHFFFAOYSA-N	2.85	micromolar	False
09_01_28_f-44.CEL	ITPDYQOUSLNIHG-UHFFFAOYSA-N	5.07	micromolar	False
09_01_28_f-45.CEL	DYEFUKCXAQOFHX-UHFFFAOYSA-N	5.29	micromolar	False
09_01_28_f-46.CEL	ZBPAHEUAJMCLRD-BTJKTKAUSA-N	26.1	micromolar	False
09_01_28_f-47.CEL	ZEUITGRIYCTCEM-KRWDZBQOSA-N	36.1	micromolar	False
09_01_28_f-48.CEL	QJJXYPPXXYFBGM-KVDYWLTISA-N	29.8	micromolar	False
09_01_28_f-49.CEL		1	percent	True
09_01_28_f-50.CEL	MWWSFMDVAYGXBV-FGBSZODSSA-N	18.1	micromolar	False
09_01_28_f-51.CEL	KIJRKSHEIAFGBH-KSNCNXGASA-N	11.7	micromolar	False
09_01_28_f-52.CEL	HTIQEAQVCYTUBX-UHFFFAOYSA-N	47	micromolar	False
09_01_29_f-53.CEL	WCGUUGGRBIKTOS-GPOJBZKASA-N	729.14	nanomolar	False
09_01_29_f-54.CEL	QZESEGHSLFKZIV-UHFFFAOYSA-N	928.26	nanomolar	False
09_01_29_f-55.CEL	GYLGASXCHFNKHD-UHFFFAOYSA-N	1.24	micromolar	False
09_01_29_f-56.CEL	IGELAJYEOYKEOS-UHFFFAOYSA-N	510.7	nanomolar	False
09_01_29_f-57.CEL		1	percent	True
09_01_29_f-58.CEL	KPGMHZQXQVDYNT-UHFFFAOYSA-N	1.17	micromolar	False
09_01_29_f-59.CEL	BLUAFEHZUWYNDE-UHFFFAOYSA-N	1.18	micromolar	False
09_01_29_f-60.CEL	RODXRVNMMDRFIK-UHFFFAOYSA-N	1.73	micromolar	False
09_01_29_f-61.CEL	VCCRNZQBSJXYJD-UHFFFAOYSA-N	695.68	nanomolar	False
09_01_29_f-62.CEL	ZNJFBWYDHIGLCU-HWKXXFMVSA-N	1.58	micromolar	False
09_01_29_f-63.CEL	SHGAZHPCJJPHSC-YCNIQYBTSA-N	1.11	micromolar	False
09_01_29_f-64.CEL	GHKISGDRQRSCII-UHFFFAOYSA-N	707.47	nanomolar	False
09_02_18_f-65.CEL		1	percent	True
09_02_18_f-66.CEL	KTEXNACQROZXEV-CDQRVUJFSA-N	318.54	nanomolar	False
09_02_18_f-67.CEL	ZCCUUQDIBDJBTK-UHFFFAOYSA-N	1.79	micromolar	False
09_02_18_f-68.CEL	DGMPVYSXXIOGJY-UHFFFAOYSA-N	630.51	nanomolar	False
09_02_18_f-69.CEL	YKPUWZUDDOIDPM-SOFGYWHQSA-N	818.57	nanomolar	False
09_02_18_f-70.CEL	GNRIZKKCNOBBMO-UHFFFAOYSA-N	811.29	nanomolar	False
09_02_18_f-71.CEL	XHEFDIBZLJXQHF-UHFFFAOYSA-N	1.16	micromolar	False
09_02_18_f-72.CEL	IMKJGXCIJJXALX-WYDTTWCOSA-N	1.33	micromolar	False
09_02_18_f-73.CEL		1	percent	True
09_02_18_f-74.CEL	LINHZVMHXABQLB-ZDUSSCGKSA-N	1.02	micromolar	False
09_02_18_f-76.CEL	JXSVIVRDWWRQRT-XLDSUCGTSA-N	681.4	nanomolar	False
09_02_19_12-1.CEL		1	percent	True
09_02_19_12-2.CEL	QCEHOGQBJLVNHB-UHFFFAOYSA-N	235	micromolar	False
09_02_19_12-3.CEL	YSDYISWTRNVXKE-UHFFFAOYSA-N	223	micromolar	False
09_02_19_12-4.CEL	ZATIXFIANBVNRV-UHFFFAOYSA-N	15.9	micromolar	False
09_02_19_12-5.CEL	BIFKLSFKQZXOFW-UHFFFAOYSA-N	32.3	micromolar	False
09_02_19_12-6.CEL	SUWSYCDPBOIRII-UHFFFAOYSA-N	2.5	micromolar	False
09_02_19_12-7.CEL	AKRGNUOZWXCIGE-UHFFFAOYSA-N	50	micromolar	False
09_02_19_12-8.CEL	SXFVOOSWOKCVKQ-UHFFFAOYSA-N	42.5	micromolar	False
09_02_19_f-77.CEL	XJQPQKLURWNAAH-UHFFFAOYSA-N	536.71	nanomolar	False
09_02_19_f-78.CEL	YEHCICAEULNIGD-MZMPZRCHSA-N	1.06	micromolar	False
09_02_19_f-79.CEL	LECLBYWFRKFHIQ-UHFFFAOYSA-N	100	micromolar	False
09_02_24_12-10.CEL	TWWOZUFAWUTEGG-UHFFFAOYSA-N	1.03	micromolar	False
09_02_24_12-11.CEL	RTFGNLKMQZLCET-UHFFFAOYSA-N	46.9	micromolar	False
09_02_24_12-12.CEL	MGWPIFDMVXXWHP-UHFFFAOYSA-N	2.98	micromolar	False
09_02_24_12-13.CEL	SBMDQUXVPFMTRH-DHDCSXOGSA-N	52.6	micromolar	False
09_02_24_12-14.CEL	IRVXEGFUIMYAIR-UHFFFAOYSA-N	9.78	micromolar	False
09_02_24_12-15.CEL	KLMHBVQKLVFBDH-UHFFFAOYSA-N	5.08	micromolar	False
09_02_24_12-9.CEL		1	percent	True
09_02_25_12-16.CEL	MRIBGIIKBBWXPJ-UHFFFAOYSA-N	12.5	micromolar	False
09_02_25_12-17.CEL		1	percent	True
09_02_25_12-18.CEL	XOEYSUSAYBFPPS-UHFFFAOYSA-N	10.2	micromolar	False
09_02_25_12-19.CEL	YPIVAASJCYVBIF-UHFFFAOYSA-N	7	micromolar	False
09_02_25_12-20.CEL	USAKVYHRWZXKIZ-UHFFFAOYSA-N	12.3	micromolar	False
09_02_25_12-21.CEL	CLBFLRTUMYCASL-UHFFFAOYSA-N	27.7	micromolar	False
09_02_25_12-22.CEL	KVQTTYBSOMTHJH-UHFFFAOYSA-N	23.3	micromolar	False
09_02_25_12-23.CEL	VPPAJVRIQGSDAB-UHFFFAOYSA-N	10.9	micromolar	False
09_02_25_12-24.CEL	KHYJVMZGHNYTNP-UHFFFAOYSA-N	15.3	micromolar	False
09_02_25_12-25.CEL		1	percent	True
09_02_25_12-26.CEL	UGBZHNOJTGBFCM-UHFFFAOYSA-N	15.9	micromolar	False
09_02_25_12-27.CEL	VSVFOXUJURPLKD-UHFFFAOYSA-N	267	micromolar	False
09_02_26_12-28.CEL	CFSQEKHSPXFHNV-UHFFFAOYSA-N	150	micromolar	False
09_02_26_12-29.CEL	SQDDOBFVYZQULI-UHFFFAOYSA-N	48.2	micromolar	False
09_02_26_12-30.CEL	PNDAWGRLMNAXKL-UHFFFAOYSA-N	4.88	micromolar	False
09_02_26_12-31.CEL	WYAYATLUEBZFBV-UHFFFAOYSA-N	27.6	micromolar	False
09_02_26_12-32.CEL	CJJBSODSKOXXSQ-UHFFFAOYSA-N	91.8	micromolar	False
09_02_26_12-33.CEL		1	percent	True
09_02_26_12-34.CEL	DELFMBBFXRKTKC-UHFFFAOYSA-N	61.2	micromolar	False
09_02_26_12-35.CEL	FICGCDWTHKPIRI-UHFFFAOYSA-N	10.5	micromolar	False
09_02_26_12-36.CEL	CNTFUMFXUXAARV-MTJSOVHGSA-N	110	micromolar	False
09_02_26_12-37.CEL	JXDHWIWGXVLIGJ-UHFFFAOYSA-N	20.1	micromolar	False
09_02_26_12-38.CEL	FBJNXCUERNEAOJ-UHFFFAOYSA-N	49.9	micromolar	False
09_02_26_12-39.CEL	OOAQOQQMVJTXIL-SXGWCWSVSA-N	93.7	micromolar	False
09_03_03_12-40.CEL	GDMKOCOXYTXOAP-GDNBJRDFSA-N	30.3	micromolar	False
09_03_03_12-41.CEL		1	percent	True
09_03_03_12-42.CEL	PSIUHCRUOJPTTE-JAIQZWGSSA-N	225	micromolar	False
09_03_03_12-43.CEL	UNCNIPZLAZSVFS-UHFFFAOYSA-N	148	micromolar	False
09_03_03_12-44.CEL	HURPBQISJXWHLD-UHFFFAOYSA-N	80.5	micromolar	False
09_03_03_12-45.CEL	QPQKUYVSJWQSDY-UHFFFAOYSA-N	25.8	micromolar	False
09_03_03_12-46.CEL	FCRLYYQMRWSKIT-UHFFFAOYSA-N	64.8	micromolar	False
09_03_03_12-47.CEL	KCZNXICHYFBCMX-UHFFFAOYSA-N	21.4	micromolar	False
09_03_05_12-48.CEL	BQOFIHKBQDUWDE-UHFFFAOYSA-N	85	micromolar	False
09_03_05_12-49.CEL		1	percent	True
09_03_05_12-50.CEL	NXBNYUSXDBHELA-DHZHZOJOSA-N	122	micromolar	False
09_03_05_12-51.CEL	KPXGYSOEVDIKOH-UHFFFAOYSA-N	51.1	micromolar	False
09_03_05_12-52.CEL	GRIXIWINDPCWQJ-UHFFFAOYSA-N	27.6	micromolar	False
09_03_05_12-53.CEL	IWXIIEULXRLBSZ-UHFFFAOYSA-N	83.3	micromolar	False
09_03_05_12-54.CEL	DGRQOADCHTYQIV-UHFFFAOYSA-N	23.6	micromolar	False
09_03_05_12-55.CEL	HFWWPJGYQOWDNB-MFOYZWKCSA-N	191	micromolar	False
09_03_05_12-56.CEL	WSMDQGYKDURSCT-UHFFFAOYSA-N	9.29	micromolar	False
09_03_05_12-57.CEL		1	percent	True
09_03_05_12-58.CEL	MLMYPFYUGJOXPR-UHFFFAOYSA-N	285	micromolar	False
09_03_05_12-59.CEL	PWWVDTDJZFDTAS-UHFFFAOYSA-N	220	micromolar	False
09_03_05_12-60.CEL	PWWVDTDJZFDTAS-UHFFFAOYSA-N	220	micromolar	False
09_03_05_12-61.CEL	XORPSCXUGHOEDB-UHFFFAOYSA-N	198	micromolar	False
09_03_05_12-62.CEL	KHSDHNLRCZZBNZ-ZROIWOOFSA-N	139	micromolar	False
09_03_05_12-63.CEL	DPKHRHNHJCXRCJ-UHFFFAOYSA-N	81.3	micromolar	False
09_03_12_12-64.CEL	QJWRNZFZNOSBGI-UHFFFAOYSA-N	26	micromolar	False
09_03_12_12-65.CEL		1	percent	True
09_03_12_12-66.CEL	NKJOFPOGWQEQJE-VYIQYICTSA-N	117	micromolar	False
09_03_12_12-67.CEL	BJPIPVJGSBLORI-XPIJMPOUSA-N	4.57	micromolar	False
09_03_12_12-68.CEL	ZHXBNPPHMUJAKW-UHFFFAOYSA-N	7.28	micromolar	False
09_03_12_12-69.CEL	BSKBQBHUSDSDCK-UHFFFAOYSA-N	13	micromolar	False
09_03_12_12-70.CEL	SIHKKGAJTPFHND-UHFFFAOYSA-N	10.6	micromolar	False
09_03_12_12-71.CEL	AVYSDNAYDISKFG-UHFFFAOYSA-N	21.4	micromolar	False
09_03_12_12-72.CEL	GZQWYCDIAJTSSK-UHFFFAOYSA-N	41.5	micromolar	False
09_03_12_12-73.CEL		1	percent	True
09_03_12_12-74.CEL	WGUBABIKMOPRKV-UHFFFAOYSA-N	225	micromolar	False
09_03_12_12-75.CEL	AYURKVVCUVKFLJ-UHFFFAOYSA-O	41.1	micromolar	False
09_03_12_12-76.CEL	WCZDEWHCMMNLLN-MOSHPQCFSA-N	184	micromolar	False
09_03_12_12-77.CEL	ISGHIZSBNIJYED-MHWRWJLKSA-N	267	micromolar	False
09_03_13_12-78.CEL	RPQWGXGXKFXWSK-COOPMVRXSA-N	86.7	micromolar	False
09_03_13_12-79.CEL	ULYPFEFNGKFKSF-UHFFFAOYSA-N	4.46	micromolar	False
09_03_13_12-80.CEL	GNFLGPKULPTPRY-NVMNQCDNSA-N	18.4	micromolar	False
09_03_13_12-81.CEL		1	percent	True
09_03_13_12-82.CEL	GWQMAAFAFCEWTA-WQRHYEAKSA-N	45.9	micromolar	False
09_03_13_12-83.CEL	BRABMTSFYHWGIO-UHFFFAOYSA-N	29.6	micromolar	False
09_03_17_11-11.CEL	ZLDPDHWNKCMIBH-UHFFFAOYSA-N	103	micromolar	False
09_03_17_11-21.CEL	QLMNNUFBRRSPQF-UHFFFAOYSA-N	18.3	micromolar	False
09_03_17_11-36.CEL	SOBTVCXFFLNSSB-UHFFFAOYSA-N	76	micromolar	False
09_03_17_11-8.CEL	WGOZGLWOMICCLV-UHFFFAOYSA-N	132	micromolar	False
09_03_17_12-84.CEL	KGQSAQLUPDRFTL-MFOYZWKCSA-N	141	micromolar	False
09_03_17_12-85.CEL	PTIJHEQVUMRYGO-NDENLUEZSA-N	50.3	micromolar	False
09_03_17_12-86.CEL	PTIJHEQVUMRYGO-NDENLUEZSA-N	50.3	micromolar	False
09_03_17_12-87.CEL	FGPUJNZPFSVBCJ-UHFFFAOYSA-N	750	nanomolar	False
09_03_17_12-88.CEL	CBCLDHWZLMKPMJ-UHFFFAOYSA-N	32.3	micromolar	False
09_03_17_7-14.CEL	ACWQXWMGJQISFW-ZSOIEALJSA-N	585	micromolar	False
09_03_17_7-72.CEL	QCUJUQUOGYRFHO-UHFFFAOYSA-N	115	micromolar	False
09_03_17_9-18.CEL	BLPQYNXHZFLVEE-UHFFFAOYSA-N	63.7	micromolar	False
09_03_24_13-1.CEL		1	percent	True
09_03_24_13-10.CEL	ILRNJSYWKDGDIJ-UHFFFAOYSA-N	11.2	micromolar	False
09_03_24_13-11.CEL	ZXIOIEODTZUVFQ-ZHACJKMWSA-N	9.65	micromolar	False
09_03_24_13-12.CEL	MILBSLMMVSWOBR-UHFFFAOYSA-N	255	micromolar	False
09_03_24_13-2.CEL	DVEHJFHIOVIDFI-UHFFFAOYSA-N	30.7	micromolar	False
09_03_24_13-3.CEL	MAVJRVREXBVZHI-UHFFFAOYSA-N	33.1	micromolar	False
09_03_24_13-4.CEL	ZWBVZENHCZAZKT-NVMNQCDNSA-N	193	micromolar	False
09_03_24_13-5.CEL	SSGUXMZISLXZNI-UHFFFAOYSA-N	257	micromolar	False
09_03_24_13-6.CEL	DISBFDYIBYWYJZ-UHFFFAOYSA-N	1.18	micromolar	False
09_03_24_13-7.CEL	BPVYSUVZLXEVPR-UHFFFAOYSA-N	147	micromolar	False
09_03_24_13-8.CEL	WYLFFTJIRAPETP-UHFFFAOYSA-N	294	micromolar	False
09_03_24_13-9.CEL		1	percent	True
09_03_25_13-13.CEL	IAQHPZFALQQESM-UHFFFAOYSA-N	20.6	micromolar	False
09_03_25_13-14.CEL	VICFFLFQTNBJHT-UHFFFAOYSA-N	35.4	micromolar	False
09_03_25_13-15.CEL	QARGXIZDEGZMIX-UHFFFAOYSA-N	46.6	micromolar	False
09_03_25_13-16.CEL	KBUZJZKSNUZFMM-UHFFFAOYSA-N	52.5	micromolar	False
09_03_25_13-17.CEL		1	percent	True
09_03_25_13-18.CEL	NIYYWCQUDKBFRY-UHFFFAOYSA-N	12.2	micromolar	False
09_03_25_13-19.CEL	LYIPTGJTONUTPI-UHFFFAOYSA-N	3.77	micromolar	False
09_03_25_13-20.CEL	YAVAVQDYJARRAU-UHFFFAOYSA-N	125	micromolar	False
09_03_25_13-21.CEL	JYZCIUCMMKGFOX-UHFFFAOYSA-N	161	micromolar	False
09_03_25_13-22.CEL	PBKCJNOFHGLNEZ-UHFFFAOYSA-N	14.2	micromolar	False
09_03_25_13-23.CEL	BVPBRAIJMFYRGI-UHFFFAOYSA-N	15.5	micromolar	False
09_03_25_13-24.CEL	MOZDKDIOPSPTBH-UHFFFAOYSA-N	21.5	micromolar	False
09_03_25_13-25.CEL		1	percent	True
09_03_25_13-26.CEL	KCSOZYRZCDAZRU-UHFFFAOYSA-N	258	micromolar	False
09_03_25_13-27.CEL	XMEYYGOWYRWDCQ-UHFFFAOYSA-N	46.1	micromolar	False
09_03_25_13-28.CEL	VMNXKIDUTPOHPO-UHFFFAOYSA-N	48.8	micromolar	False
09_03_31_13-29.CEL	GYILTWOZZTXCMD-UHFFFAOYSA-N	35.4	micromolar	False
09_03_31_13-30.CEL	XUTDQIGWRAHQDV-UHFFFAOYSA-N	42.1	micromolar	False
09_03_31_13-31.CEL	DEKAKJHJLZRBKP-UHFFFAOYSA-N	50.8	micromolar	False
09_03_31_13-32.CEL	CDRIHKYUUKWROD-UHFFFAOYSA-N	60.1	micromolar	False
09_03_31_13-33.CEL		1	percent	True
09_03_31_13-34.CEL	BMWFIVRSEYNWDF-UHFFFAOYSA-N	5.65	micromolar	False
09_03_31_13-35.CEL	OVVCSFQRAXVPGT-UHFFFAOYSA-N	52.5	micromolar	False
09_03_31_13-36.CEL	YPUVZYIIXPQIEK-UHFFFAOYSA-N	17.2	micromolar	False
09_03_31_13-37.CEL	NFNIRGPPIRJASP-UHFFFAOYSA-N	105	micromolar	False
09_03_31_13-38.CEL	PWYNTGFZYWRRJR-UHFFFAOYSA-N	5.84	micromolar	False
09_03_31_13-39.CEL	KKHKGWHPLSSJBJ-UHFFFAOYSA-N	58.6	micromolar	False
09_03_31_13-40.CEL	IWRPVUMKYMDIAC-UHFFFAOYSA-N	10.2	micromolar	False
09_03_31_13-41.CEL		1	percent	True
09_03_31_13-42.CEL	ZNEJUIHPKPFWRQ-UHFFFAOYSA-N	40.2	micromolar	False
09_03_31_13-43.CEL	GUXUNEQEJGITDA-UHFFFAOYSA-N	265	micromolar	False
09_03_31_13-44.CEL	QNLKWXVEEJVQIM-UHFFFAOYSA-N	34.8	micromolar	False
09_04_01_13-45.CEL	HLZPWIQAHZNKCR-ATVHPVEESA-N	176	micromolar	False
09_04_01_13-46.CEL	VCXIKRJGFSYSJN-UHFFFAOYSA-N	264	micromolar	False
09_04_01_13-47.CEL	HTOJAFYOXFUNPA-UHFFFAOYSA-N	221	micromolar	False
09_04_01_13-48.CEL	FGWAFIJYVQGPKE-UHFFFAOYSA-N	285	micromolar	False
09_04_01_13-49.CEL		1	percent	True
09_04_01_13-50.CEL	XJSNQPQQWGFUPW-UHFFFAOYSA-N	16	micromolar	False
09_04_01_13-51.CEL	FQDJYPOHRAGIQO-UHFFFAOYSA-N	57.1	micromolar	False
09_04_01_13-52.CEL	RKTQNVWHKXIWLY-UHFFFAOYSA-N	43	micromolar	False
09_04_01_13-53.CEL	QDCPXRWNBXWBPZ-UHFFFAOYSA-N	7.75	micromolar	False
09_04_01_13-54.CEL	RMFWVZGZABPDKH-UHFFFAOYSA-N	12.7	micromolar	False
09_04_01_13-55.CEL	QTTFMEHZDLTCDR-UHFFFAOYSA-N	49.6	micromolar	False
09_04_01_13-56.CEL	LNNLNNPQBNHWLJ-UHFFFAOYSA-N	64.8	micromolar	False
09_04_01_13-57.CEL		1	percent	True
09_04_01_13-58.CEL	VFPYBWPXYLLUJQ-UHFFFAOYSA-N	158	micromolar	False
09_04_01_13-59.CEL	GNYQAQGKSWHZNB-CSKARUKUSA-N	68.8	micromolar	False
09_04_01_13-60.CEL	LGUHQIOUFDSZTE-UHFFFAOYSA-N	32.9	micromolar	False
09_04_07_13-61.CEL	ACJXLVKLYDNGLE-UHFFFAOYSA-N	9.49	micromolar	False
09_04_07_13-62.CEL	HSZXHYXYULXSGF-UHFFFAOYSA-N	2.46	micromolar	False
09_04_07_13-63.CEL	FOMTXCINSHQWEQ-UHFFFAOYSA-N	3.05	micromolar	False
09_04_07_13-64.CEL	MPXPKMPUCMHWOS-UHFFFAOYSA-N	17.3	micromolar	False
09_04_07_13-65.CEL		1	percent	True
09_04_07_13-66.CEL	ZNJLZVSZQLFYIE-UHFFFAOYSA-N	169	micromolar	False
09_04_07_13-67.CEL	FMZHCYXNNGLTLF-UHFFFAOYSA-N	27	micromolar	False
09_04_07_13-68.CEL	GRJZAZKUTCLORK-VQHVLOKHSA-N	14.1	micromolar	False
09_04_07_13-69.CEL	BEUPYBUWLGLKSM-UHFFFAOYSA-N	173	micromolar	False
09_04_07_13-70.CEL	GEJQQZQAKCMMFY-UHFFFAOYSA-N	21.1	micromolar	False
09_04_07_13-71.CEL	RXINJRVLSGSFAO-UHFFFAOYSA-N	94.2	micromolar	False
09_04_07_13-72.CEL	OOUJWUNKTBSWKG-MYYYXRDXSA-N	22	micromolar	False
09_04_07_13-73.CEL		1	percent	True
09_04_07_13-74.CEL	PASBFQMDQRGJBH-UHFFFAOYSA-N	172	micromolar	False
09_04_07_13-75.CEL	FGBVKXWLWDKMKY-UHFFFAOYSA-N	65.2	micromolar	False
09_04_07_13-76.CEL	UJVNRQROVHLQAP-UHFFFAOYSA-O	10.1	micromolar	False
09_04_09_13-77.CEL	RDNHEFWZOKNXKM-DHZHZOJOSA-N	11.8	micromolar	False
09_04_09_13-78.CEL	IVFYNVUWEOJAST-UHFFFAOYSA-N	32.4	micromolar	False
09_04_09_13-79.CEL	LBSJQIVGDFODLA-UHFFFAOYSA-N	16.4	micromolar	False
09_04_09_13-80.CEL	XQEXVSOHLCLCFH-VMPITWQZSA-N	16	micromolar	False
09_04_09_13-81.CEL		1	percent	True
09_04_09_13-82.CEL	KBGVYNIFHLQHBW-FARCUNLSSA-N	65.5	micromolar	False
09_04_09_13-83.CEL	YWULELJUDXQYSW-VMPITWQZSA-N	131	micromolar	False
09_04_09_13-84.CEL	JZZPUKLHVYXEFK-UHFFFAOYSA-N	34.6	micromolar	False
09_04_09_13-85.CEL	SYMCYISXUNDOEY-UHFFFAOYSA-N	65.5	micromolar	False
09_04_09_13-86.CEL	GNPMEEXRFJBCOJ-UHFFFAOYSA-N	69.1	micromolar	False
09_04_09_13-87.CEL	BTEWJCAHJQYSKV-UHFFFAOYSA-N	10.2	micromolar	False
09_04_09_13-88.CEL	XCNICVYYGINUHJ-UHFFFAOYSA-N	5.79	micromolar	False
09_04_30_14-1.CEL		1	percent	True
09_04_30_14-2.CEL	PPQDRUFGIBEALX-UHFFFAOYSA-N	232	micromolar	False
09_04_30_14-3.CEL	FXROTDSWXRSXMK-UHFFFAOYSA-N	195	micromolar	False
09_04_30_14-4.CEL	UNFHWJCRWRZFMT-UHFFFAOYSA-N	117	micromolar	False
09_04_30_14-5.CEL	YVGSVZCXDFZKEU-UHFFFAOYSA-N	9.78	micromolar	False
09_04_30_14-6.CEL	SAWAAQICKQMABJ-UHFFFAOYSA-N	11.9	micromolar	False
09_04_30_14-7.CEL	IQBRBXBMNAFEOX-UHFFFAOYSA-N	14.1	micromolar	False
09_04_30_14-8.CEL	MCGIKONWYKDOFW-UHFFFAOYSA-N	263	micromolar	False
09_05_05_14-10.CEL	JJWBORSJJGVQCB-UHFFFAOYSA-N	3.74	micromolar	False
09_05_05_14-11.CEL	LIBYWDHVPNMSBB-CAPFRKAQSA-N	113	micromolar	False
09_05_05_14-12.CEL	PPLNRTPNYCWODC-UHFFFAOYSA-N	4.81	micromolar	False
09_05_05_14-13.CEL	UYJZERPHRDDPCH-UHFFFAOYSA-N	255	micromolar	False
09_05_05_14-14.CEL	ZPDATESGWGRHTE-UHFFFAOYSA-N	261	micromolar	False
09_05_05_14-15.CEL	OCHSTFBIKFCACY-VAWYXSNFSA-N	251	micromolar	False
09_05_05_14-16.CEL	YIBDNGAAQGODRC-AQTBWJFISA-N	144	micromolar	False
09_05_05_14-17.CEL		1	percent	True
09_05_05_14-18.CEL	YJAKNSVSOFNUEU-UHFFFAOYSA-N	9.02	micromolar	False
09_05_05_14-19.CEL	YEMODLHXTXSMAT-UHFFFAOYSA-N	12.2	micromolar	False
09_05_05_14-20.CEL	XSFCPTRRAKOYQQ-UHFFFAOYSA-N	41.4	micromolar	False
09_05_05_14-9.CEL		1	percent	True
09_05_06_14-21.CEL	ACPOUJIDANTYHO-UHFFFAOYSA-N	13.4	micromolar	False
09_05_06_14-22.CEL	YFDKDIJSGUTRFF-UHFFFAOYSA-N	994	nanomolar	False
09_05_07_14-23.CEL	ZMXVWFFEPNMQNW-UHFFFAOYSA-N	100	micromolar	False
09_05_07_14-24.CEL	HRAIUYPHUWPTQS-UHFFFAOYSA-N	165	micromolar	False
09_05_07_14-25.CEL		1	percent	True
09_05_07_14-26.CEL	BBUQOIDPQZFKKY-UHFFFAOYSA-N	237	micromolar	False
09_05_07_14-27.CEL	QJVMDTYBBWGZLQ-UHFFFAOYSA-N	41.1	micromolar	False
09_05_07_14-28.CEL	WJVOOSKYBKCEBS-UHFFFAOYSA-N	3.69	micromolar	False
09_05_07_14-29.CEL	DFDANTZDZZNOQD-VKAVYKQESA-N	65.9	micromolar	False
09_05_07_14-30.CEL	AUFXLGAHNYXCPW-UHFFFAOYSA-O	910	nanomolar	False
09_05_07_14-31.CEL	QSBFECWPKSRWNM-UHFFFAOYSA-N	124	micromolar	False
09_05_07_14-32.CEL	TVFLFGHEMAPIGV-UHFFFAOYSA-N	43.7	micromolar	False
09_05_13_14-33.CEL		1	percent	True
09_05_13_14-34.CEL	HVXWNSXQXMQFCY-UHFFFAOYSA-N	95.3	micromolar	False
09_05_13_14-35.CEL	XEYVZLZWQFLSDZ-UHFFFAOYSA-N	215	micromolar	False
09_05_13_14-36.CEL	MAYXWTGCYRXISK-UHFFFAOYSA-N	12	micromolar	False
09_05_13_14-37.CEL	IFYZBLXWRMPVNF-ODLFYWEKSA-N	11.2	micromolar	False
09_05_19_14-39.CEL	AQUOCDXXPQBXAD-UHFFFAOYSA-N	34.4	micromolar	False
09_05_19_14-40.CEL	TVDZSXSXDBUPMR-UHFFFAOYSA-N	227	micromolar	False
09_05_19_14-41.CEL		1	percent	True
09_05_19_14-42.CEL	JYLUOGCGSAIZGR-UHFFFAOYSA-N	10.8	micromolar	False
09_05_19_14-43.CEL	JQFWGCJNDGFNPF-UHFFFAOYSA-N	2.18	micromolar	False
09_05_19_14-44.CEL	GHCFTQLRPQTZPZ-UHFFFAOYSA-N	69.2	micromolar	False
09_05_19_14-45.CEL	MXEQDRYQXJDDCX-UHFFFAOYSA-N	50.6	micromolar	False
09_05_19_14-46.CEL	KCRGRUAEVMXOTH-ZDZMIMTDSA-N	61.8	micromolar	False
09_05_19_14-47.CEL	QWRKXOATGZQIAZ-UHFFFAOYSA-N	76.2	micromolar	False
09_05_19_14-48.CEL	POWBUUIZUJLPHW-VOTSOKGWSA-N	17.5	micromolar	False
09_05_19_14-49.CEL		1	percent	True
09_05_19_14-50.CEL	RVSXGGFKOMJZPE-UHFFFAOYSA-N	286	micromolar	False
09_05_21_14-51.CEL	WDWGTAGQJMTGHQ-UHFFFAOYSA-N	236	micromolar	False
09_05_21_14-52.CEL	ZJQMUVGFKQWAHL-UHFFFAOYSA-N	202	micromolar	False
09_05_21_14-53.CEL	YRXSOMPYSXCFDK-UHFFFAOYSA-N	104	micromolar	False
09_05_21_14-54.CEL	GAOUJJYTKLVMRP-UHFFFAOYSA-N	40.3	micromolar	False
09_05_21_14-55.CEL	VDFCJXSKJJDGMK-UHFFFAOYSA-N	76	micromolar	False
09_05_21_14-56.CEL	ZDBCVGHLQHECTK-UHFFFAOYSA-N	22.7	micromolar	False
09_05_21_14-57.CEL		1	percent	True
09_05_21_14-58.CEL	VTWJOMJJCIDIMC-UHFFFAOYSA-N	257	micromolar	False
09_05_21_14-59.CEL	FDHTVVFGJGYBEX-UHFFFAOYSA-N	280	micromolar	False
09_05_21_14-60.CEL	DVTISMPNAGOOLE-UHFFFAOYSA-N	234	micromolar	False
09_05_28_14-61.CEL	BQEDMIWGPBWXJP-UHFFFAOYSA-N	224	micromolar	False
09_05_28_14-62.CEL	PIRPQJDQZWBMJH-UHFFFAOYSA-N	29.1	micromolar	False
09_05_28_14-63.CEL	XGAGHBMKLFTMNK-UHFFFAOYSA-N	31.4	micromolar	False
09_05_28_14-64.CEL	ASWKZGGZMAXNAM-UHFFFAOYSA-O	62.4	micromolar	False
09_06_02_14-65.CEL		1	percent	True
09_06_02_14-66.CEL	WTVLMVNLHPFJMC-UHFFFAOYSA-N	600	nanomolar	False
09_06_02_14-67.CEL	MWXAHLMUYMJXTG-UHFFFAOYSA-N	93.8	micromolar	False
09_06_02_14-68.CEL	LPEPZBJOKDYZAD-UHFFFAOYSA-N	69	micromolar	False
09_06_02_14-69.CEL	UBUFPUJTIFHPPG-UHFFFAOYSA-N	146	micromolar	False
09_06_02_14-70.CEL	YLLVTHWRGKFSAE-UHFFFAOYSA-N	46.5	micromolar	False
09_06_02_14-71.CEL	NUMSBSZXHFWUTI-UHFFFAOYSA-N	99	micromolar	False
09_06_02_14-72.CEL	FHSSHDOMUWFORJ-UHFFFAOYSA-N	8.11	micromolar	False
09_06_02_14-73.CEL		1	percent	True
09_06_02_14-74.CEL	YIMZUTLUDPRFPF-QLYXXIJNSA-N	81	micromolar	False
09_06_02_14-75.CEL	HDYOLBFMWRONSP-UHFFFAOYSA-N	1.68	micromolar	False
09_06_02_14-76.CEL	ZIMCNGMWMRVCSL-UHFFFAOYSA-N	85.8	micromolar	False
09_06_04_14-77.CEL	AUYJCFFLRJBPCJ-UHFFFAOYSA-N	39.5	micromolar	False
09_06_04_14-78.CEL	VACRFOXSSUZRGQ-UHFFFAOYSA-N	2.48	micromolar	False
09_06_04_14-79.CEL	FZVSTQGMANPXOZ-UHFFFAOYSA-N	520	nanomolar	False
09_06_04_14-80.CEL	ILJASFIZDZQFHU-UHFFFAOYSA-N	39.8	micromolar	False
09_06_04_14-81.CEL		1	percent	True
09_06_04_14-82.CEL	VYHBCULAOOATMQ-UHFFFAOYSA-N	5.61	micromolar	False
09_06_04_14-83.CEL	PHGYDISVSYRXHT-UHFFFAOYSA-N	101	micromolar	False
09_06_04_14-84.CEL	ARQLQFRBDLZISB-UNOMPAQXSA-N	10.4	micromolar	False
09_06_04_14-85.CEL	LCKCLJIDKCZHPN-SDNWHVSQSA-N	37.6	micromolar	False
09_06_04_14-86.CEL	LUQCQHPDOVWHEH-UHFFFAOYSA-N	55.4	micromolar	False
09_06_04_14-87.CEL	YQBNFBIPHUDRDU-RUDMXATFSA-N	21.9	micromolar	False
09_06_04_14-88.CEL	LLNZVRCHUHIFMZ-UHFFFAOYSA-N	76.9	micromolar	False
09_06_30_15-1.CEL		1	percent	True
09_06_30_15-2.CEL	FENCJBWLEILJBY-UHFFFAOYSA-N	284	micromolar	False
09_06_30_15-3.CEL	JSIUIWVFLJCPFR-UHFFFAOYSA-N	208	micromolar	False
09_06_30_15-4.CEL	WTPCECHMSDJIFI-UHFFFAOYSA-N	44.6	micromolar	False
09_07_01_15-10.CEL	PHUCBKLPJDQXKN-UHFFFAOYSA-N	32.7	micromolar	False
09_07_01_15-11.CEL	UJRANNLPBAFXTA-UHFFFAOYSA-N	270	micromolar	False
09_07_01_15-12.CEL	SXTCDCHIBZVZPL-UHFFFAOYSA-N	58.5	micromolar	False
09_07_01_15-13.CEL	NXYDXDWIEHMNOX-UHFFFAOYSA-N	141	micromolar	False
09_07_01_15-14.CEL	YSLNSWXJBYNPOK-UHFFFAOYSA-N	186	micromolar	False
09_07_01_15-15.CEL	AHJMBASOPNZGQV-UHFFFAOYSA-N	41.3	micromolar	False
09_07_01_15-16.CEL	SDQBFQCDLUKPHJ-UHFFFAOYSA-N	198	micromolar	False
09_07_01_15-5.CEL	JEHWWHCIABHTDG-UHFFFAOYSA-N	380	nanomolar	False
09_07_01_15-6.CEL	LHNYXYJGXSGJEG-WNFQYIGGSA-N	36.5	micromolar	False
09_07_01_15-7.CEL	SBMNGBYQULPGSK-UHFFFAOYSA-N	164	micromolar	False
09_07_01_15-8.CEL	UEAUFVRXDXHOFQ-UHFFFAOYSA-N	62.1	micromolar	False
09_07_01_15-9.CEL		1	percent	True
09_07_07_15-17.CEL		1	percent	True
09_07_07_15-18.CEL	XUPHUUXPEHAWMI-UHFFFAOYSA-N	298	micromolar	False
09_07_07_15-19.CEL	BDQAGVLMJNNPCS-UHFFFAOYSA-N	20.7	micromolar	False
09_07_07_15-20.CEL	QUTZSNOFEQMSJC-UHFFFAOYSA-N	101	micromolar	False
09_07_07_15-21.CEL	PFQJWRNUXIZHPB-UHFFFAOYSA-N	14.1	micromolar	False
09_07_07_15-22.CEL	FPFKLXKJCDKUDR-UHFFFAOYSA-N	33.8	micromolar	False
09_07_08_15-23.CEL	WPOXFGISYOWKNP-UHFFFAOYSA-N	1.8	micromolar	False
09_07_08_15-24.CEL	DFUNIKMGILWRBO-UHFFFAOYSA-N	254	micromolar	False
09_07_08_15-25.CEL		1	percent	True
09_07_08_15-26.CEL	ZFVONRLCKFAKJZ-UHFFFAOYSA-N	19	micromolar	False
09_07_08_15-27.CEL	MSSAIEVACVNALM-UHFFFAOYSA-N	145	micromolar	False
09_07_08_15-28.CEL	UDMBOAVOEIFANY-UHFFFAOYSA-N	151	micromolar	False
09_07_08_15-29.CEL	ITOIFNLYKDMKOA-UHFFFAOYSA-N	33.9	micromolar	False
09_07_08_15-30.CEL	IKMHCLFPRQIXSH-UHFFFAOYSA-N	58.2	micromolar	False
09_07_08_15-31.CEL	RJUTVACDIZQGRJ-UHFFFAOYSA-O	65.7	micromolar	False
09_07_08_15-32.CEL	KROLUXUXAIXODP-UHFFFAOYSA-N	4.35	micromolar	False
09_07_08_15-33.CEL		1	percent	True
09_07_08_15-34.CEL	RSNBFKZVWOMMNM-UHFFFAOYSA-N	98.6	micromolar	False
09_07_15_15-35.CEL	OLCPVIMTGKFYJC-UHFFFAOYSA-N	20.1	micromolar	False
09_07_15_15-36.CEL	JVEHBCGOLULSDL-UHFFFAOYSA-N	112	micromolar	False
09_07_15_15-37.CEL	NNDBQFMUQVTNGQ-UHFFFAOYSA-N	25	micromolar	False
09_07_15_15-38.CEL	GEVXWXFKVIAPFP-UHFFFAOYSA-N	51.5	micromolar	False
09_07_15_15-39.CEL	VLSAMKRKIRBAKL-UHFFFAOYSA-N	7.6	micromolar	False
09_07_15_15-40.CEL	BTRLSAYDVSPYCS-UHFFFAOYSA-N	35.9	micromolar	False
09_07_15_15-41.CEL		1	percent	True
09_07_15_15-42.CEL	YNLGKYQSARODPI-UHFFFAOYSA-N	62.9	micromolar	False
09_07_21_15-43.CEL	UQCJNFMDVVNUNM-UHFFFAOYSA-N	48.3	micromolar	False
09_07_21_15-44.CEL	SPGYJPYKWWGYKR-UHFFFAOYSA-N	12	micromolar	False
09_07_21_15-45.CEL	GPXSGGKOISGMOO-UHFFFAOYSA-N	11.9	micromolar	False
09_07_21_15-46.CEL	ZNEBIGIOXZDJPT-UHFFFAOYSA-N	12.3	micromolar	False
09_07_21_15-47.CEL	WWGHWYVWPOSYTN-UHFFFAOYSA-N	48.8	micromolar	False
09_07_21_15-48.CEL	OGMXJHOXJUQEIR-UHFFFAOYSA-N	61.9	micromolar	False
09_07_21_15-49.CEL		1	percent	True
09_07_21_15-50.CEL	BPOZXJJERGVQBT-UHFFFAOYSA-N	77.9	micromolar	False
09_07_21_15-51.CEL	ZUTQFWBQAQSKNG-UHFFFAOYSA-N	150	micromolar	False
09_07_21_15-52.CEL	KPKVDUUDIMQKJM-UHFFFAOYSA-N	178	micromolar	False
09_07_21_15-53.CEL	GAKXMGPYGDIPID-UHFFFAOYSA-N	34.4	micromolar	False
09_07_21_15-54.CEL	FFTZWADKOFRGAM-UHFFFAOYSA-N	5.4	micromolar	False
09_07_22_15-55.CEL	LYPJVUYYJLQGMG-UHFFFAOYSA-N	78.1	micromolar	False
09_07_22_15-56.CEL	RKOOIIAURSVDRU-UHFFFAOYSA-N	25.3	micromolar	False
09_07_22_15-57.CEL		1	percent	True
09_07_22_15-58.CEL	OFGZQSNMGHRZQT-UHFFFAOYSA-N	90.4	micromolar	False
09_07_22_15-59.CEL	KDUUJKNVUZRQLM-UHFFFAOYSA-N	2.4	micromolar	False
09_07_22_15-60.CEL	BPICMBSKTMUFHY-UHFFFAOYSA-N	62.6	micromolar	False
09_07_22_15-61.CEL	OMICQBVLCVRFGN-UHFFFAOYSA-N	42	micromolar	False
09_07_22_15-62.CEL	SEONMRTYCREPFJ-UHFFFAOYSA-N	71.4	micromolar	False
09_07_22_15-63.CEL	LAXIVZDMGUMJSP-UHFFFAOYSA-N	15.5	micromolar	False
09_07_22_15-64.CEL	PVJWODZVNSFKIH-UHFFFAOYSA-N	5.59	micromolar	False
09_07_22_15-65.CEL		1	percent	True
09_07_22_15-66.CEL	PBIPZJCEULFCNK-UHFFFAOYSA-N	275	micromolar	False
09_07_23_15-67.CEL	VWZOTEYNPKMJEN-UHFFFAOYSA-N	7.33	micromolar	False
09_07_23_15-68.CEL	AWYRBXUVHGHJEN-UHFFFAOYSA-N	71.7	micromolar	False
09_07_23_15-69.CEL	VDCMTFSBUCQGOJ-UHFFFAOYSA-N	550	nanomolar	False
09_07_23_15-70.CEL	QABRQVFUHVPFPW-UHFFFAOYSA-N	61.7	micromolar	False
09_07_23_15-71.CEL	WRVXCZVAZKXKTO-UHFFFAOYSA-N	9.46	micromolar	False
09_07_23_15-72.CEL	MMLNSTHYNOTESO-UHFFFAOYSA-N	69.1	micromolar	False
09_07_23_15-73.CEL		1	percent	True
09_07_23_15-74.CEL	OYNFLCCFMOIPDY-UHFFFAOYSA-N	9.09	micromolar	False
09_07_23_15-75.CEL	GHYZGNZUUAULKS-UHFFFAOYSA-N	68.4	micromolar	False
09_07_23_15-76.CEL	PJGPBMSNEAIYOH-UHFFFAOYSA-N	7.6	micromolar	False
09_07_23_15-77.CEL	JARBFWYXZVJHJU-UHFFFAOYSA-N	163	micromolar	False
09_07_23_15-78.CEL	UKTUJPFUEKRZNU-UHFFFAOYSA-N	56.7	micromolar	False
09_07_28_15-79.CEL	RNNMSKIARPGIKI-UHFFFAOYSA-N	8.32	micromolar	False
09_07_28_15-80.CEL	IJNUPCMESUBVMN-UHFFFAOYSA-N	11.6	micromolar	False
09_07_28_15-81.CEL		1	percent	True
09_07_28_15-82.CEL	YTLAGVUSFRKDFA-UHFFFAOYSA-N	4	micromolar	False
09_07_28_15-83.CEL	FHOXHLNJQGNWRP-UHFFFAOYSA-N	46	micromolar	False
09_07_28_15-84.CEL	XYWGDKKTDJPSGC-FNORWQNLSA-N	40	micromolar	False
09_07_28_15-85.CEL	MEFLBDDXWJTFIR-UHFFFAOYSA-N	13	micromolar	False
09_07_28_15-86.CEL	DQQQXXNDHIYTLC-UHFFFAOYSA-N	3	micromolar	False
09_07_28_15-87.CEL	RPKJUZCAPAMKPY-UHFFFAOYSA-N	14	micromolar	False
09_07_28_15-88.CEL	HKNDKKRJAWHQAZ-UHFFFAOYSA-N	28	micromolar	False
09_08_27_16-1.CEL		1	percent	True
09_08_27_16-10.CEL	ASSARNSJJMNBLQ-UHFFFAOYSA-N	97.7	micromolar	False
09_08_27_16-11.CEL	LQQHUHCABQMIPJ-UHFFFAOYSA-N	62	micromolar	False
09_08_27_16-12.CEL	JXLXCUBVYGQILG-VMPITWQZSA-N	81.9	micromolar	False
09_08_27_16-13.CEL	ILFFVQCLQBGHNR-UHFFFAOYSA-N	152	micromolar	False
09_08_27_16-2.CEL	YBUUIBNBZXTVJK-UHFFFAOYSA-N	201	micromolar	False
09_08_27_16-3.CEL	RTTWXVNKZRKRIA-UHFFFAOYSA-N	37.6	micromolar	False
09_08_27_16-4.CEL	KMJAINJBPIBWCL-UHFFFAOYSA-N	104	micromolar	False
09_08_27_16-5.CEL	JZJMXYOTSVLHAA-UHFFFAOYSA-N	190	micromolar	False
09_08_27_16-7.CEL	GPWQOVCEVRHWKX-UHFFFAOYSA-N	195	micromolar	False
09_08_27_16-8.CEL	CJKYQHIVFJTXOD-UHFFFAOYSA-N	42.6	micromolar	False
09_08_27_16-9.CEL		1	percent	True
09_09_02_16-14.CEL	MPMHDLYFIOMWBE-UHFFFAOYSA-N	131	micromolar	False
09_09_02_16-16.CEL	VVEZGFWIWSZTRP-UHFFFAOYSA-N	13	micromolar	False
09_09_02_16-17.CEL		1	percent	True
09_09_02_16-18.CEL	RHGXQOSSGBYEMJ-UHFFFAOYSA-N	57.3	micromolar	False
09_09_02_16-19.CEL	SBHZHVRZRRBYPW-UHFFFAOYSA-N	6.33	micromolar	False
09_09_02_16-20.CEL	OXVYPUHFVFBLBO-UHFFFAOYSA-N	35.7	micromolar	False
09_09_03_16-21.CEL	GSKLDEDSERFNPR-UHFFFAOYSA-N	9.15	micromolar	False
09_09_03_16-22.CEL	UEOWDJAYKPCTHR-ZDLGFXPLSA-N	53.8	micromolar	False
09_09_03_16-23.CEL	JSLLGAADXOHBBG-UHFFFAOYSA-N	26.5	micromolar	False
09_09_03_16-24.CEL	TZCOLEHRRSESKR-UHFFFAOYSA-N	34.1	micromolar	False
09_09_09_16-25.CEL		1	percent	True
09_09_09_16-27.CEL	QMNILTAOJYVAIY-UHFFFAOYSA-N	110	micromolar	False
09_09_09_16-28.CEL	WSXSSBBCGGOQHW-UHFFFAOYSA-N	144	micromolar	False
09_09_24_16-29.CEL	FVGJEPSFEJDNOC-UHFFFAOYSA-N	57.5	micromolar	False
09_09_24_16-30.CEL	OUZPTWOBTKRUQD-UHFFFAOYSA-N	293	micromolar	False
09_09_24_16-31.CEL	BHGVZZBSYCTFDD-UHFFFAOYSA-N	134	micromolar	False
09_09_24_16-32.CEL	CXGMBKOVRQRYKI-UHFFFAOYSA-N	126	micromolar	False
09_09_24_16-33.CEL		1	percent	True
09_09_24_16-34.CEL	XNBPFSQPJNGHNU-UHFFFAOYSA-N	231	micromolar	False
09_09_24_16-35.CEL	YEASPBADKSMHDK-UHFFFAOYSA-N	37	micromolar	False
09_09_24_16-36.CEL	CSPMWVKDAHLYMU-UHFFFAOYSA-N	193	micromolar	False
09_09_24_16-37.CEL	NTLLMIRIELGOBW-UHFFFAOYSA-N	134	micromolar	False
09_09_24_16-38.CEL	FDDBZRUOMKFQIR-UHFFFAOYSA-N	5.35	micromolar	False
09_09_24_16-39.CEL	LRFGDHOYBPTOBR-UHFFFAOYSA-N	11.7	micromolar	False
09_09_24_16-40.CEL	FWCHESSKLZHMFP-UHFFFAOYSA-N	3.34	micromolar	False
09_10_07_16-41.CEL		1	percent	True
09_10_07_16-42.CEL	NWFAJOGQUGZVOS-UHFFFAOYSA-N	16	micromolar	False
09_10_07_16-43.CEL	LCNNEYOGOALQLT-UHFFFAOYSA-N	35.7	micromolar	False
09_10_07_16-44.CEL	RKWOPNNKNCNLRE-UHFFFAOYSA-N	134	micromolar	False
09_10_07_16-45.CEL	FSCCHAOQJAMNDN-UHFFFAOYSA-N	41.2	micromolar	False
09_10_07_16-48.CEL	HTSQZYKYGVUADL-UHFFFAOYSA-N	36	micromolar	False
09_10_07_16-49.CEL		1	percent	True
09_10_07_16-50.CEL	CPYAMFBZBPIJHE-UHFFFAOYSA-N	8.48	micromolar	False
09_10_07_16-51.CEL	QUSHGXPSJCXDML-UHFFFAOYSA-N	55.9	micromolar	False
09_10_07_16-52.CEL	CJBGJHJKMOOCQE-UHFFFAOYSA-N	286	micromolar	False
09_10_07_16-53.CEL	RBPMFBZZHIOZSZ-UHFFFAOYSA-N	254	micromolar	False
09_10_07_16-54.CEL	PYZSZRYMHULCTF-UHFFFAOYSA-N	4.53	micromolar	False
09_10_16_16-55.CEL	QEZKEHCEVBLRMB-UHFFFAOYSA-N	2.82	micromolar	False
09_10_16_16-56.CEL	CSCSSBBNBIBLEW-UHFFFAOYSA-N	75.9	micromolar	False
09_10_16_16-57.CEL		1	percent	True
09_10_16_16-58.CEL	WPKDDDRDMTXFQO-UHFFFAOYSA-N	182	micromolar	False
09_10_16_16-59.CEL	CYOXRSJAOKOHER-UHFFFAOYSA-N	670	nanomolar	False
09_10_16_16-60.CEL	GHQBDIYYPGIQDA-UHFFFAOYSA-N	26.5	micromolar	False
09_10_16_16-61.CEL	QWPNVSRYCFTQBB-UHFFFAOYSA-N	28.5	micromolar	False
09_10_16_16-62.CEL	LYDQKKRBFQTIHA-UHFFFAOYSA-N	111	micromolar	False
09_10_16_16-63.CEL	CYDNVPBCTRKOLN-UHFFFAOYSA-N	177	micromolar	False
09_10_20_16-64.CEL	PFMXWIFQXGUQFF-UHFFFAOYSA-N	237	micromolar	False
09_10_20_16-65.CEL		1	percent	True
09_10_20_16-66.CEL	CFMJTIHWRFWNKD-UHFFFAOYSA-N	57.4	micromolar	False
09_10_20_16-67.CEL	BHPXZVAEBSCXSI-UHFFFAOYSA-N	41.3	micromolar	False
09_10_20_16-68.CEL	AIWLEVNDQYKFRQ-UHFFFAOYSA-N	97.6	micromolar	False
09_10_20_16-69.CEL	ZRNVQJAGAFWHLN-UHFFFAOYSA-N	67.3	micromolar	False
09_10_20_16-70.CEL	JCUYMGCXNDCCTK-UHFFFAOYSA-N	171	micromolar	False
09_10_20_16-71.CEL	NWQRKFXTZYRQRV-UHFFFAOYSA-O	38.4	micromolar	False
09_10_20_16-72.CEL	JZWGCONBFOFQTA-UHFFFAOYSA-N	27.7	micromolar	False
09_10_20_16-73.CEL		1	percent	True
09_10_27_16-74.CEL	WFBDPGPOKYUMOD-UHFFFAOYSA-N	61.3	micromolar	False
09_10_27_16-75.CEL	YGRROGONSNHNKC-UHFFFAOYSA-N	30	micromolar	False
09_10_27_16-76.CEL	QHWIEZWTYSRXEP-UHFFFAOYSA-N	20.6	micromolar	False
09_10_27_16-77.CEL	DLISEPJWPLBKED-UHFFFAOYSA-N	212	micromolar	False
09_10_28_16-78.CEL	SRKRPTNWFYAYEA-UHFFFAOYSA-N	155	micromolar	False
09_10_28_16-79.CEL	MGFAHTMHQRYOMW-UHFFFAOYSA-N	72.9	micromolar	False
09_10_28_16-80.CEL	BNFLSPBWCHLHEZ-UHFFFAOYSA-N	80	micromolar	False
09_10_28_16-81.CEL		1	percent	True
09_10_29_16-82.CEL	AMWLHYSTQXHJRQ-QRXNLXSYSA-N	71.5	micromolar	False
09_10_29_16-84.CEL	UGKMTYLYIRIEHS-UHFFFAOYSA-N	28.5	micromolar	False
09_10_29_16-85.CEL	CXKZUNIQSJXPPO-UHFFFAOYSA-N	12.2	micromolar	False
09_10_29_16-86.CEL	WPSCQFMIKNCXTH-UHFFFAOYSA-N	19	micromolar	False
09_10_29_16-87.CEL	MOFCRSVSBIEORS-UHFFFAOYSA-N	158	micromolar	False
09_10_29_16-88.CEL	UQCPLKYCEZJXES-UHFFFAOYSA-N	42.1	micromolar	False
09_10_29_16-89.CEL		1	percent	True
09_10_29_16-90.CEL	PSFDQSOCUJVVGF-UHFFFAOYSA-N	110	micromolar	False
09_10_29_16-91.CEL	ZHUOOEGSSFNTNP-JMKDMENQSA-N	49.2	micromolar	False
09_10_29_16-92.CEL	GBYDSYPGGDKWGZ-UHFFFAOYSA-N	90.8	micromolar	False
09_10_29_16-93.CEL	DNXHEGUUPJUMQT-UHFFFAOYSA-N	74	micromolar	False
09_10_30_1-1.CEL		1	percent	True
09_10_30_1-10.CEL	PXNMNABLQWUMCX-UHFFFAOYSA-N	88	micromolar	False
09_10_30_1-2.CEL	QWZKVVOKXHBZER-UHFFFAOYSA-L	49.4	micromolar	False
09_10_30_1-3.CEL	PAKARQQDNVQIHJ-UHFFFAOYSA-N	45.6	micromolar	False
09_10_30_1-4.CEL	FEGVJEKINCTBQP-UHFFFAOYSA-N	44.7	micromolar	False
09_10_30_1-5.CEL	XUMWCHYKGZMCSP-BQTDPIEPSA-N	62.1	micromolar	False
09_10_30_1-6.CEL	QXKHYNVANLEOEG-UHFFFAOYSA-N	92.5	micromolar	False
09_10_30_1-7.CEL	UGQMRVRMYYASKQ-UHFFFAOYSA-N	74.6	micromolar	False
09_10_30_1-8.CEL	KZNIFHPLKGYRTM-UHFFFAOYSA-N	74	micromolar	False
09_10_30_1-9.CEL		1	percent	True
09_10_30_16-94.CEL	GFMFCUGMHTWVTG-UHFFFAOYSA-N	75	micromolar	False
09_10_30_16-95.CEL	ZYGHJZDHTFUPRJ-UHFFFAOYSA-N	137	micromolar	False
09_11_02_1-11.CEL	FCDLCPWAQCPTKC-UHFFFAOYSA-N	70.4	micromolar	False
09_11_02_1-12.CEL	MYSNZENUPZGNLK-UHFFFAOYSA-N	52.4	micromolar	False
09_11_02_1-13.CEL	OKRNDQLCMXUCGG-UHFFFAOYSA-N	78.7	micromolar	False
09_11_02_1-14.CEL	ADYPXRFPBQGGAH-UMYZUSPBSA-N	29.4	micromolar	False
09_11_02_1-15.CEL	WYXSYVWAUAUWLD-UHFFFAOYSA-N	81.6	micromolar	False
09_11_02_1-16.CEL	WAADYLVPNMRUKN-UHFFFAOYSA-N	54.3	micromolar	False
09_11_02_1-17.CEL		1	percent	True
09_11_02_1-18.CEL	UOOOPKANIPLQPU-XVFCMESISA-N	61.9	micromolar	False
09_11_02_1-19.CEL	JMSUEPQZGKBECJ-UHFFFAOYSA-N	78	micromolar	False
09_11_02_1-20.CEL	VCOXKEDHNTZBAP-UHFFFAOYSA-N	63.6	micromolar	False
09_11_02_1-21.CEL	MRPKNNSABYPGBF-LSCFUAHRSA-N	56	micromolar	False
09_11_02_1-22.CEL	NYHBQMYGNKIUIF-UUOKFMHZSA-N	70.6	micromolar	False
09_11_02_1-23.CEL	JAJRYQVSBTWNTH-UHFFFAOYSA-N	64	micromolar	False
09_11_03_1-24.CEL	PTXIWVJSAQPKEY-UHFFFAOYSA-N	49.7	micromolar	False
09_11_03_1-25.CEL		1	percent	True
09_11_03_1-26.CEL	IADUEWIQBXOCDZ-VKHMYHEASA-N	198	micromolar	False
09_11_03_1-27.CEL	UDFPKNSWSYBIHO-UHFFFAOYSA-N	105	micromolar	False
09_11_03_1-28.CEL	PCZOHLXUXFIOCF-SGFUJYLFSA-N	49.4	micromolar	False
09_11_03_1-29.CEL	YLLFUILNISGLHO-UHFFFAOYSA-N	78.7	micromolar	False
09_11_03_1-30.CEL	BXNJHAXVSOCGBA-UHFFFAOYSA-N	94.2	micromolar	False
09_11_03_1-31.CEL	WFSKVHPOKPQJSU-UHFFFAOYSA-N	90.8	micromolar	False
09_11_03_1-32.CEL	IIBBFGMVMNZMGA-UHFFFAOYSA-N	74.6	micromolar	False
09_11_03_1-33.CEL		1	percent	True
09_11_03_1-34.CEL	YSPBCFMMSKAENM-UHFFFAOYSA-N	36.6	micromolar	False
09_11_03_1-35.CEL	VNLPVWHRKKWDQB-UHFFFAOYSA-N	63.5	micromolar	False
09_11_04_1-37.CEL	NOQJBXPAMJLUSS-UHFFFAOYSA-N	10.6	micromolar	False
09_11_04_1-38.CEL	QBKSWRVVCFFDOT-UHFFFAOYSA-N	38.6	micromolar	False
09_11_04_1-39.CEL	PLLTWDPWYOTDOV-UHFFFAOYSA-N	38.7	micromolar	False
09_11_04_1-40.CEL	QMVPMAAFGQKVCJ-UHFFFAOYSA-N	128	micromolar	False
09_11_04_1-41.CEL		1	percent	True
09_11_04_1-42.CEL	VCMMXZQDRFWYSE-UHFFFAOYSA-N	1.48	micromolar	False
09_11_04_1-43.CEL	KLHSKTMVSOWVLD-PCPVNUTRSA-N	42.3	micromolar	False
09_11_04_1-44.CEL	QNSJPNOLAYAJEG-UHFFFAOYSA-N	45.6	micromolar	False
09_11_04_1-45.CEL	KCDCNGXPPGQERR-UHFFFAOYSA-N	70.1	micromolar	False
09_11_04_1-46.CEL	SMEROWZSTRWXGI-HVATVPOCSA-N	53.1	micromolar	False
09_11_04_1-47.CEL	XRQSPUXANRGDAV-UHFFFAOYSA-N	52.9	micromolar	False
09_11_05_1-48.CEL	AEVKYFNHIADTEI-UHFFFAOYSA-N	59.1	micromolar	False
09_11_05_1-49.CEL		1	percent	True
09_11_05_1-50.CEL	GPLGAQQQNWMVMM-MYAJQUOBSA-N	56.1	micromolar	False
09_11_05_1-51.CEL	ODKSFYDXXFIFQN-SCSAIBSYSA-N	115	micromolar	False
09_11_05_1-52.CEL	LZFOPEXOUVTGJS-ONEGZZNKSA-N	95.1	micromolar	False
09_11_05_1-53.CEL	KCNPGHAGVLUKKB-UHFFFAOYSA-N	85.4	micromolar	False
09_11_05_1-54.CEL	VFUITWPFKLGEQA-UQZDHWHBSA-N	68.4	micromolar	False
09_11_05_1-55.CEL	UVYVLBIGDKGWPX-OEAVOSDUSA-N	820	nanomolar	False
09_11_05_1-56.CEL	DGQLVPJVXFOQEV-NGOCYOHBSA-N	40.6	micromolar	False
09_11_05_1-57.CEL		1	percent	True
09_11_05_1-59.CEL	DCSCXTJOXBUFGB-UHFFFAOYSA-N	133	micromolar	False
09_11_05_1-61.CEL	FMDMLXZPCLVWSQ-UHFFFAOYSA-N	73.4	micromolar	False
09_11_06_1-62.CEL	QGXBDMJGAMFCBF-LUJOEAJASA-N	68.9	micromolar	False
09_11_06_1-63.CEL	QGLWBTPVKHMVHM-KTKRTIGZSA-N	1.06	micromolar	False
09_11_06_1-64.CEL	ACTOXUHEUCPTEW-JMRHEKERSA-N	23.7	micromolar	False
09_11_06_1-65.CEL		1	percent	True
09_11_06_1-66.CEL	UWFYSQMTEOIJJG-FDTZYFLXSA-N	48	micromolar	False
09_11_06_1-67.CEL	NSYZCCDSJNWWJL-UHFFFAOYSA-N	23.2	micromolar	False
09_11_18_1-68.CEL	GIFPGRLKDGPYAR-UHFFFAOYSA-N	66.5	micromolar	False
09_11_18_1-69.CEL	XJSFLOJWULLJQS-NGVXBBESSA-N	24.2	micromolar	False
09_11_18_1-70.CEL	KSCZWFXQKITHSL-YEMMFEHXSA-N	49.4	micromolar	False
09_11_18_1-71.CEL	VWQWXZAWFPZJDA-CGVGKPPMSA-N	43.2	micromolar	False
09_11_18_1-72.CEL	FMPNFDSPHNUFOS-YKCJDCANSA-N	57.9	micromolar	False
09_11_18_1-74.CEL	LRMWPUURCIXKOC-UHFFFAOYSA-N	74	micromolar	False
09_11_18_1-75.CEL	UFUVLHLTWXBHGZ-UHFFFAOYSA-N	39.6	micromolar	False
09_11_18_1-76.CEL	YMEXGEAJNZRQEH-UHFFFAOYSA-N	90	micromolar	False
09_11_18_1-77.CEL	FGPJTMCJNPRZGF-JXMROGBWSA-N	10.4	micromolar	False
09_11_18_1-78.CEL	VPGRYOFKCNULNK-ACXQXYJUSA-N	53.7	micromolar	False
09_11_18_1-79.CEL	RSEPBGGWRJCQGY-RBRWEJTLSA-N	56.1	micromolar	False
09_11_18_1-80.CEL	CRDAMVZIKSXKFV-YFVJMOTDSA-N	29.9	micromolar	False
09_11_18_1-81.CEL		1	percent	True
09_11_18_1-82.CEL	QNKIRTADURZGPG-UHFFFAOYSA-N	47.2	micromolar	False
09_11_19_1-83.CEL	IBXCKSUZOFKGSB-UHFFFAOYSA-N	57.8	micromolar	False
09_11_19_1-84.CEL	AZKVWQKMDGGDSV-BCMRRPTOSA-N	88.4	micromolar	False
09_11_19_1-85.CEL	LUCPCQIWHDVLMX-UHFFFAOYSA-N	8.85	micromolar	False
09_11_19_1-86.CEL	RTDRYYULUYRTAN-UHFFFAOYSA-N	54.9	micromolar	False
09_11_19_1-87.CEL	MXXWOMGUGJBKIW-YPCIICBESA-N	70.1	micromolar	False
09_11_19_1-88.CEL	MOBDZHABRVPJCH-UHFFFAOYSA-N	67.5	micromolar	False
09_11_19_1-89.CEL		1	percent	True
09_11_19_1-90.CEL	VABYUUZNAVQNPG-BQYQJAHWSA-N	63	micromolar	False
09_11_19_1-91.CEL	SUZMCIRGERDWMV-UHFFFAOYSA-N	47.5	micromolar	False
09_11_19_1-92.CEL	JBSCMIAEEWZQBR-UHFFFAOYSA-N	19.1	micromolar	False
09_11_19_1-93.CEL	ILCLBYYAGZLAGC-UHFFFAOYSA-N	90.6	micromolar	False
09_11_19_1-94.CEL	LLSRPENMALNOFW-UHFFFAOYSA-N	71.1	micromolar	False
09_11_19_1-95.CEL	ZLHVIYHWWQYJID-UHFFFAOYSA-N	55.5	micromolar	False
09_12_01_3-1.CEL		1	percent	True
09_12_01_3-10.CEL	BAJVTNDELBXKDE-UHFFFAOYSA-N	87.6	micromolar	False
09_12_01_3-11.CEL	JXJPSCKSDZPJKP-XBXARRHUSA-N	67.8	micromolar	False
09_12_01_3-12.CEL	ZINDBJFCWYAQOB-JLHYYAGUSA-N	72.4	micromolar	False
09_12_01_3-2.CEL	LJMNIRFVWJVEFD-UHFFFAOYSA-N	49.1	micromolar	False
09_12_01_3-3.CEL	NHGLMLKOPKUAMT-UHFFFAOYSA-N	49.2	micromolar	False
09_12_01_3-4.CEL	XPNVYAXJUYMTPW-IUXPMGMMSA-N	50.6	micromolar	False
09_12_01_3-5.CEL	ABGIIXRNMHUKII-FLIBITNWSA-N	40.5	micromolar	False
09_12_01_3-6.CEL	MIFROLHYXJWIOL-UHFFFAOYSA-N	46.4	micromolar	False
09_12_01_3-7.CEL	GXYZPVNAIUJVGF-UHFFFAOYSA-N	48.1	micromolar	False
09_12_01_3-8.CEL	UMUUTEZBWGDVDA-UHFFFAOYSA-N	99.4	micromolar	False
09_12_01_3-9.CEL		1	percent	True
09_12_02_1-13.CEL	WILZNSGPHFGHJX-UHFFFAOYSA-N	45.4	micromolar	False
09_12_02_1-14.CEL	BCFHDYKCMZOQQV-UHFFFAOYSA-N	52.1	micromolar	False
09_12_02_1-15.CEL	KAIBCJOELXAENF-UHFFFAOYSA-N	48.6	micromolar	False
09_12_02_1-16.CEL	KPRNJNPVSRLVHN-UHFFFAOYSA-N	86.5	micromolar	False
09_12_02_1-17.CEL		1	percent	True
09_12_02_1-18.CEL	KGDFFRUWAGMXRB-UHFFFAOYSA-N	56.1	micromolar	False
09_12_02_1-19.CEL	RNMOYYIVANEQIG-UHFFFAOYSA-N	78	micromolar	False
09_12_03_1-20.CEL	HKHYEHXGYQSAQD-UHFFFAOYSA-N	44.5	micromolar	False
09_12_03_1-21.CEL	ZZFRROOYRMMSET-UHFFFAOYSA-N	88.7	micromolar	False
09_12_03_1-22.CEL	RNULTJAJPNAXDW-UHFFFAOYSA-M	16.5	micromolar	False
09_12_03_1-23.CEL	UUXKLKBJCYNJPR-UHFFFAOYSA-M	32.4	micromolar	False
09_12_03_1-24.CEL	AIYDBDAYQJBCRS-UHFFFAOYSA-M	19.4	micromolar	False
09_12_03_1-25.CEL		1	percent	True
09_12_03_1-26.CEL	NYYQKESQKWKCFV-UHFFFAOYSA-M	20.3	micromolar	False
09_12_03_1-27.CEL	PSIZISYZOGRXEV-UHFFFAOYSA-M	6.25	micromolar	False
09_12_08_1-28.CEL	BZCJYSNOSNVPTB-UHFFFAOYSA-M	30.1	micromolar	False
09_12_08_1-29.CEL	OWOMTLJJCFXRQF-UHFFFAOYSA-M	1.76	micromolar	False
09_12_08_1-30.CEL	XBTSSWGMHQSDTR-UHFFFAOYSA-M	25.6	micromolar	False
09_12_08_1-31.CEL	GKITZCPFISFXHJ-UHFFFAOYSA-N	77.7	micromolar	False
09_12_08_1-32.CEL	ZJCMLQSTWGCZGT-UHFFFAOYSA-N	44.9	micromolar	False
09_12_08_1-33.CEL		1	percent	True
09_12_08_1-34.CEL	PJBBMFFOIIZWMA-UHFFFAOYSA-N	31.3	micromolar	False
09_12_08_1-35.CEL	JSHLOPGSDZTEGQ-UHFFFAOYSA-N	81.9	micromolar	False
09_12_08_1-36.CEL	KJTXCEXIFYAIFF-UHFFFAOYSA-N	90	micromolar	False
09_12_08_1-37.CEL	VDQRSBASPLRAOM-UHFFFAOYSA-N	67.9	micromolar	False
09_12_08_1-38.CEL	ZWPBQOIMHMGXCP-UHFFFAOYSA-N	41	micromolar	False
09_12_08_1-39.CEL	NWAXQIGOONAAQX-UHFFFAOYSA-N	42.4	micromolar	False
09_12_08_1-40.CEL	NVTCEUJHWFLJBS-UHFFFAOYSA-N	68.9	micromolar	False
09_12_08_1-41.CEL		1	percent	True
09_12_08_1-42.CEL	OSUFRGXKNGENED-UHFFFAOYSA-N	17.4	micromolar	False
09_12_08_1-43.CEL	FGSODEFXFIKNBH-UHFFFAOYSA-N	60.6	micromolar	False
09_12_09_1-44.CEL	HTFCDZMUVCMOLY-UHFFFAOYSA-N	61.8	micromolar	False
09_12_09_1-45.CEL	SAJJSRIZJCOPNO-UHFFFAOYSA-N	66.4	micromolar	False
09_12_09_1-46.CEL	GSZRSLVADRWWAP-UHFFFAOYSA-N	47.1	micromolar	False
09_12_09_1-47.CEL	REZMSMJJBXHYTJ-UHFFFAOYSA-N	77.7	micromolar	False
09_12_09_1-48.CEL	VECGPYYDRAAGSV-UHFFFAOYSA-N	20.2	micromolar	False
09_12_09_1-49.CEL		1	percent	True
09_12_09_1-50.CEL	REIOAPDEQYXHGB-UHFFFAOYSA-N	20.9	micromolar	False
09_12_09_1-51.CEL	MRMOPGVGWFNHIN-UHFFFAOYSA-N	78	micromolar	False
09_12_09_1-52.CEL	XPGHNXMVHVOVHW-BJMVGYQFSA-N	75.6	micromolar	False
09_12_09_1-53.CEL	YHPKSMCKTAILCI-UHFFFAOYSA-N	22.4	micromolar	False
09_12_09_1-54.CEL	VRAQFSFGVZLHAG-UHFFFAOYSA-N	69.8	micromolar	False
09_12_09_1-55.CEL	JJZWDYRSEKOOGL-GZTJUZNOSA-N	51.3	micromolar	False
09_12_10_1-56.CEL	WYAMNJUPQNEGOI-UHFFFAOYSA-N	45.8	micromolar	False
09_12_10_1-57.CEL		1	percent	True
09_12_10_1-58.CEL	RHTVPWVESMJUOP-BAQGIRSFSA-N	86.1	micromolar	False
09_12_10_1-59.CEL	RYGTWDAUOUMNRA-YHYXMXQVSA-N	78	micromolar	False
09_12_10_1-60.CEL	LFQXSKLNWOVHAF-UHFFFAOYSA-N	65	micromolar	False
09_12_10_1-61.CEL	LVQXUOUMCMUUEH-UHFFFAOYSA-N	41.8	micromolar	False
09_12_10_1-62.CEL	RHAQPESVLRVQJU-UHFFFAOYSA-N	55.1	micromolar	False
09_12_10_1-63.CEL	KTICKHGQCGQPIP-UHFFFAOYSA-N	11	micromolar	False
09_12_10_1-64.CEL	SIJOGADODGPZJK-UHFFFAOYSA-N	43.4	micromolar	False
09_12_10_1-65.CEL		1	percent	True
09_12_10_1-66.CEL	JSTWWEWBLQEZRW-UHFFFAOYSA-N	20	micromolar	False
09_12_10_1-67.CEL	AGFWWKJKOVAFLQ-UHFFFAOYSA-N	42.1	micromolar	False
09_12_10_1-68.CEL	WPCNPPGCDGNRMP-UHFFFAOYSA-N	28.1	micromolar	False
09_12_16_1-69.CEL	HWDVKOKROKJIQO-IZZDOVSWSA-N	9.66	micromolar	False
09_12_16_1-70.CEL	RTGCXDRSDLBLCL-UHFFFAOYSA-N	52	micromolar	False
09_12_16_1-71.CEL	ZKMSGLLJUTYOPH-UHFFFAOYSA-N	55.4	micromolar	False
09_12_16_1-72.CEL	DZRWKRHYFAWAPJ-UHFFFAOYSA-N	9.02	micromolar	False
09_12_16_1-73.CEL		1	percent	True
09_12_16_1-74.CEL	SUJRLHKRIIXFSF-UHFFFAOYSA-N	11.4	micromolar	False
09_12_16_1-75.CEL	GFRXMINJBHBBBN-UHFFFAOYSA-N	29	micromolar	False
09_12_16_1-76.CEL	HHIXPOUVFRKTND-UHFFFAOYSA-N	34.6	micromolar	False
09_12_16_1-77.CEL	WLYHHLMMWMBERB-UHFFFAOYSA-N	51.6	micromolar	False
09_12_16_1-78.CEL	CZHYHHCVVUOCOL-UHFFFAOYSA-N	58.4	micromolar	False
09_12_16_1-79.CEL	FLPWBPSIEMPYOY-UHFFFAOYSA-N	4.04	micromolar	False
09_12_16_1-80.CEL	TVYGDDMZPBKRPM-UHFFFAOYSA-N	74.5	micromolar	False
09_12_16_1-81.CEL		1	percent	True
10_01_05_1-82.CEL	CGBJMCAWUZNITI-UHFFFAOYSA-N	6.51	micromolar	False
10_01_05_1-83.CEL	HAXQMOWZBABKNS-UHFFFAOYSA-N	27.3	micromolar	False
10_01_05_1-84.CEL	UZKYKWKKBBAXMD-UHFFFAOYSA-N	23.6	micromolar	False
10_01_05_1-85.CEL	NESZGCKKDZYTGF-UHFFFAOYSA-N	24.5	micromolar	False
10_01_05_1-86.CEL	RFRJUFQOCKKUNZ-UHFFFAOYSA-N	23.4	micromolar	False
10_01_05_1-87.CEL	KMAQRALRIVBLLL-UHFFFAOYSA-N	53.9	micromolar	False
10_01_05_1-88.CEL	KBAXULDFOCTUNQ-ZHACJKMWSA-N	80.2	micromolar	False
10_01_05_1-89.CEL		1	percent	True
10_01_05_1-90.CEL	FISKRZAAJSWQAH-UHFFFAOYSA-N	6.7	micromolar	False
10_01_05_1-91.CEL	PCHPORCSPXIHLZ-UHFFFAOYSA-N	100	micromolar	False
10_01_05_1-92.CEL	FSSICIQKZGUEAE-UHFFFAOYSA-N	100	micromolar	False
10_01_05_1-93.CEL	GOWFICBAGNZORK-UHFFFAOYSA-L	530	nanomolar	False
10_01_05_1-94.CEL	REIOAPDEQYXHGB-UHFFFAOYSA-N	710	nanomolar	False
10_01_12_2-1.CEL		1	percent	True
10_01_12_2-10.CEL	TXSYNBKANDRRRB-QHGLUPRGSA-N	14.62	micromolar	False
10_01_12_2-11.CEL	RJWMWQDAOOWORM-RGEXLXHISA-N	53.09	micromolar	False
10_01_12_2-2.CEL	CEONKCOBRZOYJS-UHFFFAOYSA-N	115.5	micromolar	False
10_01_12_2-3.CEL	VDTSDIJKBVWZFG-UHFFFAOYSA-N	55.36	micromolar	False
10_01_12_2-4.CEL	CXJVDCUWPNQJKI-UHFFFAOYSA-N	57.6	micromolar	False
10_01_12_2-5.CEL	PGFDXYAHXHIQOK-UGUHGPHQSA-N	53.49	micromolar	False
10_01_12_2-6.CEL	KPNSXQNKDQMBAW-WYDVDPGPSA-N	41.2	micromolar	False
10_01_12_2-7.CEL	NUUDDTFQVVMRLG-ZHACJKMWSA-N	84.6	micromolar	False
10_01_12_2-8.CEL	ISPVACVJFUIDPD-UHFFFAOYSA-N	71	micromolar	False
10_01_12_2-9.CEL		1	percent	True
10_01_13_2-12.CEL	JNELGWHKGNBSMD-UHFFFAOYSA-N	101.9	micromolar	False
10_01_13_2-13.CEL	QXXNZCQTGAOJIR-UHFFFAOYSA-N	44.9	micromolar	False
10_01_13_2-15.CEL	TXPJEMCJURHBHH-UHFFFAOYSA-N	34.5	micromolar	False
10_01_13_2-16.CEL	SCYCMFQAMTUOEU-UHFFFAOYSA-N	34.79	micromolar	False
10_01_13_2-17.CEL		1	percent	True
10_01_13_2-18.CEL	SDGWAUUPHUBJNQ-WTKPLQERSA-N	27.74	micromolar	False
10_01_13_2-19.CEL	XRECTZIEBJDKEO-UHFFFAOYSA-N	1.06	micromolar	False
10_01_13_2-20.CEL	MGWUMZFAYGKELJ-JXMROGBWSA-N	29.05	micromolar	False
10_01_13_2-21.CEL	WTSOHNQTWINNBL-ZDLGFXPLSA-N	7.93	micromolar	False
10_01_13_2-22.CEL	BMPNTJIBIQRHGE-UHFFFAOYSA-N	40.4	micromolar	False
10_01_13_2-23.CEL	QTDIHIWIWBLSDI-JMIUGGIZSA-N	51	micromolar	False
10_01_15_2-24.CEL	FHGIYKZDHZKFAJ-UHFFFAOYSA-N	48.3	micromolar	False
10_01_15_2-25.CEL		1	percent	True
10_01_15_2-26.CEL	MPRMGZGZSJSWHC-UHFFFAOYSA-N	70.8	micromolar	False
10_01_15_2-27.CEL	GGXQYMJZWYEQNN-UHFFFAOYSA-N	56.33	micromolar	False
10_01_15_2-28.CEL	WZSXONGRHIREGE-FNORWQNLSA-N	9.97	micromolar	False
10_01_15_2-29.CEL	NZLABGLSVFGMOH-UHFFFAOYSA-N	6.32	micromolar	False
10_01_15_2-30.CEL	LHBCOPLQBMQCAF-UHFFFAOYSA-N	31.83	micromolar	False
10_01_15_2-31.CEL	SSYNEHJVJMNYRQ-UHFFFAOYSA-N	39.1	micromolar	False
10_01_15_2-32.CEL	ZTYDZGHYQBIQRV-SOFGYWHQSA-N	61.5	micromolar	False
10_01_15_2-33.CEL		1	percent	True
10_01_15_2-34.CEL	PZDBOQVVEYLHSB-UHFFFAOYSA-N	62.8	micromolar	False
10_01_15_2-35.CEL	ZDHSJVXBNDEQSR-UHFFFAOYSA-N	53.4	micromolar	False
10_01_25_2-36.CEL	KFWBNKUHCNGZRM-UHFFFAOYSA-N	12.75	micromolar	False
10_01_25_2-37.CEL	OCUVTDWXHMAOCH-UHFFFAOYSA-N	13.63	micromolar	False
10_01_25_2-38.CEL	ZEXKBKAYWZMNJG-SUZOORIFSA-N	10.23	micromolar	False
10_01_25_2-39.CEL	RWFBRUQCEROCJA-UHFFFAOYSA-N	30.62	micromolar	False
10_01_25_2-40.CEL	MBESALXMWMFICO-UHFFFAOYSA-N	58.04	micromolar	False
10_01_25_2-41.CEL		1	percent	True
10_01_25_2-42.CEL	JCTYWRARKVGOBK-UHFFFAOYSA-N	11.93	micromolar	False
10_01_25_2-43.CEL	UKTFMPQSNSFGKD-UHFFFAOYSA-N	49.2	micromolar	False
10_01_25_2-44.CEL	ODJMJEOJZGQCCD-UHFFFAOYSA-N	9.48	micromolar	False
10_01_25_2-45.CEL	DIXVUMFALGTULE-ALCCZGGFSA-N	9.27	micromolar	False
10_01_25_2-46.CEL	AMUJHRXELMDDIQ-UHFFFAOYSA-N	3.65	micromolar	False
10_01_25_2-47.CEL	NTDHYMSVCBGQJF-UHFFFAOYSA-N	2.55	micromolar	False
10_01_25_2-48.CEL	CQYPNBZMQNYREY-UHFFFAOYSA-N	8.29	micromolar	False
10_01_25_2-49.CEL		1	percent	True
10_01_26_2-50.CEL	SRYYXVFONUYVLR-UHFFFAOYSA-N	20.55	micromolar	False
10_01_26_2-51.CEL	UVDHXQBYZSKOPE-JXMROGBWSA-N	14.58	micromolar	False
10_01_26_2-52.CEL	MBMVBGLILKKHSA-UHFFFAOYSA-N	9.9	micromolar	False
10_01_26_2-53.CEL	WNUCDJWJJXMIAL-BWTUWSSMSA-N	33.79	micromolar	False
10_01_26_2-54.CEL	PDUFHABCLHIGKV-UFIUYGHPSA-N	45.99	micromolar	False
10_01_26_2-56.CEL	QJJFXQYNKSAPLJ-UHFFFAOYSA-N	45.1	micromolar	False
10_01_26_2-57.CEL		1	percent	True
10_01_26_2-58.CEL	QKCRFLXTMXPQDE-UHFFFAOYSA-N	63	micromolar	False
10_01_26_2-59.CEL	IQYSTSHQRRVQGE-UHFFFAOYSA-N	51.82	micromolar	False
10_01_26_2-60.CEL	SNWBDFPUIISOQK-UHFFFAOYSA-N	54.9	micromolar	False
10_01_26_2-61.CEL	HARFIXZCUOCVGL-UHFFFAOYSA-N	69.4	micromolar	False
10_01_26_2-62.CEL	LPLSLEOFBMPIFG-UHFFFAOYSA-N	56.75	micromolar	False
10_01_26_2-63.CEL	APULFYUWWFSEQF-UHFFFAOYSA-N	51	micromolar	False
10_01_27_2-64.CEL	GGOYJPNYLCAKIL-LFYBBSHMSA-N	69.7	micromolar	False
10_01_27_2-65.CEL		1	percent	True
10_02_23_2-66.CEL	XLROXJKHOIAHTM-FMIVXFBMSA-N	74	micromolar	False
10_02_23_2-67.CEL	DPEBIOMWFKNMDW-UHFFFAOYSA-N	92.5	micromolar	False
10_02_23_2-68.CEL	HFVIHTQZNWZYQZ-UHFFFAOYSA-N	13.22	micromolar	False
10_02_23_2-69.CEL	OSAJECODAHHNIU-UHFFFAOYSA-N	10.23	micromolar	False
10_02_23_2-70.CEL	AMVYIWDUIZXASU-UHFFFAOYSA-N	28.89	micromolar	False
10_02_23_2-71.CEL	ZFZAIHKQJBMYLO-UHFFFAOYSA-N	46.38	micromolar	False
10_02_23_2-72.CEL	CLVNJCCVUGHTTK-UHFFFAOYSA-N	38.9	micromolar	False
10_02_23_2-73.CEL		1	percent	True
10_02_23_2-74.CEL	TVTWPOIVJDSMAX-UHFFFAOYSA-N	74	micromolar	False
10_02_23_2-75.CEL	NNALUFGQTMAMQB-UHFFFAOYSA-N	42	micromolar	False
10_02_23_2-76.CEL	QECHAHZDVLZACG-UHFFFAOYSA-N	66.6	micromolar	False
10_02_23_2-77.CEL	LBPZSHCGUIOIDM-UHFFFAOYSA-N	53.6	micromolar	False
10_02_23_2-78.CEL	NGFGYACXXNTGPQ-UHFFFAOYSA-N	54.2	micromolar	False
10_02_23_2-79.CEL	VLULBHZUYRXISM-JRQDRJMYSA-N	2.36	micromolar	False
10_03_04_3-1.CEL		1	percent	True
10_03_04_3-10.CEL	CCXCKWUAHXLOMS-NKUHCKNESA-N	27.19	micromolar	False
10_03_04_3-11.CEL	ZKEVGLUAKGKGMO-UHFFFAOYSA-N	83.04	micromolar	False
10_03_04_3-12.CEL	ORZIOOIMOACKMZ-UHFFFAOYSA-N	64	micromolar	False
10_03_04_3-2.CEL	UCUYMXSMUBCWGS-UHFFFAOYSA-N	16.14	micromolar	False
10_03_04_3-3.CEL	OPDBGPSIRGGXRM-UHFFFAOYSA-N	45.19	micromolar	False
10_03_04_3-4.CEL	RORBERQYRKOCAH-UHFFFAOYSA-N	35.5	micromolar	False
10_03_04_3-5.CEL	JCVZVRIXWJOYSY-ACZVRVHKSA-N	31.84	micromolar	False
10_03_04_3-6.CEL	GXJPXWMIOFURQB-UHFFFAOYSA-N	75.24	micromolar	False
10_03_04_3-7.CEL	JOSFHLUTLFZGFZ-UHFFFAOYSA-N	70	micromolar	False
10_03_04_3-8.CEL	JWEDNZOJOJECSJ-UHFFFAOYSA-N	10.45	micromolar	False
10_03_04_3-9.CEL		1	percent	True
10_03_05_3-13.CEL	CIEKOAABKWQQES-UHFFFAOYSA-N	37	micromolar	False
10_03_05_3-14.CEL	LBHWBALXVNKFPV-UHFFFAOYSA-N	25.46	micromolar	False
10_03_05_3-15.CEL	YWSPWKXREVSQCA-UHFFFAOYSA-N	94.5	micromolar	False
10_03_05_3-16.CEL	RUKISNQKOIKZGT-UHFFFAOYSA-N	93.5	micromolar	False
10_03_05_3-17.CEL		1	percent	True
10_03_05_3-18.CEL	AWDFMQCVWGJQCY-UHFFFAOYSA-N	90.4	micromolar	False
10_03_05_3-19.CEL	WJKGSPGPHGBKRY-UHFFFAOYSA-N	44.77	micromolar	False
10_03_05_3-20.CEL	GWWXKVVUGDVQGO-VHBPWQNCSA-N	70.3	micromolar	False
10_03_09_3-21.CEL	YBOBIJKMDUJMIZ-UHFFFAOYSA-N	37.18	micromolar	False
10_03_09_3-22.CEL	JXAZCJXZHNNUAC-UHFFFAOYSA-N	64.4	micromolar	False
10_03_09_3-23.CEL	ZKJOAIHEMWZBCF-UHFFFAOYSA-N	66.3	micromolar	False
10_03_09_3-24.CEL	TYDSNGCBRXYKPA-UHFFFAOYSA-N	4.15	micromolar	False
10_03_09_3-25.CEL		1	percent	True
10_03_09_3-26.CEL	OBHVGYORQQHBKS-UHFFFAOYSA-N	82.2	micromolar	False
10_03_09_3-27.CEL	CMIWOVFMNRJPIS-UHFFFAOYSA-N	73.58	micromolar	False
10_03_09_3-28.CEL	CLUHCIXTADKUGI-UHFFFAOYSA-N	48.47	micromolar	False
10_03_09_3-29.CEL	JEVRLDVQDNFCRK-UHFFFAOYSA-N	35.17	micromolar	False
10_03_09_3-30.CEL	PRWQWYNQGGELGS-HZHRSRAPSA-N	45.9	micromolar	False
10_03_09_3-31.CEL	AMPFCEAVGZSZOT-UHFFFAOYSA-N	34.77	micromolar	False
10_03_09_3-32.CEL	YGFKKATUXMVCSZ-UHFFFAOYSA-N	58.9	micromolar	False
10_03_10_2-80.CEL	LUXZJBNMDCSYRP-UHFFFAOYSA-N	55	micromolar	False
10_03_10_2-81.CEL		1	percent	True
10_03_10_2-82.CEL	NANFYPCPHFMPPQ-UHFFFAOYSA-N	24.54	micromolar	False
10_03_10_2-83.CEL	VJKFUDOPNYBESG-UHFFFAOYSA-N	66.3	micromolar	False
10_03_10_2-84.CEL	QQWSKGRYIBXHPC-UHFFFAOYSA-N	80.64	micromolar	False
10_03_10_2-85.CEL	HFYIYJMOLPFVCL-UHFFFAOYSA-N	87.52	micromolar	False
10_03_10_2-86.CEL	GUZAPFQMHYGNPB-UHFFFAOYSA-N	36.3	micromolar	False
10_03_10_2-87.CEL	DHDHJYNTEFLIHY-UHFFFAOYSA-N	24	micromolar	False
10_03_10_2-88.CEL	VKJGBAJNNALVAV-UHFFFAOYSA-M	21.6	micromolar	False
10_03_10_2-89.CEL		1	percent	True
10_03_10_2-90.CEL	RFHAOTPXVQNOHP-UHFFFAOYSA-N	80	micromolar	False
10_03_10_2-91.CEL	RFHAOTPXVQNOHP-UHFFFAOYSA-N	20	micromolar	False
10_03_10_2-93.CEL	ZHSGGJXRNHWHRS-XQRVVYSFSA-N	25	nanomolar	False
10_03_11_3-33.CEL		1	percent	True
10_03_11_3-34.CEL	BSLKSMCXUSYWAZ-UHFFFAOYSA-N	43.5	micromolar	False
10_03_11_3-35.CEL	ZMEXLPVMZUHAKG-UHFFFAOYSA-N	56.1	micromolar	False
10_03_11_3-36.CEL	SNUOIERUYYRSFI-UHFFFAOYSA-N	43.6	micromolar	False
10_03_11_3-37.CEL	BMOAZFYVGHVGGC-UHFFFAOYSA-N	72.23	micromolar	False
10_03_11_3-38.CEL	MKLYKPSRZZUUDT-UHFFFAOYSA-N	76.9	micromolar	False
10_03_11_3-39.CEL	KSMNIYKXKSRXHJ-GORDUTHDSA-N	62.3	micromolar	False
10_03_11_3-40.CEL	VHVGNTVUSQUXPS-UHFFFAOYSA-N	110.4	micromolar	False
10_03_11_3-41.CEL		1	percent	True
10_03_11_3-42.CEL	AGZJPXXQAWUYDC-UHFFFAOYSA-N	56.8	micromolar	False
10_03_11_3-43.CEL	ZDLZDVQVPSPYEQ-UHFFFAOYSA-N	60.95	micromolar	False
10_03_11_3-44.CEL	DBLFEAPCEZCRGX-UHFFFAOYSA-N	46.14	micromolar	False
10_03_17_3-45.CEL	ZECGBUYROKQBIO-UHFFFAOYSA-N	29.07	micromolar	False
10_03_17_3-46.CEL	PHSMLDZTNUALIF-UHFFFAOYSA-N	28.44	micromolar	False
10_03_17_3-47.CEL	FXVLVWKINHGWJV-UHFFFAOYSA-N	57.9	micromolar	False
10_03_17_3-48.CEL	LFJNYAXLIXMPPB-UHFFFAOYSA-N	52.4	micromolar	False
10_03_17_3-49.CEL		1	percent	True
10_03_17_3-50.CEL	LDMXEAMEMHPUAB-UHFFFAOYSA-N	49.1	micromolar	False
10_03_17_3-51.CEL	ZIJUKVHWGJPCTK-UHFFFAOYSA-N	60.3	micromolar	False
10_03_17_3-52.CEL	WEKALSXFBRPZOT-UHFFFAOYSA-N	60.3	micromolar	False
10_03_17_3-53.CEL	XMHWWXLACWWANG-UHFFFAOYSA-N	58.9	micromolar	False
10_03_18_3-54.CEL	IKUQDTRLGIRQET-UHFFFAOYSA-N	61.5	micromolar	False
10_03_18_3-55.CEL	MNKDJXAYPKSZHU-UHFFFAOYSA-N	57.6	micromolar	False
10_03_18_3-56.CEL	IMIMMKUNAQTPIV-UHFFFAOYSA-N	53	micromolar	False
10_03_18_3-57.CEL		1	percent	True
10_03_18_3-58.CEL	XCIQZOZFZZVHLG-UHFFFAOYSA-N	61.5	micromolar	False
10_03_18_3-59.CEL	QQLGOIZFZABLDX-UHFFFAOYSA-N	4.33	micromolar	False
10_03_18_3-60.CEL	QLXBMZAOTHBHSM-IZZDOVSWSA-N	8.6	micromolar	False
10_03_18_3-61.CEL	KEDMKBJCEYILDJ-UHFFFAOYSA-N	31.54	micromolar	False
10_03_18_3-62.CEL	NUQCBLCXURKQPA-CAPFRKAQSA-N	58.2	micromolar	False
10_03_18_3-63.CEL	TVWLCJVDJFYZSD-UHFFFAOYSA-N	91.6	micromolar	False
10_03_19_3-64.CEL	LSBJTVIEPWWPPW-UHFFFAOYSA-N	64.4	micromolar	False
10_03_19_3-65.CEL		1	percent	True
10_03_19_3-66.CEL	BFRBUBBAYOZRQM-UHFFFAOYSA-N	56.3	micromolar	False
10_03_19_3-67.CEL	RWXGKYVUKBIQCC-UHFFFAOYSA-N	58.6	micromolar	False
10_03_19_3-68.CEL	UQOWKTPSEYWQSM-UHFFFAOYSA-N	18.6	micromolar	False
10_03_19_3-69.CEL	GBZVROQMTPHIOQ-UHFFFAOYSA-N	65.6	micromolar	False
10_03_19_3-70.CEL	FHJGOSHIILEXPP-UHFFFAOYSA-N	42	micromolar	False
10_03_19_3-71.CEL	ALKYHXVLJMQRLQ-UHFFFAOYSA-N	106	micromolar	False
10_03_19_3-72.CEL	LELHZGOHVCQBJP-UHFFFAOYSA-N	68.6	micromolar	False
10_03_19_3-73.CEL		1	percent	True
10_03_19_3-74.CEL	LEGQADSDIOYPOS-UHFFFAOYSA-N	62.6	micromolar	False
10_03_23_3-75.CEL	FVGGFBMEWGARAX-IBGZPJMESA-N	41.6	micromolar	False
10_03_23_3-76.CEL	VKJGBAJNNALVAV-UHFFFAOYSA-N	7.24	micromolar	False
10_03_23_3-77.CEL	JBRIHHBXRSZNKM-KPKJPENVSA-N	49	micromolar	False
10_03_23_3-78.CEL	YBHILYKTIRIUTE-UHFFFAOYSA-N	14.4	micromolar	False
10_03_23_3-79.CEL	VECGDSZOFMYGAF-UHFFFAOYSA-N	50.3	micromolar	False
10_03_23_3-80.CEL	XKWXHHPLWULWGK-UHFFFAOYSA-N	12	micromolar	False
10_03_23_3-81.CEL		1	percent	True
10_03_23_3-82.CEL	RWSKCMWORGMGJE-UHFFFAOYSA-N	55	micromolar	False
10_03_23_3-83.CEL	PJJFYUAXYSKODT-UHFFFAOYSA-N	71	micromolar	False
10_03_24_3-84.CEL	ZTHLHHDJRXJGRX-UHFFFAOYSA-N	52.8	micromolar	False
10_03_24_3-85.CEL	DTNCKZCYLUPFQE-UHFFFAOYSA-N	49.2	micromolar	False
10_03_24_3-86.CEL	WXNRYSGJLQFHBR-UHFFFAOYSA-N	81	micromolar	False
10_03_24_3-87.CEL	UJPSJKJMLVESNM-PKNBQFBNSA-N	66.5	micromolar	False
10_03_24_3-88.CEL	JTTIFEIDOQSMRZ-UHFFFAOYSA-N	84.5	micromolar	False
10_03_24_3-89.CEL		1	percent	True
10_03_24_3-90.CEL	IXIXOJZELNGWEJ-UHFFFAOYSA-N	48	micromolar	False
10_03_24_3-91.CEL	OHEGMEUWGGBBHR-UHFFFAOYSA-N	71	micromolar	False
10_03_24_3-92.CEL	NQFCEJMAEFBPAD-UHFFFAOYSA-N	70	micromolar	False
10_03_24_3-93.CEL	CHJYKPALQWHBFY-UHFFFAOYSA-N	61.2	micromolar	False
10_03_24_3-94.CEL	PDGZEGONCOXAFD-LBEJWNQZSA-M	45.5	micromolar	False
10_03_24_3-95.CEL	QFJCIRLUMZQUOT-HPLJOQBZSA-N	4	nanomolar	False
10_03_25_4-1.CEL		1	percent	True
10_03_25_4-2.CEL	CCEVJKZHAJJQJR-QPJJXVBHSA-N	3.01	micromolar	False
10_03_25_4-4.CEL	JQPWYZMMVLNRCH-UHFFFAOYSA-N	14.8	micromolar	False
10_03_25_4-5.CEL	XHEYZPULKRBNFS-UHFFFAOYSA-N	15	micromolar	False
10_03_25_4-6.CEL	YEHDMSUNJUONMW-UHFFFAOYSA-N	16.4	micromolar	False
10_03_25_4-7.CEL	XEOWIRGIROIBPD-UHFFFAOYSA-N	19.2	micromolar	False
10_03_25_4-8.CEL	BGMJHLCMSVMDLM-UHFFFAOYSA-N	17	micromolar	False
10_03_25_4-9.CEL		1	percent	True
10_03_26_4-10.CEL	BWLCJPSUKHSVKP-UHFFFAOYSA-N	18.9	micromolar	False
10_03_26_4-11.CEL	HJNJAUYFFFOFBW-UHFFFAOYSA-N	31.4	micromolar	False
10_03_26_4-12.CEL	BUHDAIGNGIXQJO-UHFFFAOYSA-N	91.2	micromolar	False
10_03_26_4-13.CEL	VGYCHSOZFBOOKO-UHFFFAOYSA-N	32.9	micromolar	False
10_03_26_4-14.CEL	UBIRBSHOBFFLDX-UHFFFAOYSA-N	39.6	micromolar	False
10_03_26_4-15.CEL	HPFVUKHUWLMCMI-UHFFFAOYSA-N	55.7	micromolar	False
10_03_26_4-16.CEL	KIEVPIBIYKKJRJ-UHFFFAOYSA-N	79.3	micromolar	False
10_03_26_4-17.CEL		1	percent	True
10_03_26_4-18.CEL	ZDKLLWHULUEJNW-UHFFFAOYSA-N	62.6	micromolar	False
10_03_26_4-19.CEL	AUDZFDILQOXUBT-UHFFFAOYSA-N	20	micromolar	False
10_03_26_4-20.CEL	RMPRESDCJMOAHW-UHFFFAOYSA-N	74.6	micromolar	False
10_03_26_4-21.CEL	HHAYKNGPBZOQMY-UHFFFAOYSA-N	17.4	micromolar	False
10_03_31_4-22.CEL	QMKNKUCTQSRDGU-UHFFFAOYSA-N	3.81	micromolar	False
10_03_31_4-23.CEL	ARFRWVLNDNZOTL-UHFFFAOYSA-N	20.1	micromolar	False
10_03_31_4-24.CEL	AFIUIJXKXMMNCK-UHFFFAOYSA-N	30.4	micromolar	False
10_03_31_4-25.CEL		1	percent	True
10_03_31_4-26.CEL	PRWZDYJHEPXPGA-UHFFFAOYSA-N	52.2	micromolar	False
10_03_31_4-27.CEL	WUWFDVDASNSUKP-UHFFFAOYSA-N	64	micromolar	False
10_03_31_4-28.CEL	YPQZGQIOLDZFBE-UHFFFAOYSA-N	64	micromolar	False
10_03_31_4-29.CEL	AUAXNNILRNCQAX-UHFFFAOYSA-N	42.7	micromolar	False
10_03_31_4-30.CEL	CNDZOPXQZSXGSK-UHFFFAOYSA-N	40.3	micromolar	False
10_03_31_4-31.CEL	XQBJCRXLZYNHQP-UHFFFAOYSA-N	26.5	micromolar	False
10_03_31_4-32.CEL	RXGDNKCWEKUYQA-UHFFFAOYSA-N	67.3	micromolar	False
10_03_31_4-33.CEL		1	percent	True
10_04_01_4-83.CEL	APKFDSVGJQXUKY-LYVXVMGISA-N	148	nanomolar	False
10_04_01_4-84.CEL	QFJCIRLUMZQUOT-HPLJOQBZSA-N	2	nanomolar	False
10_04_01_4-85.CEL	HKSZLNNOFSGOKW-YUADCSEJSA-N	7.6	micromolar	False
10_04_01_4-86.CEL	KYRVNWMVYQXFEU-UHFFFAOYSA-N	6	micromolar	False
10_04_01_4-87.CEL	ZZIKIHCNFWXKDY-UHFFFAOYSA-N	605	nanomolar	False
10_04_01_4-88.CEL	QDLHCMPXEPAAMD-QAIWCSMKSA-N	25	micromolar	False
10_04_01_4-89.CEL		1	percent	True
10_04_01_4-90.CEL	BPEGJWRSRHCHSN-UHFFFAOYSA-N	1	millimolar	False
10_04_01_4-91.CEL	SDUQYLNIPVEERB-QPPQHZFASA-N	100	micromolar	False
10_04_01_4-92.CEL	TZYWCYJVHRLUCT-VABKMULXSA-N	525	micromolar	False
10_04_01_4-93.CEL	FLSGWAKDRPGHJD-LICLKQGHSA-N	16	micromolar	False
10_04_01_4-94.CEL	AARNYSKYMYSDCX-LZYBPNLTSA-N	20	micromolar	False
10_04_01_4-95.CEL	OONWCXLYKDWKOU-VURMDHGXSA-N	20	micromolar	False
10_04_01_4-96.CEL	ZGZFHMRTHMBODP-WOJGMQOQSA-N	25	micromolar	False
10_04_06_4-34.CEL	XVVJFCFUHVBAEC-UHFFFAOYSA-N	99.9	micromolar	False
10_04_06_4-35.CEL	GHNKQXUBBRYYOC-UHFFFAOYSA-N	49.9	micromolar	False
10_04_06_4-36.CEL	GUHXVSRRBMHSSC-UHFFFAOYSA-N	70.8	micromolar	False
10_04_06_4-37.CEL	SNLOIIPRZGMRAB-UHFFFAOYSA-N	97.5	micromolar	False
10_04_06_4-38.CEL	KZKWCKFDCPVDFJ-UHFFFAOYSA-N	5.18	micromolar	False
10_04_06_4-39.CEL	ARYCMKPCDNHQCL-UHFFFAOYSA-N	14.9	micromolar	False
10_04_06_4-40.CEL	KASZNDJKYQAXNZ-UHFFFAOYSA-N	26.2	micromolar	False
10_04_06_4-42.CEL	BMZMHUHJOZDHJW-UHFFFAOYSA-N	7.36	micromolar	False
10_04_06_4-45.CEL	WYYVSIHMUONIGA-UHFFFAOYSA-N	36.1	micromolar	False
10_04_06_4-47.CEL	YHLLABKHTFWHSZ-UHFFFAOYSA-N	78.7	micromolar	False
10_04_06_4-48.CEL	AABUKWVVUWBZCS-UHFFFAOYSA-N	18.3	micromolar	False
10_04_06_4-49.CEL		1	percent	True
10_04_06_4-50.CEL	ZZAJTJPBNSSWHI-UHFFFAOYSA-N	89	micromolar	False
10_04_06_4-53.CEL	WCIMKEGMFYKKSQ-UHFFFAOYSA-N	15	micromolar	False
10_04_07_4-54.CEL	QJYOVWJKXADAIP-UHFFFAOYSA-N	18.6	micromolar	False
10_04_07_4-55.CEL	BNMFJDGJTWTQFB-UHFFFAOYSA-N	59.6	micromolar	False
10_04_07_4-59.CEL	CAJUPFPBROFVEL-UHFFFAOYSA-N	72.8	micromolar	False
10_04_07_4-60.CEL	FUBFYCNQPDAEKI-UHFFFAOYSA-N	58.6	micromolar	False
10_04_07_4-61.CEL	UQNGBKYOCBSSOA-UHFFFAOYSA-N	70.5	micromolar	False
10_04_07_4-62.CEL	FYBUBXWSAKPMFF-UHFFFAOYSA-N	78.3	micromolar	False
10_04_07_4-63.CEL	NKRISXMDKXBVRJ-UHFFFAOYSA-N	78	micromolar	False
10_04_07_4-64.CEL	ZCDCGUYMOOCLSZ-UHFFFAOYSA-N	84.5	micromolar	False
10_04_07_4-65.CEL		1	percent	True
10_04_07_4-66.CEL	LWRKLYVFSHDLMU-UHFFFAOYSA-N	94.7	micromolar	False
10_04_07_4-67.CEL	UWYBUCACTOISFA-UHFFFAOYSA-N	83.7	micromolar	False
10_04_13_4-68.CEL	VAXKJLXXSYPJCK-UHFFFAOYSA-N	56.5	micromolar	False
10_04_13_4-69.CEL	PWBXCAUFJPXZFV-UHFFFAOYSA-N	51.5	micromolar	False
10_04_13_4-70.CEL	ZVCADZQSJQBNLZ-UHFFFAOYSA-N	60.4	micromolar	False
10_04_13_4-71.CEL	BQMYGAZNRQVFBM-UHFFFAOYSA-N	74.3	micromolar	False
10_04_13_4-72.CEL	DXYREIQSILTYNR-UHFFFAOYSA-N	90.8	micromolar	False
10_04_13_4-73.CEL		1	percent	True
10_04_13_4-74.CEL	ZBDYDCPYWZBECM-UHFFFAOYSA-N	96.1	micromolar	False
10_04_13_4-75.CEL	UXYNACLNPNFKQI-UHFFFAOYSA-N	72.6	micromolar	False
10_04_13_4-76.CEL	XUVKSPPGPPFPQN-UHFFFAOYSA-N	30.6	micromolar	False
10_04_13_4-77.CEL	UUWLYIVNEBPBFX-UHFFFAOYSA-N	49.2	micromolar	False
10_04_13_4-78.CEL	CUESTXISHWZOQU-UHFFFAOYSA-N	28.5	micromolar	False
10_04_13_4-79.CEL	WQWPBEAIPJZVBX-UHFFFAOYSA-N	70.1	micromolar	False
10_04_13_4-80.CEL	JLSXYCZRMYCIMY-UHFFFAOYSA-N	52.3	micromolar	False
10_04_13_4-81.CEL		1	percent	True
10_05_04_5-86.CEL	OYPFFIYEIIQZGT-UHFFFAOYSA-N	45.7	micromolar	False
10_05_04_5-87.CEL	FPYYPTMNCFMNNV-LICLKQGHSA-N	50	micromolar	False
10_05_04_5-88.CEL	WZABBERTHXBJBY-OQLLNIDSSA-N	25	micromolar	False
10_05_04_5-89.CEL		1	percent	True
10_05_04_5-90.CEL	JVSPTYZZNUXJHN-UHFFFAOYSA-N	19.1	micromolar	False
10_05_04_5-91.CEL	GDJHGJSTQODXMC-UHFFFAOYSA-N	75.1	micromolar	False
10_05_04_5-92.CEL	WNMAPNHXZFEFDI-QPJJXVBHSA-N	10.1	micromolar	False
10_05_04_5-93.CEL	TZVNNUHRZXQCHM-UHFFFAOYSA-N	53.6	micromolar	False
10_05_04_5-94.CEL	NDLLKGKHHLXJDU-UHFFFAOYSA-N	13.8	micromolar	False
10_05_04_5-95.CEL	KJHHAPASNNVTSN-KPKJPENVSA-N	40.3	micromolar	False
10_05_04_5-96.CEL	PVVORTURQPBPEQ-UHFFFAOYSA-N	50.5	micromolar	False
10_05_05_5-1.CEL		1	percent	True
10_05_05_5-10.CEL	FVTYVLDLZBEBQI-UHFFFAOYSA-N	34.3	micromolar	False
10_05_05_5-11.CEL	VUXVVLJZRAQTIW-UHFFFAOYSA-N	57.1	micromolar	False
10_05_05_5-3.CEL	BKQWEYFPSIGUMT-UHFFFAOYSA-N	40.9	micromolar	False
10_05_05_5-4.CEL	GDASLVDUBPNSGW-UHFFFAOYSA-N	15.9	micromolar	False
10_05_05_5-5.CEL	BNIQFAPHTLCOKN-UHFFFAOYSA-N	32.6	micromolar	False
10_05_05_5-6.CEL	UOBGWTOQZALQPG-UHFFFAOYSA-N	41.6	micromolar	False
10_05_05_5-7.CEL	ZRIWXONEOQIGDI-UHFFFAOYSA-N	74.3	micromolar	False
10_05_05_5-8.CEL	RSBBEKUUSRJZBP-UHFFFAOYSA-N	47.2	micromolar	False
10_05_05_5-9.CEL		1	percent	True
10_05_06_5-13.CEL	XSUFLYSABLUBNS-UHFFFAOYSA-N	56.4	micromolar	False
10_05_06_5-14.CEL	SPRSMBIGWRQSGU-MFOYZWKCSA-N	53.6	micromolar	False
10_05_06_5-15.CEL	WBUMHJSAUGBRFY-UHFFFAOYSA-N	51.1	micromolar	False
10_05_06_5-16.CEL	OHGDLAIDNZPIJH-UHFFFAOYSA-N	61.8	micromolar	False
10_05_06_5-17.CEL		1	percent	True
10_05_06_5-18.CEL	GHBGIGNVHCVPTD-UHFFFAOYSA-N	65.2	micromolar	False
10_05_06_5-19.CEL	CVTKOXCKAZRIDC-UHFFFAOYSA-N	65.2	micromolar	False
10_05_06_5-20.CEL	ICEVCPZBQFHSJX-UHFFFAOYSA-N	56.9	micromolar	False
10_05_06_5-21.CEL	CDFXHDABQJDUAK-UHFFFAOYSA-N	56.6	micromolar	False
10_05_06_5-22.CEL	RPZKGAKKVJTKEW-UHFFFAOYSA-N	65.1	micromolar	False
10_05_06_5-23.CEL	UVGRVNQLRMADLE-UHFFFAOYSA-N	61.6	micromolar	False
10_05_06_5-24.CEL	RGHPXFUJDAJHBZ-UHFFFAOYSA-N	66.6	micromolar	False
10_05_07_5-25.CEL		1	percent	True
10_05_07_5-26.CEL	OHKJWTRFAPRVBN-UHFFFAOYSA-N	69.1	micromolar	False
10_05_07_5-28.CEL	JUKXEUCJMRWMTL-ODOSRFNGSA-N	7.18	micromolar	False
10_05_07_5-29.CEL	XRYVAQQLDYTHCL-GMTBNIFVSA-N	9.2	micromolar	False
10_05_07_5-30.CEL	HSVKCHIAGOIUCK-UHFFFAOYSA-N	64.1	micromolar	False
10_05_07_5-31.CEL	UPUQYBJFFYMNQK-UHFFFAOYSA-N	12.1	micromolar	False
10_05_07_5-32.CEL	GHELRGBBTFCZHF-UHFFFAOYSA-N	68.9	micromolar	False
10_05_07_5-33.CEL		1	percent	True
10_05_07_5-34.CEL	XLTFNNCXVBYBSX-UHFFFAOYSA-N	32.4	micromolar	False
10_05_11_5-35.CEL	RVWWDDKOKZXKCJ-UHFFFAOYSA-N	54	micromolar	False
10_05_11_5-36.CEL	WIJWERWHPCJVKN-UHFFFAOYSA-N	62.4	micromolar	False
10_05_11_5-37.CEL	YRFHFTBLQARMCG-UHFFFAOYSA-N	41.9	micromolar	False
10_05_11_5-38.CEL	HVTJLUHYOBNEKD-UHFFFAOYSA-N	55.8	micromolar	False
10_05_11_5-39.CEL	KVOSXOGPAWZULF-UHFFFAOYSA-N	51.8	micromolar	False
10_05_11_5-40.CEL	LITCKBAOXMKNTI-UHFFFAOYSA-N	68.7	micromolar	False
10_05_11_5-41.CEL		1	percent	True
10_05_11_5-42.CEL	LZFBSWZQNARANH-UHFFFAOYSA-N	64.5	micromolar	False
10_05_11_5-43.CEL	OGOKGFPJONEFCN-UHFFFAOYSA-N	50.3	micromolar	False
10_05_11_5-44.CEL	YTDGIHJQUMBTMY-UHFFFAOYSA-N	61	micromolar	False
10_05_11_5-45.CEL	GPQLHGCIAUEJQK-UHFFFAOYSA-N	58.4	micromolar	False
10_05_11_5-46.CEL	VDINKGAMNBIDDV-UHFFFAOYSA-N	16.1	micromolar	False
10_05_12_5-47.CEL	YMTGHURFTMANKP-NTUHNPAUSA-N	51.4	micromolar	False
10_05_12_5-48.CEL	BRGNGIVHCUCMGG-UHFFFAOYSA-N	43.6	micromolar	False
10_05_12_5-49.CEL		1	percent	True
10_05_12_5-50.CEL	UATSORGDFWLUQU-UHFFFAOYSA-N	40.1	micromolar	False
10_05_12_5-51.CEL	QIUYUYOXCGBABP-UHFFFAOYSA-N	35.8	micromolar	False
10_05_12_5-52.CEL	XJWICODCRSXEBQ-UHFFFAOYSA-N	63.5	micromolar	False
10_05_12_5-53.CEL	PWUCZOIMMZEDLA-UHFFFAOYSA-N	17.4	micromolar	False
10_05_12_5-54.CEL	SRYSFTJFRNBPRK-UHFFFAOYSA-N	50.2	micromolar	False
10_05_12_5-55.CEL	VHLNMRCAXRWHOK-MOSHPQCFSA-N	26.9	micromolar	False
10_05_12_5-56.CEL	ZHXIMGYEMBZGOI-UHFFFAOYSA-N	30.8	micromolar	False
10_05_12_5-57.CEL		1	percent	True
10_05_12_5-58.CEL	ZXADCOLCKVCBPU-UHFFFAOYSA-N	63.5	micromolar	False
10_05_13_5-59.CEL	GZPDVRJCPPBBSD-UHFFFAOYSA-N	65.3	micromolar	False
10_05_13_5-60.CEL	QLNOPUGHMYGZAB-UHFFFAOYSA-N	42	micromolar	False
10_05_13_5-61.CEL	HMZGZQPMJLEENU-UHFFFAOYSA-N	45.3	micromolar	False
10_05_13_5-62.CEL	SOXHRQURNPRMDQ-UHFFFAOYSA-N	45.7	micromolar	False
10_05_13_5-63.CEL	JRTIAKFTPBQKSU-UHFFFAOYSA-N	47	micromolar	False
10_05_13_5-64.CEL	RGZQCLTUFZUGKM-UHFFFAOYSA-N	71.9	micromolar	False
10_05_13_5-65.CEL		1	percent	True
10_05_13_5-66.CEL	YYEOWTIAYGGWBV-UHFFFAOYSA-N	46.9	micromolar	False
10_05_13_5-67.CEL	HWQBVLBLCGPFTL-UHFFFAOYSA-N	53.1	micromolar	False
10_05_13_5-68.CEL	ZFPMABVFFHSNSY-XYOKQWHBSA-N	65.5	micromolar	False
10_05_13_5-69.CEL	FFIYJDUOKQDRJD-UHFFFAOYSA-N	45	micromolar	False
10_05_13_5-70.CEL	CCJNYIQCWWBZTE-UHFFFAOYSA-N	61.9	micromolar	False
10_05_13_5-71.CEL	QVNCBRMSRLGETO-UHFFFAOYSA-N	53.4	micromolar	False
10_05_14_5-72.CEL	MOBUVCKLGDJANF-UHFFFAOYSA-N	50.2	micromolar	False
10_05_14_5-73.CEL		1	percent	True
10_05_14_5-74.CEL	GEMHSANWHNDBFW-UHFFFAOYSA-N	59.8	micromolar	False
10_05_14_5-75.CEL	HXNGFYZLCLPCNU-UHFFFAOYSA-N	8.92	micromolar	False
10_05_14_5-76.CEL	ZJIRWWAKQXVHIP-UHFFFAOYSA-N	23.3	micromolar	False
10_05_14_5-77.CEL	XFRKOROYPDUFGL-UHFFFAOYSA-N	70.8	micromolar	False
10_05_14_5-78.CEL	GNMYBBZJYXAFKU-LDADJPATSA-N	40.9	micromolar	False
10_05_14_5-79.CEL	FCOBAGAIBDNXLX-WAYWQWQTSA-N	61.1	micromolar	False
10_05_14_5-80.CEL	AGDOMUAOXGDHJL-DEDYPNTBSA-N	66.8	micromolar	False
10_05_14_5-81.CEL		1	percent	True
10_05_14_5-82.CEL	WDSLDFYBUSHAEM-UHFFFAOYSA-N	93.8	micromolar	False
10_05_14_5-83.CEL	XYRFMAZHKFPQBJ-UHFFFAOYSA-N	76.8	micromolar	False
10_05_14_5-84.CEL	SWVQYIJFRLRPMG-UHFFFAOYSA-N	12.5	micromolar	False
10_05_14_5-85.CEL	BJVAIYSAEBZQNS-UHFFFAOYSA-N	36.4	micromolar	False
10_05_20_1-1.CEL		1	percent	True
10_05_20_1-10.CEL	NJOPQQPDPYWFFA-UHFFFAOYSA-N	57.66	micromolar	False
10_05_20_1-11.CEL	FKXXSAUARGEYGP-UHFFFAOYSA-N	131	micromolar	False
10_05_20_1-12.CEL	PQRNAVUSYZYYIH-UHFFFAOYSA-N	200	micromolar	False
10_05_20_1-13.CEL	UYEYOIARTNJQBB-UHFFFAOYSA-N	41.89	micromolar	False
10_05_20_1-14.CEL	OLNWTCOHKOKNJU-UHFFFAOYSA-N	188	micromolar	False
10_05_20_1-2.CEL	BDJFPWOXHDMOEK-UHFFFAOYSA-N	200	micromolar	False
10_05_20_1-3.CEL	ATGPYVFIGXESRF-UHFFFAOYSA-N	71.82	micromolar	False
10_05_20_1-4.CEL	ZWHPURVKWJBWEF-UHFFFAOYSA-N	172	micromolar	False
10_05_20_1-5.CEL	YKWRKTYPUSZHMD-UHFFFAOYSA-N	12.05	micromolar	False
10_05_20_1-6.CEL	LEQGHOHIHNAMCC-UHFFFAOYSA-N	159	micromolar	False
10_05_20_1-7.CEL	CBVRCEFUXXJLSG-UHFFFAOYSA-N	177	micromolar	False
10_05_20_1-8.CEL	XRSLHTIRZNFPFF-UHFFFAOYSA-N	200	micromolar	False
10_05_20_1-9.CEL		1	percent	True
10_05_25_1-15.CEL	UKCPUGSGOXBKBS-UHFFFAOYSA-N	200	micromolar	False
10_05_25_1-16.CEL	MDVGOOIANLZFCP-UHFFFAOYSA-N	200	micromolar	False
10_05_25_1-17.CEL		1	percent	True
10_05_25_1-18.CEL	XYSYHCDITGMJMX-UHFFFAOYSA-N	184	micromolar	False
10_05_25_1-19.CEL	MRLAJFUGSBSFDH-UHFFFAOYSA-N	140	micromolar	False
10_05_25_1-20.CEL	ZXUMUPVQYAFTLF-UHFFFAOYSA-N	60.65	micromolar	False
10_05_25_1-21.CEL	TXDMKKKJRXIVNO-UHFFFAOYSA-N	143	micromolar	False
10_05_25_1-22.CEL	VNUPQJXVTFYLKY-UHFFFAOYSA-N	108	micromolar	False
10_05_25_1-23.CEL	DBYCNQVGNFVMCT-UHFFFAOYSA-N	200	micromolar	False
10_05_25_1-24.CEL	LGWREHODVFMFSH-UHFFFAOYSA-N	173	micromolar	False
10_05_25_1-25.CEL		1	percent	True
10_05_25_1-26.CEL	QQWDVUJPHMCDTH-UHFFFAOYSA-N	200	micromolar	False
10_05_25_1-27.CEL	SEEMHQCGYXSBSC-UHFFFAOYSA-N	124	micromolar	False
10_05_25_1-28.CEL	SNTKXUVTTFWCCW-UHFFFAOYSA-N	134	micromolar	False
10_05_26_1-29.CEL	XRQNZEZLCWALPB-UHFFFAOYSA-N	141	micromolar	False
10_05_26_1-30.CEL	KTJSVELYMZTQJB-UHFFFAOYSA-N	152	micromolar	False
10_05_26_1-31.CEL	VSNOHPSYIOGHQU-UHFFFAOYSA-N	200	micromolar	False
10_05_26_1-32.CEL	VBJNMXMOMSWRDV-UHFFFAOYSA-N	36.43	micromolar	False
10_05_26_1-34.CEL	XBYZXLIEDQJISL-UHFFFAOYSA-N	200	micromolar	False
10_05_26_1-35.CEL	SDLPADBAAMHWQB-UHFFFAOYSA-N	200	micromolar	False
10_05_26_1-36.CEL	QAYVHDDEMLNVMO-UHFFFAOYSA-N	200	micromolar	False
10_05_26_1-37.CEL	GIFWAEOTCKRVPA-DAXSKMNVSA-N	25.99	micromolar	False
10_05_26_1-38.CEL	SPBLFONLHXBBQE-UHFFFAOYSA-N	145	micromolar	False
10_05_26_1-39.CEL	HQYMBOXLGACDCE-UHFFFAOYSA-N	53.07	micromolar	False
10_05_26_1-40.CEL	JAMQLJVXPNHYPI-UHFFFAOYSA-N	94.6	micromolar	False
10_05_26_1-41.CEL		1	percent	True
10_05_27_1-43.CEL	ODPJAJNDECUREX-UHFFFAOYSA-N	105	micromolar	False
10_05_27_1-44.CEL	ZEDXZIBUCQUJQX-JXMROGBWSA-N	200	micromolar	False
10_05_27_1-45.CEL	KEFHPVYDYSDBRR-UHFFFAOYSA-N	30.99	micromolar	False
10_05_27_1-46.CEL	JHNURUNMNRSGRO-UHFFFAOYSA-N	200	micromolar	False
10_05_27_1-47.CEL	VAJCSPZKMVQIAP-UHFFFAOYSA-N	123	micromolar	False
10_05_27_1-48.CEL	YNWLZPMCRKUADT-UHFFFAOYSA-N	45.34	micromolar	False
10_05_27_1-49.CEL		1	percent	True
10_05_27_1-50.CEL	HUDYANRNMZDQGA-UHFFFAOYSA-N	200	micromolar	False
10_05_27_1-51.CEL	TUVFQDXDUQYEJA-UHFFFAOYSA-N	149	micromolar	False
10_05_27_1-52.CEL	JYZKVJLQFGCECG-UHFFFAOYSA-N	200	micromolar	False
10_05_27_1-53.CEL	SQFKXNDVUJVECL-UHFFFAOYSA-N	78.05	micromolar	False
10_05_27_1-54.CEL	JTFXLRDQYSVMIU-UHFFFAOYSA-N	106	micromolar	False
10_05_27_1-55.CEL	YKEJVXMOMKWEPV-UHFFFAOYSA-N	200	micromolar	False
10_05_27_1-56.CEL	RYRCNSJFUMXOGX-UHFFFAOYSA-N	200	micromolar	False
10_05_28_1-57.CEL		1	percent	True
10_05_28_1-58.CEL	DDFZWZOMOJAGID-UHFFFAOYSA-N	67.19	micromolar	False
10_05_28_1-59.CEL	KFFAXWKHIJAKRD-UHFFFAOYSA-N	171	micromolar	False
10_05_28_1-60.CEL	YLWXBMKGZWALKM-UHFFFAOYSA-N	176	micromolar	False
10_05_28_1-61.CEL	XQEXVSOHLCLCFH-YVMONPNESA-N	7.14	micromolar	False
10_05_28_1-62.CEL	CSEKGJHMTLHRNH-UHFFFAOYSA-N	138	micromolar	False
10_05_28_1-63.CEL	MBVCESWADCIXJN-UHFFFAOYSA-N	129	micromolar	False
10_05_28_1-64.CEL	UDAJJZDSGHNTSS-UHFFFAOYSA-N	200	micromolar	False
10_05_28_1-65.CEL		1	percent	True
10_05_28_1-66.CEL	SYHJUQDILCTAGE-AATRIKPKSA-N	200	micromolar	False
10_05_28_1-67.CEL	QATJOQLILULHDL-UHFFFAOYSA-N	38.34	micromolar	False
10_05_28_1-68.CEL	RVDAXHHFWRWCAW-ACCUITESSA-N	133	micromolar	False
10_05_28_1-69.CEL	OYPOWURNYNFPFE-JXMROGBWSA-N	157	micromolar	False
10_05_28_1-70.CEL	GOSRVSFYRUUQBK-UHFFFAOYSA-N	140	micromolar	False
10_06_01_1-71.CEL	ZJMXIXDFMLCWHZ-UHFFFAOYSA-N	80.95	micromolar	False
10_06_01_1-72.CEL	OWHDSTQQGAWXJM-UHFFFAOYSA-N	200	micromolar	False
10_06_01_1-73.CEL		1	percent	True
10_06_01_1-74.CEL	FPKFMIHJPUIGST-UHFFFAOYSA-N	200	micromolar	False
10_06_01_1-75.CEL	LHNWWOLFCDCKQR-WQLSENKSSA-N	200	micromolar	False
10_06_01_1-76.CEL	WCJYQNYSKWLZTR-UHFFFAOYSA-N	34.26	micromolar	False
10_06_01_1-77.CEL	BNPFLWACFPMAER-UHFFFAOYSA-N	176	micromolar	False
10_06_01_1-78.CEL	DYAZYNNRTWBXGG-UHFFFAOYSA-N	34.08	micromolar	False
10_06_01_1-79.CEL	MWCJCUFHPFXQLS-UHFFFAOYSA-N	147	micromolar	False
10_06_01_1-80.CEL	DXEIEBNCIPTQFP-UHFFFAOYSA-N	200	micromolar	False
10_06_01_1-81.CEL		1	percent	True
10_06_01_1-82.CEL	HFJIHLGXKJKPBA-UHFFFAOYSA-N	200	micromolar	False
10_06_01_1-83.CEL	YCDJPLGSMCQRMT-UHFFFAOYSA-N	39.92	micromolar	False
10_06_01_1-84.CEL	SEUQKVNAVOJNKZ-UHFFFAOYSA-N	129	micromolar	False
10_06_02_1-85.CEL	JLTDIDNUWCTYJH-UHFFFAOYSA-N	126	micromolar	False
10_06_02_1-86.CEL	JIJZMMYXPAJDKB-UHFFFAOYSA-N	75.4	micromolar	False
10_06_02_1-87.CEL	FWDQVGPHMFCMGJ-UHFFFAOYSA-N	200	micromolar	False
10_06_02_1-88.CEL	KDKVQTKLWWJERB-UHFFFAOYSA-N	200	micromolar	False
10_06_02_1-90.CEL	GVCFZNJDHXYSRV-UHFFFAOYSA-N	200	micromolar	False
10_06_02_1-91.CEL	RKTNHDSJVMYSPC-UHFFFAOYSA-N	200	micromolar	False
10_06_02_1-92.CEL	IZUGFMPAUURNBT-UHFFFAOYSA-N	121	micromolar	False
10_06_02_1-93.CEL	VOILDFZXZBSUTR-UHFFFAOYSA-N	12.4	micromolar	False
10_06_02_1-94.CEL	PFXDCKOSCNEUJF-RKLIXYOZSA-N	32.26	micromolar	False
10_06_02_1-95.CEL	JSSKHEUQFKKGDX-UHFFFAOYSA-N	150	micromolar	False
10_06_24_2-1.CEL		1	percent	True
10_06_24_2-10.CEL	KQGQIJBFNSFSGQ-UHFFFAOYSA-N	65.94	micromolar	False
10_06_24_2-11.CEL	JNZMCRYQOSFSRO-UHFFFAOYSA-N	60.64	micromolar	False
10_06_24_2-12.CEL	UVJUSIXMKOEUQU-UHFFFAOYSA-N	144.05	micromolar	False
10_06_24_2-2.CEL	JAMKVNSBEKQPQS-UHFFFAOYSA-N	176.62	micromolar	False
10_06_24_2-3.CEL	KXBVFAPIVKCNEZ-UHFFFAOYSA-N	200	micromolar	False
10_06_24_2-4.CEL	CQDHSRVZYTXLFP-UHFFFAOYSA-N	127.39	micromolar	False
10_06_24_2-5.CEL	QNKLFXOIWHDUEL-UHFFFAOYSA-N	129.67	micromolar	False
10_06_24_2-6.CEL	LIYCFSRZVDUTPL-UHFFFAOYSA-N	104.45	micromolar	False
10_06_24_2-7.CEL	AWPNFXRMNNPKDW-UHFFFAOYSA-N	200	micromolar	False
10_06_24_2-8.CEL	DKLFSJQIQHXQDO-UHFFFAOYSA-N	80.67	micromolar	False
10_06_24_2-9.CEL		1	percent	True
10_06_25_2-13.CEL	VNKDDFRRCCZWOU-UHFFFAOYSA-N	194.4	micromolar	False
10_06_25_2-14.CEL	OPTFSXBYPNKAQE-UHFFFAOYSA-N	191.67	micromolar	False
10_06_25_2-15.CEL	VUEBZBJBEKJKAX-UHFFFAOYSA-N	200	micromolar	False
10_06_25_2-16.CEL	APQCIRNWAACMSD-UHFFFAOYSA-N	200	micromolar	False
10_06_25_2-17.CEL		1	percent	True
10_06_25_2-18.CEL	BBZDHSKNNFBFKH-UHFFFAOYSA-N	200	micromolar	False
10_06_25_2-19.CEL	JXNRULRHASYXOD-UHFFFAOYSA-N	882.5	nanomolar	False
10_06_25_2-20.CEL	RYENGUPPKKYXNC-UHFFFAOYSA-N	177.37	micromolar	False
10_06_25_2-21.CEL	QWQQDMMYHIYRRT-UHFFFAOYSA-N	190	micromolar	False
10_06_25_2-22.CEL	VDNJYCMYWSFCKR-UHFFFAOYSA-N	179.23	micromolar	False
10_06_25_2-23.CEL	OZIVFRZKBDVKEO-GQCTYLIASA-N	72.76	micromolar	False
10_06_25_2-24.CEL	PUHQMJSQZPUXJP-UHFFFAOYSA-N	10	micromolar	False
10_06_29_2-25.CEL		1	percent	True
10_06_29_2-26.CEL	IBGDGWWWRZQNAY-UHFFFAOYSA-N	200	micromolar	False
10_06_29_2-27.CEL	PBKJTNMQGNCQEY-UHFFFAOYSA-N	200	micromolar	False
10_06_29_2-28.CEL	VLEIQGPILMTUBQ-UHFFFAOYSA-N	167.29	micromolar	False
10_06_29_2-29.CEL	BBLHCVJULSMTHA-UHFFFAOYSA-N	170.16	micromolar	False
10_06_29_2-30.CEL	ZDCXNWUFUNOJFP-UHFFFAOYSA-N	200	micromolar	False
10_06_29_2-31.CEL	RFLFIALFVCLGHM-UHFFFAOYSA-N	200	micromolar	False
10_06_29_2-32.CEL	IPZCDWLMVIKJAK-UHFFFAOYSA-N	200	micromolar	False
10_06_29_2-33.CEL		1	percent	True
10_06_29_2-34.CEL	AUPGLSWGHJQOJG-UHFFFAOYSA-N	200	micromolar	False
10_06_29_2-35.CEL	RBAOYVGXTOUWKG-UHFFFAOYSA-N	200	micromolar	False
10_06_29_2-36.CEL	WBACZLOBGNBHKD-UHFFFAOYSA-N	107.03	micromolar	False
10_06_30_2-37.CEL	ZQFJSMRUMUXVGK-UHFFFAOYSA-N	81.25	micromolar	False
10_06_30_2-38.CEL	RPVGLMKJGQMQSN-UHFFFAOYSA-N	12.77	micromolar	False
10_06_30_2-39.CEL	AMXUNCSKFJYPCR-UHFFFAOYSA-N	16.88	micromolar	False
10_06_30_2-40.CEL	JDNNDOFIUBJGIQ-UHFFFAOYSA-N	200	micromolar	False
10_06_30_2-41.CEL		1	percent	True
10_06_30_2-42.CEL	OGNREASDDLZNGM-UHFFFAOYSA-N	200	micromolar	False
10_06_30_2-43.CEL	KKYDGIBGSSRWGB-UHFFFAOYSA-N	120.64	micromolar	False
10_06_30_2-44.CEL	QJDAORZUJBDJJF-DAXSKMNVSA-N	151.97	micromolar	False
10_06_30_2-45.CEL	YNCVRSBSNLNDFG-UHFFFAOYSA-N	149.64	micromolar	False
10_06_30_2-46.CEL	UBGHQHDUIUDNSB-UHFFFAOYSA-N	111.69	micromolar	False
10_06_30_2-47.CEL	YFAUCIKFNUPZKN-UHFFFAOYSA-N	200	micromolar	False
10_06_30_2-48.CEL	CMRRKJCQVVVOIJ-UHFFFAOYSA-N	200	micromolar	False
10_07_13_2-49.CEL		1	percent	True
10_07_13_2-50.CEL	HLRFUTRZDZOVDA-UHFFFAOYSA-N	200	micromolar	False
10_07_13_2-51.CEL	HZTHPFYHJIYIFH-UHFFFAOYSA-N	33.88	micromolar	False
10_07_13_2-52.CEL	ZHMAVICRSKFCFD-UHFFFAOYSA-N	187.91	micromolar	False
10_07_13_2-53.CEL	ITFJBVWVZSRNHZ-UHFFFAOYSA-N	168.49	micromolar	False
10_07_13_2-54.CEL	HNFAREZIVBKEJQ-UHFFFAOYSA-N	121.05	micromolar	False
10_07_13_2-55.CEL	QSLFQVQZSKRPHS-UHFFFAOYSA-N	2.45	micromolar	False
10_07_13_2-56.CEL	PGSADBUBUOPOJS-UHFFFAOYSA-N	5.29	micromolar	False
10_07_13_2-57.CEL		1	percent	True
10_07_13_2-58.CEL	RCBLMWWXZLYFGM-UHFFFAOYSA-N	122.67	micromolar	False
10_07_13_2-59.CEL	OXIXRYKVVVCWTD-UHFFFAOYSA-N	200	micromolar	False
10_07_13_2-60.CEL	NNBAXWAPIROUSM-UHFFFAOYSA-N	1.46	micromolar	False
10_07_13_2-61.CEL	UDSNAKLSPHPDSX-UHFFFAOYSA-N	150.42	micromolar	False
10_07_13_2-62.CEL	VNCNRGORRVUAOZ-UHFFFAOYSA-N	199.3	micromolar	False
10_07_19_2-63.CEL	SMPZQRNDZKZJBV-UHFFFAOYSA-N	140	micromolar	False
10_07_19_2-64.CEL	NXHJQFJSYPALPJ-UHFFFAOYSA-N	77.67	micromolar	False
10_07_19_2-65.CEL		1	percent	True
10_07_19_2-66.CEL	PGKSCHJJGGOMPM-UHFFFAOYSA-N	56.47	micromolar	False
10_07_19_2-67.CEL	VQMWMBHXZMUFPW-UHFFFAOYSA-N	200	micromolar	False
10_07_19_2-68.CEL	SFHXDLWVBOTKBJ-UHFFFAOYSA-N	7.67	micromolar	False
10_07_19_2-69.CEL	HLHZQJPJPNQANY-UHFFFAOYSA-N	118.52	micromolar	False
10_07_19_2-70.CEL	BBAAXEBKKSKXHK-FPLPWBNLSA-N	140.46	micromolar	False
10_07_19_2-71.CEL	HJXYTODHBGFIKK-UHFFFAOYSA-N	200	micromolar	False
10_07_19_2-72.CEL	NCKOHQHBVQLOOG-UHFFFAOYSA-N	200	micromolar	False
10_07_19_2-73.CEL		1	percent	True
10_07_19_2-74.CEL	JTXFPILITXFNSM-UHFFFAOYSA-N	200	micromolar	False
10_07_20_2-75.CEL	KCPNEXUDWDDGAX-UHFFFAOYSA-N	89.72	micromolar	False
10_07_20_2-76.CEL	PHECXUCVSQSGCE-UHFFFAOYSA-N	113.57	micromolar	False
10_07_20_2-77.CEL	TWYNWMMHDUDLKS-UHFFFAOYSA-N	194.83	micromolar	False
10_07_20_2-78.CEL	ASWRZMFQNLKJSF-UHFFFAOYSA-N	200	micromolar	False
10_07_20_2-79.CEL	ADKSCVCKVNMDDX-SOFGYWHQSA-N	85.42	micromolar	False
10_07_20_2-80.CEL	OYVFYPVPBFPXSU-UHFFFAOYSA-N	200	micromolar	False
10_07_20_2-81.CEL		1	percent	True
10_07_20_2-82.CEL	ZJUYFVFLWINXFD-UHFFFAOYSA-N	200	micromolar	False
10_07_20_2-83.CEL	ITQPFPYKSRDMMS-UHFFFAOYSA-N	200	micromolar	False
10_07_20_2-84.CEL	HLOFUIOHRMXBMA-UHFFFAOYSA-N	76	micromolar	False
10_07_20_2-85.CEL	UYDZAQUMTHQJCC-UHFFFAOYSA-N	115	micromolar	False
10_07_20_2-86.CEL	WIRIXRABFXLVKO-UHFFFAOYSA-N	96.38	micromolar	False
10_07_21_2-87.CEL	RABHBYZPGYJALP-UHFFFAOYSA-N	3.62	micromolar	False
10_07_21_2-88.CEL	VRGFRMBOHWJVRO-UHFFFAOYSA-N	73.75	micromolar	False
10_07_21_2-89.CEL		1	percent	True
10_07_21_2-90.CEL	NGHXMMAWOQGJBC-UHFFFAOYSA-N	132.93	micromolar	False
10_07_21_2-91.CEL	HQUXMOHBNHVDON-UHFFFAOYSA-N	8.51	micromolar	False
10_07_21_2-92.CEL	CRKWRRKHVSINKR-UHFFFAOYSA-N	200	micromolar	False
10_07_21_2-95.CEL	VDPUYOZPAXYJIT-UHFFFAOYSA-N	125	micromolar	False
10_07_21_2-96.CEL	VBQNUACMZREIDZ-UHFFFAOYSA-N	200	micromolar	False
10_07_21_3-1.CEL		1	percent	True
10_07_21_3-2.CEL	YIBJLSACWOVLEB-ZZXKWVIFSA-N	32.14	micromolar	False
10_07_21_3-3.CEL	QXIOSDBURWNOSL-UHFFFAOYSA-N	31.5	micromolar	False
10_07_21_3-4.CEL	PQLJFXZQTIPLRE-UHFFFAOYSA-N	200	micromolar	False
10_07_22_3-10.CEL	IMNUDUZCMFTLBK-UHFFFAOYSA-N	200	micromolar	False
10_07_22_3-11.CEL	JQYCYUYNAZPXJQ-UHFFFAOYSA-N	49.51	micromolar	False
10_07_22_3-12.CEL	GBYDFLAOGOZMEB-UHFFFAOYSA-N	200	micromolar	False
10_07_22_3-13.CEL	PQEXJIBCQQLTKA-UHFFFAOYSA-N	198.08	micromolar	False
10_07_22_3-14.CEL	XYUOKOBCKZIRRH-UHFFFAOYSA-N	163.92	micromolar	False
10_07_22_3-15.CEL	FGNSGABNWJJFLT-UHFFFAOYSA-N	167	micromolar	False
10_07_22_3-16.CEL	UMDJLYVJPFBLDQ-UHFFFAOYSA-N	200	micromolar	False
10_07_22_3-5.CEL	XLYQVVDCFZRIJB-UHFFFAOYSA-N	165.31	micromolar	False
10_07_22_3-6.CEL	XCIBGTGCDHTHPY-UHFFFAOYSA-N	33.97	micromolar	False
10_07_22_3-7.CEL	YBDKSPSOTVXJEP-UHFFFAOYSA-N	192	micromolar	False
10_07_22_3-8.CEL	VXLQEGSDBDDJQH-UHFFFAOYSA-N	200	micromolar	False
10_07_22_3-9.CEL		1	percent	True
10_07_23_3-17.CEL		1	percent	True
10_07_23_3-18.CEL	QYFAAQWXKKLVCV-UHFFFAOYSA-N	200	micromolar	False
10_07_23_3-19.CEL	BHRLWZVAFTWUKQ-UHFFFAOYSA-N	200	micromolar	False
10_07_23_3-20.CEL	BKSUNIAMWIOSTH-UHFFFAOYSA-N	54.26	micromolar	False
10_07_23_3-21.CEL	HZZTVMGUTMBMPG-UHFFFAOYSA-N	200	micromolar	False
10_07_23_3-24.CEL	LUNVCODEFDWGGZ-UHFFFAOYSA-N	130.51	micromolar	False
10_07_23_3-25.CEL		1	percent	True
10_07_23_3-26.CEL	IQORSSDZRQOMLE-UHFFFAOYSA-N	200	micromolar	False
10_07_23_3-27.CEL	HABAROMQMJRMMU-UHFFFAOYSA-N	200	micromolar	False
10_07_23_3-28.CEL	SSBIOMBKWGPZQK-UHFFFAOYSA-N	200	micromolar	False
10_07_27_3-29.CEL	RUSPMRCKBWDEQH-UHFFFAOYSA-N	200	micromolar	False
10_07_27_3-30.CEL	XSXADIVCRLCMQH-UHFFFAOYSA-N	140.68	micromolar	False
10_07_27_3-31.CEL	OJNHXCUBYFNKTH-RAXLEYEMSA-N	154.43	micromolar	False
10_07_27_3-32.CEL	HPDPVPHDIBWWEY-XFXZXTDPSA-N	200	micromolar	False
10_07_27_3-33.CEL		1	percent	True
10_07_27_3-34.CEL	ZTHDBOXGFQSMFX-UHFFFAOYSA-N	200	micromolar	False
10_07_27_3-35.CEL	GITJZXYOMRZZKK-UHFFFAOYSA-N	198.49	micromolar	False
10_07_27_3-36.CEL	IBMAYUUOJQRNHV-UHFFFAOYSA-N	200	micromolar	False
10_07_27_3-37.CEL	ADGOHRSLARPRIA-UHFFFAOYSA-N	104.55	micromolar	False
10_07_28_3-38.CEL	DBHJSOJEDRTHEP-UHFFFAOYSA-N	144.24	micromolar	False
10_07_28_3-39.CEL	XNJYTYBASIFPCP-UHFFFAOYSA-N	42.67	micromolar	False
10_07_28_3-40.CEL	LNMLBWYKIACOSF-UHFFFAOYSA-N	93.14	micromolar	False
10_07_28_3-41.CEL		1	percent	True
10_07_28_3-42.CEL	UTIFPSGFLVZWBR-HJWRWDBZSA-N	200	micromolar	False
10_07_28_3-43.CEL	IWXCZFGHPPCWGR-UHFFFAOYSA-N	200	micromolar	False
10_07_28_3-44.CEL	LZFKGFXHFPNEEJ-UHFFFAOYSA-N	21.91	micromolar	False
10_07_28_3-45.CEL	BNHUOEREDUSUHP-UHFFFAOYSA-N	169.86	micromolar	False
10_07_28_3-46.CEL	IPRQWQCJFSKTDE-UHFFFAOYSA-N	200	micromolar	False
10_07_28_3-47.CEL	USEQXNGDJGPZOP-UHFFFAOYSA-N	166.4	micromolar	False
10_07_28_3-48.CEL	JJEHJGQFUORYGU-UHFFFAOYSA-N	200	micromolar	False
10_07_28_3-49.CEL		1	percent	True
10_07_29_3-50.CEL	IJUJPCQBJSRMNA-UHFFFAOYSA-N	200	micromolar	False
10_07_29_3-51.CEL	MTKOJSTZVUHBOF-UHFFFAOYSA-N	146.97	micromolar	False
10_07_29_3-52.CEL	OXHBMBUYHWMWKM-UHFFFAOYSA-N	200	micromolar	False
10_07_29_3-53.CEL	AOKUOQRFZXRQBM-UHFFFAOYSA-N	200	micromolar	False
10_07_29_3-54.CEL	NTXURWGEQULWEA-UHFFFAOYSA-N	122.83	micromolar	False
10_07_29_3-55.CEL	UMLSTNVOWHQQSB-UHFFFAOYSA-N	190.39	micromolar	False
10_07_29_3-56.CEL	UWYBOEZQGCFECQ-UHFFFAOYSA-N	200	micromolar	False
10_07_29_3-57.CEL		1	percent	True
10_07_29_3-58.CEL	JQFZNBGEAOFSEC-UHFFFAOYSA-N	200	micromolar	False
10_07_29_3-59.CEL	MJEYESJLVCXAGP-UHFFFAOYSA-N	200	micromolar	False
10_07_29_3-60.CEL	BXAXDAGYMSTWSX-UHFFFAOYSA-N	48.28	micromolar	False
10_07_29_3-61.CEL	XNILKVADCMYCQT-UHFFFAOYSA-N	200	micromolar	False
10_07_30_3-62.CEL	ILAJHXLTOGEAJW-UHFFFAOYSA-N	200	micromolar	False
10_07_30_3-63.CEL	SXLDAHGNRBNZBT-UHFFFAOYSA-N	96.07	micromolar	False
10_07_30_3-64.CEL	ISICCIYKHRUIMG-UHFFFAOYSA-N	192.98	micromolar	False
10_07_30_3-65.CEL		1	percent	True
10_07_30_3-66.CEL	XKZIMVVOZHFEIW-UHFFFAOYSA-N	200	micromolar	False
10_07_30_3-67.CEL	GHRQDNKXGRCCNU-UHFFFAOYSA-N	200	micromolar	False
10_07_30_3-68.CEL	GZVXLUICZCTHRE-UHFFFAOYSA-N	181.08	micromolar	False
10_07_30_3-69.CEL	JOPZGFLVJQSJLC-UHFFFAOYSA-N	172.14	micromolar	False
10_07_30_3-70.CEL	URLUVPFUFFJKTD-CSKARUKUSA-N	107.57	micromolar	False
10_07_30_3-71.CEL	KMUQMBYWQNEAGY-UHFFFAOYSA-N	117.65	micromolar	False
10_07_30_3-72.CEL	BWCBGYFBSVPRLL-UHFFFAOYSA-N	15.4	micromolar	False
10_07_30_3-73.CEL		1	percent	True
10_08_02_3-85.CEL	JTFUBGFRNDAEOL-UHFFFAOYSA-N	200	micromolar	False
10_08_02_3-86.CEL	YHXZJZATPFHLGR-SNAWJCMRSA-N	64.1	micromolar	False
10_08_02_3-87.CEL	UOSGFLRKKGCCDR-UHFFFAOYSA-N	200	micromolar	False
10_08_02_3-88.CEL	PHQBXCTZDRMXMX-UHFFFAOYSA-N	190	micromolar	False
10_08_02_3-89.CEL		1	percent	True
10_08_02_3-90.CEL	QBSGXIBYUQJHMJ-UHFFFAOYSA-N	954.5	nanomolar	False
10_08_02_3-91.CEL	QKHROXOPRBWBDD-UHFFFAOYSA-N	6.85	micromolar	False
10_08_03_3-92.CEL	GEGSSUSEWOHAFE-UHFFFAOYSA-N	41.54	micromolar	False
10_08_03_3-93.CEL	QFVAWNPSRQWSDU-UHFFFAOYSA-N	40.38	micromolar	False
10_08_03_3-94.CEL	FUSNMLFNXJSCDI-UHFFFAOYSA-N	200	micromolar	False
10_08_03_3-95.CEL	YGSDEFSMJLZEOE-UHFFFAOYSA-N	500	micromolar	False
10_08_03_3-96.CEL	MQJKPEGWNLWLTK-UHFFFAOYSA-N	200	micromolar	False
10_08_11_3-74.CEL	ADMAASSUBQDVAI-UHFFFAOYSA-N	47.22	micromolar	False
10_08_11_3-75.CEL	QNDWAUVHQRTMMJ-UHFFFAOYSA-N	73.24	micromolar	False
10_08_11_3-76.CEL	OGDCJTIDXAPWOJ-UHFFFAOYSA-N	187.64	micromolar	False
10_08_11_3-77.CEL	ATGLMTDNGKGIRT-UHFFFAOYSA-N	185.95	micromolar	False
10_08_11_3-78.CEL	MATAOXHDIABGIR-DHZHZOJOSA-N	37.81	micromolar	False
10_08_12_3-79.CEL	BFNGPUUFAPPMKG-UHFFFAOYSA-N	61.27	micromolar	False
10_08_12_3-80.CEL	BLEJYSCPMNRNJK-UHFFFAOYSA-N	200	micromolar	False
10_08_12_3-81.CEL		1	percent	True
10_08_12_3-82.CEL	CPPXQEMDTDIZMQ-UHFFFAOYSA-N	200	micromolar	False
10_08_12_3-83.CEL	KHEBQMGPNQUNDN-UHFFFAOYSA-N	200	micromolar	False
10_08_12_3-84.CEL	FFTRFSZMHOHGKR-UHFFFAOYSA-N	91.56	micromolar	False
10_08_12_4-90.CEL	GVEZIHKRYBHEFX-NQQPLRFYSA-N	830	nanomolar	False
10_08_12_4-91.CEL	CZRCFAOMWRAFIC-UHFFFAOYSA-N	1.1	micromolar	False
10_08_12_4-92.CEL	LNEPOXFFQSENCJ-UHFFFAOYSA-N	116.36	micromolar	False
10_08_12_4-93.CEL	RYHCACJBKCOBTJ-UHFFFAOYSA-N	130	micromolar	False
10_08_12_4-95.CEL	MJIHNNLFOKEZEW-UHFFFAOYSA-N	556	micromolar	False
10_08_12_4-96.CEL	SUBDBMMJDZJVOS-UHFFFAOYSA-N	400	micromolar	False
10_08_13_4-78.CEL	QOLCLTGTGJRHGG-UHFFFAOYSA-N	135.83	micromolar	False
10_08_13_4-79.CEL	DETWKUWBZPMBEM-UHFFFAOYSA-N	95.19	micromolar	False
10_08_13_4-80.CEL	JTUGZBGALMZRJN-UHFFFAOYSA-N	197.44	micromolar	False
10_08_13_4-81.CEL		1	percent	True
10_08_13_4-82.CEL	AQRYQWZEJPEJQS-UHFFFAOYSA-N	200	micromolar	False
10_08_13_4-83.CEL	QSZXSGNPUPVCAU-UHFFFAOYSA-N	200	micromolar	False
10_08_13_4-84.CEL	MHOFFAAESGVVTR-UHFFFAOYSA-N	200	micromolar	False
10_08_13_4-85.CEL	JPUZRBGFEWQQEW-UHFFFAOYSA-N	200	micromolar	False
10_08_13_4-86.CEL	FGVSSSCNMCYKJG-UHFFFAOYSA-N	200	micromolar	False
10_08_13_4-87.CEL	CZBJNAZRHZAZOF-UHFFFAOYSA-N	184.68	micromolar	False
10_08_13_4-88.CEL	AVAFAFDOURGYKI-UHFFFAOYSA-N	67.46	micromolar	False
10_08_13_4-89.CEL		1	percent	True
10_08_17_4-70.CEL	HEIVIJJEKZUFAZ-UHFFFAOYSA-N	193.29	micromolar	False
10_08_17_4-71.CEL	OEIOSAFYCBYSPX-UHFFFAOYSA-N	110.76	micromolar	False
10_08_17_4-72.CEL	WMTCAESMDUPUHW-UHFFFAOYSA-N	200	micromolar	False
10_08_17_4-73.CEL		1	percent	True
10_08_17_4-74.CEL	TZAGWNOMRDGTBS-UHFFFAOYSA-N	200	micromolar	False
10_08_17_4-75.CEL	ABJNOBGDZXNJBU-UHFFFAOYSA-N	200	micromolar	False
10_08_17_4-76.CEL	JBAVJDRYNBQMAN-UHFFFAOYSA-N	153.85	micromolar	False
10_08_17_4-77.CEL	OPHJVMLHMZPRDG-UHFFFAOYSA-N	174.42	micromolar	False
10_08_18_4-59.CEL	OUFKUJJPYFOWMZ-UHFFFAOYSA-N	90.91	micromolar	False
10_08_18_4-60.CEL	KEYHJXUZQYFDHO-UHFFFAOYSA-N	118.62	micromolar	False
10_08_18_4-61.CEL	CGVUMRRPWSWRNS-UHFFFAOYSA-N	180	micromolar	False
10_08_18_4-62.CEL	FJYSTNRIUKPCGI-UHFFFAOYSA-N	169.05	micromolar	False
10_08_18_4-63.CEL	YIEFAXKYWGGKEC-UHFFFAOYSA-N	46.08	micromolar	False
10_08_18_4-64.CEL	ZXOVHTUGTCCSGE-UHFFFAOYSA-N	200	micromolar	False
10_08_18_4-65.CEL		1	percent	True
10_08_18_4-66.CEL	UMIVALFFGSRDRM-UHFFFAOYSA-N	42.08	micromolar	False
10_08_18_4-67.CEL	WJWGOKJHLDDVDP-UHFFFAOYSA-N	106.88	micromolar	False
10_08_18_4-68.CEL	LKWFXGHZCLYSJJ-UHFFFAOYSA-N	134.34	micromolar	False
10_08_18_4-69.CEL	TXQDHEIXMMNOAS-UHFFFAOYSA-N	32.93	micromolar	False
10_08_19_4-45.CEL	SDYABERAQCFERI-UHFFFAOYSA-N	200	micromolar	False
10_08_19_4-46.CEL	LTILHNUQAIYQBZ-UHFFFAOYSA-N	200	micromolar	False
10_08_19_4-47.CEL	WPGZVYNYSZXJKT-UHFFFAOYSA-N	200	micromolar	False
10_08_19_4-48.CEL	YOYYKSJJIWTDRV-UHFFFAOYSA-N	200	micromolar	False
10_08_19_4-49.CEL		1	percent	True
10_08_19_4-50.CEL	YNYITLNFUPVIEB-UHFFFAOYSA-N	39.21	micromolar	False
10_08_19_4-51.CEL	IYPRTJARXNUYNU-UHFFFAOYSA-N	200	micromolar	False
10_08_19_4-52.CEL	HOWZQGASBQEKEB-UHFFFAOYSA-N	125	micromolar	False
10_08_19_4-53.CEL	MDBJHVGNCOQLDU-UHFFFAOYSA-N	168.79	micromolar	False
10_08_19_4-54.CEL	DRLUCXVBNXSHQR-UHFFFAOYSA-N	167.31	micromolar	False
10_08_19_4-55.CEL	VLBULEGEZPKUMX-UHFFFAOYSA-N	165.07	micromolar	False
10_08_19_4-56.CEL	JFDGVZJOFWPTCI-UHFFFAOYSA-N	200	micromolar	False
10_08_19_4-57.CEL		1	percent	True
10_08_19_4-58.CEL	JBIDZQHWPCNJHP-UHFFFAOYSA-N	104.35	micromolar	False
10_08_20_4-31.CEL	QHSYWJAAJKBMJQ-UHFFFAOYSA-N	168.05	micromolar	False
10_08_20_4-32.CEL	QVZCNZKJMAWDOB-UHFFFAOYSA-N	200	micromolar	False
10_08_20_4-33.CEL		1	percent	True
10_08_20_4-34.CEL	HNBVTNPDDZRELH-XFFZJAGNSA-N	200	micromolar	False
10_08_20_4-35.CEL	WNCGDTFYTQGWJN-UHFFFAOYSA-N	200	micromolar	False
10_08_20_4-36.CEL	WEOQQHOOSDUXHE-UHFFFAOYSA-N	126.45	micromolar	False
10_08_20_4-37.CEL	NWGXLQKHTDLHSS-UHFFFAOYSA-N	152.32	micromolar	False
10_08_20_4-38.CEL	SORLILOOMRTFAB-UHFFFAOYSA-N	193.81	micromolar	False
10_08_20_4-39.CEL	RWUGRGDUCVDTDI-UHFFFAOYSA-N	114.88	micromolar	False
10_08_20_4-40.CEL	RUSJZUMIGVPPQH-UHFFFAOYSA-N	71.57	micromolar	False
10_08_20_4-41.CEL		1	percent	True
10_08_20_4-42.CEL	CQOPPUXHTADZBS-UHFFFAOYSA-N	200	micromolar	False
10_08_20_4-43.CEL	XMNWGYAHESUGCX-UHFFFAOYSA-N	200	micromolar	False
10_08_20_4-44.CEL	AYSCVFYEHCMWKT-UHFFFAOYSA-N	200	micromolar	False
10_08_24_4-17.CEL		1	percent	True
10_08_24_4-18.CEL	CRWZRQBAORPLIN-UHFFFAOYSA-N	91.4	micromolar	False
10_08_24_4-19.CEL	BTGXJIPOLCSVOJ-TWGQIWQCSA-N	69.23	micromolar	False
10_08_24_4-20.CEL	AIPQICYOXMMWSQ-UHFFFAOYSA-N	179.52	micromolar	False
10_08_24_4-21.CEL	TUWOPVCIIBKUQS-UHFFFAOYSA-N	6.34	micromolar	False
10_08_24_4-22.CEL	YDQFFDILHFWMRX-UHFFFAOYSA-N	197.62	micromolar	False
10_08_24_4-23.CEL	CGCAZIWUCXRTKW-UHFFFAOYSA-N	163.95	micromolar	False
10_08_24_4-24.CEL	JIXQGXBWLUGLQE-BENRWUELSA-N	200	micromolar	False
10_08_24_4-25.CEL		1	percent	True
10_08_24_4-26.CEL	MJHIWICCXBPGFM-UHFFFAOYSA-N	200	micromolar	False
10_08_24_4-27.CEL	IEXAUXZAUJDONW-UHFFFAOYSA-N	155.7	micromolar	False
10_08_24_4-28.CEL	OGVUQNNDLAMDSQ-UHFFFAOYSA-N	200	micromolar	False
10_08_24_4-29.CEL	MMQAYCGYYDVJFN-UHFFFAOYSA-N	200	micromolar	False
10_08_24_4-30.CEL	KEAKBCHDLHTKKT-UHFFFAOYSA-N	200	micromolar	False
10_08_27_4-10.CEL	IPNBOLYXGONZDK-UHFFFAOYSA-N	197.44	micromolar	False
10_08_27_4-11.CEL	BBCGPSONMMWQCU-UHFFFAOYSA-N	200	micromolar	False
10_08_27_4-12.CEL	OLTRVMIVQDZHCG-CMDGGOBGSA-N	164	micromolar	False
10_08_27_4-13.CEL	DVXPHPFMFVWGJV-UHFFFAOYSA-N	152.6	micromolar	False
10_08_27_4-14.CEL	ALTDPQLXOUPQGX-YFHOEESVSA-N	200	micromolar	False
10_08_27_4-15.CEL	XXXXITSFOHPNRC-UHFFFAOYSA-N	138.78	micromolar	False
10_08_27_4-16.CEL	ZSHPOCMEVKCXBL-VMPITWQZSA-N	38.22	micromolar	False
10_08_27_4-3.CEL	UVVOTKPJEDRMFS-UHFFFAOYSA-N	148.28	micromolar	False
10_08_27_4-4.CEL	YIZYIAPUGHBHEW-UHFFFAOYSA-N	200	micromolar	False
10_08_27_4-5.CEL	IQCGMUPTHFNNDH-UHFFFAOYSA-N	200	micromolar	False
10_08_27_4-6.CEL	PNWKPCKITCVOMA-UHFFFAOYSA-N	177.58	micromolar	False
10_08_27_4-7.CEL	HVLJHVXFTFHSDY-UHFFFAOYSA-N	200	micromolar	False
10_08_27_4-8.CEL	UESVKACFLFPBGT-UHFFFAOYSA-N	200	micromolar	False
10_08_27_4-9.CEL		1	percent	True
10_08_31_4-1.CEL		1	percent	True
10_08_31_4-2.CEL	MTFWFBGIIMPBAE-UHFFFAOYSA-N	200	micromolar	False
10_08_31_5-1.CEL		1	percent	True
10_08_31_5-10.CEL	KVFLVVCMQSAHOU-UHFFFAOYSA-N	200	micromolar	False
10_08_31_5-11.CEL	XKTYOTCWHUXMBX-UHFFFAOYSA-N	200	micromolar	False
10_08_31_5-12.CEL	YMNXBZJVOSEXJN-UHFFFAOYSA-N	138.89	micromolar	False
10_08_31_5-2.CEL	LIBCOZMIHMHZHY-UHFFFAOYSA-N	200	micromolar	False
10_08_31_5-3.CEL	LIBCOZMIHMHZHY-UHFFFAOYSA-N	200	micromolar	False
10_08_31_5-4.CEL	OCXGNMZHQDPIID-UHFFFAOYSA-N	154.17	micromolar	False
10_08_31_5-5.CEL	CVNFQWGJCPCLPO-UHFFFAOYSA-N	198.65	micromolar	False
10_08_31_5-6.CEL	GEFLGAHYWXRJBV-UVTDQMKNSA-N	200	micromolar	False
10_08_31_5-7.CEL	RSXQUXVNTVPOEE-UHFFFAOYSA-N	200	micromolar	False
10_08_31_5-8.CEL	DKEGWDUJJTYEMQ-UHFFFAOYSA-N	200	micromolar	False
10_08_31_5-9.CEL		1	percent	True
10_09_01_5-13.CEL	RUHQQIAPTGKKTR-UHFFFAOYSA-N	183.45	micromolar	False
10_09_01_5-14.CEL	PQFCOQQRDNXCIT-UHFFFAOYSA-N	176.74	micromolar	False
10_09_01_5-15.CEL	YWCSDTAKJJLSPO-UHFFFAOYSA-N	118.86	micromolar	False
10_09_01_5-16.CEL	HNAMVKUEIKNELN-UHFFFAOYSA-N	14.84	micromolar	False
10_09_01_5-17.CEL		1	percent	True
10_09_01_5-18.CEL	NRISJHCKUBVLHA-UHFFFAOYSA-N	76.95	micromolar	False
10_09_01_5-19.CEL	AVNDEIYLNKRJSM-UHFFFAOYSA-N	157.45	micromolar	False
10_09_01_5-20.CEL	SXPRALARBJCCIH-UHFFFAOYSA-N	143.75	micromolar	False
10_09_01_5-21.CEL	YGJITWAQNHWKEK-UHFFFAOYSA-N	174.81	micromolar	False
10_09_01_5-22.CEL	JKJLETUKWLALKV-UHFFFAOYSA-N	33.42	micromolar	False
10_09_01_5-23.CEL	FGCIPJAAVGHRLT-UHFFFAOYSA-N	187.07	micromolar	False
10_09_01_5-24.CEL	LWUFTTJGUBUVRV-UHFFFAOYSA-N	38.85	micromolar	False
10_09_01_5-25.CEL		1	percent	True
10_09_01_5-26.CEL	MYCQVAUSXCWYKG-UHFFFAOYSA-N	72.31	micromolar	False
10_09_02_5-27.CEL	IJFKYINDWFJRTB-UHFFFAOYSA-N	87.8	micromolar	False
10_09_02_5-28.CEL	QGONKIQYZUZDII-UHFFFAOYSA-N	146.67	micromolar	False
10_09_02_5-29.CEL	JDSBUPUXYPOCOV-UHFFFAOYSA-N	162	micromolar	False
10_09_02_5-30.CEL	MYOCIPVQLFIALY-UHFFFAOYSA-N	103.12	micromolar	False
10_09_02_5-31.CEL	CAENRFGKBBAPGF-UHFFFAOYSA-N	188.97	micromolar	False
10_09_02_5-32.CEL	HYDXQIJMKOERDX-UHFFFAOYSA-N	200	micromolar	False
10_09_03_5-33.CEL		1	percent	True
10_09_03_5-34.CEL	XGIHSLWERDNSQU-UHFFFAOYSA-N	4	micromolar	False
10_09_03_5-35.CEL	FQOJBAYHXVUULT-UHFFFAOYSA-N	200	micromolar	False
10_09_03_5-36.CEL	YKDCEDSHOJCCFF-UHFFFAOYSA-N	200	micromolar	False
10_09_03_5-37.CEL	QPNAIYZCIYSUIB-UHFFFAOYSA-N	116	micromolar	False
10_09_03_5-38.CEL	AEENCSHKTVTKMV-UHFFFAOYSA-N	126	micromolar	False
10_09_03_5-39.CEL	ZAGJDCRKYLOVET-UHFFFAOYSA-N	176	micromolar	False
10_09_03_5-40.CEL	YFMCQVNVMWBPNR-UHFFFAOYSA-N	200	micromolar	False
10_09_03_5-41.CEL		1	percent	True
10_09_03_5-42.CEL	XQNLRSKLOWAQFG-UHFFFAOYSA-N	200	micromolar	False
10_09_03_5-43.CEL	YXBGKXDNIDKSIU-UHFFFAOYSA-N	60.58	micromolar	False
10_09_03_5-44.CEL	VQKDOWCHFDCYAG-UHFFFAOYSA-N	135.38	micromolar	False
10_09_03_5-45.CEL	MWVQQKGPQOZKKK-UHFFFAOYSA-N	200	micromolar	False
10_09_03_5-46.CEL	IIDHRXYQBMFEFH-UHFFFAOYSA-N	200	micromolar	False
10_09_07_5-47.CEL	AACIFRQMXAAYAM-UHFFFAOYSA-N	200	micromolar	False
10_09_07_5-48.CEL	SAXURRYWDUKWPH-UHFFFAOYSA-N	200	micromolar	False
10_09_07_5-49.CEL		1	percent	True
10_09_07_5-50.CEL	ZPLBVHYGJXHULA-UHFFFAOYSA-N	200	micromolar	False
10_09_07_5-51.CEL	OXFMPJRLJLBBRQ-UHFFFAOYSA-N	200	micromolar	False
10_09_07_5-52.CEL	UVDJEOZEWVHXDJ-UHFFFAOYSA-N	200	micromolar	False
10_09_07_5-54.CEL	SHYFTMONKHOEJN-UHFFFAOYSA-N	200	micromolar	False
10_09_07_5-55.CEL	UPHCXCPRLIRJBL-UHFFFAOYSA-N	81.32	micromolar	False
10_09_07_5-56.CEL	NPERORVDYLGMMW-UHFFFAOYSA-N	62.6	micromolar	False
10_09_07_5-57.CEL		1	percent	True
10_09_07_5-58.CEL	ISPUHNBBDLEMTL-UHFFFAOYSA-N	121.43	micromolar	False
10_09_07_5-59.CEL	DRGPKDLRGIADCN-UHFFFAOYSA-N	200	micromolar	False
10_09_07_5-60.CEL	LRKFCELHJPQGDJ-UHFFFAOYSA-N	200	micromolar	False
10_09_07_5-61.CEL	JBHROEWOHMPKAT-UHFFFAOYSA-N	200	micromolar	False
10_09_07_5-62.CEL	GXEVJUTWIIMGLR-UHFFFAOYSA-N	200	micromolar	False
10_09_07_5-63.CEL	COYLNHITVXBZPK-UHFFFAOYSA-N	200	micromolar	False
10_09_07_5-64.CEL	FCKWWRKXPMOIMP-UHFFFAOYSA-N	200	micromolar	False
10_09_07_5-65.CEL		1	percent	True
10_09_07_5-66.CEL	YGPWKVFNKVKQSG-UHFFFAOYSA-N	200	micromolar	False
10_09_07_5-67.CEL	JOFYSAFELCZLSL-UHFFFAOYSA-N	157.42	micromolar	False
10_09_07_5-68.CEL	ZOMSUTGXSSYGLG-UHFFFAOYSA-N	195.08	micromolar	False
10_09_07_5-69.CEL	YZRUGTLIEQRAQS-UHFFFAOYSA-N	200	micromolar	False
10_09_07_5-70.CEL	AIEIZIKOQAFXLM-UHFFFAOYSA-N	195.52	micromolar	False
10_09_07_5-71.CEL	XCIFIAAVPYZZBQ-UHFFFAOYSA-N	176.6	micromolar	False
10_09_07_5-72.CEL	DOIFWZKNSQIYHB-UHFFFAOYSA-N	200	micromolar	False
10_09_07_5-73.CEL		1	percent	True
10_09_07_5-74.CEL	QTPQNACBAMYELF-UHFFFAOYSA-N	200	micromolar	False
10_09_09_5-75.CEL	BCQLLAQLHGKDGV-UHFFFAOYSA-N	185.94	micromolar	False
10_09_09_5-76.CEL	KECWZZBVSLEWKP-UHFFFAOYSA-N	200	micromolar	False
10_09_09_5-77.CEL	HALXGCUKJDMUQP-UHFFFAOYSA-N	180.19	micromolar	False
10_09_09_5-78.CEL	KNMBHGSZDTURIO-UHFFFAOYSA-N	42.78	micromolar	False
10_09_09_5-79.CEL	YNQGMOKEPYEVRP-UHFFFAOYSA-N	200	micromolar	False
10_09_09_5-80.CEL	AYGGQJHJRFZDFH-UHFFFAOYSA-N	48.84	micromolar	False
10_09_09_5-81.CEL		1	percent	True
10_09_09_5-82.CEL	HXJVXAIDZJNZJK-UHFFFAOYSA-N	200	micromolar	False
10_09_09_5-83.CEL	IKHDHSRNWQPQFS-IJHSEEJYSA-N	178.7	micromolar	False
10_09_09_5-84.CEL	MGXHLCANMKGZNB-UHFFFAOYSA-N	200	micromolar	False
10_09_09_5-86.CEL	BOTIRDPPIXSPLM-UHFFFAOYSA-N	200	micromolar	False
10_09_09_5-87.CEL	HNTYFPDRWSPGSQ-UHFFFAOYSA-N	181.2	micromolar	False
10_09_09_5-88.CEL	GUGYPBUGIUBMBK-UHFFFAOYSA-N	200	micromolar	False
10_09_09_5-89.CEL		1	percent	True
10_09_13_5-91.CEL	POPOYOKQQAEISW-UHFFFAOYSA-N	3.52	micromolar	False
10_09_13_5-92.CEL	NUVBSKCKDOMJSU-UHFFFAOYSA-N	405.7	micromolar	False
10_09_13_5-93.CEL	RCINICONZNJXQF-UHFFFAOYSA-N	400	micromolar	False
10_09_13_5-94.CEL	QFVAWNPSRQWSDU-UHFFFAOYSA-N	18.36	micromolar	False
10_09_13_5-95.CEL	RYHCACJBKCOBTJ-UHFFFAOYSA-N	63.97	micromolar	False
10_09_15_6-83.CEL	KIZBWUUJNJEYCM-UHFFFAOYSA-N	46.3	micromolar	False
10_09_15_6-84.CEL	VXOBVHAUXZVHTL-UHFFFAOYSA-N	39.94	micromolar	False
10_09_15_6-85.CEL	FTCLAIAXKAGMBI-UHFFFAOYSA-N	33.4	micromolar	False
10_09_15_6-86.CEL	HUKSJTUUSUGIDC-ZBEGNZNMSA-N	26.06	micromolar	False
10_09_15_6-87.CEL	OWQQDAGRTDUORV-UHFFFAOYSA-N	92.9	micromolar	False
10_09_15_6-88.CEL	DCECXXVEKNNRNY-UHFFFAOYSA-N	57.7	micromolar	False
10_09_15_6-89.CEL		1	percent	True
10_09_15_6-90.CEL	CZRCFAOMWRAFIC-UHFFFAOYSA-N	880	nanomolar	False
10_09_15_6-91.CEL	GVEZIHKRYBHEFX-NQQPLRFYSA-N	830	nanomolar	False
10_09_15_6-92.CEL	XDRYMKDFEDOLFX-UHFFFAOYSA-N	31.67	micromolar	False
10_09_15_6-93.CEL	RCINICONZNJXQF-UHFFFAOYSA-N	166.5	micromolar	False
10_09_15_6-94.CEL	RLMLFADXHJLPSQ-UHFFFAOYSA-N	50	nanomolar	False
10_09_27_6-78.CEL	ARFIXEWUXLCOAL-UHFFFAOYSA-N	90.72	micromolar	False
10_09_27_6-79.CEL	SKPLBLUECSEIFO-UHFFFAOYSA-N	384.24	micromolar	False
10_09_27_6-81.CEL		1	percent	True
10_09_27_6-82.CEL	KFBCTNNQFGONHB-UHFFFAOYSA-N	87.2	micromolar	False
10_09_28_6-50.CEL	MBSXNBUZWLNWAN-DHDCSXOGSA-N	59.2	micromolar	False
10_09_28_6-51.CEL	YHGVHRFSRANAMU-JYRVWZFOSA-N	7.85	micromolar	False
10_09_28_6-52.CEL	RYVJBEYHVKQYQL-MHWRWJLKSA-N	32.21	micromolar	False
10_09_28_6-53.CEL	QPMKQSHLMNXDPB-WJDWOHSUSA-N	42.75	micromolar	False
10_09_28_6-54.CEL	AARNYSKYMYSDCX-LZYBPNLTSA-N	7.78	micromolar	False
10_09_28_6-55.CEL	RZTWYYBSFGCMJM-ALCCZGGFSA-N	64.44	micromolar	False
10_09_28_6-56.CEL	DLRYUMXVTABEIG-KAMYIIQDSA-N	200	micromolar	False
10_09_28_6-57.CEL		1	percent	True
10_09_28_6-58.CEL	OUKGDKUCGGEHBP-YBEGLDIGSA-N	200	micromolar	False
10_09_28_6-59.CEL	ZBHZRCBFWSEHBP-JYRVWZFOSA-N	12.22	micromolar	False
10_09_28_6-60.CEL	CJKUGLHRPLKUNW-MHWRWJLKSA-N	27.82	micromolar	False
10_09_28_6-61.CEL	MNWKVEIZMVREIO-VQHVLOKHSA-N	169.91	micromolar	False
10_09_28_6-62.CEL	IWOAIZJEQSPHST-UHFFFAOYSA-N	10.6	micromolar	False
10_09_28_6-63.CEL	RJWORGFBUGFUNZ-DHDCSXOGSA-N	8.09	micromolar	False
10_09_28_6-64.CEL	XOVSKZMGQOOLCH-GIJQJNRQSA-N	144.16	micromolar	False
10_09_28_6-65.CEL		1	percent	True
10_09_28_6-66.CEL	NUHNQEYXVARRNE-SOFGYWHQSA-N	200	micromolar	False
10_09_28_6-67.CEL	KDVAMBNFSCNBQJ-DHDCSXOGSA-N	7.2	micromolar	False
10_09_28_6-68.CEL	UTFIVVSLQRQDGE-SXGWCWSVSA-N	157.78	micromolar	False
10_09_28_6-69.CEL	ZHUVAAMRZGOWJG-LICLKQGHSA-N	39.09	micromolar	False
10_09_28_6-70.CEL	UERHNMHZSFJNNA-CLFYSBASSA-N	48.48	micromolar	False
10_09_28_6-71.CEL	MMTLNIIXPVPRBC-UHFFFAOYSA-N	126.67	micromolar	False
10_09_28_6-72.CEL	YHRWTNGREQJAOF-UHFFFAOYSA-N	36.41	micromolar	False
10_09_28_6-73.CEL		1	percent	True
10_09_28_6-74.CEL	UKNOOQNCDAAQHD-LICLKQGHSA-N	35.57	micromolar	False
10_09_28_6-75.CEL	UAJBSGJYNKBQRW-CSKARUKUSA-N	200	micromolar	False
10_09_28_6-76.CEL	RTWOBXIMRXPFIN-LICLKQGHSA-N	33.78	micromolar	False
10_09_28_6-77.CEL	GIFWAEOTCKRVPA-DAXSKMNVSA-N	27.17	micromolar	False
10_09_30_6-41.CEL		1	percent	True
10_09_30_6-42.CEL	IAYZJBXKYNHXMK-UHFFFAOYSA-N	45.77	micromolar	False
10_09_30_6-43.CEL	BJSGUCFPMYXEHS-XNTDXEJSSA-N	12.93	micromolar	False
10_09_30_6-44.CEL	JAIQTORLZLXKRK-VQHVLOKHSA-N	45.7	micromolar	False
10_09_30_6-45.CEL	GOZYUCREJOZBEZ-RMKNXTFCSA-N	48.41	micromolar	False
10_09_30_6-47.CEL	MCDJQHQCVHCWJZ-XNTDXEJSSA-N	22.18	micromolar	False
10_10_05_6-32.CEL	OONWCXLYKDWKOU-VURMDHGXSA-N	10.36	micromolar	False
10_10_05_6-33.CEL		1	percent	True
10_10_05_6-34.CEL	TURIRIIGEMCNAC-RMKNXTFCSA-N	9.75	micromolar	False
10_10_05_6-35.CEL	GDTNUBDCJPYULZ-UHFFFAOYSA-N	74.46	micromolar	False
10_10_05_6-36.CEL	IJXFTOKUAAIAOW-UHFFFAOYSA-N	11.68	micromolar	False
10_10_05_6-37.CEL	ZTOJFERGVMTHJW-UHFFFAOYSA-N	16.39	micromolar	False
10_10_05_6-38.CEL	GNFKKJQYSSAUIR-UHFFFAOYSA-N	9.22	micromolar	False
10_10_05_6-39.CEL	XMYMYMUOGAQZBT-SXGWCWSVSA-N	174.22	micromolar	False
10_10_05_6-40.CEL	VHXSPZGBBNNSHL-UHFFFAOYSA-N	26.15	micromolar	False
10_10_05_6-48.CEL	NKTBMYLYHOYUOT-SOFGYWHQSA-N	171.77	micromolar	False
10_10_05_6-49.CEL		1	percent	True
10_10_07_6-18.CEL	LOZBKDDHVYZBMU-YVLHZVERSA-N	200	micromolar	False
10_10_07_6-19.CEL	PEBPEACSBWBPRK-IPROBYBISA-N	7.67	micromolar	False
10_10_07_6-20.CEL	XANJWJGQROHIQR-UHFFFAOYSA-N	33.21	micromolar	False
10_10_07_6-21.CEL	MZLWPOIYIBODOL-UHFFFAOYSA-N	37.09	micromolar	False
10_10_07_6-22.CEL	SBRNAXJZJLMJCC-SXGWCWSVSA-N	200	micromolar	False
10_10_07_6-23.CEL	JXCAUUVJLZNENL-JWAJRPJHSA-N	72.9	micromolar	False
10_10_07_6-24.CEL	CPZZDLSITZBBJF-UHFFFAOYSA-N	90.81	micromolar	False
10_10_07_6-25.CEL		1	percent	True
10_10_07_6-26.CEL	JWRZSOVSMFZDNW-UHFFFAOYSA-N	21.68	micromolar	False
10_10_07_6-27.CEL	GSKRVOHVQCUTJZ-UHFFFAOYSA-N	24.79	micromolar	False
10_10_07_6-28.CEL	YUDRVKDFMJRZMZ-BIZFVBGRSA-N	49.4	micromolar	False
10_10_07_6-29.CEL	STOWRYGXJGGBRU-UHFFFAOYSA-N	8.94	micromolar	False
10_10_07_6-30.CEL	SHJLBPUTXATXRW-UHFFFAOYSA-N	43.32	micromolar	False
10_10_07_6-31.CEL	WDTPYUPMJGKEMJ-UHFFFAOYSA-N	15.03	micromolar	False
10_10_11_6-10.CEL	UIAHBWHJZBKBPH-UHFFFAOYSA-N	10.51	micromolar	False
10_10_11_6-11.CEL	BLZXDUVTDYZVNJ-UHFFFAOYSA-N	25.23	micromolar	False
10_10_11_6-12.CEL	DZJNBSVRWKLBRF-ICKRUQPGSA-N	32.33	micromolar	False
10_10_11_6-13.CEL	POYASDCQBXPHNL-UHFFFAOYSA-N	43.85	micromolar	False
10_10_11_6-14.CEL	ZZRMMAFSBJHWHS-UHFFFAOYSA-N	37.17	micromolar	False
10_10_11_6-15.CEL	POADMRQYSLLTGQ-UHFFFAOYSA-N	45.16	micromolar	False
10_10_11_6-16.CEL	PQJACAMSQQHBIW-UHFFFAOYSA-N	142.65	micromolar	False
10_10_11_6-17.CEL		1	percent	True
10_10_11_6-4.CEL	IXGGBZXZSJGHON-UHFFFAOYSA-N	27.16	micromolar	False
10_10_11_6-5.CEL	KSWGVLALPBTFPF-UHFFFAOYSA-N	12.04	micromolar	False
10_10_11_6-6.CEL	ZGZFHMRTHMBODP-WOJGMQOQSA-N	17.78	micromolar	False
10_10_11_6-7.CEL	XABHYXPBBJGVRA-DODKFZKMSA-N	22.39	micromolar	False
10_10_11_6-8.CEL	KJFKDKDBXYVKOY-UHFFFAOYSA-N	44.05	micromolar	False
10_10_11_6-9.CEL		1	percent	True
10_10_12_6-1.CEL		1	percent	True
10_10_12_6-2.CEL	FPSVMWLWFSURME-DODKFZKMSA-N	45.7	micromolar	False
10_10_18_1-61_30.CEL	DHZBEENLJMYSHQ-UHFFFAOYSA-N	73.42	micromolar	False
10_10_19_1-77.CEL	DGQLVPJVXFOQEV-NGOCYOHBSA-N	95.39	micromolar	False
10_10_19_1-78.CEL	UILPJVPSNHJFIK-UHFFFAOYSA-N	100	micromolar	False
10_10_19_1-79.CEL	PZYZNVLXKYMURF-UHFFFAOYSA-N	100	micromolar	False
10_10_19_1-80.CEL	IHVRWFJGOIWMGC-NSCUHMNNSA-N	26.09	micromolar	False
10_10_19_1-84.CEL	FDYFHDKFDSGDKM-MGPZMBRGSA-N	3.66	micromolar	False
10_10_19_1-85.CEL	DNJVYWXIDISQRD-ZCGYEUDWSA-N	54.53	micromolar	False
10_10_19_1-86.CEL	MIJKZXWOOXIEEU-UHFFFAOYSA-N	79.83	micromolar	False
10_10_19_1-87.CEL	MQGPSCMMNJKMHQ-UHFFFAOYSA-N	100	micromolar	False
10_10_21_1-1.CEL		1	percent	True
10_10_21_1-10.CEL	KJHHAPASNNVTSN-KPKJPENVSA-N	54.63	micromolar	False
10_10_21_1-11.CEL	KNKVJBRMGKXDGO-UHFFFAOYSA-N	51.48	micromolar	False
10_10_21_1-12.CEL	RAJWOBJTTGJROA-LWTCHCTNSA-N	61.44	micromolar	False
10_10_21_1-2.CEL	FVEFRICMTUKAML-UHFFFAOYSA-M	13.37	micromolar	False
10_10_21_1-3.CEL	JAKAZHIACKJNNB-UHFFFAOYSA-N	18.59	micromolar	False
10_10_21_1-4.CEL	FUQAYSQLAOJBBC-UHFFFAOYSA-N	24.72	micromolar	False
10_10_21_1-5.CEL	WDGFFVCWBZVLCE-UHFFFAOYSA-N	52.29	micromolar	False
10_10_21_1-6.CEL	VCCRNZQBSJXYJD-UHFFFAOYSA-N	7.89	micromolar	False
10_10_21_1-7.CEL	HUXJGSHUVDWZAM-UHFFFAOYSA-N	54.16	micromolar	False
10_10_21_1-8.CEL	BBNQQADTFFCFGB-UHFFFAOYSA-N	79.67	micromolar	False
10_10_21_1-9.CEL		1	percent	True
10_10_25_1-13.CEL	KQJSQWZMSAGSHN-JJWQIEBTSA-N	40.54	micromolar	False
10_10_25_1-14.CEL	DQWQITFUWFBXON-UHFFFAOYSA-N	54.59	micromolar	False
10_10_25_1-15.CEL	MDKCFLQDBWCQCV-UHFFFAOYSA-N	8.31	micromolar	False
10_10_25_1-16.CEL	VKJGBAJNNALVAV-UHFFFAOYSA-M	10.47	micromolar	False
10_10_25_1-17.CEL		1	percent	True
10_10_25_1-18.CEL	UBAXRAHSPKWNCX-UHFFFAOYSA-N	49.23	micromolar	False
10_10_25_1-19.CEL	FXNFHKRTJBSTCS-UHFFFAOYSA-N	25.65	micromolar	False
10_10_25_1-20.CEL	YPZYGIQXBGHDBH-WKWCOTLASA-M	42.74	micromolar	False
10_10_26_1-21.CEL	RTIXKCRFFJGDFG-UHFFFAOYSA-N	20.77	micromolar	False
10_10_26_1-22.CEL	QBKSWRVVCFFDOT-UHFFFAOYSA-N	71.55	micromolar	False
10_10_26_1-23.CEL	ZRVDANDJSTYELM-UUSAFJCLSA-N	10	micromolar	False
10_10_26_1-24.CEL	AWEFUQDNSBBNCR-UHFFFAOYSA-N	46.28	micromolar	False
10_10_26_1-25.CEL		1	percent	True
10_10_26_1-26.CEL	GVKKJJOMQCNPGB-JTQLQIEISA-N	88.04	micromolar	False
10_10_26_1-27.CEL	LUZUAYAKZLCOCQ-BHHNFLQBSA-N	4.71	micromolar	False
10_10_26_1-28.CEL	CCOJFDRSZSSKOG-SNVBAGLBSA-N	13.4	micromolar	False
10_10_26_1-29.CEL	WUADCCWRTIWANL-UHFFFAOYSA-N	4.94	micromolar	False
10_10_26_1-30.CEL	PFNFFQXMRSDOHW-UHFFFAOYSA-N	47.74	micromolar	False
10_10_26_1-31.CEL	MKQLKSXQNMNNHU-UHFFFAOYSA-N	10.57	micromolar	False
10_10_26_1-32.CEL	BXNJHAXVSOCGBA-UHFFFAOYSA-N	47.85	micromolar	False
10_10_26_1-33.CEL		1	percent	True
10_10_26_1-34.CEL	ZRWPUFFVAOMMNM-UHFFFAOYSA-N	37.61	micromolar	False
10_11_02_1-35.CEL	NTAHJPYHXKMYBL-UHFFFAOYSA-N	63.64	micromolar	False
10_11_02_1-36.CEL	QOTBQNVNUBKJMS-UHFFFAOYSA-N	44.79	micromolar	False
10_11_02_1-37.CEL	RPHAAJGBADUATP-UHFFFAOYSA-N	93.61	micromolar	False
10_11_02_1-38.CEL	MVNJNWNFUCRWBW-NFAWXSAZSA-N	92.62	micromolar	False
10_11_02_1-39.CEL	ZHUOOEGSSFNTNP-HWAYZWBCSA-N	70.07	micromolar	False
10_11_02_1-40.CEL	JNELGWHKGNBSMD-UHFFFAOYSA-N	78.9	micromolar	False
10_11_02_1-41.CEL		1	percent	True
10_11_02_1-42.CEL	YBNXVKHEQXZPFB-XMMWENQYSA-M	13.65	micromolar	False
10_11_02_1-43.CEL	PXOYOCNNSUAQNS-AGNJHWRGSA-N	20.12	micromolar	False
10_11_02_1-44.CEL	FSNITHOUQGJHTR-UHFFFAOYSA-N	51.19	micromolar	False
10_11_02_1-45.CEL	AKKQGFKWEDCWJK-UHFFFAOYSA-N	32.04	micromolar	False
10_11_02_1-46.CEL	CLGDBTZPPRVUII-USQYZIDUSA-N	68.93	micromolar	False
10_11_02_1-47.CEL	PPGUUDJMTMGALC-UHFFFAOYSA-N	100	micromolar	False
10_11_02_1-48.CEL	IERFAZQCIAZODG-WFAGLZIHSA-N	80	micromolar	False
10_11_02_1-49.CEL		1	percent	True
10_11_02_1-50.CEL	QGXBDMJGAMFCBF-LUJOEAJASA-N	100	micromolar	False
10_11_02_1-51.CEL	LMILVXQXGKTFSZ-UHFFFAOYSA-N	83.07	micromolar	False
10_11_02_1-52.CEL	KGYCKUADVHYVLM-UHFFFAOYSA-N	100	micromolar	False
10_11_02_1-53.CEL	BQPRWZCEKZLBHL-UHFFFAOYSA-N	60.67	micromolar	False
10_11_02_1-54.CEL	DLCJNIBLOSKIQW-UHFFFAOYSA-N	68.51	micromolar	False
10_11_02_1-55.CEL	XDYGCIOWNPNVIH-ZYJPSCNZSA-N	89.61	micromolar	False
10_11_02_1-56.CEL	JOZKFWLRHCDGJA-LLVKDONJSA-N	100	micromolar	False
10_11_02_1-57.CEL		1	percent	True
10_11_02_1-58.CEL	NMLBREXWQRPOJH-CRAIPNDOSA-N	100	micromolar	False
10_11_02_1-59.CEL	GIPLQLQEWXCSIX-UHFFFAOYSA-N	19.94	micromolar	False
10_11_02_1-60.CEL	SVURIXNDRWRAFU-WGNAFFPOSA-N	20.94	micromolar	False
10_11_02_1-62.CEL	JRFZSUMZAUHNSL-UHFFFAOYSA-N	71.87	micromolar	False
10_11_02_1-63.CEL	QQRSPHJOOXUALR-UHFFFAOYSA-N	73.87	micromolar	False
10_11_04_1-64.CEL	FEIQOMCWGDNMHM-KBXRYBNXSA-N	87.02	micromolar	False
10_11_04_1-65.CEL		1	percent	True
10_11_04_1-66.CEL	KVOJTUXGYQVLAJ-UHFFFAOYSA-N	85.09	micromolar	False
10_11_04_1-67.CEL	JZECOIINDLDHBV-BBRMVZONSA-N	66.67	micromolar	False
10_11_04_1-68.CEL	DLYVTEULDNMQAR-WRELVWFXSA-N	100	micromolar	False
10_11_04_1-69.CEL	NXJCRELRQHZBQA-UHFFFAOYSA-N	84.59	micromolar	False
10_11_05_1-70.CEL	IMPPSJRGMZYGJW-UHFFFAOYSA-N	83.84	micromolar	False
10_11_05_1-71.CEL	AMTSLHRSERHBCF-IBQNZTRDSA-N	100	micromolar	False
10_11_05_1-72.CEL	KXFFLWDYUNIJNU-BFUOFWGJSA-N	100	micromolar	False
10_11_05_1-73.CEL		1	percent	True
10_11_05_1-74.CEL	INOSMXBKABLUIL-KOOLHJLFSA-N	100	micromolar	False
10_11_05_1-75.CEL	OJOBTAOGJIWAGB-UHFFFAOYSA-N	100	micromolar	False
10_11_05_1-76.CEL	CNDZOPXQZSXGSK-UHFFFAOYSA-N	64.92	micromolar	False
10_12_06_1-82.CEL	FSQXVCNWJMITHZ-ITBDYVSPSA-N	8.54	micromolar	False
10_12_06_1-83.CEL	KGUHFCVSCDQVEU-VXZDKHNRSA-N	100	micromolar	False
10_12_06_1-88.CEL	DXDRHHKMWQZJHT-FPYGCLRLSA-N	100	micromolar	False
10_12_06_1-89.CEL		1	percent	True
10_12_06_1-93.CEL	QFVDKARCPMTZCS-UHFFFAOYSA-N	226	nanomolar	False
10_12_06_1-94.CEL	RLMLFADXHJLPSQ-UHFFFAOYSA-N	60	nanomolar	False
10_12_13_2-10.CEL	MBNGWHIJMBWFHU-UHFFFAOYSA-N	100	micromolar	False
10_12_13_2-11.CEL	WVTKBKWTSCPRNU-KYJUHHDHSA-N	100	micromolar	False
10_12_13_2-12.CEL	CDOSHBSSFJOMGT-JTQLQIEISA-N	100	micromolar	False
10_12_13_2-13.CEL	XLOPRKKSAJMMEW-UHFFFAOYSA-N	100	micromolar	False
10_12_13_2-14.CEL	QMNWISYXSJWHRY-XWJCTJPOSA-N	100	micromolar	False
10_12_13_2-15.CEL	FGPJTMCJNPRZGF-JXMROGBWSA-N	15.04	micromolar	False
10_12_13_2-16.CEL	FGPJTMCJNPRZGF-JXMROGBWSA-N	14.64	micromolar	False
10_12_13_2-17.CEL		1	percent	True
10_12_13_2-18.CEL	VCMMXZQDRFWYSE-UHFFFAOYSA-N	510	nanomolar	False
10_12_13_2-19.CEL	TWVJWDMOZJXUID-SDDRHHMPSA-N	23.12	micromolar	False
10_12_13_2-20.CEL	ADRQFDIWPRFKSP-RUDMXATFSA-N	15.32	micromolar	False
10_12_13_2-21.CEL	COCYGNDCWFKTMF-UHFFFAOYSA-N	64.44	micromolar	False
10_12_13_2-22.CEL	FUQGIYDZGLORRC-XBXARRHUSA-N	13.23	micromolar	False
10_12_13_2-9.CEL		1	percent	True
10_12_14_2-23.CEL	PFRGXCVKLLPLIP-UHFFFAOYSA-N	81.36	micromolar	False
10_12_14_2-24.CEL	VPOWSDDTEVCUHB-UHFFFAOYSA-N	64	micromolar	False
10_12_14_2-25.CEL		1	percent	True
10_12_14_2-26.CEL	HZLCGUXUOFWCCN-UHFFFAOYSA-N	100	micromolar	False
10_12_14_2-27.CEL	JXSVIVRDWWRQRT-BJZQJJFASA-N	100	micromolar	False
10_12_14_2-28.CEL	QGXBDMJGAMFCBF-KMMCVRKDSA-N	48.74	micromolar	False
10_12_14_2-29.CEL	XUHLIQGRKRUKPH-ITZCMCNPSA-N	100	micromolar	False
10_12_14_2-30.CEL	VZMSCIKIANDZNI-UHFFFAOYSA-N	80	micromolar	False
10_12_14_2-31.CEL	RHBGITBPARBDPH-ZPUQHVIOSA-N	92.2	micromolar	False
10_12_14_2-32.CEL	IVYPNXXAYMYVSP-UHFFFAOYSA-N	100	micromolar	False
10_12_14_2-33.CEL		1	percent	True
10_12_14_2-34.CEL	JHEWMLHQNRHTQX-UHFFFAOYSA-N	100	micromolar	False
10_12_14_2-35.CEL	OWNRDLYPIYHOQK-UHFFFAOYSA-N	100	micromolar	False
10_12_14_2-36.CEL	ZFRKQXVRDFCRJG-UHFFFAOYSA-N	100	micromolar	False
10_12_14_2-37.CEL	VABYUUZNAVQNPG-BQYQJAHWSA-N	83.33	micromolar	False
10_12_14_2-38.CEL	MRIAQLRQZPPODS-UHFFFAOYSA-N	86.24	micromolar	False
10_12_14_2-39.CEL	RFUSYMXYRAILPB-UHFFFAOYSA-N	100	micromolar	False
10_12_14_2-40.CEL	CHXSDKWBSFDZEU-UHFFFAOYSA-N	100	micromolar	False
10_12_14_2-41.CEL		1	percent	True
10_12_14_2-42.CEL	LKMNXYDUQXAUCZ-UHFFFAOYSA-N	100	micromolar	False
10_12_14_2-43.CEL	IHLWXZNPOVMUFQ-UHFFFAOYSA-N	100	micromolar	False
10_12_14_2-44.CEL	NDTYTMIUWGWIMO-UHFFFAOYSA-N	100	micromolar	False
10_12_14_2-45.CEL	WMOWJHFPSNZXSK-GQCTYLIASA-N	100	micromolar	False
10_12_14_2-46.CEL	ULSUXBXHSYSGDT-UHFFFAOYSA-N	87.95	micromolar	False
10_12_14_2-47.CEL	SWZMSZQQJRKFBP-WZRBSPASSA-N	100	micromolar	False
10_12_14_2-48.CEL	XEAQIWGXBXCYFX-BQYQJAHWSA-N	100	micromolar	False
10_12_14_2-49.CEL		1	percent	True
10_12_14_2-50.CEL	VPGIGLKLCFOWDN-YOEHRIQHSA-N	100	micromolar	False
10_12_15_2-51.CEL	UAHGNXFYLAJDIN-IZZDOVSWSA-N	11.32	micromolar	False
10_12_15_2-52.CEL	UVYVLBIGDKGWPX-OEAVOSDUSA-N	300	nanomolar	False
10_12_15_2-53.CEL	CRDAMVZIKSXKFV-YFVJMOTDSA-N	9.78	micromolar	False
10_12_15_2-54.CEL	KWVISVAMQJWJSZ-SNCAVQOYSA-N	47.35	micromolar	False
10_12_15_2-55.CEL	KEQHJBNSCLWCAE-UHFFFAOYSA-N	42.66	micromolar	False
10_12_15_2-56.CEL	VYIBOCHDJVESIU-UHFFFAOYSA-N	70	micromolar	False
10_12_15_2-57.CEL		1	percent	True
10_12_15_2-58.CEL	XHBZOAYMBBUURD-UHFFFAOYSA-N	44.17	micromolar	False
10_12_15_2-59.CEL	ZJBMQVPEJHVSQA-OCYVVMCSSA-N	23.93	micromolar	False
10_12_15_2-60.CEL	WIONIXOBNMDJFJ-UHFFFAOYSA-N	15.46	micromolar	False
10_12_15_2-61.CEL	LJEJBLOFFDLRIH-GFCCVEGCSA-N	24.65	micromolar	False
10_12_15_2-62.CEL	DGXLEDCXMIJNPJ-UHFFFAOYSA-N	13.39	micromolar	False
10_12_15_2-63.CEL	PJSKCCANFAFYHW-UHFFFAOYSA-N	100	micromolar	False
10_12_15_2-64.CEL	RSWGJHLUYNHPMX-TZJYRCSTSA-N	100	micromolar	False
10_12_16_2-65.CEL		1	percent	True
10_12_16_2-66.CEL	HARGZZNYNSYSGJ-UHFFFAOYSA-N	20.83	micromolar	False
10_12_16_2-67.CEL	OHLQBKZXSJYBMK-UHFFFAOYSA-N	43.43	micromolar	False
10_12_16_2-68.CEL	DUECABXXAMFFBH-CYBMUJFWSA-N	87.91	micromolar	False
10_12_16_2-69.CEL	TUGWPJJTQNLKCL-UHFFFAOYSA-N	100	micromolar	False
10_12_16_2-70.CEL	FEGCPHIPSRBREU-IENBECQSSA-N	100	micromolar	False
10_12_16_2-71.CEL	DVZCOQQFPCMIPO-UHFFFAOYSA-N	59.94	micromolar	False
10_12_16_2-72.CEL	FAMPSKZZVDUYOS-VHAXJKOXSA-N	100	micromolar	False
10_12_16_2-73.CEL		1	percent	True
10_12_16_2-74.CEL	GLZPCOQZEFWAFX-JXMROGBWSA-N	100	micromolar	False
10_12_16_2-75.CEL	CAHGCLMLTWQZNJ-CBTGRNSPSA-N	100	micromolar	False
10_12_16_2-76.CEL	UQSRXQMIXSZGLA-UHFFFAOYSA-N	100	micromolar	False
10_12_16_2-77.CEL	REDMIYQFNIRTDF-AKZXAPPFSA-N	100	micromolar	False
10_12_16_2-78.CEL	IZVFFXVYBHFIHY-WXEMWYGHSA-N	100	micromolar	False
10_12_16_2-79.CEL	RGZSQWQPBWRIAQ-LOACHALJSA-N	100	micromolar	False
10_12_16_2-80.CEL	ZVYMCLIDNNTNCL-GFRRLMGDSA-N	100	micromolar	False
10_12_16_2-81.CEL		1	percent	True
10_12_16_2-82.CEL	CWCXONZIEDNVKI-PQBTTZHESA-N	100	micromolar	False
10_12_16_2-83.CEL	QKVNMVAISCKGFO-NYWNYWLFSA-N	100	micromolar	False
10_12_16_2-84.CEL	PJJGZPJJTHBVMX-UHFFFAOYSA-N	100	micromolar	False
10_12_16_2-85.CEL	OMICQBVLCVRFGN-UHFFFAOYSA-N	100	micromolar	False
10_12_16_2-86.CEL	LJOQGZACKSYWCH-NBGVHYBESA-N	100	micromolar	False
10_12_16_2-87.CEL	LZERJKGWTQYMBB-UHFFFAOYSA-N	100	micromolar	False
10_12_16_2-88.CEL	HNFPPWVGLWDXQQ-FJPSVTAHSA-N	100	micromolar	False
10_12_16_2-89.CEL		1	percent	True
10_12_16_2-90.CEL	DOGIDQKFVLKMLQ-UHFFFAOYSA-N	18	micromolar	False
10_12_16_2-91.CEL	DAQAKHDKYAWHCG-UHFFFAOYSA-N	53	micromolar	False
10_12_16_2-96.CEL	XDRYMKDFEDOLFX-UHFFFAOYSA-N	10.38	micromolar	False
11_02_07_3-50.CEL	NOOLISFMXDJSKH-KXUCPTDWSA-N	100	micromolar	False
11_02_07_3-51.CEL	QYSXJUFSXHHAJI-JACFMPSKSA-N	100	micromolar	False
11_02_07_3-52.CEL	RUVINXPYWBROJD-ONEGZZNKSA-N	100	micromolar	False
11_02_07_3-53.CEL	FWKQNCXZGNBPFD-UHFFFAOYSA-N	100	micromolar	False
11_02_07_3-54.CEL	RRZXIRBKKLTSOM-ONDMGMIHSA-N	100	micromolar	False
11_02_07_3-55.CEL	FPIPGXGPPPQFEQ-OVSJKPMPSA-N	96.75	micromolar	False
11_02_07_3-56.CEL	XUKUURHRXDUEBC-KAYWLYCHSA-N	60.16	micromolar	False
11_02_07_3-57.CEL		1	percent	True
11_02_07_3-58.CEL	XUKUURHRXDUEBC-KAYWLYCHSA-N	78.68	micromolar	False
11_02_07_3-59.CEL	CJVDASHOTFQIKU-AGIUHOORSA-N	9.56	micromolar	False
11_02_07_3-60.CEL	FMGSKLZLMKYGDP-SNHNPKPASA-N	100	micromolar	False
11_02_07_3-61.CEL	AOTFCXHSBXYTQC-UHFFFAOYSA-N	5	micromolar	False
11_02_08_3-1.CEL		1	percent	True
11_02_08_3-10.CEL	XJLATMLVMSFZBN-VYDXJSESSA-N	100	micromolar	False
11_02_08_3-11.CEL	INDUNANCUDNZJY-SCOKXHSESA-N	100	micromolar	False
11_02_08_3-12.CEL	HYTGGNIMZXFORS-KCBKDLQLSA-N	100	micromolar	False
11_02_08_3-13.CEL	CDSMSBUVCWHORP-QMMMGPOBSA-N	100	micromolar	False
11_02_08_3-14.CEL	NOHXYGXFTACADH-JHLBFKOCSA-N	100	micromolar	False
11_02_08_3-15.CEL	ZDFDJJJGIRGMBE-YMRVYQTRSA-N	74.44	micromolar	False
11_02_08_3-16.CEL	HFMDLUQUEXNBOP-UHFFFAOYSA-N	77.05	micromolar	False
11_02_08_3-19.CEL	VDZBWCCJLPCEQQ-UHFFFAOYSA-M	24.21	micromolar	False
11_02_08_3-2.CEL	FGPJTMCJNPRZGF-JXMROGBWSA-N	17.14	micromolar	False
11_02_08_3-20.CEL	QKRYGAZNLBVXHK-UHFFFAOYSA-N	12.96	micromolar	False
11_02_08_3-21.CEL	STQGQHZAVUOBTE-VGBVRHCVSA-N	22.37	micromolar	False
11_02_08_3-22.CEL	APKFDSVGJQXUKY-LYVXVMGISA-N	100	micromolar	False
11_02_08_3-23.CEL	PRAUVHZJPXOEIF-VGKQSNDQSA-N	73.48	micromolar	False
11_02_08_3-27.CEL	PCZOHLXUXFIOCF-BXMDZJJMSA-N	100	micromolar	False
11_02_08_3-28.CEL	LRBQNJMCXXYXIU-NRMVVENXSA-N	100	micromolar	False
11_02_08_3-29.CEL	WDJUZGPOPHTGOT-KSVSUYAUSA-N	100	micromolar	False
11_02_08_3-3.CEL	FGPJTMCJNPRZGF-JXMROGBWSA-N	15.08	micromolar	False
11_02_08_3-30.CEL	RRAFCDWBNXTKKO-UHFFFAOYSA-N	100	micromolar	False
11_02_08_3-31.CEL	OENHQHLEOONYIE-JLTXGRSLSA-N	100	micromolar	False
11_02_08_3-32.CEL	QBPFLULOKWLNNW-UHFFFAOYSA-N	100	micromolar	False
11_02_08_3-4.CEL	WEJZLJFKUYPPDV-UHFFFAOYSA-N	100	micromolar	False
11_02_08_3-5.CEL	UETZJEZFLKASPR-UZWIWUQPSA-N	100	micromolar	False
11_02_08_3-6.CEL	IQVQXVFMNOFTMU-FLIBITNWSA-N	100	micromolar	False
11_02_08_3-7.CEL	ZEASWHWETFMWCV-ISBUVJFSSA-N	100	micromolar	False
11_02_08_3-8.CEL	LRNHCUPADIPJOY-UHFFFAOYSA-N	100	micromolar	False
11_02_08_3-9.CEL		1	percent	True
11_02_10_3-33.CEL		1	percent	True
11_02_10_3-34.CEL	NWIBSHFKIJFRCO-WUDYKRTCSA-N	100	micromolar	False
11_02_10_3-35.CEL	WKRLQDKEXYKHJB-UHFFFAOYSA-N	100	micromolar	False
11_02_10_3-36.CEL	QFJCIRLUMZQUOT-HPLJOQBZSA-N	1	nanomolar	False
11_02_10_3-37.CEL	QFOHBWFCKVYLES-UHFFFAOYSA-N	22.24	micromolar	False
11_02_10_3-38.CEL	MJVAVZPDRWSRRC-UHFFFAOYSA-N	3.18	micromolar	False
11_02_10_3-39.CEL	OLSYHLURTGEIBH-UHFFFAOYSA-N	40.03	micromolar	False
11_02_10_3-40.CEL	MXXWOMGUGJBKIW-YPCIICBESA-N	63.03	micromolar	False
11_02_10_3-41.CEL		1	percent	True
11_02_10_3-42.CEL	YKPUWZUDDOIDPM-SOFGYWHQSA-N	100	micromolar	False
11_02_10_3-43.CEL	HPNSFSBZBAHARI-RUDMXATFSA-N	18.85	micromolar	False
11_02_14_3-44.CEL	RGCKGOZRHPZPFP-UHFFFAOYSA-N	95.37	micromolar	False
11_02_14_3-45.CEL	RUDATBOHQWOJDD-GXLBFMQUSA-N	100	micromolar	False
11_02_14_3-46.CEL	YGTPKDKJVZOVCO-KELBJJLKSA-N	96.69	micromolar	False
11_02_14_3-47.CEL	QJJXYPPXXYFBGM-KVDYWLTISA-N	100	micromolar	False
11_02_14_3-48.CEL	CUCUKLJLRRAKFN-UHFFFAOYSA-N	100	micromolar	False
11_02_14_3-49.CEL		1	percent	True
11_02_14_6-10.CEL	GPSVOIMROLVWKL-UHFFFAOYSA-N	60.2	micromolar	False
11_02_14_6-11.CEL	JGIBJERTZGFZMI-UHFFFAOYSA-N	47.7	micromolar	False
11_02_14_6-12.CEL	ADRRRPCFISANLS-UHFFFAOYSA-N	40.7	micromolar	False
11_02_14_6-13.CEL	GCWFAWCUZHGDPU-UHFFFAOYSA-N	81.9	micromolar	False
11_02_14_6-14.CEL	GCIGALMERIGXND-UHFFFAOYSA-N	52	micromolar	False
11_02_14_6-15.CEL	NSDIVZYSCVJIFL-UHFFFAOYSA-N	74.32	micromolar	False
11_02_14_6-16.CEL	FQQIIPAOSKSOJM-UHFFFAOYSA-N	72.4	micromolar	False
11_02_14_6-17.CEL		1	percent	True
11_02_14_6-18.CEL	CBURKUOQISWBOD-UHFFFAOYSA-N	67.5	micromolar	False
11_02_14_6-19.CEL	UWMPKFYTOZOTPE-UHFFFAOYSA-N	54.6	micromolar	False
11_02_14_6-20.CEL	LCKUBQBEDRQTRC-UHFFFAOYSA-N	96.8	micromolar	False
11_02_14_6-21.CEL	KOYLHAHRTTZNHF-ZHACJKMWSA-N	14.72	micromolar	False
11_02_14_6-22.CEL	OJMGBOSUTDWVFZ-UHFFFAOYSA-N	96.8	micromolar	False
11_02_14_6-23.CEL	HAPOKUSVNOKHRF-RELWKKBWSA-N	53.4	micromolar	False
11_02_14_6-24.CEL	XDEIKTUBWBCMDT-UHFFFAOYSA-N	71.1	micromolar	False
11_02_14_6-25.CEL		1	percent	True
11_02_14_6-26.CEL	JVQJREMBUMWIQB-UHFFFAOYSA-N	42.8	micromolar	False
11_02_14_6-27.CEL	ZMLZEGWGMVMIPJ-UHFFFAOYSA-N	82.5	micromolar	False
11_02_14_6-28.CEL	ZCGKFTXIWLYBHQ-UHFFFAOYSA-N	66.6	micromolar	False
11_02_14_6-29.CEL	WEVHUPUBLDYPTK-UHFFFAOYSA-N	56	micromolar	False
11_02_14_6-30.CEL	LQADXQYMUZVVPF-UHFFFAOYSA-N	56	micromolar	False
11_02_14_6-9.CEL		1	percent	True
11_02_15_6-31.CEL	USRZGIQSGSHFNC-UHFFFAOYSA-N	53.72	micromolar	False
11_02_15_6-32.CEL	ZXJQKFSACBTQRW-UHFFFAOYSA-N	59.1	micromolar	False
11_02_15_6-33.CEL		1	percent	True
11_02_15_6-34.CEL	RTBNVSKSDOAVLP-UHFFFAOYSA-N	47.7	micromolar	False
11_02_15_6-35.CEL	CAFFMLWUOKJJOO-UHFFFAOYSA-N	53.4	micromolar	False
11_02_15_6-36.CEL	CJSVLLIWVMOKJI-UHFFFAOYSA-N	56.9	micromolar	False
11_02_15_6-37.CEL	NITQAVSQRVIHHG-UHFFFAOYSA-N	56.4	micromolar	False
11_02_15_6-38.CEL	OULZBBSNLCKHRZ-KTKRTIGZSA-N	38.62	micromolar	False
11_02_15_6-39.CEL	NETHNEGFYVHWJS-WQLSENKSSA-N	62.28	micromolar	False
11_02_15_6-40.CEL		1	percent	True
11_02_25_1-1.CEL		1	percent	True
11_02_25_1-2.CEL	IIWPVOMPFBBVBL-UHFFFAOYSA-N	53.02	micromolar	False
11_02_25_1-3.CEL	YJQPYGGHQPGBLI-KGSXXDOSSA-N	32.65	micromolar	False
11_02_25_1-4.CEL	QOYHHIBFXOOADH-UHFFFAOYSA-N	36.88	micromolar	False
11_02_25_1-5.CEL	UYNVMODNBIQBMV-UHFFFAOYSA-N	61.44	micromolar	False
11_02_25_1-6.CEL	HRRBJVNMSRJFHQ-UHFFFAOYSA-N	47.16	micromolar	False
11_02_25_1-7.CEL	OVICLFZZVQVVFT-UHFFFAOYSA-N	83.58	micromolar	False
11_02_25_1-8.CEL	QSLMDECMDJKHMQ-UHFFFAOYSA-N	69.64	micromolar	False
11_02_25_1-9.CEL		1	percent	True
11_02_28_1-10.CEL	LNEPOXFFQSENCJ-UHFFFAOYSA-N	53.21	micromolar	False
11_02_28_1-11.CEL	AQIXAKUUQRKLND-UHFFFAOYSA-N	79.27	micromolar	False
11_02_28_1-12.CEL	FTALBRSUTCGOEG-UHFFFAOYSA-N	51.77	micromolar	False
11_02_28_1-13.CEL	ZPEIMTDSQAKGNT-UHFFFAOYSA-N	9.18	micromolar	False
11_02_28_1-14.CEL	PLDUPXSUYLZYBN-UHFFFAOYSA-N	10.66	micromolar	False
11_02_28_1-15.CEL	BCGWQEUPMDMJNV-UHFFFAOYSA-N	71.33	micromolar	False
11_02_28_1-16.CEL	QWGDMFLQWFTERH-UHFFFAOYSA-N	43.43	micromolar	False
11_02_28_1-17.CEL		1	percent	True
11_02_28_1-18.CEL	GUGOEEXESWIERI-UHFFFAOYSA-N	20	micromolar	False
11_02_28_1-19.CEL	MQHLMHIZUIDKOO-AYHJJNSGSA-N	100	micromolar	False
11_02_28_1-20.CEL	YNNUSGIPVFPVBX-NHCUHLMSSA-N	41.6	micromolar	False
11_02_28_1-21.CEL	JLGKQTAYUIMGRK-UHFFFAOYSA-N	140	nanomolar	False
11_02_28_1-22.CEL	ABJKWBDEJIDSJZ-UHFFFAOYSA-N	14.65	micromolar	False
11_02_28_1-23.CEL	BTUAZDFNPOPPDX-XRQZBZQLSA-O	30.5	nanomolar	False
11_02_28_1-25.CEL		1	percent	True
11_02_28_1-26.CEL	USZYSDMBJDPRIF-SVEJIMAYSA-N	5.55	micromolar	False
11_02_28_1-27.CEL	YLJREFDVOIBQDA-UHFFFAOYSA-N	100.86	micromolar	False
11_02_28_1-28.CEL	RZTAMFZIAATZDJ-UHFFFAOYSA-N	17.08	micromolar	False
11_02_28_1-29.CEL	PQLXHQMOHUQAKB-UHFFFAOYSA-N	3.04	micromolar	False
11_02_28_1-30.CEL	KAAZGXDPUNNEFN-UHFFFAOYSA-N	36.27	micromolar	False
11_02_28_1-31.CEL	AUJRCFUBUPVWSZ-XTZHGVARSA-M	4.32	micromolar	False
11_02_28_1-32.CEL	FAKRSMQSSFJEIM-RQJHMYQMSA-N	92.04	micromolar	False
11_02_28_1-33.CEL		1	percent	True
11_02_28_1-34.CEL	FZYOVNIOYYPUPY-AMSHPFMVSA-N	24.3	micromolar	False
11_02_28_1-35.CEL	STQGQHZAVUOBTE-VGBVRHCVSA-N	9.88	micromolar	False
11_02_28_1-36.CEL	AOJJSUZBOXZQNB-TZSSRYMLSA-N	7.63	micromolar	False
11_02_28_1-37.CEL	GDLBFKVLRPITMI-UHFFFAOYSA-N	86.69	micromolar	False
11_03_01_1-38.CEL	NAVMQTYZDKMPEU-UHFFFAOYSA-N	57.39	micromolar	False
11_03_01_1-39.CEL	UPZFHUODAYGHDZ-RMKNXTFCSA-N	70.15	micromolar	False
11_03_01_1-40.CEL	KYLIZBIRMBGUOP-UHFFFAOYSA-N	17.25	micromolar	False
11_03_01_1-41.CEL		1	percent	True
11_03_01_1-42.CEL	ZSZFUDFOPOMEET-UHFFFAOYSA-N	33.15	micromolar	False
11_03_01_1-43.CEL	FJLGEFLZQAZZCD-MCBHFWOFSA-N	17.09	micromolar	False
11_03_01_1-44.CEL	MFWNKCLOYSRHCJ-AGUYFDCRSA-N	64.02	micromolar	False
11_03_01_1-45.CEL	JQSAYKKFZOSZGJ-UHFFFAOYSA-N	42.69	micromolar	False
11_03_01_1-46.CEL	BPMVRAQIQQEBLN-UHFFFAOYSA-N	75.1	micromolar	False
11_03_01_1-48.CEL	GKIRPKYJQBWNGO-OCEACIFDSA-N	4.22	micromolar	False
11_03_01_1-49.CEL		1	percent	True
11_03_01_1-50.CEL	FMGSKLZLMKYGDP-USOAJAOKSA-N	69.35	micromolar	False
11_03_01_1-51.CEL	AUZONCFQVSMFAP-UHFFFAOYSA-N	3.38	micromolar	False
11_03_01_1-52.CEL	DBVJJBKOTRCVKF-UHFFFAOYSA-N	98.04	micromolar	False
11_03_01_1-53.CEL	HLFSDGLLUJUHTE-SNVBAGLBSA-N	97.89	micromolar	False
11_03_01_1-54.CEL	VHOGYURTWQBHIL-UHFFFAOYSA-N	42.06	micromolar	False
11_03_01_1-55.CEL	RLAWWYSOJDYHDC-BZSNNMDCSA-N	49.32	micromolar	False
11_03_01_1-56.CEL	CJCSPKMFHVPWAR-JTQLQIEISA-N	94.69	micromolar	False
11_03_01_1-57.CEL		1	percent	True
11_03_01_1-58.CEL	HZJKXKUJVSEEFU-UHFFFAOYSA-N	7.74	micromolar	False
11_03_01_1-59.CEL	CKNAQFVBEHDJQV-UHFFFAOYSA-N	83.91	micromolar	False
11_03_01_1-60.CEL	KFNNPQDSPLWLCX-UHFFFAOYSA-N	71.45	micromolar	False
11_03_01_1-61.CEL	OQANPHBRHBJGNZ-UHFFFAOYSA-N	50.2	micromolar	False
11_03_01_1-63.CEL	XFCLJVABOIYOMF-QPLCGJKRSA-N	3.73	micromolar	False
11_03_01_1-64.CEL	OCINXEZVIIVXFU-UHFFFAOYSA-N	17.5	micromolar	False
11_03_01_1-65.CEL		1	percent	True
11_03_01_1-66.CEL	RTHCYVBBDHJXIQ-UHFFFAOYSA-N	41.05	micromolar	False
11_03_01_1-67.CEL	DDNCQMVWWZOMLN-IRLDBZIGSA-N	57.06	micromolar	False
11_03_02_1-68.CEL	KLBQZWRITKRQQV-UHFFFAOYSA-N	9.09	micromolar	False
11_03_02_1-69.CEL	NKANXQFJJICGDU-QPLCGJKRSA-N	10.92	micromolar	False
11_03_02_1-70.CEL	JJCFRYNCJDLXIK-UHFFFAOYSA-N	69.59	micromolar	False
11_03_02_1-71.CEL	BWMISRWJRUSYEX-SZKNIZGXSA-N	19.92	micromolar	False
11_03_02_1-73.CEL		1	percent	True
11_03_02_1-75.CEL	OWEGWHBOCFMBLP-UHFFFAOYSA-N	1.54	micromolar	False
11_03_02_1-76.CEL	QXHHHPZILQDDPS-UHFFFAOYSA-N	65.09	nanomolar	False
11_03_02_1-80.CEL	FBOZXECLQNJBKD-UHFFFAOYSA-N	400	micromolar	False
11_03_15_1-1.CEL		1	percent	True
11_03_15_1-2.CEL	CHZUVBAZZGLWEA-UHFFFAOYSA-N	71.43	micromolar	False
11_03_15_1-3.CEL	DNRGTXKLBSSHAL-UHFFFAOYSA-N	71.43	micromolar	False
11_03_15_1-33.CEL		1	percent	True
11_03_15_1-34.CEL	JKNIBRIKXPAWMV-UHFFFAOYSA-N	71.43	micromolar	False
11_03_15_1-35.CEL	KHXDYTOMMCZHHZ-UHFFFAOYSA-N	71.43	micromolar	False
11_03_15_1-36.CEL	KHPPAJXHNDBRGW-UHFFFAOYSA-N	72.73	micromolar	False
11_03_15_1-37.CEL	VUWARVVMIAAMOY-UHFFFAOYSA-N	72.73	micromolar	False
11_03_15_1-38.CEL	CHZNMGRGZXHCHG-UHFFFAOYSA-N	45.45	micromolar	False
11_03_15_1-4.CEL	OOGINWKKOKKSFT-UHFFFAOYSA-N	71.43	micromolar	False
11_03_15_1-5.CEL	GCEWJBIDLIIRAB-UHFFFAOYSA-N	71.43	micromolar	False
11_03_15_1-6.CEL	GUGVDLUPWKIBQU-UHFFFAOYSA-N	71.43	micromolar	False
11_03_15_1-7.CEL	RPNKNAGECNQMPS-UHFFFAOYSA-N	71.43	micromolar	False
11_03_15_1-8.CEL	RLYJBKXAZRFFAK-UHFFFAOYSA-N	71.43	micromolar	False
11_03_17_1-39.CEL	GCAJDXKPEPPOLP-UHFFFAOYSA-N	81.82	micromolar	False
11_03_17_1-40.CEL	OKZJIGHIRAHNKP-UHFFFAOYSA-N	81.82	micromolar	False
11_03_17_1-41.CEL		1	percent	True
11_03_17_1-42.CEL	DFPOSXWTELBMJW-UHFFFAOYSA-N	27.27	micromolar	False
11_03_17_1-43.CEL	IAYIPDPMVNXZJJ-UHFFFAOYSA-N	54.55	micromolar	False
11_03_17_1-44.CEL	CWQIGYLPJGSGAU-UHFFFAOYSA-N	45.45	micromolar	False
11_03_17_1-45.CEL	JYDAGUJVXNHVRQ-UHFFFAOYSA-N	81.82	micromolar	False
11_03_17_1-46.CEL	SAUCFRMQUANKAQ-UHFFFAOYSA-N	45.45	micromolar	False
11_03_17_1-47.CEL	XAWUGIXZAVINGD-UHFFFAOYSA-N	81.82	micromolar	False
11_03_17_1-48.CEL	JTBPQCSRFUMUMH-UHFFFAOYSA-N	81.82	micromolar	False
11_03_17_1-49.CEL		1	percent	True
11_03_17_1-50.CEL	BCRUAFXSGYZNBE-UHFFFAOYSA-N	81.82	micromolar	False
11_03_17_1-51.CEL	GRZNJWNQXQKQQL-UHFFFAOYSA-N	54.55	micromolar	False
11_03_17_1-52.CEL	BQUZLOLWBUWTMZ-UHFFFAOYSA-N	71.43	micromolar	False
11_03_28_1-53.CEL	JLKSRLWXOIXKNK-UHFFFAOYSA-N	19.48	micromolar	False
11_03_28_1-54.CEL	JFTJURXXWDEBAZ-UHFFFAOYSA-N	58.44	micromolar	False
11_03_28_1-55.CEL	REVOZCGJKCUAST-UHFFFAOYSA-N	58.44	micromolar	False
11_03_28_1-56.CEL	ATJBSTAAFQNLPE-UHFFFAOYSA-N	51.95	micromolar	False
11_03_28_1-57.CEL		1	percent	True
11_03_28_1-58.CEL	LQGQXNMDBHNDBQ-UHFFFAOYSA-N	45.46	micromolar	False
11_03_28_1-59.CEL	AATINSAOWMIMSF-UHFFFAOYSA-N	12.99	micromolar	False
11_03_28_1-60.CEL	SDGYMXHMCMEASN-UHFFFAOYSA-N	45.46	micromolar	False
11_03_28_1-61.CEL	YCEGKPOQKIUJFF-UHFFFAOYSA-N	32.47	micromolar	False
11_03_28_1-62.CEL	DOFSCDOXIOPXKM-UHFFFAOYSA-N	58.44	micromolar	False
11_03_28_1-63.CEL	SOUSHSIVYXCIPE-UHFFFAOYSA-N	71.43	micromolar	False
11_03_28_1-64.CEL	HPTTWLATEMMSGN-UHFFFAOYSA-N	42.97	micromolar	False
11_03_28_1-65.CEL		1	percent	True
11_03_28_1-66.CEL	WOWFPNRGXLWOHZ-UHFFFAOYSA-N	71.43	micromolar	False
11_03_28_1-67.CEL	OBNASWYHFLDSSQ-UHFFFAOYSA-N	58.44	micromolar	False
11_03_28_1-68.CEL	YAHNCVAVPZCHRT-UHFFFAOYSA-N	71.43	micromolar	False
11_03_28_1-69.CEL	GHALLKOIZGEJMZ-UHFFFAOYSA-N	12.99	micromolar	False
11_03_28_1-70.CEL	RUQWPSFGTOSERO-UHFFFAOYSA-N	46.38	micromolar	False
11_03_28_1-71.CEL	FETRPSFHKNBSQQ-UHFFFAOYSA-N	71.43	micromolar	False
11_03_28_1-72.CEL	QAAYSLSBWJJBOU-UHFFFAOYSA-N	71.43	micromolar	False
11_03_28_1-73.CEL		1	percent	True
11_03_28_1-74.CEL	JYLLNENNVFLTDQ-UHFFFAOYSA-N	71.43	micromolar	False
11_03_28_1-75.CEL	NEDSMVZVSRBJIJ-UHFFFAOYSA-N	58.44	micromolar	False
11_03_28_1-76.CEL	HXIKTUXGWPXDLY-UHFFFAOYSA-N	51.95	micromolar	False
11_03_28_1-77.CEL	VLFCJAFIEOTCCQ-UHFFFAOYSA-N	58.44	micromolar	False
11_03_28_1-78.CEL	VFQQIAWYDBMZCG-UHFFFAOYSA-N	19.48	micromolar	False
11_03_28_1-79.CEL	DVLCEUQRUGECJX-UHFFFAOYSA-N	71.43	micromolar	False
11_03_28_1-80.CEL	DWFFQTLGAYSOJO-UHFFFAOYSA-N	71.43	micromolar	False
11_04_05_1-81.CEL		1	percent	True
11_04_05_1-82.CEL	WUQLIUGUODUZDO-UHFFFAOYSA-N	58.44	micromolar	False
11_04_05_1-83.CEL	VGGVWXJWWBYLBZ-UHFFFAOYSA-N	71.43	micromolar	False
11_04_05_1-84.CEL	WQBTXZKCJCWVCI-UHFFFAOYSA-N	19.48	micromolar	False
11_04_05_1-85.CEL	IJCTYZWGKIPTCH-UHFFFAOYSA-N	51.95	micromolar	False
11_04_05_1-86.CEL	JLLOJGYTLRCYRE-UHFFFAOYSA-N	45.46	micromolar	False
11_04_05_1-87.CEL	KIFFYUHUZMBQOP-UHFFFAOYSA-N	58.44	micromolar	False
11_04_05_1-88.CEL	IHIXIYXIWDFZPJ-UHFFFAOYSA-N	71.43	micromolar	False
11_04_06_2-1.CEL		1	percent	True
11_04_06_2-10.CEL	SHVJYQXVUKDGRQ-UHFFFAOYSA-N	19.48	micromolar	False
11_04_06_2-11.CEL	CDZXBIJUSSYCGO-UHFFFAOYSA-N	45.46	micromolar	False
11_04_06_2-12.CEL	BXZNKNLCHCOGRV-UHFFFAOYSA-N	71.43	micromolar	False
11_04_06_2-13.CEL	NPGNZCJOTYTAPQ-UHFFFAOYSA-N	25.97	micromolar	False
11_04_06_2-14.CEL	OSZLEIRIVDPWFF-UHFFFAOYSA-N	71.43	micromolar	False
11_04_06_2-2.CEL	ITZPXSAXNAKGQO-UHFFFAOYSA-N	38.96	micromolar	False
11_04_06_2-3.CEL	YZOGQNMCYOSDKF-UHFFFAOYSA-N	19.48	micromolar	False
11_04_06_2-4.CEL	UDUSRIUSQLXMIF-UHFFFAOYSA-N	45.46	micromolar	False
11_04_06_2-5.CEL	WWFDJTXVZXKNJL-UHFFFAOYSA-N	25.97	micromolar	False
11_04_06_2-6.CEL	GEIUJCUMUFYYGC-UHFFFAOYSA-N	42.97	micromolar	False
11_04_06_2-7.CEL	FIDFPPCQIWKPRK-UHFFFAOYSA-N	19.48	micromolar	False
11_04_06_2-8.CEL	CAFMYWXDWDWWSH-UHFFFAOYSA-N	71.43	micromolar	False
11_04_06_2-9.CEL		1	percent	True
11_04_08_2-29.CEL	MEDKKEOTRUMPRT-UHFFFAOYSA-N	25.97	micromolar	False
11_04_08_2-30.CEL	NBLWZWQTORFRDM-UHFFFAOYSA-N	12.99	micromolar	False
11_04_08_2-31.CEL	CFNRNSJJPVPRQR-UHFFFAOYSA-N	58.44	micromolar	False
11_04_08_2-32.CEL	HQAOWEPEPOMVFU-UHFFFAOYSA-N	71.43	micromolar	False
11_04_08_2-33.CEL		1	percent	True
11_04_08_2-34.CEL	JBRRPHRXZLUNQG-UHFFFAOYSA-N	51.95	micromolar	False
11_04_08_2-35.CEL	VJPVIFMSCXIHLI-UHFFFAOYSA-N	58.44	micromolar	False
11_04_08_2-36.CEL	ABDMYRRFJWCLEL-UHFFFAOYSA-N	71.43	micromolar	False
11_04_08_2-37.CEL	UTERTIQWWDNHQO-UHFFFAOYSA-N	58.44	micromolar	False
11_04_08_2-38.CEL	CCBKRNYJYOEYLW-UHFFFAOYSA-N	19.48	micromolar	False
11_04_08_2-39.CEL	IUBSVQKSYMKANX-UHFFFAOYSA-N	58.44	micromolar	False
11_04_08_2-40.CEL	MIUYYSYODNPIOP-UHFFFAOYSA-N	8.96	micromolar	False
11_04_08_2-41.CEL		1	percent	True
11_04_08_2-42.CEL	YGENAYHMYZWMEL-UHFFFAOYSA-N	45.46	micromolar	False
11_04_12_2-43.CEL	DVZIEVXYNOLOKH-UHFFFAOYSA-N	38.96	micromolar	False
11_04_12_2-44.CEL	RDSOUSPYAWIZHQ-UHFFFAOYSA-N	19.48	micromolar	False
11_04_12_2-45.CEL	BELAYOLXTUUOTM-UHFFFAOYSA-N	71.43	micromolar	False
11_04_12_2-46.CEL	JYMYJZOPIXKVED-UHFFFAOYSA-N	58.44	micromolar	False
11_04_12_2-48.CEL	MVVZUWYLWHNWDC-UHFFFAOYSA-N	47.6	micromolar	False
11_04_12_2-49.CEL		1	percent	True
11_04_12_2-50.CEL	JNMKTTIFTOZJAF-UHFFFAOYSA-N	51.95	micromolar	False
11_04_12_2-51.CEL	QHJFGASTGOKXSK-UHFFFAOYSA-N	58.44	micromolar	False
11_04_12_2-52.CEL	XVAKAIVXNOSBDY-UHFFFAOYSA-N	71.43	micromolar	False
11_04_12_2-53.CEL	INFDSPMYCUFBEY-UHFFFAOYSA-N	32.47	micromolar	False
11_04_12_2-54.CEL	NIWTZNOTJLUJKT-UHFFFAOYSA-N	32.47	micromolar	False
11_04_12_2-55.CEL	USCYWCGDJWJWJT-UHFFFAOYSA-N	12.99	micromolar	False
11_04_14_2-56.CEL	DIEQOSBXUNYSPY-UHFFFAOYSA-N	12.99	micromolar	False
11_04_14_2-57.CEL		1	percent	True
11_04_14_2-58.CEL	DYDSQDKDWBFJME-UHFFFAOYSA-N	25.97	micromolar	False
11_04_14_2-59.CEL	HJPDRORXKUZWTK-UHFFFAOYSA-N	71.43	micromolar	False
11_04_14_2-60.CEL	AFCOFRSAZNSZDI-UHFFFAOYSA-N	71.43	micromolar	False
11_04_14_2-61.CEL	UJFQDANWZPHKTG-UHFFFAOYSA-N	71.43	micromolar	False
11_04_14_2-62.CEL	HZLBYBMKUGBNFP-UHFFFAOYSA-N	25.97	micromolar	False
11_04_14_2-63.CEL	DYNRSOATSJJRDI-UHFFFAOYSA-N	71.43	micromolar	False
11_04_14_2-64.CEL	PATJQIXMYZRPNW-UHFFFAOYSA-N	25.97	micromolar	False
11_04_14_2-65.CEL		1	percent	True
11_04_14_2-66.CEL	LGGNRQIGVUPZHB-UHFFFAOYSA-N	71.43	micromolar	False
11_04_19_2-67.CEL	PZSWYTWGNOXOBA-UHFFFAOYSA-N	58.44	micromolar	False
11_04_19_2-68.CEL	FEBJUGCYDRVVCU-UHFFFAOYSA-N	51.95	micromolar	False
11_04_19_2-69.CEL	CRAGZDOJUUXBLA-UHFFFAOYSA-N	58.44	micromolar	False
11_04_19_2-70.CEL	IVHRPHJVEMHLHB-UHFFFAOYSA-N	45.46	micromolar	False
11_04_19_2-71.CEL	KAVGACBICVLPER-UHFFFAOYSA-N	51.95	micromolar	False
11_04_19_2-72.CEL	WGMULIGOHVPBTI-UHFFFAOYSA-N	51.95	micromolar	False
11_04_21_2-73.CEL		1	percent	True
11_04_21_2-74.CEL	ZTENOSWMFZVQIF-UHFFFAOYSA-N	51.95	micromolar	False
11_04_21_2-75.CEL	JPJNNYLVLMAVLH-UHFFFAOYSA-N	58.44	micromolar	False
11_04_21_2-76.CEL	INVNRFMVGLHEEP-UHFFFAOYSA-N	12.99	micromolar	False
11_04_21_2-77.CEL	SODHCORYVGIGCA-UHFFFAOYSA-N	51.95	micromolar	False
11_04_21_2-78.CEL	IUOVROCELBMJTJ-UHFFFAOYSA-N	58.44	micromolar	False
11_04_21_2-79.CEL	LWDQEBQITIRURK-UHFFFAOYSA-N	19.48	micromolar	False
11_04_21_2-80.CEL	HBGVABJNVRSWSX-UHFFFAOYSA-N	58.44	micromolar	False
11_04_21_2-81.CEL		1	percent	True
11_04_21_2-82.CEL	IQBJRJBILISDFT-UHFFFAOYSA-N	25.97	micromolar	False
11_04_21_2-83.CEL	QZZSVYRAVUDVMQ-UHFFFAOYSA-N	32.47	micromolar	False
11_04_21_2-84.CEL	FEYCKEVYBMFUFG-UHFFFAOYSA-N	58.44	micromolar	False
11_04_21_2-85.CEL	ZJVHZGSKWKWDHS-VMPITWQZSA-N	71.43	micromolar	False
11_04_21_2-86.CEL	RTQKNCDEBLZOGV-UHFFFAOYSA-N	12.99	micromolar	False
11_04_22_2-87.CEL	CAXDUJJFIHICMD-UHFFFAOYSA-N	58.44	micromolar	False
11_04_22_2-88.CEL	MLGVTFXBWUZHRU-UHFFFAOYSA-N	58.44	micromolar	False
11_04_26_1-1.CEL		1	percent	True
11_04_26_1-2.CEL	CIBOHALIYVGSAK-UHFFFAOYSA-N	85.29	micromolar	False
11_04_26_1-3.CEL	JQYCYUYNAZPXJQ-UHFFFAOYSA-N	39.67	micromolar	False
11_04_26_1-4.CEL	QKETVCKOOVNOIY-UHFFFAOYSA-N	60.46	micromolar	False
11_04_26_1-6.CEL	QJUDJMQXBQEPNK-UHFFFAOYSA-N	63.88	micromolar	False
11_04_26_1-7.CEL	YSTJSDZFLYCTEY-UHFFFAOYSA-N	42.03	micromolar	False
11_04_27_1-10.CEL	FYSMOEOZZBNLFA-UHFFFAOYSA-N	20.05	micromolar	False
11_04_27_1-11.CEL	RGWSIEYSALUDMG-UHFFFAOYSA-N	26.41	micromolar	False
11_04_27_1-12.CEL	KVEDFINWSMXWRI-UHFFFAOYSA-N	69.9	micromolar	False
11_04_27_1-13.CEL	SAYIOAVTUSCERO-UHFFFAOYSA-N	100	micromolar	False
11_04_27_1-14.CEL	UJQBDAOHGDUUFM-UHFFFAOYSA-N	10.49	micromolar	False
11_04_27_1-15.CEL	ZKDHPMYHSXIDJT-UHFFFAOYSA-N	25.97	micromolar	False
11_04_27_1-16.CEL	WDMVDEWECALUPX-UHFFFAOYSA-N	15.64	micromolar	False
11_04_27_1-17.CEL		1	percent	True
11_04_27_1-18.CEL	RUNXUUCDTNJFME-UHFFFAOYSA-N	10.93	micromolar	False
11_04_27_1-19.CEL	NVMQLURROSXUNJ-UHFFFAOYSA-N	36.57	micromolar	False
11_04_27_1-20.CEL	QDHOCKRHQZIHFB-UHFFFAOYSA-N	45.32	micromolar	False
11_04_27_1-21.CEL	IOCFETYRNRTYBC-IPZCTEOASA-N	15.16	micromolar	False
11_04_27_1-8.CEL	ZDIZEVURNGIZEU-UHFFFAOYSA-N	68.79	micromolar	False
11_04_27_1-9.CEL		1	percent	True
11_05_04_1-22.CEL	TZGODJPEBIBRRP-UHFFFAOYSA-N	53.79	micromolar	False
11_05_04_1-23.CEL	NINUDNFTMULJEE-UHFFFAOYSA-N	22.06	micromolar	False
11_05_04_1-24.CEL	FZPLFVZUGRWNMY-UHFFFAOYSA-N	46.38	micromolar	False
11_05_04_1-25.CEL		1	percent	True
11_05_04_1-26.CEL	AGUOMOUSAUBLAX-UHFFFAOYSA-N	15.77	micromolar	False
11_05_04_1-27.CEL	UEXWUHHOHPROLC-UHFFFAOYSA-N	10.71	micromolar	False
11_05_04_1-28.CEL	FRCPMSZOWTWMSA-UHFFFAOYSA-N	32.47	micromolar	False
11_05_04_1-29.CEL	VFNFVAZEQLMMGO-UHFFFAOYSA-N	58.14	micromolar	False
11_05_04_1-30.CEL	PPTSTUVOXXUNME-UHFFFAOYSA-N	62.78	micromolar	False
11_05_04_1-31.CEL	XFHSURGMUUBGKW-UHFFFAOYSA-N	32.5	micromolar	False
11_05_04_1-32.CEL	SRDJGVSELHOEEK-UHFFFAOYSA-N	65.15	micromolar	False
11_05_04_1-33.CEL		1	percent	True
11_05_04_1-34.CEL	ACYAMURIBWZSEF-UHFFFAOYSA-N	47.9	micromolar	False
11_05_04_1-35.CEL	PUWIYNAIGIKIHZ-UHFFFAOYSA-N	9.79	micromolar	False
11_05_05_1-36.CEL	KWAIFLLBFRRSPK-UHFFFAOYSA-N	24.6	micromolar	False
11_05_05_1-37.CEL	PMLKTYLRUUJIFE-UHFFFAOYSA-N	14.89	micromolar	False
11_05_05_1-38.CEL	WJYIDGXCYCXILL-UHFFFAOYSA-N	55.67	micromolar	False
11_05_05_1-39.CEL	RVFVCFGMIAQPQJ-UHFFFAOYSA-N	44.54	micromolar	False
11_05_05_1-40.CEL	NHXRTIJGJKWKTR-UHFFFAOYSA-N	32.47	micromolar	False
11_05_05_1-41.CEL		1	percent	True
11_05_05_1-42.CEL	YBHSADLIOONFRT-UHFFFAOYSA-N	36.88	micromolar	False
11_05_05_1-43.CEL	FEJJCKRKJYCQGP-UHFFFAOYSA-N	29.96	micromolar	False
11_05_05_1-44.CEL	RUGZDJXJHMNLER-UHFFFAOYSA-N	15.59	micromolar	False
11_05_05_1-45.CEL	LGKRKIHLEQGNTI-UHFFFAOYSA-N	11.33	micromolar	False
11_05_05_1-46.CEL	OIVSZYOVEOAWLL-UHFFFAOYSA-N	27.26	micromolar	False
11_05_05_1-47.CEL	OPIFZKWCUMFONZ-UHFFFAOYSA-N	71.43	micromolar	False
11_05_05_1-48.CEL	XPMHOKOEYGEESA-UHFFFAOYSA-N	45.86	micromolar	False
11_05_05_1-49.CEL		1	percent	True
11_05_06_1-50.CEL	GXWPWMQQYLWQDV-UHFFFAOYSA-N	11.23	micromolar	False
11_05_06_1-51.CEL	YTTKTYNBGIVHNC-UHFFFAOYSA-N	62.25	micromolar	False
11_05_06_1-52.CEL	JSLLGAADXOHBBG-UHFFFAOYSA-N	45.32	micromolar	False
11_05_06_1-53.CEL	YHTHRWDOCWYJKG-UHFFFAOYSA-N	25.62	micromolar	False
11_05_06_1-54.CEL	CFURALIVNOYQDS-UHFFFAOYSA-N	61.76	micromolar	False
11_05_06_1-55.CEL	IVOJKSVXFOMMKR-UHFFFAOYSA-N	71.43	micromolar	False
11_05_06_1-56.CEL	IUXCQFBRMJMMEN-UHFFFAOYSA-N	7.68	micromolar	False
11_05_06_1-57.CEL		1	percent	True
11_05_06_1-58.CEL	DPNHBSQOAIBGCX-UHFFFAOYSA-N	9.45	micromolar	False
11_05_06_1-59.CEL	XYSORYQYEHBYTE-UHFFFAOYSA-N	2.23	micromolar	False
11_05_06_1-60.CEL	PIIHQAYPOAPNDZ-UHFFFAOYSA-N	21.46	micromolar	False
11_05_06_1-61.CEL	SKMLBCXRWUYSES-UHFFFAOYSA-N	58.06	micromolar	False
11_05_06_1-62.CEL	RGSPPTRGPDEWCR-UHFFFAOYSA-N	13.78	micromolar	False
11_05_06_1-63.CEL	BVDRJKLIJDHYIY-UHFFFAOYSA-N	66.49	micromolar	False
11_05_10_1-64.CEL	SVJMGQCRQCCMEX-UHFFFAOYSA-N	52.69	micromolar	False
11_05_10_1-65.CEL		1	percent	True
11_05_10_1-66.CEL	OFAPJSYLMOTHNC-UHFFFAOYSA-N	12.21	micromolar	False
11_05_10_1-67.CEL	UQVQRCRSWSMIIV-UHFFFAOYSA-N	2.52	micromolar	False
11_05_10_1-68.CEL	OTHFNJOXUKOBFG-UHFFFAOYSA-N	11.52	micromolar	False
11_05_10_1-69.CEL	SJTYGEVWZJOTRJ-UHFFFAOYSA-N	16.72	micromolar	False
11_05_10_1-70.CEL	OCYJRBVZHNYXBF-UHFFFAOYSA-N	11	micromolar	False
11_05_10_1-71.CEL	ASEQLWXHPPCIOY-UHFFFAOYSA-N	5.97	micromolar	False
11_05_10_1-72.CEL	ANKOAXMWLXVZHG-UHFFFAOYSA-N	32.55	micromolar	False
11_05_10_1-73.CEL		1	percent	True
11_05_10_1-74.CEL	BKRBHDWQJQHPJA-UHFFFAOYSA-N	13.18	micromolar	False
11_05_10_1-75.CEL	IZXRGYYWHVQYOK-UHFFFAOYSA-N	9	micromolar	False
11_05_10_1-76.CEL	COFDAXDSEBCNCY-UHFFFAOYSA-N	53.42	micromolar	False
11_05_10_1-77.CEL	WPDRRLRCCIWCEV-UHFFFAOYSA-N	38.63	micromolar	False
11_05_12_1-78.CEL	QDGRKGQYKLUCPP-UHFFFAOYSA-N	48.03	micromolar	False
11_05_12_1-79.CEL	CGDKYDPBMZLPSG-UHFFFAOYSA-N	49.85	micromolar	False
11_05_12_1-80.CEL	HMYIUANGAOUDHO-UHFFFAOYSA-N	33.37	micromolar	False
11_05_12_1-81.CEL		1	percent	True
11_05_12_1-82.CEL	KDHOWTVYQKITMO-UHFFFAOYSA-N	28.7	micromolar	False
11_05_12_1-83.CEL	KBYZQCUGNCCBJZ-UHFFFAOYSA-N	41.86	micromolar	False
11_05_12_1-84.CEL	IZIQUHCQWHXDIB-UHFFFAOYSA-N	9.93	micromolar	False
11_05_12_1-85.CEL	PUTNBRAJKCSEKK-UHFFFAOYSA-N	59.92	micromolar	False
11_05_12_1-86.CEL	OLIJTUGUKNKOPL-UHFFFAOYSA-N	17.96	micromolar	False
11_05_12_1-87.CEL	ONGBLFVSRBAGMP-UHFFFAOYSA-N	9.66	micromolar	False
11_05_12_1-88.CEL	RMDBAVHUXYWWOF-UHFFFAOYSA-N	53.72	micromolar	False
11_05_13_2-15.CEL	MAOHTXQSFKXAIT-UHFFFAOYSA-N	19.48	micromolar	False
11_05_13_2-16.CEL	XFSHOUNLXGXSBL-UHFFFAOYSA-N	71.43	micromolar	False
11_05_13_2-17.CEL		1	percent	True
11_05_13_2-18.CEL	XPXCIXHNNZNMQV-UHFFFAOYSA-N	42.97	micromolar	False
11_05_13_2-19.CEL	OEZYIHDTUHYUFF-UHFFFAOYSA-N	45.46	micromolar	False
11_05_13_2-20.CEL	QLEISLGJUIVTKR-UHFFFAOYSA-N	25.29	micromolar	False
11_05_13_2-21.CEL	FLZZLSZYRGYUIO-UHFFFAOYSA-N	38.96	micromolar	False
11_05_13_2-22.CEL	YSKZMEJAIUNPMH-UHFFFAOYSA-N	25.97	micromolar	False
11_05_13_2-23.CEL	IYMRWJHVWFJMCE-UHFFFAOYSA-N	12.99	micromolar	False
11_05_13_2-24.CEL	DPHMNQSMRGXMGQ-UHFFFAOYSA-N	38.96	micromolar	False
11_05_13_2-25.CEL		1	percent	True
11_05_13_2-26.CEL	AZQAMZRFDOSDBQ-UHFFFAOYSA-N	71.43	micromolar	False
11_05_13_2-27.CEL	KNMVQSUYQYHINS-UHFFFAOYSA-N	71.43	micromolar	False
11_05_13_2-28.CEL	IADZNIAJCNXPKO-UHFFFAOYSA-N	71.43	micromolar	False
11_05_17_3-1.CEL		1	percent	True
11_05_17_3-10.CEL	FZNVNSIXBJJITE-UHFFFAOYSA-N	71.43	micromolar	False
11_05_17_3-11.CEL	WQUMTKWOAPMCDU-UHFFFAOYSA-N	71.43	micromolar	False
11_05_17_3-12.CEL	FSTSYSAVDHAECN-UHFFFAOYSA-N	71.43	micromolar	False
11_05_17_3-13.CEL	YKVDEYVZTISPPL-UHFFFAOYSA-N	71.43	micromolar	False
11_05_17_3-14.CEL	JTTRBAFTSLEWKT-UHFFFAOYSA-N	71.43	micromolar	False
11_05_17_3-2.CEL	CDKOAHRSPIYSLP-UHFFFAOYSA-N	71.43	micromolar	False
11_05_17_3-3.CEL	VGOYCZNQJDRAKA-UHFFFAOYSA-N	71.43	micromolar	False
11_05_17_3-4.CEL	UJHMVWFXDGNNAD-UHFFFAOYSA-N	71.43	micromolar	False
11_05_17_3-5.CEL	OPXKKVJHTJQHIE-UHFFFAOYSA-N	71.43	micromolar	False
11_05_17_3-6.CEL	CPOMYRNOKIVXHA-UHFFFAOYSA-N	71.43	micromolar	False
11_05_17_3-7.CEL	JNHMEHYCJUUVPX-UHFFFAOYSA-N	71.43	micromolar	False
11_05_17_3-8.CEL	JXNQYPPACYIYCS-UHFFFAOYSA-N	71.43	micromolar	False
11_05_17_3-9.CEL		1	percent	True
11_05_18_3-15.CEL	BIGSEBYCXHORSK-UHFFFAOYSA-N	71.43	micromolar	False
11_05_18_3-16.CEL	ACJVNDHTNVUHFW-UHFFFAOYSA-N	71.43	micromolar	False
11_05_18_3-17.CEL		1	percent	True
11_05_18_3-18.CEL	UTZPROCIGFCNQG-UHFFFAOYSA-N	71.43	micromolar	False
11_05_18_3-19.CEL	GORIFYXRYVPPHP-UHFFFAOYSA-N	71.43	micromolar	False
11_05_18_3-20.CEL	BAMKLPQVOPMVDX-UHFFFAOYSA-N	71.43	micromolar	False
11_05_18_3-21.CEL	WTEJTGYROIHHFV-UHFFFAOYSA-N	71.43	micromolar	False
11_05_18_3-22.CEL	FZRRFZBUBPSJOY-UHFFFAOYSA-N	71.43	micromolar	False
11_05_18_3-24.CEL	JZZMBXYIYQLMMV-UHFFFAOYSA-N	71.43	micromolar	False
11_05_19_3-25.CEL		1	percent	True
11_05_19_3-26.CEL	GTLUNTOVPCRQID-UHFFFAOYSA-N	71.43	micromolar	False
11_05_19_3-28.CEL	NFCWIDXXWCRHLL-UHFFFAOYSA-N	71.43	micromolar	False
11_05_19_3-29.CEL	WMKFYXNROAHRNB-UHFFFAOYSA-N	71.43	micromolar	False
11_05_19_3-30.CEL	ZXAKLDKYCYYMFR-UHFFFAOYSA-N	71.43	micromolar	False
11_05_19_3-31.CEL	MAPLDYWPFKTODQ-UHFFFAOYSA-N	71.43	micromolar	False
11_05_19_3-32.CEL	DACJUSRSCZTZJU-UHFFFAOYSA-N	71.43	micromolar	False
11_05_19_3-33.CEL		1	percent	True
11_05_19_3-35.CEL	JYCSSOOFUXZOJR-UHFFFAOYSA-N	49.47	micromolar	False
11_05_19_3-36.CEL	WPHQFXOBHPCWJJ-UHFFFAOYSA-N	49.47	micromolar	False
11_05_19_3-37.CEL	JZVSQQZTUONJNQ-UHFFFAOYSA-N	49.47	micromolar	False
11_05_19_3-38.CEL	SBNMWDVFZOGQLO-UHFFFAOYSA-N	49.47	micromolar	False
11_05_20_3-39.CEL	FSIKACCFOMQHQK-UHFFFAOYSA-N	49.47	micromolar	False
11_05_20_3-40.CEL	CNIPHZWBAOKFIF-UHFFFAOYSA-N	49.47	micromolar	False
11_05_20_3-41.CEL		1	percent	True
11_05_24_3-42.CEL	GKVOUIDJCTZONO-UHFFFAOYSA-N	49.47	micromolar	False
11_05_24_3-43.CEL	MCGSINIESSBGDM-UHFFFAOYSA-N	49.47	micromolar	False
11_05_24_3-44.CEL	QUBDRNPPXABSBC-UHFFFAOYSA-N	49.47	micromolar	False
11_05_24_3-45.CEL	SEOSVKBAAZTKOM-UHFFFAOYSA-N	49.47	micromolar	False
11_05_24_3-46.CEL	DNSQYOACLMDWBZ-UHFFFAOYSA-N	49.47	micromolar	False
11_05_24_3-47.CEL	DOQVSAYUXANHAE-UHFFFAOYSA-N	49.47	micromolar	False
11_05_24_3-48.CEL	CGWSCQKCEPACGR-UHFFFAOYSA-N	49.47	micromolar	False
11_05_24_3-49.CEL		1	percent	True
11_05_24_3-50.CEL	HDFPHPVKLYFZCZ-UHFFFAOYSA-N	49.47	micromolar	False
11_05_24_3-52.CEL	WCURYJJUEFHJLI-UHFFFAOYSA-N	49.47	micromolar	False
11_05_24_3-53.CEL	UCCFBNZUKGZIPD-UHFFFAOYSA-N	49.47	micromolar	False
11_05_24_3-54.CEL	LURQLKOIVKBMLC-UHFFFAOYSA-N	49.47	micromolar	False
11_05_24_3-55.CEL	XTDSQGZTUNWGHR-UHFFFAOYSA-N	49.47	micromolar	False
11_05_25_3-56.CEL	SESWSQALQQDVON-UHFFFAOYSA-N	49.47	micromolar	False
11_05_25_3-58.CEL	JAKSTRQXAVUUBC-UHFFFAOYSA-N	49.47	micromolar	False
11_05_25_3-59.CEL	WXJLTNSHGHQQPY-UHFFFAOYSA-N	49.47	micromolar	False
11_05_27_3-60.CEL	YEKFPRHKYZMGNJ-UHFFFAOYSA-N	49.47	micromolar	False
11_05_27_3-61.CEL	JNJIXTZMRRFFKR-UHFFFAOYSA-N	49.47	micromolar	False
11_05_27_3-62.CEL	BDNNFZBJEMIXDO-UHFFFAOYSA-N	49.47	micromolar	False
11_05_27_3-63.CEL	URBATHNAUKESAZ-UHFFFAOYSA-N	49.47	micromolar	False
11_05_27_3-64.CEL	RYLXGTKGTSJWBG-UHFFFAOYSA-N	49.47	micromolar	False
11_05_27_3-65.CEL		1	percent	True
11_06_01_3-66.CEL	RGQKUDZLVIUXJR-UHFFFAOYSA-N	49.47	micromolar	False
11_06_01_3-67.CEL	IAJVOBYKHDXQAR-UHFFFAOYSA-N	49.47	micromolar	False
11_06_01_3-68.CEL	QJXHXKPITHZZRI-UHFFFAOYSA-N	49.47	micromolar	False
11_06_02_3-69.CEL	DEBXVOYEVKDGFB-UHFFFAOYSA-N	49.47	micromolar	False
11_06_08_3-70.CEL	HCIAFTBGIDPAIJ-UHFFFAOYSA-N	49.47	micromolar	False
11_06_08_3-71.CEL	AUUZUOMPJGROJX-UHFFFAOYSA-N	49.47	micromolar	False
11_06_08_3-72.CEL	QJZJSKVMQRHMDK-UHFFFAOYSA-N	49.47	micromolar	False
11_06_08_3-73.CEL		1	percent	True
11_06_08_3-74.CEL	VUCSLGWEUFXZDZ-UHFFFAOYSA-N	49.47	micromolar	False
11_06_08_3-75.CEL	NBNXYBRQOPDOSV-UHFFFAOYSA-N	49.47	micromolar	False
11_06_09_3-76.CEL	RJXCAIRDYICICD-UHFFFAOYSA-N	49.47	micromolar	False
11_06_09_3-77.CEL	KMQNLPLHUFPYAB-UHFFFAOYSA-N	49.47	micromolar	False
11_06_09_3-78.CEL	NDTRRNHQQBSHHG-UHFFFAOYSA-N	49.47	micromolar	False
11_06_09_3-79.CEL	QTAIWZXJFLSWOR-UHFFFAOYSA-N	49.47	micromolar	False
11_06_09_3-81.CEL		1	percent	True
11_06_09_3-83.CEL	MHNZDFNJMPVKMN-UHFFFAOYSA-N	49.47	micromolar	False
11_06_09_3-84.CEL	FTMPTWFDWYDDTJ-UHFFFAOYSA-N	49.47	micromolar	False
11_06_09_3-85.CEL	FHBYRBLNRDVKFR-UHFFFAOYSA-N	49.47	micromolar	False
11_06_09_3-86.CEL	QGZNCHRJITZHFX-UHFFFAOYSA-N	49.47	micromolar	False
11_06_09_3-87.CEL	SNYXZEVEJAPMJV-UHFFFAOYSA-N	49.47	micromolar	False
11_06_09_3-88.CEL	RMPGOYCIIWWXKA-UHFFFAOYSA-N	49.47	micromolar	False
11_06_09_3-89.CEL		1	percent	True
11_06_09_3-90.CEL	REBZZEDLLSTDTN-UHFFFAOYSA-N	3	micromolar	False
11_06_10_3-91.CEL	UEGRKCDZZNYZHY-UHFFFAOYSA-N	12.5	micromolar	False
11_06_10_3-92.CEL	CBOJBBMQJBVCMW-BTVCFUMJSA-N	200	micromolar	False
11_06_10_3-93.CEL	MNDSZWNPWBGCRV-UHFFFAOYSA-N	49.47	micromolar	False
11_06_10_3-94.CEL	REBZZEDLLSTDTN-UHFFFAOYSA-N	4	micromolar	False
11_06_10_3-95.CEL	UEGRKCDZZNYZHY-UHFFFAOYSA-N	10	micromolar	False
11_06_14_5-1.CEL		1	percent	True
11_06_14_5-2.CEL	NJMMNVXTBADFAY-UHFFFAOYSA-N	49.47	micromolar	False
11_06_15_5-10.CEL	IBZACMHYHVENPP-UHFFFAOYSA-N	49.47	micromolar	False
11_06_15_5-11.CEL	RNFXMFQZJDCACS-UHFFFAOYSA-N	49.47	micromolar	False
11_06_15_5-12.CEL	ZQMLMIJNKUCTJM-UHFFFAOYSA-N	49.47	micromolar	False
11_06_15_5-13.CEL	JRJNDYBSBGHCTB-ZHACJKMWSA-N	49.47	micromolar	False
11_06_15_5-14.CEL	DTOQBDMBGFWGFO-UHFFFAOYSA-N	49.47	micromolar	False
11_06_15_5-15.CEL	GDXZHLKFMSQXJN-BJILWQEISA-N	49.47	micromolar	False
11_06_15_5-16.CEL	BRWCNGSHEYJIFU-UHFFFAOYSA-N	49.47	micromolar	False
11_06_15_5-3.CEL	FSVSVVRTEFXBEJ-UHFFFAOYSA-N	49.47	micromolar	False
11_06_15_5-4.CEL	XZMALMMMMORCLK-UHFFFAOYSA-N	49.47	micromolar	False
11_06_15_5-5.CEL	VVZICGWYSWFPAC-UHFFFAOYSA-N	49.47	micromolar	False
11_06_15_5-6.CEL	QFMCUDZSGBLFLT-UHFFFAOYSA-N	49.47	micromolar	False
11_06_15_5-7.CEL	IFWBSERHHCGPPJ-UHFFFAOYSA-N	49.47	micromolar	False
11_06_15_5-8.CEL	KAFCDFLMAYORFH-UHFFFAOYSA-N	49.47	micromolar	False
11_06_15_5-9.CEL		1	percent	True
11_06_16_5-17.CEL		1	percent	True
11_06_16_5-18.CEL	TUKAMECIODVSQC-UHFFFAOYSA-N	49.47	micromolar	False
11_06_16_5-19.CEL	WJGBHWYNWNWXRV-UHFFFAOYSA-N	49.47	micromolar	False
11_06_16_5-20.CEL	QRZYKJPLRAZORT-SQQVDAMQSA-N	49.47	micromolar	False
11_06_16_5-21.CEL	LQIJLRNUWBSNFI-UHFFFAOYSA-N	49.47	micromolar	False
11_06_16_5-22.CEL	FJJYVCLSEKQRDD-UHFFFAOYSA-N	49.47	micromolar	False
11_06_16_5-23.CEL	BWXSKENCOPJIEA-UHFFFAOYSA-N	49.47	micromolar	False
11_06_16_5-24.CEL	GZFPQXJQYMPXFM-UHFFFAOYSA-N	49.47	micromolar	False
11_06_16_5-25.CEL		1	percent	True
11_06_16_5-26.CEL	NJKSVMZZXMBYGD-UHFFFAOYSA-N	49.47	micromolar	False
11_06_16_5-27.CEL	WPVFZJXNRBDJNM-SNAWJCMRSA-N	49.47	micromolar	False
11_06_16_5-28.CEL	QUXKKNQUHOSOSU-UHFFFAOYSA-N	49.47	micromolar	False
11_06_16_5-29.CEL	HHLMSPDXTSMRFX-UHFFFAOYSA-N	49.47	micromolar	False
11_06_17_5-30.CEL	LCEHOBQMCPGZFO-UHFFFAOYSA-N	49.47	micromolar	False
11_06_17_5-31.CEL	SDDNDBFIEYWUIK-UHFFFAOYSA-N	49.47	micromolar	False
11_06_17_5-32.CEL	IGLLDTGOOGHOML-UHFFFAOYSA-N	49.47	micromolar	False
11_06_17_5-33.CEL		1	percent	True
11_06_17_5-34.CEL	UUHMTJCIFVKPKE-UHFFFAOYSA-N	49.47	micromolar	False
11_06_17_5-35.CEL	IOLUUIXOVQHIDY-UHFFFAOYSA-N	49.47	micromolar	False
11_06_17_5-36.CEL	CEFGPDHFGQCQJR-UHFFFAOYSA-N	49.47	micromolar	False
11_06_17_5-37.CEL	LUJRZWQZXYCFHZ-UHFFFAOYSA-N	49.47	micromolar	False
11_06_17_5-38.CEL	SFSMIGOFCANVPB-UHFFFAOYSA-N	49.47	micromolar	False
11_06_17_5-41.CEL		1	percent	True
11_06_17_5-42.CEL	OLETVCXACVNMQL-UHFFFAOYSA-N	49.47	micromolar	False
11_06_17_5-43.CEL	CAMFXZZTRDFOAX-UHFFFAOYSA-N	49.47	micromolar	False
11_06_21_5-44.CEL	MTMHUJSPIXQDRG-UHFFFAOYSA-N	49.47	micromolar	False
11_06_21_5-45.CEL	RZJWYZVUCNUUIW-UHFFFAOYSA-N	49.47	micromolar	False
11_06_21_5-46.CEL	FBPAKFQLQFIIBU-UHFFFAOYSA-N	49.47	micromolar	False
11_06_21_5-48.CEL	HDBGVWRDTJMQAS-UHFFFAOYSA-N	49.47	micromolar	False
11_06_21_5-49.CEL		1	percent	True
11_06_21_5-50.CEL	ZYBHGNPUGQFNPC-UHFFFAOYSA-N	49.47	micromolar	False
11_06_21_5-51.CEL	WWZSUDYCGREAGQ-UHFFFAOYSA-N	49.47	micromolar	False
11_06_21_5-52.CEL	FTESVGCYBOUUNS-UHFFFAOYSA-N	49.47	micromolar	False
11_06_21_5-53.CEL	QNZVYNNESTWZBU-UHFFFAOYSA-N	49.47	micromolar	False
11_06_21_5-55.CEL	AIHPXVJIFTUTON-UHFFFAOYSA-N	49.47	micromolar	False
11_06_21_5-56.CEL	ZXCXWTFANXRDTI-UHFFFAOYSA-N	49.47	micromolar	False
11_06_21_5-57.CEL		1	percent	True
11_06_21_5-58.CEL	ZHGQUNBSDFXQST-UHFFFAOYSA-N	49.47	micromolar	False
11_06_22_5-59.CEL	ZBFOTSNCHAJNRY-UHFFFAOYSA-N	49.47	micromolar	False
11_06_22_5-60.CEL	BWVJCUAWLNOFAC-UHFFFAOYSA-N	49.47	micromolar	False
11_06_22_5-61.CEL	KIXXWAOPPLUJBZ-UHFFFAOYSA-N	49.47	micromolar	False
11_06_22_5-62.CEL	QHKNZEWPMSHOJN-UHFFFAOYSA-N	49.47	micromolar	False
11_06_22_5-64.CEL	OMFNCCVYXYKSNC-UHFFFAOYSA-N	49.47	micromolar	False
11_06_22_5-65.CEL		1	percent	True
11_06_22_5-66.CEL	AWTHEUKNNKZNEO-UHFFFAOYSA-N	49.47	micromolar	False
11_06_22_5-67.CEL	LEUDOKRCLDXEIN-UHFFFAOYSA-N	49.47	micromolar	False
11_06_22_5-68.CEL	BYFFGVSJWSHFRC-UHFFFAOYSA-N	49.47	micromolar	False
11_06_22_5-69.CEL	MDCWPGHEDOHDRN-UHFFFAOYSA-N	49.47	micromolar	False
11_06_22_5-70.CEL	RWPDSIYQGCBXMK-UHFFFAOYSA-N	49.47	micromolar	False
11_06_22_5-72.CEL	DKLRFNCDNZTAAU-UHFFFAOYSA-N	49.47	micromolar	False
11_06_22_5-73.CEL		1	percent	True
11_06_22_5-74.CEL	ZWXLIWRVELQBOG-UHFFFAOYSA-N	49.47	micromolar	False
11_06_23_5-75.CEL	ZIZHELBSHMJGRA-UHFFFAOYSA-N	49.47	micromolar	False
11_06_23_5-76.CEL	DGIRKZZBAKFESB-UHFFFAOYSA-N	49.47	micromolar	False
11_06_23_5-77.CEL	IMEHBSBZAOHPDZ-UHFFFAOYSA-N	49.47	micromolar	False
11_06_23_5-78.CEL	ZIHUJAMRTJPAMM-ONEGZZNKSA-N	49.47	micromolar	False
11_06_23_5-79.CEL	DXOVRWIZBHMLSH-UHFFFAOYSA-N	49.47	micromolar	False
11_06_23_5-80.CEL	KTFVISFKMBYLGA-UHFFFAOYSA-N	49.47	micromolar	False
11_06_23_5-81.CEL		1	percent	True
11_06_23_5-82.CEL	LQWACIGZDMEPRR-UHFFFAOYSA-N	49.47	micromolar	False
11_06_23_5-83.CEL	GGHHTAAGPQLARE-UHFFFAOYSA-N	49.47	micromolar	False
11_06_23_5-84.CEL	KRBDBLLRAVYSOF-UHFFFAOYSA-N	49.47	micromolar	False
11_06_23_5-85.CEL	NVBZGVUKKWYWKL-UHFFFAOYSA-N	49.47	micromolar	False
11_06_23_5-86.CEL	STGOKTBJCGRZQS-UHFFFAOYSA-N	49.47	micromolar	False
11_06_23_5-87.CEL	OWSPJJPKERGSDE-UHFFFAOYSA-N	49.47	micromolar	False
11_06_23_5-88.CEL	FOPAVANMFZIXBU-UHFFFAOYSA-N	49.47	micromolar	False
11_06_24_4-1.CEL		1	percent	True
11_06_24_4-10.CEL	TUFDIARKCACBDM-UHFFFAOYSA-N	49.47	micromolar	False
11_06_24_4-12.CEL	BJVQZWFJSFBAGJ-UHFFFAOYSA-N	49.47	micromolar	False
11_06_24_4-13.CEL	FEAZLKCNJJPQFD-UHFFFAOYSA-N	49.47	micromolar	False
11_06_24_4-2.CEL	KBOMCSKKOOIOID-UHFFFAOYSA-N	49.47	micromolar	False
11_06_24_4-3.CEL	DFEGOZJNRSBLTD-UHFFFAOYSA-N	49.47	micromolar	False
11_06_24_4-4.CEL	UUAHOFKPDSQQHQ-UHFFFAOYSA-N	49.47	micromolar	False
11_06_24_4-5.CEL	VXVOTMSSBAJGTN-UHFFFAOYSA-N	49.47	micromolar	False
11_06_24_4-6.CEL	JYNAOWDRTPNWOZ-UHFFFAOYSA-N	49.47	micromolar	False
11_06_24_4-7.CEL	KFBSSSPZCAEWCM-UHFFFAOYSA-N	49.47	micromolar	False
11_06_24_4-8.CEL	ZJKMIQSMRAUKQN-UHFFFAOYSA-N	49.47	micromolar	False
11_06_24_4-9.CEL		1	percent	True
11_06_29_4-15.CEL	YTBAMLUDWRYXLL-UHFFFAOYSA-N	49.47	micromolar	False
11_06_29_4-16.CEL	XBMSPWDMZMEVFB-UHFFFAOYSA-N	49.47	micromolar	False
11_07_01_4-17.CEL		1	percent	True
11_07_01_4-18.CEL	GBVDJVRFAZIWRQ-UHFFFAOYSA-N	49.47	micromolar	False
11_07_01_4-19.CEL	MGIUCVQNIXTLAV-UHFFFAOYSA-N	49.47	micromolar	False
11_07_01_4-20.CEL	VUWYQQDTODIEKC-UHFFFAOYSA-N	49.47	micromolar	False
11_07_01_4-21.CEL	MCQHCCFYWKIBRQ-UHFFFAOYSA-N	49.47	micromolar	False
11_07_01_4-22.CEL	FSCCYCHOHNSGPT-UHFFFAOYSA-N	49.47	micromolar	False
11_07_01_4-23.CEL	GNPCOOLKXRMNNO-UHFFFAOYSA-N	49.47	micromolar	False
11_07_01_4-24.CEL	XOYJZKWVHUNYDV-UHFFFAOYSA-N	49.47	micromolar	False
11_07_01_4-25.CEL		1	percent	True
11_07_01_4-26.CEL	MWVOJQJBBYSYPN-UHFFFAOYSA-N	49.47	micromolar	False
11_07_01_4-27.CEL	QAZHCKHUEXORQE-UHFFFAOYSA-N	49.47	micromolar	False
11_07_01_4-28.CEL	QAHDYCNCOGTCSQ-UHFFFAOYSA-N	49.47	micromolar	False
11_07_01_4-29.CEL	KMKXGROFOOAKMB-UHFFFAOYSA-N	49.47	micromolar	False
11_07_01_4-30.CEL	WEJLGMHBZOTJRB-UHFFFAOYSA-N	49.47	micromolar	False
11_07_06_4-31.CEL	JPFBTLCQURGWOQ-UHFFFAOYSA-N	49.47	micromolar	False
11_07_06_4-32.CEL	NTVLCJCBNSPHBS-UHFFFAOYSA-N	49.47	micromolar	False
11_07_06_4-34.CEL	PBJCEBKNZPDGLE-UHFFFAOYSA-N	49.47	micromolar	False
11_07_06_4-35.CEL	KCTAWBHLOCIQMV-UHFFFAOYSA-N	49.47	micromolar	False
11_07_06_4-36.CEL	NDUZSQSHQGDLEE-UHFFFAOYSA-N	49.47	micromolar	False
11_07_06_4-37.CEL	HFUQMFCVKFSUHA-UHFFFAOYSA-N	49.47	micromolar	False
11_07_06_4-38.CEL	WDHFSUZRWMTPLI-UHFFFAOYSA-N	49.47	micromolar	False
11_07_06_4-39.CEL	CBHQJMNWAZWRTN-UHFFFAOYSA-N	49.47	micromolar	False
11_07_06_4-40.CEL	ISESBPWAORFQTJ-UHFFFAOYSA-N	49.47	micromolar	False
11_07_06_4-41.CEL		1	percent	True
11_07_06_4-42.CEL	KXYVKCSVZKSQJG-UHFFFAOYSA-N	49.47	micromolar	False
11_07_06_4-43.CEL	FILOFTXLSBTKES-UHFFFAOYSA-N	49.47	micromolar	False
11_07_06_4-44.CEL	PWONEQCKCAKQFM-UHFFFAOYSA-N	49.47	micromolar	False
11_07_07_4-45.CEL	YPMSMWAGHKPWGP-UHFFFAOYSA-N	49.47	micromolar	False
11_07_07_4-46.CEL	SPUYEONSNILHQH-UHFFFAOYSA-N	49.47	micromolar	False
11_07_07_4-47.CEL	ALBPCHSSLHAJOF-UHFFFAOYSA-N	49.47	micromolar	False
11_07_07_4-48.CEL	GUEYRJZFMFSKRD-UHFFFAOYSA-N	49.47	micromolar	False
11_07_07_4-49.CEL		1	percent	True
11_07_07_4-50.CEL	LADPBSJFJQVGJB-UHFFFAOYSA-N	49.47	micromolar	False
11_07_08_4-52.CEL	PTZHCSJNOPQFFH-UHFFFAOYSA-N	49.47	micromolar	False
11_07_08_4-53.CEL	PTZHCSJNOPQFFH-UHFFFAOYSA-N	49.47	micromolar	False
11_07_08_4-54.CEL	RQOKZIUHTBAVRF-UHFFFAOYSA-N	49.47	micromolar	False
11_07_08_4-55.CEL	JNGTXMBKZMVWFK-UHFFFAOYSA-N	49.47	micromolar	False
11_07_08_4-56.CEL	DMUXQAWNZOPFFV-UHFFFAOYSA-N	49.47	micromolar	False
11_07_08_4-57.CEL		1	percent	True
11_07_08_4-58.CEL	ZBEPBXQKXMURPT-UHFFFAOYSA-N	49.47	micromolar	False
11_07_08_4-59.CEL	INLBPUCLOHBNEH-UHFFFAOYSA-N	49.47	micromolar	False
11_07_08_4-60.CEL	ZPXYQLJGVJADSG-UHFFFAOYSA-N	49.47	micromolar	False
11_07_08_4-61.CEL	KLJSXRDTMOSHJE-UHFFFAOYSA-N	49.47	micromolar	False
11_07_08_4-62.CEL	FENMQNQVVORLGM-UHFFFAOYSA-N	49.47	micromolar	False
11_07_08_4-63.CEL	UWMDSJLXTFBQHQ-UHFFFAOYSA-N	49.47	micromolar	False
11_07_08_4-64.CEL	UOCRWFHQRVSQAA-UHFFFAOYSA-N	49.47	micromolar	False
11_07_12_4-65.CEL		1	percent	True
11_07_12_4-66.CEL	HCOCEUSTPZTARS-UHFFFAOYSA-N	49.47	micromolar	False
11_07_12_4-67.CEL	GLHTVYWXUCTBCD-UHFFFAOYSA-N	49.47	micromolar	False
11_07_12_4-68.CEL	QNHDAAHAYICQDB-UHFFFAOYSA-N	49.47	micromolar	False
11_07_12_4-69.CEL	YXRRUPYWGCOUKG-UHFFFAOYSA-N	49.47	micromolar	False
11_07_12_4-70.CEL	SLFBCBGHXUDVKT-UHFFFAOYSA-N	49.47	micromolar	False
11_07_12_4-71.CEL	STDKCEOWGQXRQC-UHFFFAOYSA-N	49.47	micromolar	False
11_07_12_4-72.CEL	KYHHEBNHPLSYNI-UHFFFAOYSA-N	49.47	micromolar	False
11_07_12_4-73.CEL		1	percent	True
11_07_12_4-74.CEL	VICVMWDESMOFHR-UHFFFAOYSA-N	49.47	micromolar	False
11_07_12_4-75.CEL	HWHMEAQHWRYIKO-UHFFFAOYSA-N	49.47	micromolar	False
11_07_12_4-76.CEL	SJCXTDUJOMDSON-UHFFFAOYSA-N	49.47	micromolar	False
11_07_12_4-77.CEL	MZGNZMHWZIUVQL-UHFFFAOYSA-N	49.47	micromolar	False
11_07_12_4-78.CEL	QNXWWKPUFIMGSI-UHFFFAOYSA-N	49.47	micromolar	False
11_07_14_4-79.CEL	NUPZQBXYRDIBSE-UHFFFAOYSA-N	49.47	micromolar	False
11_07_14_4-80.CEL	UZSCLDFSTGVQBC-UHFFFAOYSA-N	49.47	micromolar	False
11_07_14_4-81.CEL		1	percent	True
11_07_14_4-82.CEL	MSKMVRIKGIRHLT-UHFFFAOYSA-N	49.47	micromolar	False
11_07_14_4-83.CEL	IRCOSSFAQARMQP-UHFFFAOYSA-N	49.47	micromolar	False
11_07_14_4-84.CEL	GAZSQTUUHMMXLQ-UHFFFAOYSA-N	49.47	micromolar	False
11_07_14_4-85.CEL	CXUZPZFLMXRQAC-UHFFFAOYSA-N	49.47	micromolar	False
11_07_14_4-86.CEL	VVJDKSLUESNIAC-UHFFFAOYSA-N	49.47	micromolar	False
11_07_14_4-87.CEL	YAXPFEBMOIXTOU-UHFFFAOYSA-N	49.47	micromolar	False
11_07_14_4-88.CEL	RIHMDKBZDICQEB-UHFFFAOYSA-N	49.47	micromolar	False
11_07_14_6-1.CEL		1	percent	True
11_07_14_6-2.CEL	RPRPZLSULBZPDC-UHFFFAOYSA-N	49.47	micromolar	False
11_07_14_6-3.CEL	SLSOUKRMHJVHQE-UHFFFAOYSA-N	49.47	micromolar	False
11_07_14_6-4.CEL	PLANZOORAVTFAE-UHFFFAOYSA-N	49.47	micromolar	False
11_07_19_6-10.CEL	HQUSFHWUPRUIOB-UHFFFAOYSA-N	49.47	micromolar	False
11_07_19_6-11.CEL	CHSGUGISNUQPGG-UHFFFAOYSA-N	49.47	micromolar	False
11_07_19_6-12.CEL	IGSATJKEGUCGMR-UHFFFAOYSA-N	49.47	micromolar	False
11_07_19_6-13.CEL	FMIXWKHYYKHBTR-UHFFFAOYSA-N	49.47	micromolar	False
11_07_19_6-14.CEL	ZWONPUZEQQXCDS-UHFFFAOYSA-N	49.47	micromolar	False
11_07_19_6-15.CEL	RSRIRNLJHMXCIV-UHFFFAOYSA-N	49.47	micromolar	False
11_07_19_6-16.CEL	UPSQQXZUKXWTKK-UHFFFAOYSA-N	49.47	micromolar	False
11_07_19_6-17.CEL		1	percent	True
11_07_19_6-18.CEL	HVZYHBLQPRVNMS-UHFFFAOYSA-N	49.47	micromolar	False
11_07_19_6-5.CEL	QSCOJKFPJLBYRZ-UHFFFAOYSA-N	49.47	micromolar	False
11_07_19_6-6.CEL	HMKZQJLTEVTAOS-UHFFFAOYSA-N	49.47	micromolar	False
11_07_19_6-7.CEL	UQSAYSPTLLYXAB-UHFFFAOYSA-N	49.47	micromolar	False
11_07_19_6-8.CEL	DCOARUMNUITJLW-UHFFFAOYSA-N	49.47	micromolar	False
11_07_19_6-9.CEL		1	percent	True
11_07_20_6-19.CEL	QRNTZNTVLNSIQO-UHFFFAOYSA-N	49.47	micromolar	False
11_07_20_6-20.CEL	LHNQYTRJWWRADU-UHFFFAOYSA-N	49.47	micromolar	False
11_07_20_6-21.CEL	SCDUIKOCNOZENR-UHFFFAOYSA-N	49.47	micromolar	False
11_07_20_6-22.CEL	JTFSUOGUHWTGJP-UHFFFAOYSA-N	49.47	micromolar	False
11_07_20_6-23.CEL	MSRZGLYOWJUCDX-UHFFFAOYSA-N	49.47	micromolar	False
11_07_20_6-24.CEL	VWOXKTBNPLGTSR-UHFFFAOYSA-N	49.47	micromolar	False
11_07_20_6-25.CEL		1	percent	True
11_07_20_6-26.CEL	BTEPIHYJDOBNHS-UHFFFAOYSA-N	49.47	micromolar	False
11_07_20_6-27.CEL	MOXIKRILSZXZCJ-UHFFFAOYSA-N	49.47	micromolar	False
11_07_20_6-28.CEL	YQFCHTQLBYAFON-UHFFFAOYSA-N	49.47	micromolar	False
11_07_20_6-29.CEL	LKKCIYXBYMIKNG-UHFFFAOYSA-N	49.47	micromolar	False
11_07_20_6-30.CEL	PANCCQPNLSKEGS-UHFFFAOYSA-N	49.47	micromolar	False
11_07_20_6-31.CEL	BGKPQDUFGYHGHG-UHFFFAOYSA-N	49.47	micromolar	False
11_07_20_6-32.CEL	XIDMFDHHHFAJEA-UHFFFAOYSA-N	49.47	micromolar	False
11_07_21_6-33.CEL		1	percent	True
11_07_21_6-34.CEL	LYIGINXXEGRMRP-UHFFFAOYSA-N	49.47	micromolar	False
11_07_21_6-35.CEL	YUWRHOPLLNSCDE-UHFFFAOYSA-N	49.47	micromolar	False
11_07_21_6-36.CEL	FUGPIPSSXVJSPB-UHFFFAOYSA-N	49.47	micromolar	False
11_07_21_6-37.CEL	WEKDHUFBRRUABT-UHFFFAOYSA-N	49.47	micromolar	False
11_07_21_6-38.CEL	DZJLBCRGVONILV-UHFFFAOYSA-N	49.47	micromolar	False
11_07_21_6-39.CEL	VCMQZVYUTWQXIT-UHFFFAOYSA-N	49.47	micromolar	False
11_07_21_6-41.CEL		1	percent	True
11_07_21_6-42.CEL	YMLSLNNYZWFIQZ-UHFFFAOYSA-N	49.47	micromolar	False
11_07_21_6-43.CEL	SDYMIJAYLMDDQF-UHFFFAOYSA-N	49.47	micromolar	False
11_07_21_6-44.CEL	JLYVONZUUWGBBA-UHFFFAOYSA-N	32.98	micromolar	False
11_07_21_6-45.CEL	KUQYJVRYTBTUOX-UHFFFAOYSA-N	49.47	micromolar	False
11_07_21_6-46.CEL	XENJIMNXQLZSMD-UHFFFAOYSA-N	49.47	micromolar	False
11_07_22_6-47.CEL	HJTVYMYJLPPTKA-UHFFFAOYSA-N	49.47	micromolar	False
11_07_22_6-49.CEL		1	percent	True
11_07_22_6-50.CEL	STKIFPQNBYBHBN-UHFFFAOYSA-N	49.47	micromolar	False
11_07_22_6-51.CEL	AOZLITZXOIUFHA-UHFFFAOYSA-N	49.47	micromolar	False
11_07_22_6-52.CEL	WHXIMNYGBVKKCZ-UHFFFAOYSA-N	49.47	micromolar	False
11_07_22_6-53.CEL	XTSLVSIRZNMMGB-UHFFFAOYSA-N	49.47	micromolar	False
11_07_22_6-54.CEL	IABXPHLYZUSVSO-UHFFFAOYSA-N	49.47	micromolar	False
11_07_22_6-55.CEL	WUEMIEODLDMZQL-UHFFFAOYSA-N	49.47	micromolar	False
11_07_22_6-57.CEL		1	percent	True
11_07_22_6-58.CEL	UIULQXDJITYWSS-UHFFFAOYSA-N	49.47	micromolar	False
11_07_22_6-59.CEL	BGTGBIVUHUWWAZ-UHFFFAOYSA-N	32.98	micromolar	False
11_07_22_6-60.CEL	ZQUZMHVGROVSJA-UHFFFAOYSA-N	49.47	micromolar	False
11_07_26_6-61.CEL	INNUJKKTRZBGPL-UHFFFAOYSA-N	49.47	micromolar	False
11_07_26_6-62.CEL	DETHFWSPZSSQOM-UHFFFAOYSA-N	49.47	micromolar	False
11_07_26_6-63.CEL	MZNANMISUZWXBS-UHFFFAOYSA-N	49.47	micromolar	False
11_07_26_6-66.CEL	DJBUQFJJIBQYJP-UHFFFAOYSA-N	49.47	micromolar	False
11_07_26_6-67.CEL	NKFUFPYGSPTGHQ-UHFFFAOYSA-N	49.47	micromolar	False
11_07_26_6-68.CEL	KZYWLEGNDJGKTE-UHFFFAOYSA-N	49.47	micromolar	False
11_07_26_6-69.CEL	QZYTUGXIYKRBDY-UHFFFAOYSA-N	49.47	micromolar	False
11_07_26_6-70.CEL	XLPFVKXJCRUBOX-UHFFFAOYSA-N	49.47	micromolar	False
11_07_26_6-71.CEL	CIIIWVFTPBBAOR-UHFFFAOYSA-N	49.47	micromolar	False
11_07_26_6-72.CEL	WDNJBMMCUXOHJZ-UHFFFAOYSA-N	49.47	micromolar	False
11_07_26_6-73.CEL		1	percent	True
11_07_26_6-74.CEL	CHMTVFWOFCHPPS-UHFFFAOYSA-N	49.47	micromolar	False
11_07_27_6-75.CEL	SPEYYRPBQHDCAS-UHFFFAOYSA-N	49.47	micromolar	False
11_07_27_6-76.CEL	YRCLMVBHDXMDGI-UHFFFAOYSA-N	49.47	micromolar	False
11_07_27_6-77.CEL	WALFAYJPRKKDRY-UHFFFAOYSA-N	49.47	micromolar	False
11_07_27_6-78.CEL	ASJHYRFMIAWWIV-UHFFFAOYSA-N	49.47	micromolar	False
11_07_27_6-79.CEL	JTYKNJLZAKMJHR-UHFFFAOYSA-N	49.47	micromolar	False
11_07_27_6-80.CEL	QLYIVEDFBDXKDL-UHFFFAOYSA-N	49.47	micromolar	False
11_07_27_6-81.CEL		1	percent	True
11_07_27_6-82.CEL	VRELPDYHSCBQAR-UHFFFAOYSA-N	49.47	micromolar	False
11_07_27_6-83.CEL	GENVUWZMHZFYGO-UHFFFAOYSA-N	49.47	micromolar	False
11_07_27_6-84.CEL	URRGACWHNQGAQX-UHFFFAOYSA-N	49.47	micromolar	False
11_07_27_6-85.CEL	YIFRTJVDHMMVNT-UHFFFAOYSA-N	49.47	micromolar	False
11_07_27_6-86.CEL	HYOFPMIVKHWSSB-UHFFFAOYSA-N	49.47	micromolar	False
11_07_27_6-88.CEL	WLNGFQPMBZBLDS-UHFFFAOYSA-N	49.47	micromolar	False
11_07_28_2-1.CEL		1	percent	True
11_07_28_2-2.CEL	DENXAUSQVJKRAE-UHFFFAOYSA-N	15.46	micromolar	False
11_07_28_2-3.CEL	RRYRASYPIBZPLK-UHFFFAOYSA-N	35.82	micromolar	False
11_07_28_2-4.CEL	HQQYBKZRXLPDID-UHFFFAOYSA-N	64.86	micromolar	False
11_07_28_2-5.CEL	ZNFZLMOIZPFBRD-UHFFFAOYSA-N	20.87	micromolar	False
11_07_28_2-6.CEL	JIYSVMPYTNOCHW-UHFFFAOYSA-N	37.22	micromolar	False
11_07_29_2-10.CEL	OXBBPPLAJFNFQB-UHFFFAOYSA-N	37.06	micromolar	False
11_07_29_2-11.CEL	GEGHVWLIQSKBRE-UHFFFAOYSA-N	36.22	micromolar	False
11_07_29_2-12.CEL	VFXYGSANAUYXFE-UHFFFAOYSA-N	71.43	micromolar	False
11_07_29_2-13.CEL	PSUOFJGTVQQKOJ-UHFFFAOYSA-N	71.43	micromolar	False
11_07_29_2-14.CEL	VZFGNOMOPVUVOS-UHFFFAOYSA-N	71.43	micromolar	False
11_07_29_2-15.CEL	RPHMIQLHQMAEQF-UHFFFAOYSA-N	59.78	micromolar	False
11_07_29_2-16.CEL	ZYKGEGZDRIBZQX-UHFFFAOYSA-N	62.05	micromolar	False
11_07_29_2-17.CEL		1	percent	True
11_07_29_2-18.CEL	ZPWYLVIFBYSQDN-UHFFFAOYSA-N	26.28	micromolar	False
11_07_29_2-19.CEL	DGSWTONOUHAADR-UHFFFAOYSA-N	53.57	micromolar	False
11_07_29_2-20.CEL	DOUOQWGSGYNPQN-UHFFFAOYSA-N	64.05	micromolar	False
11_07_29_2-7.CEL	DZJHGENTBHDAEE-UHFFFAOYSA-N	71.43	micromolar	False
11_07_29_2-8.CEL	TZAKPPJTXVOAAE-UHFFFAOYSA-N	71.43	micromolar	False
11_07_29_2-9.CEL		1	percent	True
11_08_02_2-21.CEL	YRBKEZXQBXATGS-UHFFFAOYSA-N	43.13	micromolar	False
11_08_02_2-22.CEL	MGMSPMGYMXIHFW-UHFFFAOYSA-N	50.48	micromolar	False
11_08_02_2-23.CEL	PMAQASWXSNJAOL-UHFFFAOYSA-N	19.8	micromolar	False
11_08_02_2-24.CEL	FQBIUGQIRHUVKL-CMDGGOBGSA-N	16.35	micromolar	False
11_08_02_2-25.CEL		1	percent	True
11_08_02_2-26.CEL	PUZQXZDSMZRKKJ-UHFFFAOYSA-N	40.58	micromolar	False
11_08_02_2-27.CEL	XJWKTHNLDZPKIE-UHFFFAOYSA-N	46.09	micromolar	False
11_08_02_2-28.CEL	DZQMWGLSTIFZAX-UHFFFAOYSA-N	53.83	micromolar	False
11_08_02_2-29.CEL	GQYFODMQSSBVPV-UHFFFAOYSA-N	59.79	micromolar	False
11_08_02_2-30.CEL	ZQXKHEYHRBQHHG-UHFFFAOYSA-N	69.28	micromolar	False
11_08_02_2-31.CEL	OMMDFTONRNPOOS-UHFFFAOYSA-N	17.57	micromolar	False
11_08_02_2-32.CEL	NZJQCYNBGHXWAI-UHFFFAOYSA-N	25.76	micromolar	False
11_08_02_2-33.CEL		1	percent	True
11_08_02_2-34.CEL	ZVTMADZGGMSLLX-UHFFFAOYSA-N	44.14	micromolar	False
11_08_03_2-36.CEL	AJIZRAPZOUEJOO-UHFFFAOYSA-N	2.88	micromolar	False
11_08_03_2-37.CEL	FQRMKSZYUPDPKS-UHFFFAOYSA-N	71.43	micromolar	False
11_08_03_2-38.CEL	HIOUGYLEXZGRNR-UHFFFAOYSA-N	57.05	micromolar	False
11_08_03_2-39.CEL	OUDXWMZKWWFAGL-UHFFFAOYSA-N	59.43	micromolar	False
11_08_03_2-40.CEL	SAZRPHSJWZLRBK-UHFFFAOYSA-N	68.55	micromolar	False
11_08_03_2-41.CEL		1	percent	True
11_08_03_2-42.CEL	SHVSBNJXYXEFMU-UHFFFAOYSA-N	10.55	micromolar	False
11_08_03_2-43.CEL	FEDHEIMYWLVVRS-UHFFFAOYSA-N	8.75	micromolar	False
11_08_03_2-44.CEL	LECIKYSXEFIOFW-UHFFFAOYSA-N	38.62	micromolar	False
11_08_03_2-45.CEL	NWESJEREGXEVHB-UHFFFAOYSA-N	16.76	micromolar	False
11_08_03_2-46.CEL	UDXHGSMKFNCAIX-UHFFFAOYSA-N	35.14	micromolar	False
11_08_03_2-47.CEL	AYZMTQZPSBOBOP-UHFFFAOYSA-N	26.83	micromolar	False
11_08_03_2-48.CEL	HFJMSYUTXMDYSH-UHFFFAOYSA-N	2.11	micromolar	False
11_08_04_2-50.CEL	NDFHAPRUOZRSSR-UHFFFAOYSA-N	53.92	micromolar	False
11_08_04_2-51.CEL	LXXQULKYDCFOMA-UHFFFAOYSA-N	60.75	micromolar	False
11_08_04_2-52.CEL	LKQYBJZZYBAXAR-UHFFFAOYSA-N	55.18	micromolar	False
11_08_04_2-53.CEL	RBXYMFUUPKINDL-UHFFFAOYSA-N	16.38	micromolar	False
11_08_04_2-54.CEL	CYTGUIYGDYGBIQ-UHFFFAOYSA-N	26.93	micromolar	False
11_08_04_2-55.CEL	CXEYJEMXETVZPT-UHFFFAOYSA-N	29.04	micromolar	False
11_08_04_2-56.CEL	RJODNVIWCVBCGL-UHFFFAOYSA-N	27.56	micromolar	False
11_08_04_2-57.CEL		1	percent	True
11_08_04_2-58.CEL	PFUSEJJWWMUOEB-UHFFFAOYSA-N	71.43	micromolar	False
11_08_04_2-59.CEL	BGUXLXASNSOOCW-UHFFFAOYSA-N	1.96	micromolar	False
11_08_04_2-60.CEL	MOCWSRDNTPMRGK-UHFFFAOYSA-N	11.2	micromolar	False
11_08_04_2-61.CEL	FMCLMNGRRYGFMH-UHFFFAOYSA-N	12.09	micromolar	False
11_08_04_2-62.CEL	XMRCZPJITKBQKS-UHFFFAOYSA-N	21.92	micromolar	False
11_08_04_2-63.CEL	AYCPRERUZNDTBT-UHFFFAOYSA-N	29.63	micromolar	False
11_08_05_2-64.CEL	KIDIXKOEAFJMJZ-UHFFFAOYSA-N	71.43	micromolar	False
11_08_05_2-65.CEL		1	percent	True
11_08_05_2-66.CEL	VSXZXSOUSQBHOU-UHFFFAOYSA-N	33.55	micromolar	False
11_08_05_2-68.CEL	HTFBQOOCCCCUIM-UHFFFAOYSA-N	39.57	micromolar	False
11_08_05_2-69.CEL	BQNMCASOYODBDK-UHFFFAOYSA-N	14.94	micromolar	False
11_08_05_2-70.CEL	KZSNPSBQDULLIA-UHFFFAOYSA-N	11.1	micromolar	False
11_08_05_2-71.CEL	HCNOXYZKFMYAGF-UHFFFAOYSA-N	25.87	micromolar	False
11_08_05_2-72.CEL	XKWCKKSMJQPAIO-UHFFFAOYSA-N	14.51	micromolar	False
11_08_05_2-73.CEL		1	percent	True
11_08_05_2-74.CEL	ZQVJVXXLBMRWQQ-UHFFFAOYSA-N	18.98	micromolar	False
11_08_05_2-75.CEL	SQQCWUFBROSEFP-UHFFFAOYSA-N	3.9	micromolar	False
11_08_05_2-76.CEL	MTHOJIJARWDIJS-UHFFFAOYSA-N	3.56	micromolar	False
11_08_05_2-77.CEL	ZQYWZEQBCZIIJR-UHFFFAOYSA-N	43.58	micromolar	False
11_08_05_2-78.CEL	CGGIHXVLKLHIOM-UHFFFAOYSA-N	44.72	micromolar	False
11_08_09_2-79.CEL	IGAAXNVBHPXIHO-UHFFFAOYSA-N	3.54	micromolar	False
11_08_09_2-80.CEL	TZLZDCMZVRMXEA-UHFFFAOYSA-N	23	micromolar	False
11_08_09_2-81.CEL		1	percent	True
11_08_09_2-82.CEL	WGERHUKJTHQUQT-UHFFFAOYSA-N	3.57	micromolar	False
11_08_09_2-83.CEL	CSYSCLOUUBNKJL-UHFFFAOYSA-N	21.6	micromolar	False
11_08_09_2-84.CEL	DRUZNHHPPAVNMP-UHFFFAOYSA-N	45.59	micromolar	False
11_08_09_2-85.CEL	LLSNIVGRUPMMGY-UHFFFAOYSA-N	39.28	micromolar	False
11_08_09_2-86.CEL	NQJVMWNUPHJBCK-UHFFFAOYSA-N	71.43	micromolar	False
11_08_09_2-87.CEL	OMHGVJAMLQUVBQ-UHFFFAOYSA-N	44.05	micromolar	False
11_08_09_2-88.CEL	MIJYWZVTJGOURL-UHFFFAOYSA-N	4.48	micromolar	False
